video_alias,split,grid_resolution,bin_row,bin_col,predicted_run_count,predicted_run_length_mean,matched_with_gt_run_count,unmatched_run_count,unmatched_run_gap_mean,multiple_unmatched_runs
train_sanity_000,train_sanity,16,1,2,2,1.5,1,1,,False
train_sanity_000,train_sanity,16,1,3,2,2.5,1,1,,False
train_sanity_000,train_sanity,16,1,4,2,2.5,1,1,,False
train_sanity_000,train_sanity,16,1,5,2,1.0,1,1,,False
train_sanity_000,train_sanity,16,1,6,1,7.0,1,0,,False
train_sanity_000,train_sanity,16,1,7,2,3.5,1,1,,False
train_sanity_000,train_sanity,16,1,8,3,2.3333333333333335,0,3,5.0,True
train_sanity_000,train_sanity,16,1,9,3,2.3333333333333335,1,2,12.0,True
train_sanity_000,train_sanity,16,2,2,2,1.0,1,1,,False
train_sanity_000,train_sanity,16,2,3,3,1.3333333333333333,2,1,,False
train_sanity_000,train_sanity,16,2,4,2,5.0,1,1,,False
train_sanity_000,train_sanity,16,2,5,3,4.0,1,2,12.0,True
train_sanity_000,train_sanity,16,2,6,3,6.0,2,1,,False
train_sanity_000,train_sanity,16,2,7,3,5.0,1,2,9.0,True
train_sanity_000,train_sanity,16,2,8,3,4.666666666666667,1,2,7.0,True
train_sanity_000,train_sanity,16,2,9,3,4.0,1,2,1.0,True
train_sanity_000,train_sanity,16,2,10,2,1.5,1,1,,False
train_sanity_000,train_sanity,16,3,1,1,1.0,1,0,,False
train_sanity_000,train_sanity,16,3,2,3,2.0,1,2,10.0,True
train_sanity_000,train_sanity,16,3,3,3,2.6666666666666665,1,2,9.0,True
train_sanity_000,train_sanity,16,3,4,3,4.0,2,1,,False
train_sanity_000,train_sanity,16,3,5,3,5.0,1,2,1.0,True
train_sanity_000,train_sanity,16,3,6,3,5.666666666666667,2,1,,False
train_sanity_000,train_sanity,16,3,7,5,3.0,2,3,6.0,True
train_sanity_000,train_sanity,16,3,8,3,4.0,1,2,2.0,True
train_sanity_000,train_sanity,16,3,9,2,6.0,1,1,,False
train_sanity_000,train_sanity,16,3,10,2,3.5,1,1,,False
train_sanity_000,train_sanity,16,3,11,2,2.0,1,1,,False
train_sanity_000,train_sanity,16,3,13,1,1.0,0,1,,False
train_sanity_000,train_sanity,16,3,14,1,3.0,1,0,,False
train_sanity_000,train_sanity,16,4,2,2,2.5,1,1,,False
train_sanity_000,train_sanity,16,4,3,3,2.0,1,2,13.0,True
train_sanity_000,train_sanity,16,4,4,3,4.0,2,1,,False
train_sanity_000,train_sanity,16,4,5,4,3.0,2,2,13.0,True
train_sanity_000,train_sanity,16,4,6,3,3.3333333333333335,1,2,2.0,True
train_sanity_000,train_sanity,16,4,7,4,3.0,2,2,12.0,True
train_sanity_000,train_sanity,16,4,8,5,2.2,2,3,7.5,True
train_sanity_000,train_sanity,16,4,9,2,3.0,2,0,,False
train_sanity_000,train_sanity,16,4,10,1,8.0,1,0,,False
train_sanity_000,train_sanity,16,4,11,3,3.3333333333333335,1,2,7.0,True
train_sanity_000,train_sanity,16,4,12,4,2.75,1,3,5.5,True
train_sanity_000,train_sanity,16,4,13,2,4.0,1,1,,False
train_sanity_000,train_sanity,16,4,14,2,4.5,2,0,,False
train_sanity_000,train_sanity,16,4,15,1,1.0,0,1,,False
train_sanity_000,train_sanity,16,5,2,1,1.0,0,1,,False
train_sanity_000,train_sanity,16,5,3,2,3.0,1,1,,False
train_sanity_000,train_sanity,16,5,4,2,3.5,1,1,,False
train_sanity_000,train_sanity,16,5,5,3,3.6666666666666665,1,2,13.0,True
train_sanity_000,train_sanity,16,5,6,3,4.0,1,2,2.0,True
train_sanity_000,train_sanity,16,5,7,3,3.3333333333333335,1,2,4.0,True
train_sanity_000,train_sanity,16,5,8,2,4.0,2,0,,False
train_sanity_000,train_sanity,16,5,9,5,1.6,2,3,7.0,True
train_sanity_000,train_sanity,16,5,10,4,3.5,1,3,6.0,True
train_sanity_000,train_sanity,16,5,11,1,15.0,1,0,,False
train_sanity_000,train_sanity,16,5,12,2,9.0,1,1,,False
train_sanity_000,train_sanity,16,5,13,1,18.0,1,0,,False
train_sanity_000,train_sanity,16,5,14,3,5.0,1,2,8.0,True
train_sanity_000,train_sanity,16,5,15,2,2.5,1,1,,False
train_sanity_000,train_sanity,16,6,1,1,1.0,0,1,,False
train_sanity_000,train_sanity,16,6,2,3,1.0,0,3,8.5,True
train_sanity_000,train_sanity,16,6,3,1,3.0,0,1,,False
train_sanity_000,train_sanity,16,6,4,1,3.0,0,1,,False
train_sanity_000,train_sanity,16,6,5,3,2.3333333333333335,0,3,6.5,True
train_sanity_000,train_sanity,16,6,6,3,2.3333333333333335,0,3,6.5,True
train_sanity_000,train_sanity,16,6,7,4,1.5,0,4,4.666666666666667,True
train_sanity_000,train_sanity,16,6,8,2,1.5,0,2,12.0,True
train_sanity_000,train_sanity,16,6,9,2,2.5,2,0,,False
train_sanity_000,train_sanity,16,6,10,2,7.5,1,1,,False
train_sanity_000,train_sanity,16,6,11,2,7.5,1,1,,False
train_sanity_000,train_sanity,16,6,12,1,15.0,1,0,,False
train_sanity_000,train_sanity,16,6,13,3,4.666666666666667,1,2,1.0,True
train_sanity_000,train_sanity,16,6,14,2,7.5,1,1,,False
train_sanity_000,train_sanity,16,6,15,3,1.0,2,1,,False
train_sanity_000,train_sanity,16,7,1,1,2.0,0,1,,False
train_sanity_000,train_sanity,16,7,2,1,2.0,0,1,,False
train_sanity_000,train_sanity,16,7,3,1,2.0,0,1,,False
train_sanity_000,train_sanity,16,7,4,1,3.0,0,1,,False
train_sanity_000,train_sanity,16,7,5,1,4.0,0,1,,False
train_sanity_000,train_sanity,16,7,6,2,1.0,0,2,2.0,True
train_sanity_000,train_sanity,16,7,7,2,1.5,0,2,3.0,True
train_sanity_000,train_sanity,16,7,8,2,1.0,0,2,4.0,True
train_sanity_000,train_sanity,16,7,9,1,2.0,0,1,,False
train_sanity_000,train_sanity,16,7,10,2,7.0,1,1,,False
train_sanity_000,train_sanity,16,7,11,2,7.0,1,1,,False
train_sanity_000,train_sanity,16,7,12,2,6.0,1,1,,False
train_sanity_000,train_sanity,16,7,13,3,3.0,1,2,4.0,True
train_sanity_000,train_sanity,16,7,14,2,3.5,1,1,,False
train_sanity_000,train_sanity,16,7,15,1,1.0,1,0,,False
train_sanity_000,train_sanity,16,8,0,1,4.0,0,1,,False
train_sanity_000,train_sanity,16,8,1,1,1.0,0,1,,False
train_sanity_000,train_sanity,16,8,2,1,1.0,0,1,,False
train_sanity_000,train_sanity,16,8,4,1,2.0,0,1,,False
train_sanity_000,train_sanity,16,8,5,1,1.0,0,1,,False
train_sanity_000,train_sanity,16,8,6,2,1.0,0,2,1.0,True
train_sanity_000,train_sanity,16,8,7,2,1.5,0,2,1.0,True
train_sanity_000,train_sanity,16,8,9,1,2.0,0,1,,False
train_sanity_000,train_sanity,16,8,10,1,11.0,1,0,,False
train_sanity_000,train_sanity,16,8,11,1,12.0,1,0,,False
train_sanity_000,train_sanity,16,8,12,3,1.3333333333333333,2,1,,False
train_sanity_000,train_sanity,16,9,0,1,1.0,0,1,,False
train_sanity_000,train_sanity,16,9,2,1,3.0,0,1,,False
train_sanity_000,train_sanity,16,9,4,1,1.0,0,1,,False
train_sanity_000,train_sanity,16,9,5,1,2.0,0,1,,False
train_sanity_000,train_sanity,16,9,6,1,2.0,0,1,,False
train_sanity_000,train_sanity,16,10,2,1,1.0,0,1,,False
train_sanity_000,train_sanity,16,10,5,1,1.0,0,1,,False
train_sanity_000,train_sanity,16,11,2,1,1.0,0,1,,False
train_sanity_000,train_sanity,16,12,3,1,1.0,0,1,,False
train_sanity_001,train_sanity,16,3,4,1,1.0,0,1,,False
train_sanity_001,train_sanity,16,3,5,3,4.333333333333333,2,1,,False
train_sanity_001,train_sanity,16,3,6,2,4.5,1,1,,False
train_sanity_001,train_sanity,16,3,7,1,3.0,0,1,,False
train_sanity_001,train_sanity,16,3,8,1,3.0,0,1,,False
train_sanity_001,train_sanity,16,3,12,1,1.0,0,1,,False
train_sanity_001,train_sanity,16,4,3,1,7.0,1,0,,False
train_sanity_001,train_sanity,16,4,4,1,14.0,1,0,,False
train_sanity_001,train_sanity,16,4,5,2,7.0,2,0,,False
train_sanity_001,train_sanity,16,4,6,2,8.0,1,1,,False
train_sanity_001,train_sanity,16,4,7,3,6.0,1,2,1.0,True
train_sanity_001,train_sanity,16,4,8,1,20.0,1,0,,False
train_sanity_001,train_sanity,16,4,9,2,5.0,1,1,,False
train_sanity_001,train_sanity,16,4,10,2,8.0,1,1,,False
train_sanity_001,train_sanity,16,4,11,3,3.0,1,2,9.0,True
train_sanity_001,train_sanity,16,4,12,1,4.0,0,1,,False
train_sanity_001,train_sanity,16,4,13,1,3.0,0,1,,False
train_sanity_001,train_sanity,16,5,2,1,1.0,1,0,,False
train_sanity_001,train_sanity,16,5,3,1,9.0,1,0,,False
train_sanity_001,train_sanity,16,5,4,1,11.0,1,0,,False
train_sanity_001,train_sanity,16,5,5,2,6.0,2,0,,False
train_sanity_001,train_sanity,16,5,6,1,13.0,1,0,,False
train_sanity_001,train_sanity,16,5,7,3,5.0,1,2,18.0,True
train_sanity_001,train_sanity,16,5,8,2,9.0,1,1,,False
train_sanity_001,train_sanity,16,5,9,3,6.0,1,2,1.0,True
train_sanity_001,train_sanity,16,5,10,1,20.0,1,0,,False
train_sanity_001,train_sanity,16,5,11,1,20.0,1,0,,False
train_sanity_001,train_sanity,16,5,12,3,4.0,1,2,10.0,True
train_sanity_001,train_sanity,16,5,13,2,3.5,0,2,7.0,True
train_sanity_001,train_sanity,16,5,14,1,1.0,0,1,,False
train_sanity_001,train_sanity,16,6,2,1,2.0,1,0,,False
train_sanity_001,train_sanity,16,6,3,1,4.0,1,0,,False
train_sanity_001,train_sanity,16,6,4,1,5.0,1,0,,False
train_sanity_001,train_sanity,16,6,5,2,4.5,1,1,,False
train_sanity_001,train_sanity,16,6,6,3,4.0,2,1,,False
train_sanity_001,train_sanity,16,6,7,2,4.5,1,1,,False
train_sanity_001,train_sanity,16,6,8,2,9.5,1,1,,False
train_sanity_001,train_sanity,16,6,9,1,20.0,1,0,,False
train_sanity_001,train_sanity,16,6,10,1,20.0,1,0,,False
train_sanity_001,train_sanity,16,6,11,3,5.666666666666667,2,1,,False
train_sanity_001,train_sanity,16,6,12,3,2.6666666666666665,1,2,1.0,True
train_sanity_001,train_sanity,16,6,13,1,4.0,0,1,,False
train_sanity_001,train_sanity,16,7,2,1,4.0,1,0,,False
train_sanity_001,train_sanity,16,7,3,1,6.0,1,0,,False
train_sanity_001,train_sanity,16,7,4,1,10.0,1,0,,False
train_sanity_001,train_sanity,16,7,5,1,8.0,1,0,,False
train_sanity_001,train_sanity,16,7,6,1,6.0,1,0,,False
train_sanity_001,train_sanity,16,7,7,1,5.0,1,0,,False
train_sanity_001,train_sanity,16,7,8,2,3.0,0,2,11.0,True
train_sanity_001,train_sanity,16,7,9,3,3.6666666666666665,1,2,13.0,True
train_sanity_001,train_sanity,16,7,10,2,9.5,1,1,,False
train_sanity_001,train_sanity,16,7,11,1,12.0,1,0,,False
train_sanity_001,train_sanity,16,7,12,2,2.5,1,1,,False
train_sanity_001,train_sanity,16,7,13,1,1.0,0,1,,False
train_sanity_001,train_sanity,16,7,14,1,2.0,0,1,,False
train_sanity_001,train_sanity,16,7,15,1,1.0,0,1,,False
train_sanity_001,train_sanity,16,8,2,1,1.0,0,1,,False
train_sanity_001,train_sanity,16,8,3,1,2.0,0,1,,False
train_sanity_001,train_sanity,16,8,4,1,8.0,1,0,,False
train_sanity_001,train_sanity,16,8,5,1,9.0,1,0,,False
train_sanity_001,train_sanity,16,8,6,1,9.0,1,0,,False
train_sanity_001,train_sanity,16,8,7,1,4.0,0,1,,False
train_sanity_001,train_sanity,16,8,9,2,3.5,0,2,13.0,True
train_sanity_001,train_sanity,16,8,10,2,5.5,1,1,,False
train_sanity_001,train_sanity,16,8,11,2,5.5,1,1,,False
train_sanity_001,train_sanity,16,8,12,1,7.0,1,0,,False
train_sanity_001,train_sanity,16,8,14,2,1.5,0,2,10.0,True
train_sanity_001,train_sanity,16,9,3,1,2.0,0,1,,False
train_sanity_001,train_sanity,16,9,4,1,1.0,0,1,,False
train_sanity_001,train_sanity,16,9,5,2,4.5,1,1,,False
train_sanity_001,train_sanity,16,9,6,1,10.0,1,0,,False
train_sanity_001,train_sanity,16,9,7,1,5.0,0,1,,False
train_sanity_001,train_sanity,16,9,9,1,3.0,0,1,,False
train_sanity_001,train_sanity,16,9,10,2,2.5,0,2,2.0,True
train_sanity_001,train_sanity,16,9,11,2,1.5,1,1,,False
train_sanity_001,train_sanity,16,9,12,1,2.0,1,0,,False
train_sanity_001,train_sanity,16,10,5,1,9.0,1,0,,False
train_sanity_001,train_sanity,16,10,6,1,7.0,0,1,,False
train_sanity_001,train_sanity,16,10,7,2,3.0,0,2,14.0,True
train_sanity_001,train_sanity,16,10,8,1,1.0,0,1,,False
train_sanity_001,train_sanity,16,10,9,1,4.0,0,1,,False
train_sanity_001,train_sanity,16,10,10,1,4.0,0,1,,False
train_sanity_001,train_sanity,16,10,11,1,1.0,0,1,,False
train_sanity_001,train_sanity,16,11,5,1,3.0,0,1,,False
train_sanity_001,train_sanity,16,11,6,1,1.0,0,1,,False
train_sanity_001,train_sanity,16,11,7,1,2.0,0,1,,False
train_sanity_001,train_sanity,16,11,8,1,1.0,0,1,,False
train_sanity_001,train_sanity,16,11,12,1,1.0,1,0,,False
train_sanity_001,train_sanity,16,14,3,1,1.0,0,1,,False
train_sanity_002,train_sanity,16,2,12,1,1.0,1,0,,False
train_sanity_002,train_sanity,16,3,9,2,2.0,1,1,,False
train_sanity_002,train_sanity,16,3,10,2,7.0,1,1,,False
train_sanity_002,train_sanity,16,3,11,2,6.0,1,1,,False
train_sanity_002,train_sanity,16,3,12,1,3.0,1,0,,False
train_sanity_002,train_sanity,16,4,2,1,2.0,0,1,,False
train_sanity_002,train_sanity,16,4,4,2,8.0,1,1,,False
train_sanity_002,train_sanity,16,4,5,2,8.5,1,1,,False
train_sanity_002,train_sanity,16,4,6,4,4.0,1,3,1.0,True
train_sanity_002,train_sanity,16,4,7,2,11.0,1,1,,False
train_sanity_002,train_sanity,16,4,8,1,20.0,1,0,,False
train_sanity_002,train_sanity,16,4,9,1,21.0,1,0,,False
train_sanity_002,train_sanity,16,4,10,3,6.333333333333333,1,2,20.0,True
train_sanity_002,train_sanity,16,4,11,4,3.75,2,2,19.0,True
train_sanity_002,train_sanity,16,4,12,3,4.0,2,1,,False
train_sanity_002,train_sanity,16,4,13,2,2.5,0,2,14.0,True
train_sanity_002,train_sanity,16,5,2,1,20.0,1,0,,False
train_sanity_002,train_sanity,16,5,3,1,22.0,1,0,,False
train_sanity_002,train_sanity,16,5,4,1,24.0,1,0,,False
train_sanity_002,train_sanity,16,5,5,1,24.0,1,0,,False
train_sanity_002,train_sanity,16,5,6,1,24.0,1,0,,False
train_sanity_002,train_sanity,16,5,7,1,19.0,1,0,,False
train_sanity_002,train_sanity,16,5,8,1,19.0,1,0,,False
train_sanity_002,train_sanity,16,5,9,2,6.5,1,1,,False
train_sanity_002,train_sanity,16,5,10,1,1.0,0,1,,False
train_sanity_002,train_sanity,16,5,11,1,12.0,1,0,,False
train_sanity_002,train_sanity,16,5,12,2,7.0,2,0,,False
train_sanity_002,train_sanity,16,5,13,3,2.6666666666666665,1,2,15.0,True
train_sanity_002,train_sanity,16,6,2,2,10.0,2,0,,False
train_sanity_002,train_sanity,16,6,3,1,24.0,1,0,,False
train_sanity_002,train_sanity,16,6,4,1,24.0,1,0,,False
train_sanity_002,train_sanity,16,6,5,1,24.0,1,0,,False
train_sanity_002,train_sanity,16,6,6,1,24.0,1,0,,False
train_sanity_002,train_sanity,16,6,7,1,22.0,1,0,,False
train_sanity_002,train_sanity,16,6,8,4,4.0,3,1,,False
train_sanity_002,train_sanity,16,6,9,2,7.0,1,1,,False
train_sanity_002,train_sanity,16,6,10,3,3.6666666666666665,2,1,,False
train_sanity_002,train_sanity,16,6,11,2,8.0,1,1,,False
train_sanity_002,train_sanity,16,6,12,1,12.0,1,0,,False
train_sanity_002,train_sanity,16,7,2,2,6.5,2,0,,False
train_sanity_002,train_sanity,16,7,3,2,10.0,2,0,,False
train_sanity_002,train_sanity,16,7,4,2,10.5,2,0,,False
train_sanity_002,train_sanity,16,7,5,2,11.0,2,0,,False
train_sanity_002,train_sanity,16,7,6,2,9.0,2,0,,False
train_sanity_002,train_sanity,16,7,7,3,2.0,1,2,12.0,True
train_sanity_002,train_sanity,16,7,8,3,5.0,1,2,14.0,True
train_sanity_002,train_sanity,16,7,9,2,3.5,1,1,,False
train_sanity_002,train_sanity,16,7,10,1,2.0,0,1,,False
train_sanity_002,train_sanity,16,7,11,2,3.5,1,1,,False
train_sanity_002,train_sanity,16,7,12,2,4.5,1,1,,False
train_sanity_002,train_sanity,16,7,13,2,1.0,0,2,22.0,True
train_sanity_002,train_sanity,16,8,1,1,1.0,1,0,,False
train_sanity_002,train_sanity,16,8,2,2,3.0,1,1,,False
train_sanity_002,train_sanity,16,8,3,2,5.5,1,1,,False
train_sanity_002,train_sanity,16,8,4,2,4.5,1,1,,False
train_sanity_002,train_sanity,16,8,5,2,3.0,1,1,,False
train_sanity_002,train_sanity,16,8,6,1,2.0,0,1,,False
train_sanity_002,train_sanity,16,8,8,1,1.0,0,1,,False
train_sanity_002,train_sanity,16,8,9,1,3.0,1,0,,False
train_sanity_002,train_sanity,16,8,11,2,2.0,0,2,1.0,True
train_sanity_002,train_sanity,16,8,12,2,4.5,0,2,15.0,True
train_sanity_002,train_sanity,16,8,13,2,2.0,0,2,20.0,True
train_sanity_002,train_sanity,16,9,4,1,7.0,1,0,,False
train_sanity_002,train_sanity,16,9,12,2,1.5,1,1,,False
train_sanity_002,train_sanity,16,9,13,1,2.0,0,1,,False
validation_000,validation,16,1,7,1,3.0,0,1,,False
validation_000,validation,16,1,8,1,2.0,0,1,,False
validation_000,validation,16,2,5,1,2.0,0,1,,False
validation_000,validation,16,2,6,2,1.0,0,2,24.0,True
validation_000,validation,16,2,9,1,5.0,0,1,,False
validation_000,validation,16,2,10,4,3.25,0,4,33.666666666666664,True
validation_000,validation,16,2,11,3,7.333333333333333,0,3,45.5,True
validation_000,validation,16,2,12,2,4.0,0,2,7.0,True
validation_000,validation,16,3,3,2,2.0,1,1,,False
validation_000,validation,16,3,4,4,7.75,1,3,7.5,True
validation_000,validation,16,3,5,6,5.166666666666667,1,5,28.5,True
validation_000,validation,16,3,6,3,11.666666666666666,1,2,9.0,True
validation_000,validation,16,3,7,5,5.4,2,3,50.0,True
validation_000,validation,16,3,8,2,11.5,0,2,94.0,True
validation_000,validation,16,3,9,2,9.5,0,2,98.0,True
validation_000,validation,16,3,10,4,5.0,1,3,2.0,True
validation_000,validation,16,3,11,3,7.333333333333333,1,2,95.0,True
validation_000,validation,16,3,12,3,9.0,1,2,74.0,True
validation_000,validation,16,4,3,3,1.6666666666666667,2,1,,False
validation_000,validation,16,4,4,6,10.166666666666666,1,5,29.25,True
validation_000,validation,16,4,5,8,11.375,2,6,18.0,True
validation_000,validation,16,4,6,4,26.75,1,3,50.5,True
validation_000,validation,16,4,7,6,16.833333333333332,1,5,25.5,True
validation_000,validation,16,4,8,10,6.5,5,5,20.75,True
validation_000,validation,16,4,9,3,12.0,1,2,88.0,True
validation_000,validation,16,4,10,4,5.5,1,3,51.0,True
validation_000,validation,16,4,11,5,4.8,3,2,81.0,True
validation_000,validation,16,4,12,3,5.666666666666667,1,2,84.0,True
validation_000,validation,16,4,13,2,2.0,1,1,,False
validation_000,validation,16,5,3,4,2.0,1,3,6.0,True
validation_000,validation,16,5,4,7,11.285714285714286,5,2,3.0,True
validation_000,validation,16,5,5,6,17.833333333333332,1,5,19.25,True
validation_000,validation,16,5,6,2,55.5,1,1,,False
validation_000,validation,16,5,7,2,55.5,1,1,,False
validation_000,validation,16,5,8,2,50.5,1,1,,False
validation_000,validation,16,5,9,1,50.0,1,0,,False
validation_000,validation,16,5,10,2,22.0,1,1,,False
validation_000,validation,16,5,11,6,5.666666666666667,5,1,,False
validation_000,validation,16,5,12,4,5.5,3,1,,False
validation_000,validation,16,5,13,4,2.25,1,3,2.5,True
validation_000,validation,16,6,2,3,4.333333333333333,1,2,3.0,True
validation_000,validation,16,6,3,4,11.25,1,3,5.0,True
validation_000,validation,16,6,4,4,13.5,2,2,6.0,True
validation_000,validation,16,6,5,3,19.0,2,1,,False
validation_000,validation,16,6,6,3,30.333333333333332,1,2,105.0,True
validation_000,validation,16,6,7,3,35.666666666666664,3,0,,False
validation_000,validation,16,6,8,3,34.666666666666664,2,1,,False
validation_000,validation,16,6,9,4,16.0,2,2,92.0,True
validation_000,validation,16,6,10,3,24.666666666666668,2,1,,False
validation_000,validation,16,6,11,4,15.75,3,1,,False
validation_000,validation,16,6,12,3,3.3333333333333335,1,2,6.0,True
validation_000,validation,16,6,13,2,3.5,0,2,5.0,True
validation_000,validation,16,7,2,3,4.0,0,3,4.0,True
validation_000,validation,16,7,3,1,55.0,1,0,,False
validation_000,validation,16,7,4,2,27.0,1,1,,False
validation_000,validation,16,7,5,3,27.0,1,2,1.0,True
validation_000,validation,16,7,6,4,19.75,1,3,2.0,True
validation_000,validation,16,7,7,6,14.333333333333334,2,4,23.0,True
validation_000,validation,16,7,8,6,13.0,3,3,2.0,True
validation_000,validation,16,7,9,7,7.285714285714286,4,3,45.0,True
validation_000,validation,16,7,10,5,8.2,3,2,1.0,True
validation_000,validation,16,7,11,1,34.0,1,0,,False
validation_000,validation,16,7,12,1,1.0,1,0,,False
validation_000,validation,16,7,13,1,1.0,0,1,,False
validation_000,validation,16,8,2,1,3.0,0,1,,False
validation_000,validation,16,8,3,1,1.0,0,1,,False
validation_000,validation,16,8,4,1,3.0,0,1,,False
validation_000,validation,16,8,5,3,12.666666666666666,1,2,2.0,True
validation_000,validation,16,8,6,5,9.8,3,2,8.0,True
validation_000,validation,16,8,7,3,13.0,2,1,,False
validation_000,validation,16,8,8,3,10.666666666666666,2,1,,False
validation_000,validation,16,8,9,3,16.0,3,0,,False
validation_000,validation,16,8,10,3,12.666666666666666,3,0,,False
validation_000,validation,16,8,11,2,15.0,1,1,,False
validation_000,validation,16,9,5,1,1.0,0,1,,False
validation_000,validation,16,9,8,2,1.0,2,0,,False
validation_000,validation,16,9,9,1,32.0,1,0,,False
validation_000,validation,16,9,10,3,8.0,2,1,,False
validation_001,validation,16,2,3,2,2.5,1,1,,False
validation_001,validation,16,2,4,2,5.5,1,1,,False
validation_001,validation,16,3,3,1,9.0,1,0,,False
validation_001,validation,16,3,4,2,8.5,1,1,,False
validation_001,validation,16,3,5,3,5.666666666666667,1,2,14.0,True
validation_001,validation,16,3,6,3,3.6666666666666665,1,2,12.0,True
validation_001,validation,16,3,7,2,4.5,1,1,,False
validation_001,validation,16,3,9,1,3.0,0,1,,False
validation_001,validation,16,4,3,1,15.0,1,0,,False
validation_001,validation,16,4,4,2,8.0,1,1,,False
validation_001,validation,16,4,5,2,9.5,1,1,,False
validation_001,validation,16,4,6,3,5.666666666666667,2,1,,False
validation_001,validation,16,4,7,1,8.0,1,0,,False
validation_001,validation,16,4,8,3,2.6666666666666665,2,1,,False
validation_001,validation,16,4,9,3,4.0,2,1,,False
validation_001,validation,16,4,10,1,10.0,1,0,,False
validation_001,validation,16,4,11,1,2.0,1,0,,False
validation_001,validation,16,5,1,1,5.0,1,0,,False
validation_001,validation,16,5,2,2,4.0,1,1,,False
validation_001,validation,16,5,3,3,4.0,1,2,14.0,True
validation_001,validation,16,5,4,2,9.5,2,0,,False
validation_001,validation,16,5,5,3,4.666666666666667,2,1,,False
validation_001,validation,16,5,6,2,4.0,1,1,,False
validation_001,validation,16,5,7,2,7.5,1,1,,False
validation_001,validation,16,5,8,2,2.5,1,1,,False
validation_001,validation,16,5,9,2,6.5,2,0,,False
validation_001,validation,16,5,10,1,14.0,1,0,,False
validation_001,validation,16,5,11,2,2.0,2,0,,False
validation_001,validation,16,5,13,1,2.0,0,1,,False
validation_001,validation,16,5,14,1,2.0,0,1,,False
validation_001,validation,16,6,1,1,1.0,1,0,,False
validation_001,validation,16,6,2,2,3.0,1,1,,False
validation_001,validation,16,6,3,2,6.5,1,1,,False
validation_001,validation,16,6,4,3,4.333333333333333,2,1,,False
validation_001,validation,16,6,5,2,4.5,1,1,,False
validation_001,validation,16,6,6,1,2.0,0,1,,False
validation_001,validation,16,6,7,1,7.0,1,0,,False
validation_001,validation,16,6,8,3,4.0,2,1,,False
validation_001,validation,16,6,9,1,5.0,1,0,,False
validation_001,validation,16,6,10,1,2.0,1,0,,False
validation_001,validation,16,6,11,1,2.0,1,0,,False
validation_001,validation,16,6,13,1,6.0,1,0,,False
validation_001,validation,16,6,14,2,5.0,2,0,,False
validation_001,validation,16,7,2,3,2.0,1,2,15.0,True
validation_001,validation,16,7,3,3,2.0,0,3,6.5,True
validation_001,validation,16,7,4,2,4.5,1,1,,False
validation_001,validation,16,7,5,3,4.0,2,1,,False
validation_001,validation,16,7,6,2,3.5,1,1,,False
validation_001,validation,16,7,7,2,3.0,1,1,,False
validation_001,validation,16,7,8,1,12.0,1,0,,False
validation_001,validation,16,7,9,3,3.0,1,2,1.0,True
validation_001,validation,16,7,10,1,1.0,1,0,,False
validation_001,validation,16,7,12,2,3.5,2,0,,False
validation_001,validation,16,7,13,1,9.0,1,0,,False
validation_001,validation,16,7,14,3,2.0,1,2,2.0,True
validation_001,validation,16,8,2,1,1.0,0,1,,False
validation_001,validation,16,8,4,3,2.6666666666666665,0,3,6.0,True
validation_001,validation,16,8,5,4,2.25,1,3,5.0,True
validation_001,validation,16,8,6,1,8.0,1,0,,False
validation_001,validation,16,8,7,2,3.5,1,1,,False
validation_001,validation,16,8,8,1,12.0,1,0,,False
validation_001,validation,16,8,9,2,3.0,2,0,,False
validation_001,validation,16,8,11,2,5.0,1,1,,False
validation_001,validation,16,8,12,1,12.0,1,0,,False
validation_001,validation,16,8,13,1,11.0,1,0,,False
validation_001,validation,16,9,0,1,2.0,0,1,,False
validation_001,validation,16,9,1,1,4.0,0,1,,False
validation_001,validation,16,9,2,1,3.0,0,1,,False
validation_001,validation,16,9,5,1,5.0,0,1,,False
validation_001,validation,16,9,6,2,2.0,0,2,1.0,True
validation_001,validation,16,9,7,2,4.0,1,1,,False
validation_001,validation,16,9,8,1,4.0,1,0,,False
validation_001,validation,16,9,9,1,11.0,1,0,,False
validation_001,validation,16,9,10,1,10.0,1,0,,False
validation_001,validation,16,9,11,1,11.0,1,0,,False
validation_001,validation,16,9,12,1,11.0,1,0,,False
validation_001,validation,16,9,13,1,7.0,1,0,,False
validation_001,validation,16,10,1,1,1.0,0,1,,False
validation_001,validation,16,10,2,1,4.0,0,1,,False
validation_001,validation,16,10,4,1,2.0,0,1,,False
validation_001,validation,16,10,5,1,7.0,1,0,,False
validation_001,validation,16,10,6,1,8.0,1,0,,False
validation_001,validation,16,10,7,1,10.0,1,0,,False
validation_001,validation,16,10,8,1,10.0,1,0,,False
validation_001,validation,16,10,9,1,11.0,1,0,,False
validation_001,validation,16,10,10,1,11.0,1,0,,False
validation_001,validation,16,10,11,1,1.0,1,0,,False
validation_001,validation,16,11,5,1,1.0,0,1,,False
validation_001,validation,16,11,6,1,8.0,1,0,,False
validation_001,validation,16,11,7,1,9.0,1,0,,False
validation_001,validation,16,11,8,2,1.5,1,1,,False
validation_001,validation,16,11,9,2,1.0,0,2,1.0,True
validation_001,validation,16,12,6,1,5.0,0,1,,False
validation_002,validation,16,0,4,1,1.0,0,1,,False
validation_002,validation,16,3,8,3,3.6666666666666665,1,2,1.0,True
validation_002,validation,16,3,9,3,6.0,1,2,17.0,True
validation_002,validation,16,3,10,3,7.0,2,1,,False
validation_002,validation,16,3,11,1,28.0,1,0,,False
validation_002,validation,16,3,12,3,7.0,2,1,,False
validation_002,validation,16,3,13,1,1.0,0,1,,False
validation_002,validation,16,4,5,2,12.0,2,0,,False
validation_002,validation,16,4,6,1,28.0,1,0,,False
validation_002,validation,16,4,7,1,28.0,1,0,,False
validation_002,validation,16,4,8,1,28.0,1,0,,False
validation_002,validation,16,4,9,1,28.0,1,0,,False
validation_002,validation,16,4,10,1,28.0,1,0,,False
validation_002,validation,16,4,11,1,28.0,1,0,,False
validation_002,validation,16,4,12,1,28.0,1,0,,False
validation_002,validation,16,4,13,2,4.5,2,0,,False
validation_002,validation,16,5,4,4,3.0,3,1,,False
validation_002,validation,16,5,5,1,28.0,1,0,,False
validation_002,validation,16,5,6,1,28.0,1,0,,False
validation_002,validation,16,5,7,1,28.0,1,0,,False
validation_002,validation,16,5,8,1,28.0,1,0,,False
validation_002,validation,16,5,9,1,28.0,1,0,,False
validation_002,validation,16,5,10,1,28.0,1,0,,False
validation_002,validation,16,5,11,1,28.0,1,0,,False
validation_002,validation,16,5,12,4,5.0,2,2,20.0,True
validation_002,validation,16,5,13,2,4.0,1,1,,False
validation_002,validation,16,6,4,3,7.0,2,1,,False
validation_002,validation,16,6,5,1,28.0,1,0,,False
validation_002,validation,16,6,6,1,28.0,1,0,,False
validation_002,validation,16,6,7,2,13.5,2,0,,False
validation_002,validation,16,6,8,2,9.0,1,1,,False
validation_002,validation,16,6,9,3,6.666666666666667,3,0,,False
validation_002,validation,16,6,10,2,6.5,2,0,,False
validation_002,validation,16,6,11,2,4.5,1,1,,False
validation_002,validation,16,6,12,2,6.5,1,1,,False
validation_002,validation,16,6,13,1,4.0,1,0,,False
validation_002,validation,16,6,14,1,1.0,1,0,,False
validation_002,validation,16,7,3,2,1.5,1,1,,False
validation_002,validation,16,7,4,2,5.5,1,1,,False
validation_002,validation,16,7,5,6,2.1666666666666665,4,2,1.0,True
validation_002,validation,16,7,6,2,4.5,1,1,,False
validation_002,validation,16,7,7,2,4.0,1,1,,False
validation_002,validation,16,7,8,2,4.5,1,1,,False
validation_002,validation,16,7,9,1,3.0,0,1,,False
validation_002,validation,16,7,10,1,3.0,0,1,,False
validation_002,validation,16,7,13,1,1.0,1,0,,False
validation_002,validation,16,8,3,1,1.0,0,1,,False
validation_002,validation,16,8,4,2,1.0,0,2,3.0,True
validation_002,validation,16,8,5,1,1.0,0,1,,False
validation_002,validation,16,8,6,1,4.0,0,1,,False
validation_002,validation,16,8,7,1,5.0,0,1,,False
validation_002,validation,16,8,8,1,4.0,0,1,,False
validation_003,validation,16,3,5,1,1.0,1,0,,False
validation_003,validation,16,3,6,1,2.0,1,0,,False
validation_003,validation,16,3,7,2,3.5,1,1,,False
validation_003,validation,16,3,8,2,2.5,1,1,,False
validation_003,validation,16,3,10,1,1.0,0,1,,False
validation_003,validation,16,4,3,1,6.0,0,1,,False
validation_003,validation,16,4,4,1,7.0,1,0,,False
validation_003,validation,16,4,5,1,3.0,1,0,,False
validation_003,validation,16,4,6,3,3.0,1,2,15.0,True
validation_003,validation,16,4,7,3,4.333333333333333,1,2,9.0,True
validation_003,validation,16,4,8,3,3.3333333333333335,1,2,12.0,True
validation_003,validation,16,4,9,3,3.0,1,2,1.0,True
validation_003,validation,16,4,12,1,2.0,1,0,,False
validation_003,validation,16,4,13,1,2.0,1,0,,False
validation_003,validation,16,5,3,4,3.5,2,2,1.0,True
validation_003,validation,16,5,4,1,8.0,1,0,,False
validation_003,validation,16,5,5,2,6.5,2,0,,False
validation_003,validation,16,5,6,1,16.0,1,0,,False
validation_003,validation,16,5,7,1,16.0,1,0,,False
validation_003,validation,16,5,8,1,18.0,1,0,,False
validation_003,validation,16,5,9,2,9.0,1,1,,False
validation_003,validation,16,5,10,1,17.0,1,0,,False
validation_003,validation,16,5,11,1,18.0,1,0,,False
validation_003,validation,16,5,12,3,4.0,2,1,,False
validation_003,validation,16,5,13,1,8.0,1,0,,False
validation_003,validation,16,6,2,1,1.0,1,0,,False
validation_003,validation,16,6,3,2,2.0,2,0,,False
validation_003,validation,16,6,4,2,2.5,1,1,,False
validation_003,validation,16,6,5,2,7.0,2,0,,False
validation_003,validation,16,6,6,3,4.666666666666667,2,1,,False
validation_003,validation,16,6,7,2,7.0,1,1,,False
validation_003,validation,16,6,8,1,16.0,1,0,,False
validation_003,validation,16,6,9,1,16.0,1,0,,False
validation_003,validation,16,6,10,1,20.0,1,0,,False
validation_003,validation,16,6,11,1,20.0,1,0,,False
validation_003,validation,16,6,12,1,17.0,1,0,,False
validation_003,validation,16,6,13,4,1.5,1,3,6.0,True
validation_003,validation,16,7,3,3,4.333333333333333,2,1,,False
validation_003,validation,16,7,4,2,7.5,2,0,,False
validation_003,validation,16,7,5,2,4.5,1,1,,False
validation_003,validation,16,7,6,2,6.0,2,0,,False
validation_003,validation,16,7,7,2,6.5,1,1,,False
validation_003,validation,16,7,8,2,7.0,1,1,,False
validation_003,validation,16,7,9,2,7.0,1,1,,False
validation_003,validation,16,7,10,3,2.0,0,3,7.0,True
validation_003,validation,16,7,11,2,9.5,2,0,,False
validation_003,validation,16,7,12,1,18.0,1,0,,False
validation_003,validation,16,7,13,3,4.333333333333333,1,2,1.0,True
validation_003,validation,16,7,14,2,1.5,1,1,,False
validation_003,validation,16,8,2,1,1.0,0,1,,False
validation_003,validation,16,8,3,3,2.0,1,2,12.0,True
validation_003,validation,16,8,4,3,4.666666666666667,2,1,,False
validation_003,validation,16,8,5,2,8.0,2,0,,False
validation_003,validation,16,8,6,2,1.0,1,1,,False
validation_003,validation,16,8,7,2,3.5,1,1,,False
validation_003,validation,16,8,8,2,2.5,1,1,,False
validation_003,validation,16,8,9,1,4.0,1,0,,False
validation_003,validation,16,8,10,3,2.6666666666666665,0,3,5.5,True
validation_003,validation,16,8,11,3,5.666666666666667,1,2,11.0,True
validation_003,validation,16,8,12,3,5.333333333333333,1,2,10.0,True
validation_003,validation,16,8,13,4,3.0,1,3,5.5,True
validation_003,validation,16,8,14,3,1.3333333333333333,0,3,8.0,True
validation_003,validation,16,8,15,1,1.0,0,1,,False
validation_003,validation,16,9,2,1,5.0,0,1,,False
validation_003,validation,16,9,3,1,4.0,0,1,,False
validation_003,validation,16,9,5,3,3.3333333333333335,1,2,10.0,True
validation_003,validation,16,9,6,2,4.5,1,1,,False
validation_003,validation,16,9,7,3,3.3333333333333335,2,1,,False
validation_003,validation,16,9,8,3,3.6666666666666665,1,2,12.0,True
validation_003,validation,16,9,9,2,3.0,2,0,,False
validation_003,validation,16,9,10,1,1.0,0,1,,False
validation_003,validation,16,9,11,3,3.3333333333333335,1,2,14.0,True
validation_003,validation,16,9,12,3,3.0,1,2,13.0,True
validation_003,validation,16,9,13,3,3.6666666666666665,0,3,4.5,True
validation_003,validation,16,9,14,3,2.0,0,3,7.0,True
validation_003,validation,16,9,15,1,1.0,0,1,,False
validation_003,validation,16,10,2,1,6.0,0,1,,False
validation_003,validation,16,10,3,2,1.5,0,2,1.0,True
validation_003,validation,16,10,7,1,1.0,1,0,,False
validation_003,validation,16,10,11,1,4.0,0,1,,False
validation_003,validation,16,10,12,2,1.5,0,2,14.0,True
validation_003,validation,16,10,15,1,1.0,0,1,,False
validation_003,validation,16,11,3,1,3.0,0,1,,False
validation_003,validation,16,11,14,2,1.5,1,1,,False
validation_003,validation,16,12,4,1,1.0,0,1,,False
validation_003,validation,16,12,5,1,2.0,0,1,,False
validation_003,validation,16,12,6,1,2.0,0,1,,False
validation_004,validation,16,1,3,1,1.0,0,1,,False
validation_004,validation,16,1,5,2,1.5,1,1,,False
validation_004,validation,16,1,6,2,3.5,1,1,,False
validation_004,validation,16,1,7,2,4.5,2,0,,False
validation_004,validation,16,1,8,5,2.8,3,2,14.0,True
validation_004,validation,16,1,9,3,1.3333333333333333,3,0,,False
validation_004,validation,16,1,10,1,1.0,1,0,,False
validation_004,validation,16,1,11,2,1.0,1,1,,False
validation_004,validation,16,1,13,1,2.0,0,1,,False
validation_004,validation,16,1,14,1,3.0,0,1,,False
validation_004,validation,16,2,1,1,2.0,0,1,,False
validation_004,validation,16,2,2,4,2.25,3,1,,False
validation_004,validation,16,2,3,3,3.3333333333333335,1,2,13.0,True
validation_004,validation,16,2,4,3,4.333333333333333,2,1,,False
validation_004,validation,16,2,5,3,3.0,2,1,,False
validation_004,validation,16,2,6,2,5.5,2,0,,False
validation_004,validation,16,2,7,2,8.0,1,1,,False
validation_004,validation,16,2,8,3,3.0,1,2,15.0,True
validation_004,validation,16,2,9,4,2.0,2,2,17.0,True
validation_004,validation,16,2,10,4,1.75,2,2,2.0,True
validation_004,validation,16,2,11,6,1.8333333333333333,4,2,16.0,True
validation_004,validation,16,2,12,5,2.2,2,3,6.5,True
validation_004,validation,16,2,13,4,3.5,3,1,,False
validation_004,validation,16,2,14,2,2.0,0,2,1.0,True
validation_004,validation,16,3,0,1,2.0,1,0,,False
validation_004,validation,16,3,1,1,8.0,1,0,,False
validation_004,validation,16,3,2,2,5.5,2,0,,False
validation_004,validation,16,3,3,3,4.666666666666667,3,0,,False
validation_004,validation,16,3,4,2,8.5,1,1,,False
validation_004,validation,16,3,5,1,16.0,1,0,,False
validation_004,validation,16,3,6,1,17.0,1,0,,False
validation_004,validation,16,3,7,2,6.5,1,1,,False
validation_004,validation,16,3,8,3,2.0,3,0,,False
validation_004,validation,16,3,9,4,3.25,2,2,16.0,True
validation_004,validation,16,3,10,2,5.5,1,1,,False
validation_004,validation,16,3,11,2,6.5,1,1,,False
validation_004,validation,16,3,12,2,1.5,0,2,2.0,True
validation_004,validation,16,3,13,1,1.0,0,1,,False
validation_004,validation,16,4,1,3,3.0,3,0,,False
validation_004,validation,16,4,2,2,3.5,2,0,,False
validation_004,validation,16,4,3,2,4.5,2,0,,False
validation_004,validation,16,4,4,2,7.0,2,0,,False
validation_004,validation,16,4,5,1,14.0,1,0,,False
validation_004,validation,16,4,6,1,13.0,1,0,,False
validation_004,validation,16,4,7,1,14.0,1,0,,False
validation_004,validation,16,4,8,1,14.0,1,0,,False
validation_004,validation,16,4,9,1,14.0,1,0,,False
validation_004,validation,16,4,10,1,15.0,1,0,,False
validation_004,validation,16,4,11,3,1.3333333333333333,3,0,,False
validation_004,validation,16,4,12,1,2.0,0,1,,False
validation_004,validation,16,5,2,1,1.0,0,1,,False
validation_004,validation,16,5,3,1,2.0,0,1,,False
validation_004,validation,16,5,4,2,4.0,1,1,,False
validation_004,validation,16,5,5,1,11.0,1,0,,False
validation_004,validation,16,5,6,1,11.0,1,0,,False
validation_004,validation,16,5,7,1,12.0,1,0,,False
validation_004,validation,16,5,8,1,12.0,1,0,,False
validation_004,validation,16,5,9,1,12.0,1,0,,False
validation_004,validation,16,5,10,2,5.0,1,1,,False
validation_004,validation,16,5,11,1,1.0,1,0,,False
validation_004,validation,16,5,12,1,1.0,1,0,,False
validation_004,validation,16,6,4,1,2.0,0,1,,False
validation_004,validation,16,6,5,1,7.0,1,0,,False
validation_004,validation,16,6,6,1,8.0,1,0,,False
validation_004,validation,16,6,7,1,7.0,1,0,,False
validation_004,validation,16,6,8,1,6.0,1,0,,False
validation_004,validation,16,6,9,1,8.0,1,0,,False
validation_004,validation,16,6,10,1,3.0,1,0,,False
validation_004,validation,16,6,11,2,1.5,1,1,,False
validation_004,validation,16,7,4,1,1.0,1,0,,False
validation_004,validation,16,7,5,1,1.0,1,0,,False
validation_004,validation,16,7,7,1,1.0,0,1,,False
validation_004,validation,16,7,8,1,1.0,0,1,,False
validation_004,validation,16,7,14,1,1.0,0,1,,False
validation_004,validation,16,8,3,1,1.0,0,1,,False
validation_004,validation,16,8,4,1,1.0,1,0,,False
validation_004,validation,16,8,5,1,4.0,1,0,,False
validation_004,validation,16,8,6,1,3.0,1,0,,False
validation_004,validation,16,8,7,1,1.0,0,1,,False
validation_004,validation,16,8,9,1,1.0,1,0,,False
validation_004,validation,16,8,10,1,1.0,1,0,,False
validation_004,validation,16,8,11,1,1.0,1,0,,False
validation_004,validation,16,8,13,1,1.0,1,0,,False
validation_004,validation,16,9,5,2,2.0,2,0,,False
validation_004,validation,16,9,7,1,1.0,0,1,,False
validation_004,validation,16,9,9,2,2.0,2,0,,False
validation_004,validation,16,9,10,2,3.0,2,0,,False
validation_004,validation,16,9,11,2,2.0,2,0,,False
validation_004,validation,16,10,6,2,1.5,0,2,3.0,True
validation_004,validation,16,10,7,1,1.0,0,1,,False
validation_004,validation,16,10,12,1,1.0,1,0,,False
validation_004,validation,16,10,13,1,1.0,1,0,,False
validation_004,validation,16,10,14,1,1.0,1,0,,False
validation_004,validation,16,11,13,1,1.0,1,0,,False
validation_005,validation,16,1,4,1,1.0,0,1,,False
validation_005,validation,16,1,7,2,3.0,0,2,2.0,True
validation_005,validation,16,2,4,1,1.0,0,1,,False
validation_005,validation,16,2,5,3,1.0,0,3,16.5,True
validation_005,validation,16,2,6,6,1.8333333333333333,2,4,8.333333333333334,True
validation_005,validation,16,2,7,3,6.333333333333333,1,2,20.0,True
validation_005,validation,16,2,8,1,5.0,1,0,,False
validation_005,validation,16,2,9,5,1.2,2,3,13.5,True
validation_005,validation,16,2,10,1,1.0,0,1,,False
validation_005,validation,16,2,11,1,9.0,0,1,,False
validation_005,validation,16,2,12,2,5.0,1,1,,False
validation_005,validation,16,2,13,1,7.0,0,1,,False
validation_005,validation,16,2,14,1,3.0,0,1,,False
validation_005,validation,16,3,2,2,1.0,1,1,,False
validation_005,validation,16,3,3,1,12.0,1,0,,False
validation_005,validation,16,3,4,1,12.0,1,0,,False
validation_005,validation,16,3,5,3,5.666666666666667,1,2,3.0,True
validation_005,validation,16,3,6,5,4.2,2,3,11.5,True
validation_005,validation,16,3,7,4,2.5,1,3,2.5,True
validation_005,validation,16,3,8,3,6.666666666666667,1,2,24.0,True
validation_005,validation,16,3,9,1,27.0,1,0,,False
validation_005,validation,16,3,10,2,12.5,2,0,,False
validation_005,validation,16,3,11,1,24.0,1,0,,False
validation_005,validation,16,3,12,3,7.333333333333333,3,0,,False
validation_005,validation,16,3,13,3,4.333333333333333,0,3,11.5,True
validation_005,validation,16,4,1,1,12.0,1,0,,False
validation_005,validation,16,4,2,4,6.75,2,2,1.0,True
validation_005,validation,16,4,3,1,36.0,1,0,,False
validation_005,validation,16,4,4,1,36.0,1,0,,False
validation_005,validation,16,4,5,1,36.0,1,0,,False
validation_005,validation,16,4,6,1,36.0,1,0,,False
validation_005,validation,16,4,7,7,2.7142857142857144,5,2,1.0,True
validation_005,validation,16,4,8,3,5.333333333333333,3,0,,False
validation_005,validation,16,4,9,6,4.0,3,3,12.5,True
validation_005,validation,16,4,10,3,8.333333333333334,2,1,,False
validation_005,validation,16,4,11,3,9.333333333333334,2,1,,False
validation_005,validation,16,4,12,3,6.0,1,2,3.0,True
validation_005,validation,16,4,13,2,7.0,1,1,,False
validation_005,validation,16,4,14,2,6.0,1,1,,False
validation_005,validation,16,4,15,1,1.0,0,1,,False
validation_005,validation,16,5,0,4,4.0,3,1,,False
validation_005,validation,16,5,1,3,9.666666666666666,3,0,,False
validation_005,validation,16,5,2,1,33.0,1,0,,False
validation_005,validation,16,5,3,3,9.0,1,2,2.0,True
validation_005,validation,16,5,4,3,10.0,2,1,,False
validation_005,validation,16,5,5,3,6.0,3,0,,False
validation_005,validation,16,5,6,3,3.3333333333333335,2,1,,False
validation_005,validation,16,5,7,3,2.3333333333333335,2,1,,False
validation_005,validation,16,5,8,2,1.5,0,2,1.0,True
validation_005,validation,16,5,9,1,12.0,1,0,,False
validation_005,validation,16,5,10,1,12.0,1,0,,False
validation_005,validation,16,5,11,2,8.0,1,1,,False
validation_005,validation,16,5,12,2,8.5,1,1,,False
validation_005,validation,16,5,13,3,4.333333333333333,1,2,1.0,True
validation_005,validation,16,5,14,3,3.6666666666666665,0,3,12.5,True
validation_005,validation,16,5,15,1,4.0,0,1,,False
validation_005,validation,16,6,1,4,2.5,2,2,23.0,True
validation_005,validation,16,6,2,3,4.666666666666667,1,2,22.0,True
validation_005,validation,16,6,3,4,2.75,2,2,25.0,True
validation_005,validation,16,6,4,2,2.5,2,0,,False
validation_005,validation,16,6,5,1,2.0,1,0,,False
validation_005,validation,16,6,6,2,1.0,0,2,1.0,True
validation_005,validation,16,6,7,1,2.0,0,1,,False
validation_005,validation,16,6,8,1,3.0,0,1,,False
validation_005,validation,16,6,9,1,6.0,0,1,,False
validation_005,validation,16,6,10,1,6.0,0,1,,False
validation_005,validation,16,6,11,1,5.0,0,1,,False
validation_005,validation,16,6,12,1,4.0,0,1,,False
validation_005,validation,16,6,13,1,4.0,0,1,,False
validation_005,validation,16,6,14,1,4.0,0,1,,False
validation_005,validation,16,7,1,2,5.0,0,2,20.0,True
validation_005,validation,16,7,2,3,2.3333333333333335,1,2,26.0,True
validation_005,validation,16,7,3,1,1.0,0,1,,False
validation_005,validation,16,7,4,3,2.0,0,3,1.0,True
validation_005,validation,16,7,5,1,1.0,0,1,,False
validation_005,validation,16,7,6,1,6.0,0,1,,False
validation_005,validation,16,7,7,1,5.0,0,1,,False
validation_005,validation,16,7,10,1,1.0,1,0,,False
validation_005,validation,16,7,11,1,2.0,1,0,,False
validation_005,validation,16,8,2,1,5.0,1,0,,False
validation_005,validation,16,8,3,3,2.0,1,2,1.0,True
validation_005,validation,16,8,4,3,3.3333333333333335,0,3,12.5,True
validation_005,validation,16,8,5,3,1.3333333333333333,0,3,16.0,True
validation_005,validation,16,8,6,1,2.0,0,1,,False
validation_005,validation,16,8,8,1,5.0,0,1,,False
validation_005,validation,16,8,9,1,8.0,1,0,,False
validation_005,validation,16,8,10,1,9.0,1,0,,False
validation_005,validation,16,8,11,2,1.5,2,0,,False
validation_005,validation,16,8,12,1,2.0,1,0,,False
validation_005,validation,16,8,13,1,1.0,1,0,,False
validation_005,validation,16,9,2,1,4.0,1,0,,False
validation_005,validation,16,9,3,1,2.0,0,1,,False
validation_005,validation,16,9,4,1,5.0,0,1,,False
validation_005,validation,16,9,5,1,1.0,0,1,,False
validation_005,validation,16,9,6,1,2.0,0,1,,False
validation_005,validation,16,9,7,2,4.0,0,2,1.0,True
validation_005,validation,16,9,8,1,9.0,0,1,,False
validation_005,validation,16,9,9,1,7.0,0,1,,False
validation_005,validation,16,9,10,1,7.0,0,1,,False
validation_005,validation,16,9,13,2,1.5,0,2,1.0,True
validation_005,validation,16,10,3,2,2.0,0,2,1.0,True
validation_005,validation,16,10,4,2,1.0,0,2,3.0,True
validation_005,validation,16,10,5,1,1.0,0,1,,False
validation_005,validation,16,10,8,1,8.0,0,1,,False
validation_005,validation,16,10,9,1,6.0,0,1,,False
validation_005,validation,16,11,4,2,1.0,0,2,1.0,True
validation_005,validation,16,11,10,1,2.0,0,1,,False
validation_006,validation,16,0,6,1,1.0,0,1,,False
validation_006,validation,16,0,7,1,1.0,0,1,,False
validation_006,validation,16,0,8,1,1.0,0,1,,False
validation_006,validation,16,0,12,1,1.0,0,1,,False
validation_006,validation,16,1,4,2,1.5,1,1,,False
validation_006,validation,16,1,5,3,4.0,1,2,17.0,True
validation_006,validation,16,1,6,4,3.25,1,3,9.0,True
validation_006,validation,16,1,7,4,2.0,0,4,7.666666666666667,True
validation_006,validation,16,1,8,3,1.3333333333333333,0,3,5.5,True
validation_006,validation,16,1,9,1,1.0,0,1,,False
validation_006,validation,16,1,10,1,1.0,0,1,,False
validation_006,validation,16,1,11,1,1.0,0,1,,False
validation_006,validation,16,1,12,3,2.0,0,3,6.5,True
validation_006,validation,16,1,13,2,1.5,0,2,1.0,True
validation_006,validation,16,2,3,1,6.0,1,0,,False
validation_006,validation,16,2,4,1,6.0,1,0,,False
validation_006,validation,16,2,5,3,2.6666666666666665,1,2,2.0,True
validation_006,validation,16,2,6,2,4.5,1,1,,False
validation_006,validation,16,2,7,2,4.5,1,1,,False
validation_006,validation,16,2,8,3,1.6666666666666667,1,2,1.0,True
validation_006,validation,16,2,9,1,1.0,0,1,,False
validation_006,validation,16,2,10,1,3.0,0,1,,False
validation_006,validation,16,2,11,3,3.6666666666666665,0,3,1.0,True
validation_006,validation,16,2,12,1,15.0,0,1,,False
validation_006,validation,16,2,13,5,1.2,0,5,5.5,True
validation_006,validation,16,2,14,1,2.0,0,1,,False
validation_006,validation,16,2,15,1,2.0,0,1,,False
validation_006,validation,16,3,3,1,1.0,0,1,,False
validation_006,validation,16,3,6,1,1.0,0,1,,False
validation_006,validation,16,3,7,2,3.5,1,1,,False
validation_006,validation,16,3,8,1,6.0,0,1,,False
validation_006,validation,16,3,9,1,1.0,0,1,,False
validation_006,validation,16,3,10,3,1.0,0,3,4.0,True
validation_006,validation,16,3,11,3,2.6666666666666665,0,3,2.0,True
validation_006,validation,16,3,12,1,6.0,0,1,,False
validation_006,validation,16,3,13,2,3.5,0,2,23.0,True
validation_006,validation,16,3,14,2,2.5,0,2,2.0,True
validation_006,validation,16,3,15,1,2.0,0,1,,False
validation_006,validation,16,4,2,1,1.0,1,0,,False
validation_006,validation,16,4,3,4,2.25,3,1,,False
validation_006,validation,16,4,4,1,2.0,1,0,,False
validation_006,validation,16,4,5,1,2.0,0,1,,False
validation_006,validation,16,4,8,1,3.0,1,0,,False
validation_006,validation,16,4,10,3,3.3333333333333335,0,3,1.0,True
validation_006,validation,16,4,11,3,3.6666666666666665,0,3,1.0,True
validation_006,validation,16,4,12,3,2.6666666666666665,0,3,7.5,True
validation_006,validation,16,4,13,3,5.0,0,3,9.0,True
validation_006,validation,16,4,14,2,6.0,0,2,3.0,True
validation_006,validation,16,4,15,1,10.0,0,1,,False
validation_006,validation,16,5,1,1,1.0,0,1,,False
validation_006,validation,16,5,2,1,2.0,0,1,,False
validation_006,validation,16,5,3,2,3.5,1,1,,False
validation_006,validation,16,5,4,1,8.0,1,0,,False
validation_006,validation,16,5,5,2,4.5,1,1,,False
validation_006,validation,16,5,6,3,2.0,1,2,15.0,True
validation_006,validation,16,5,7,2,1.0,0,2,4.0,True
validation_006,validation,16,5,8,1,1.0,0,1,,False
validation_006,validation,16,5,9,1,1.0,0,1,,False
validation_006,validation,16,5,10,3,3.3333333333333335,0,3,2.0,True
validation_006,validation,16,5,11,5,1.4,0,5,3.25,True
validation_006,validation,16,5,12,4,1.75,0,4,5.333333333333333,True
validation_006,validation,16,5,13,4,3.25,0,4,6.666666666666667,True
validation_006,validation,16,5,14,3,3.3333333333333335,0,3,5.5,True
validation_006,validation,16,5,15,2,4.0,0,2,5.0,True
validation_006,validation,16,6,1,2,1.0,0,2,8.0,True
validation_006,validation,16,6,2,3,1.3333333333333333,1,2,8.0,True
validation_006,validation,16,6,3,3,2.0,2,1,,False
validation_006,validation,16,6,4,3,3.6666666666666665,2,1,,False
validation_006,validation,16,6,5,3,3.0,1,2,18.0,True
validation_006,validation,16,6,6,5,2.4,2,3,6.0,True
validation_006,validation,16,6,7,5,2.2,1,4,5.666666666666667,True
validation_006,validation,16,6,8,3,3.3333333333333335,1,2,3.0,True
validation_006,validation,16,6,9,1,1.0,0,1,,False
validation_006,validation,16,6,10,2,4.0,0,2,2.0,True
validation_006,validation,16,6,11,2,2.0,0,2,12.0,True
validation_006,validation,16,6,12,4,2.0,0,4,8.666666666666666,True
validation_006,validation,16,6,13,3,2.3333333333333335,1,2,18.0,True
validation_006,validation,16,6,14,4,2.0,1,3,9.5,True
validation_006,validation,16,6,15,2,2.0,0,2,20.0,True
validation_006,validation,16,7,0,4,1.5,0,4,8.333333333333334,True
validation_006,validation,16,7,1,4,3.0,0,4,8.333333333333334,True
validation_006,validation,16,7,2,4,2.5,0,4,8.666666666666666,True
validation_006,validation,16,7,3,5,2.4,1,4,11.0,True
validation_006,validation,16,7,4,5,4.2,2,3,12.5,True
validation_006,validation,16,7,5,6,4.666666666666667,1,5,4.5,True
validation_006,validation,16,7,6,5,6.6,1,4,4.333333333333333,True
validation_006,validation,16,7,7,4,7.25,1,3,5.0,True
validation_006,validation,16,7,8,7,3.0,2,5,6.0,True
validation_006,validation,16,7,9,4,2.5,1,3,12.0,True
validation_006,validation,16,7,10,4,2.75,1,3,11.5,True
validation_006,validation,16,7,11,5,2.4,1,4,6.666666666666667,True
validation_006,validation,16,7,12,5,2.6,1,4,5.333333333333333,True
validation_006,validation,16,7,13,3,3.6666666666666665,0,3,8.0,True
validation_006,validation,16,7,14,2,2.5,0,2,20.0,True
validation_006,validation,16,7,15,3,2.3333333333333335,1,2,21.0,True
validation_006,validation,16,8,0,3,3.6666666666666665,0,3,9.5,True
validation_006,validation,16,8,1,2,11.5,0,2,14.0,True
validation_006,validation,16,8,2,3,4.333333333333333,0,3,11.0,True
validation_006,validation,16,8,3,9,1.8888888888888888,2,7,4.666666666666667,True
validation_006,validation,16,8,4,6,4.0,1,5,6.0,True
validation_006,validation,16,8,5,6,4.166666666666667,1,5,5.5,True
validation_006,validation,16,8,6,7,3.2857142857142856,2,5,5.25,True
validation_006,validation,16,8,7,5,5.0,1,4,6.0,True
validation_006,validation,16,8,8,4,8.0,1,3,5.5,True
validation_006,validation,16,8,9,4,5.5,1,3,13.0,True
validation_006,validation,16,8,10,3,3.6666666666666665,0,3,11.0,True
validation_006,validation,16,8,11,5,2.4,0,5,5.25,True
validation_006,validation,16,8,12,5,3.8,0,5,3.75,True
validation_006,validation,16,8,13,5,3.0,0,5,4.75,True
validation_006,validation,16,8,14,2,4.5,0,2,20.0,True
validation_006,validation,16,8,15,3,2.3333333333333335,0,3,10.5,True
validation_006,validation,16,9,0,2,3.0,0,2,20.0,True
validation_006,validation,16,9,1,2,7.0,0,2,14.0,True
validation_006,validation,16,9,2,2,9.5,0,2,14.0,True
validation_006,validation,16,9,3,3,7.0,0,3,8.5,True
validation_006,validation,16,9,4,7,3.142857142857143,1,6,4.0,True
validation_006,validation,16,9,5,7,3.2857142857142856,1,6,4.4,True
validation_006,validation,16,9,6,4,5.5,1,3,12.5,True
validation_006,validation,16,9,7,4,4.75,2,2,20.0,True
validation_006,validation,16,9,8,3,7.0,2,1,,False
validation_006,validation,16,9,9,3,6.333333333333333,2,1,,False
validation_006,validation,16,9,10,2,2.5,0,2,3.0,True
validation_006,validation,16,9,11,1,9.0,0,1,,False
validation_006,validation,16,9,12,3,3.0,0,3,9.0,True
validation_006,validation,16,9,13,3,1.3333333333333333,0,3,12.5,True
validation_006,validation,16,9,14,2,1.0,0,2,27.0,True
validation_006,validation,16,10,0,1,1.0,0,1,,False
validation_006,validation,16,10,1,1,2.0,0,1,,False
validation_006,validation,16,10,2,1,5.0,0,1,,False
validation_006,validation,16,10,3,4,3.25,0,4,5.666666666666667,True
validation_006,validation,16,10,4,4,3.25,1,3,6.0,True
validation_006,validation,16,10,5,6,2.8333333333333335,1,5,6.0,True
validation_006,validation,16,10,6,2,5.0,1,1,,False
validation_006,validation,16,10,7,2,6.0,1,1,,False
validation_006,validation,16,10,8,2,6.0,1,1,,False
validation_006,validation,16,10,9,3,3.0,1,2,4.0,True
validation_006,validation,16,10,10,3,2.0,1,2,4.0,True
validation_006,validation,16,11,1,1,1.0,0,1,,False
validation_006,validation,16,11,2,1,3.0,0,1,,False
validation_006,validation,16,11,3,3,1.3333333333333333,0,3,7.0,True
validation_006,validation,16,11,4,2,1.0,1,1,,False
validation_006,validation,16,11,5,3,1.3333333333333333,1,2,12.0,True
validation_006,validation,16,11,6,3,1.3333333333333333,0,3,2.0,True
validation_006,validation,16,11,7,2,2.5,2,0,,False
validation_006,validation,16,12,5,1,2.0,0,1,,False
validation_006,validation,16,12,6,2,1.0,0,2,25.0,True
validation_007,validation,16,0,4,3,2.0,2,1,,False
validation_007,validation,16,0,5,2,7.0,2,0,,False
validation_007,validation,16,0,6,4,1.25,3,1,,False
validation_007,validation,16,0,7,2,2.5,1,1,,False
validation_007,validation,16,1,5,1,1.0,0,1,,False
validation_007,validation,16,1,6,1,4.0,1,0,,False
validation_007,validation,16,1,7,1,3.0,0,1,,False
validation_007,validation,16,1,8,1,2.0,1,0,,False
validation_007,validation,16,2,1,1,1.0,1,0,,False
validation_007,validation,16,2,2,1,2.0,1,0,,False
validation_007,validation,16,2,5,1,1.0,0,1,,False
validation_007,validation,16,2,6,1,4.0,0,1,,False
validation_007,validation,16,2,7,1,4.0,0,1,,False
validation_007,validation,16,2,8,1,12.0,1,0,,False
validation_007,validation,16,2,9,1,5.0,1,0,,False
validation_007,validation,16,2,13,1,2.0,0,1,,False
validation_007,validation,16,3,1,3,1.0,1,2,17.0,True
validation_007,validation,16,3,2,1,3.0,0,1,,False
validation_007,validation,16,3,3,1,2.0,0,1,,False
validation_007,validation,16,3,4,1,2.0,0,1,,False
validation_007,validation,16,3,5,1,2.0,0,1,,False
validation_007,validation,16,3,6,1,2.0,0,1,,False
validation_007,validation,16,3,7,1,2.0,0,1,,False
validation_007,validation,16,3,10,1,1.0,0,1,,False
validation_007,validation,16,4,1,1,8.0,1,0,,False
validation_007,validation,16,4,2,2,4.5,1,1,,False
validation_007,validation,16,4,3,1,1.0,0,1,,False
validation_007,validation,16,4,4,1,2.0,0,1,,False
validation_007,validation,16,4,5,2,1.0,0,2,1.0,True
validation_007,validation,16,4,6,3,1.0,1,2,1.0,True
validation_007,validation,16,4,8,1,1.0,0,1,,False
validation_007,validation,16,4,10,1,2.0,0,1,,False
validation_007,validation,16,4,15,1,1.0,0,1,,False
validation_007,validation,16,5,0,1,2.0,0,1,,False
validation_007,validation,16,5,1,4,2.25,1,3,11.5,True
validation_007,validation,16,5,2,4,3.0,1,3,9.5,True
validation_007,validation,16,5,3,2,3.5,1,1,,False
validation_007,validation,16,5,4,2,3.5,1,1,,False
validation_007,validation,16,5,5,1,8.0,1,0,,False
validation_007,validation,16,5,6,2,4.0,1,1,,False
validation_007,validation,16,5,7,1,2.0,0,1,,False
validation_007,validation,16,5,8,2,1.5,0,2,2.0,True
validation_007,validation,16,5,9,1,4.0,0,1,,False
validation_007,validation,16,5,10,1,2.0,0,1,,False
validation_007,validation,16,5,11,2,1.0,0,2,20.0,True
validation_007,validation,16,5,12,2,2.0,0,2,21.0,True
validation_007,validation,16,5,13,1,4.0,0,1,,False
validation_007,validation,16,5,14,2,1.5,0,2,2.0,True
validation_007,validation,16,5,15,1,6.0,0,1,,False
validation_007,validation,16,6,0,2,3.5,1,1,,False
validation_007,validation,16,6,1,2,6.0,1,1,,False
validation_007,validation,16,6,2,2,6.0,1,1,,False
validation_007,validation,16,6,3,2,5.5,1,1,,False
validation_007,validation,16,6,4,2,3.5,1,1,,False
validation_007,validation,16,6,5,2,6.5,2,0,,False
validation_007,validation,16,6,6,2,6.0,1,1,,False
validation_007,validation,16,6,7,2,3.0,1,1,,False
validation_007,validation,16,6,8,5,2.4,4,1,,False
validation_007,validation,16,6,9,6,2.1666666666666665,4,2,16.0,True
validation_007,validation,16,6,10,3,2.6666666666666665,1,2,16.0,True
validation_007,validation,16,6,11,3,2.6666666666666665,1,2,17.0,True
validation_007,validation,16,6,12,2,2.5,1,1,,False
validation_007,validation,16,6,13,2,1.5,1,1,,False
validation_007,validation,16,6,14,1,6.0,0,1,,False
validation_007,validation,16,6,15,1,5.0,0,1,,False
validation_007,validation,16,7,0,1,3.0,0,1,,False
validation_007,validation,16,7,1,2,3.0,1,1,,False
validation_007,validation,16,7,2,4,2.75,2,2,23.0,True
validation_007,validation,16,7,3,4,4.75,2,2,24.0,True
validation_007,validation,16,7,4,4,6.25,1,3,9.5,True
validation_007,validation,16,7,5,3,8.0,1,2,19.0,True
validation_007,validation,16,7,6,3,7.666666666666667,1,2,19.0,True
validation_007,validation,16,7,7,3,8.333333333333334,1,2,19.0,True
validation_007,validation,16,7,8,2,7.0,1,1,,False
validation_007,validation,16,7,9,3,4.333333333333333,2,1,,False
validation_007,validation,16,7,10,3,4.0,2,1,,False
validation_007,validation,16,7,11,2,4.0,1,1,,False
validation_007,validation,16,7,12,1,3.0,1,0,,False
validation_007,validation,16,7,13,1,2.0,1,0,,False
validation_007,validation,16,7,14,1,1.0,1,0,,False
validation_007,validation,16,8,0,1,4.0,0,1,,False
validation_007,validation,16,8,1,4,3.25,2,2,17.0,True
validation_007,validation,16,8,2,4,5.0,3,1,,False
validation_007,validation,16,8,3,4,6.25,3,1,,False
validation_007,validation,16,8,4,3,8.333333333333334,2,1,,False
validation_007,validation,16,8,5,4,4.75,2,2,19.0,True
validation_007,validation,16,8,6,4,5.75,2,2,18.0,True
validation_007,validation,16,8,7,3,7.666666666666667,1,2,20.0,True
validation_007,validation,16,8,8,4,5.25,2,2,20.0,True
validation_007,validation,16,8,9,3,4.333333333333333,2,1,,False
validation_007,validation,16,8,10,2,5.5,1,1,,False
validation_007,validation,16,8,11,4,2.75,3,1,,False
validation_007,validation,16,8,12,1,1.0,1,0,,False
validation_007,validation,16,8,15,2,1.0,2,0,,False
validation_007,validation,16,9,1,1,8.0,1,0,,False
validation_007,validation,16,9,2,1,12.0,1,0,,False
validation_007,validation,16,9,3,3,5.0,2,1,,False
validation_007,validation,16,9,4,3,4.666666666666667,1,2,19.0,True
validation_007,validation,16,9,5,6,2.8333333333333335,4,2,21.0,True
validation_007,validation,16,9,6,2,10.0,2,0,,False
validation_007,validation,16,9,7,4,5.0,2,2,20.0,True
validation_007,validation,16,9,8,5,3.4,4,1,,False
validation_007,validation,16,9,9,4,2.75,1,3,11.0,True
validation_007,validation,16,9,10,3,1.0,1,2,3.0,True
validation_007,validation,16,9,11,1,1.0,1,0,,False
validation_007,validation,16,9,14,1,1.0,1,0,,False
validation_007,validation,16,9,15,1,2.0,1,0,,False
validation_007,validation,16,10,1,1,4.0,1,0,,False
validation_007,validation,16,10,2,2,3.5,1,1,,False
validation_007,validation,16,10,3,2,2.5,1,1,,False
validation_007,validation,16,10,4,1,4.0,0,1,,False
validation_007,validation,16,10,5,1,9.0,1,0,,False
validation_007,validation,16,10,6,1,12.0,1,0,,False
validation_007,validation,16,10,7,1,13.0,1,0,,False
validation_007,validation,16,10,8,2,2.5,1,1,,False
validation_007,validation,16,10,14,1,2.0,1,0,,False
validation_007,validation,16,10,15,2,1.5,1,1,,False
validation_007,validation,16,11,1,1,3.0,0,1,,False
validation_007,validation,16,11,2,1,2.0,0,1,,False
validation_007,validation,16,11,3,1,3.0,0,1,,False
validation_007,validation,16,11,4,2,2.5,1,1,,False
validation_007,validation,16,11,5,1,1.0,0,1,,False
validation_007,validation,16,11,6,1,10.0,1,0,,False
validation_007,validation,16,11,7,1,6.0,0,1,,False
validation_007,validation,16,12,4,1,3.0,0,1,,False
validation_007,validation,16,12,5,1,1.0,0,1,,False
validation_008,validation,16,1,5,2,2.0,1,1,,False
validation_008,validation,16,1,6,1,1.0,1,0,,False
validation_008,validation,16,1,7,2,1.0,1,1,,False
validation_008,validation,16,1,8,1,1.0,1,0,,False
validation_008,validation,16,1,9,1,1.0,1,0,,False
validation_008,validation,16,1,10,1,1.0,1,0,,False
validation_008,validation,16,2,1,1,1.0,0,1,,False
validation_008,validation,16,2,2,1,4.0,0,1,,False
validation_008,validation,16,2,3,1,9.0,0,1,,False
validation_008,validation,16,2,4,2,5.0,0,2,7.0,True
validation_008,validation,16,2,5,5,2.8,1,4,3.0,True
validation_008,validation,16,2,6,7,3.0,1,6,1.8,True
validation_008,validation,16,2,7,3,6.0,1,2,10.0,True
validation_008,validation,16,2,8,4,3.75,1,3,28.0,True
validation_008,validation,16,2,9,1,2.0,1,0,,False
validation_008,validation,16,2,10,1,4.0,1,0,,False
validation_008,validation,16,2,11,1,1.0,1,0,,False
validation_008,validation,16,3,1,2,4.0,0,2,1.0,True
validation_008,validation,16,3,2,1,11.0,0,1,,False
validation_008,validation,16,3,3,3,4.666666666666667,1,2,39.0,True
validation_008,validation,16,3,4,5,3.6,2,3,19.5,True
validation_008,validation,16,3,5,7,4.857142857142857,2,5,9.25,True
validation_008,validation,16,3,6,6,6.5,2,4,12.0,True
validation_008,validation,16,3,7,4,9.25,1,3,1.5,True
validation_008,validation,16,3,8,5,6.6,1,4,12.666666666666666,True
validation_008,validation,16,3,9,4,6.0,1,3,24.5,True
validation_008,validation,16,3,10,6,2.0,1,5,11.0,True
validation_008,validation,16,3,11,3,2.0,1,2,3.0,True
validation_008,validation,16,3,12,1,1.0,1,0,,False
validation_008,validation,16,3,13,2,1.5,2,0,,False
validation_008,validation,16,4,0,1,1.0,0,1,,False
validation_008,validation,16,4,1,4,1.5,2,2,48.0,True
validation_008,validation,16,4,2,6,2.5,3,3,23.5,True
validation_008,validation,16,4,3,6,3.8333333333333335,4,2,41.0,True
validation_008,validation,16,4,4,9,3.5555555555555554,3,6,8.0,True
validation_008,validation,16,4,5,5,8.4,2,3,17.0,True
validation_008,validation,16,4,6,6,6.833333333333333,2,4,10.666666666666666,True
validation_008,validation,16,4,7,6,7.0,2,4,11.666666666666666,True
validation_008,validation,16,4,8,7,5.285714285714286,3,4,2.6666666666666665,True
validation_008,validation,16,4,9,6,6.5,2,4,11.333333333333334,True
validation_008,validation,16,4,10,7,4.142857142857143,1,6,8.4,True
validation_008,validation,16,4,11,5,3.6,2,3,14.0,True
validation_008,validation,16,4,12,3,6.666666666666667,2,1,,False
validation_008,validation,16,4,13,4,3.0,4,0,,False
validation_008,validation,16,5,0,3,1.3333333333333333,0,3,22.5,True
validation_008,validation,16,5,1,7,2.0,4,3,18.5,True
validation_008,validation,16,5,2,4,4.75,1,3,14.0,True
validation_008,validation,16,5,3,7,4.142857142857143,2,5,11.25,True
validation_008,validation,16,5,4,6,4.833333333333333,3,3,21.5,True
validation_008,validation,16,5,5,9,3.6666666666666665,3,6,7.4,True
validation_008,validation,16,5,6,8,5.375,4,4,11.666666666666666,True
validation_008,validation,16,5,7,4,14.5,2,2,44.0,True
validation_008,validation,16,5,8,4,14.0,2,2,45.0,True
validation_008,validation,16,5,9,3,18.0,2,1,,False
validation_008,validation,16,5,10,5,8.2,2,3,4.0,True
validation_008,validation,16,5,11,6,5.0,1,5,4.75,True
validation_008,validation,16,5,12,5,3.6,2,3,21.5,True
validation_008,validation,16,5,13,4,2.75,3,1,,False
validation_008,validation,16,5,14,1,2.0,0,1,,False
validation_008,validation,16,5,15,1,4.0,0,1,,False
validation_008,validation,16,6,0,2,1.5,0,2,1.0,True
validation_008,validation,16,6,1,6,1.5,1,5,11.5,True
validation_008,validation,16,6,2,7,2.2857142857142856,3,4,13.0,True
validation_008,validation,16,6,3,5,5.0,2,3,17.5,True
validation_008,validation,16,6,4,6,5.666666666666667,1,5,11.5,True
validation_008,validation,16,6,5,6,6.666666666666667,2,4,18.0,True
validation_008,validation,16,6,6,6,6.5,3,3,23.0,True
validation_008,validation,16,6,7,5,10.2,2,3,22.0,True
validation_008,validation,16,6,8,5,10.8,3,2,42.0,True
validation_008,validation,16,6,9,4,12.25,2,2,3.0,True
validation_008,validation,16,6,10,8,6.125,4,4,9.333333333333334,True
validation_008,validation,16,6,11,5,6.2,3,2,11.0,True
validation_008,validation,16,6,12,7,1.2857142857142858,6,1,,False
validation_008,validation,16,6,13,3,1.0,3,0,,False
validation_008,validation,16,6,14,1,3.0,0,1,,False
validation_008,validation,16,6,15,1,5.0,0,1,,False
validation_008,validation,16,7,1,5,1.8,4,1,,False
validation_008,validation,16,7,2,6,3.8333333333333335,3,3,1.0,True
validation_008,validation,16,7,3,7,3.142857142857143,5,2,2.0,True
validation_008,validation,16,7,4,9,2.6666666666666665,5,4,1.0,True
validation_008,validation,16,7,5,5,4.8,2,3,13.5,True
validation_008,validation,16,7,6,3,9.0,3,0,,False
validation_008,validation,16,7,7,5,7.4,3,2,47.0,True
validation_008,validation,16,7,8,4,9.0,2,2,47.0,True
validation_008,validation,16,7,9,4,9.5,2,2,3.0,True
validation_008,validation,16,7,10,6,4.666666666666667,2,4,3.3333333333333335,True
validation_008,validation,16,7,11,3,4.333333333333333,1,2,27.0,True
validation_008,validation,16,7,12,6,1.3333333333333333,5,1,,False
validation_008,validation,16,7,13,2,1.0,2,0,,False
validation_008,validation,16,7,14,2,1.0,0,2,1.0,True
validation_008,validation,16,7,15,1,3.0,0,1,,False
validation_008,validation,16,8,1,2,1.0,2,0,,False
validation_008,validation,16,8,2,5,2.6,5,0,,False
validation_008,validation,16,8,3,2,4.5,1,1,,False
validation_008,validation,16,8,4,2,1.5,2,0,,False
validation_008,validation,16,8,5,3,1.3333333333333333,2,1,,False
validation_008,validation,16,8,6,2,1.5,1,1,,False
validation_008,validation,16,8,7,2,1.0,0,2,13.0,True
validation_008,validation,16,8,8,5,2.0,2,3,9.5,True
validation_008,validation,16,8,9,4,4.25,1,3,22.5,True
validation_008,validation,16,8,10,5,4.0,3,2,46.0,True
validation_008,validation,16,8,11,3,2.3333333333333335,2,1,,False
validation_008,validation,16,8,12,2,1.5,2,0,,False
validation_008,validation,16,8,13,2,1.0,2,0,,False
validation_008,validation,16,8,15,1,1.0,0,1,,False
validation_008,validation,16,9,2,1,2.0,1,0,,False
validation_008,validation,16,9,3,1,2.0,0,1,,False
validation_008,validation,16,9,7,1,1.0,0,1,,False
validation_008,validation,16,9,8,2,1.5,1,1,,False
validation_008,validation,16,9,9,2,1.0,1,1,,False
validation_008,validation,16,9,10,1,6.0,1,0,,False
validation_008,validation,16,9,11,1,4.0,1,0,,False
validation_008,validation,16,9,12,1,1.0,1,0,,False
validation_008,validation,16,9,13,1,1.0,1,0,,False
validation_008,validation,16,10,8,1,1.0,1,0,,False
validation_008,validation,16,10,12,1,1.0,1,0,,False
validation_009,validation,16,1,3,1,1.0,0,1,,False
validation_009,validation,16,1,7,1,1.0,0,1,,False
validation_009,validation,16,1,8,2,2.5,0,2,50.0,True
validation_009,validation,16,1,9,2,2.0,0,2,49.0,True
validation_009,validation,16,1,10,2,1.0,0,2,3.0,True
validation_009,validation,16,2,3,1,2.0,0,1,,False
validation_009,validation,16,2,4,3,3.3333333333333335,0,3,8.5,True
validation_009,validation,16,2,5,4,3.25,0,4,4.333333333333333,True
validation_009,validation,16,2,6,2,8.5,0,2,5.0,True
validation_009,validation,16,2,7,2,8.5,0,2,4.0,True
validation_009,validation,16,2,8,3,6.333333333333333,0,3,20.0,True
validation_009,validation,16,2,9,2,7.5,0,2,40.0,True
validation_009,validation,16,2,10,2,3.5,0,2,1.0,True
validation_009,validation,16,2,11,1,5.0,0,1,,False
validation_009,validation,16,2,12,1,8.0,0,1,,False
validation_009,validation,16,2,13,2,3.5,0,2,50.0,True
validation_009,validation,16,3,3,2,4.0,0,2,18.0,True
validation_009,validation,16,3,4,3,5.333333333333333,0,3,6.0,True
validation_009,validation,16,3,5,3,7.0,0,3,3.0,True
validation_009,validation,16,3,6,1,14.0,0,1,,False
validation_009,validation,16,3,7,3,5.666666666666667,0,3,1.0,True
validation_009,validation,16,3,8,2,11.0,0,2,1.0,True
validation_009,validation,16,3,9,2,9.0,0,2,3.0,True
validation_009,validation,16,3,10,2,7.0,0,2,1.0,True
validation_009,validation,16,3,11,2,6.0,0,2,2.0,True
validation_009,validation,16,3,12,1,14.0,0,1,,False
validation_009,validation,16,3,13,1,14.0,0,1,,False
validation_009,validation,16,3,14,2,2.5,0,2,2.0,True
validation_009,validation,16,4,2,1,2.0,1,0,,False
validation_009,validation,16,4,3,4,3.75,1,3,3.0,True
validation_009,validation,16,4,4,7,4.142857142857143,1,6,6.2,True
validation_009,validation,16,4,5,6,4.0,1,5,6.25,True
validation_009,validation,16,4,6,4,4.0,1,3,15.5,True
validation_009,validation,16,4,7,3,4.666666666666667,1,2,32.0,True
validation_009,validation,16,4,8,3,4.666666666666667,0,3,15.0,True
validation_009,validation,16,4,9,2,7.5,0,2,34.0,True
validation_009,validation,16,4,10,6,3.0,2,4,11.0,True
validation_009,validation,16,4,11,6,3.1666666666666665,2,4,11.333333333333334,True
validation_009,validation,16,4,12,2,8.5,0,2,34.0,True
validation_009,validation,16,4,13,3,5.333333333333333,0,3,2.0,True
validation_009,validation,16,4,14,3,5.666666666666667,0,3,19.5,True
validation_009,validation,16,4,15,2,1.0,0,2,47.0,True
validation_009,validation,16,5,2,1,1.0,1,0,,False
validation_009,validation,16,5,3,6,2.6666666666666665,2,4,10.666666666666666,True
validation_009,validation,16,5,4,4,6.75,1,3,12.0,True
validation_009,validation,16,5,5,9,3.111111111111111,3,6,4.6,True
validation_009,validation,16,5,6,5,3.6,1,4,9.0,True
validation_009,validation,16,5,7,4,2.0,1,3,13.5,True
validation_009,validation,16,5,8,4,3.25,1,3,2.0,True
validation_009,validation,16,5,9,7,3.142857142857143,2,5,2.0,True
validation_009,validation,16,5,10,7,4.571428571428571,3,4,2.3333333333333335,True
validation_009,validation,16,5,11,4,10.5,1,3,1.5,True
validation_009,validation,16,5,12,6,5.833333333333333,3,3,12.0,True
validation_009,validation,16,5,13,5,5.8,1,4,2.6666666666666665,True
validation_009,validation,16,5,14,3,5.666666666666667,1,2,2.0,True
validation_009,validation,16,5,15,2,5.0,0,2,42.0,True
validation_009,validation,16,6,1,1,1.0,1,0,,False
validation_009,validation,16,6,2,3,4.0,1,2,1.0,True
validation_009,validation,16,6,3,4,4.25,1,3,16.0,True
validation_009,validation,16,6,4,5,4.8,1,4,9.333333333333334,True
validation_009,validation,16,6,5,6,4.5,1,5,7.0,True
validation_009,validation,16,6,6,6,4.333333333333333,2,4,10.0,True
validation_009,validation,16,6,7,4,7.25,1,3,13.0,True
validation_009,validation,16,6,8,2,18.0,1,1,,False
validation_009,validation,16,6,9,3,13.0,1,2,2.0,True
validation_009,validation,16,6,10,3,13.666666666666666,1,2,2.0,True
validation_009,validation,16,6,11,3,13.333333333333334,1,2,3.0,True
validation_009,validation,16,6,12,6,7.0,1,5,6.5,True
validation_009,validation,16,6,13,4,9.25,1,3,3.5,True
validation_009,validation,16,6,14,1,18.0,1,0,,False
validation_009,validation,16,6,15,2,4.5,1,1,,False
validation_009,validation,16,7,1,1,1.0,1,0,,False
validation_009,validation,16,7,2,2,3.5,2,0,,False
validation_009,validation,16,7,3,2,3.5,1,1,,False
validation_009,validation,16,7,4,4,1.75,0,4,9.333333333333334,True
validation_009,validation,16,7,5,5,1.8,1,4,9.666666666666666,True
validation_009,validation,16,7,6,3,6.333333333333333,1,2,32.0,True
validation_009,validation,16,7,7,5,5.0,1,4,11.0,True
validation_009,validation,16,7,8,3,12.0,1,2,34.0,True
validation_009,validation,16,7,9,2,19.0,1,1,,False
validation_009,validation,16,7,10,3,12.666666666666666,1,2,36.0,True
validation_009,validation,16,7,11,2,18.5,1,1,,False
validation_009,validation,16,7,12,4,11.25,1,3,3.0,True
validation_009,validation,16,7,13,7,4.428571428571429,2,5,8.0,True
validation_009,validation,16,7,14,4,2.25,2,2,29.0,True
validation_009,validation,16,7,15,2,2.0,1,1,,False
validation_009,validation,16,8,1,1,1.0,0,1,,False
validation_009,validation,16,8,2,2,1.5,1,1,,False
validation_009,validation,16,8,3,2,3.0,1,1,,False
validation_009,validation,16,8,4,3,1.6666666666666667,1,2,25.0,True
validation_009,validation,16,8,5,2,1.5,0,2,30.0,True
validation_009,validation,16,8,6,3,6.0,1,2,19.0,True
validation_009,validation,16,8,7,4,6.25,1,3,3.0,True
validation_009,validation,16,8,8,2,12.0,1,1,,False
validation_009,validation,16,8,9,2,9.0,1,1,,False
validation_009,validation,16,8,10,3,6.0,1,2,16.0,True
validation_009,validation,16,8,11,3,6.0,1,2,19.0,True
validation_009,validation,16,8,12,6,4.833333333333333,2,4,9.666666666666666,True
validation_009,validation,16,8,13,5,3.2,2,3,18.5,True
validation_009,validation,16,8,14,2,1.0,1,1,,False
validation_009,validation,16,9,2,2,1.0,1,1,,False
validation_009,validation,16,9,3,3,2.3333333333333335,2,1,,False
validation_009,validation,16,9,4,2,3.5,1,1,,False
validation_009,validation,16,9,6,4,2.75,2,2,6.0,True
validation_009,validation,16,9,7,3,2.6666666666666665,2,1,,False
validation_009,validation,16,9,8,1,7.0,1,0,,False
validation_009,validation,16,9,9,2,4.5,1,1,,False
validation_009,validation,16,9,10,5,1.8,1,4,9.333333333333334,True
validation_009,validation,16,9,12,1,2.0,0,1,,False
validation_009,validation,16,9,13,1,2.0,0,1,,False
validation_009,validation,16,9,14,1,1.0,0,1,,False
validation_009,validation,16,10,2,1,1.0,0,1,,False
validation_009,validation,16,10,3,2,1.5,1,1,,False
validation_009,validation,16,10,4,2,3.0,1,1,,False
validation_009,validation,16,10,5,1,4.0,1,0,,False
validation_009,validation,16,10,6,1,2.0,0,1,,False
validation_009,validation,16,10,7,2,2.5,0,2,3.0,True
validation_009,validation,16,10,8,3,3.0,1,2,3.0,True
validation_009,validation,16,10,12,1,1.0,0,1,,False
validation_009,validation,16,11,2,1,1.0,0,1,,False
validation_009,validation,16,11,3,2,1.0,1,1,,False
validation_009,validation,16,11,4,3,1.6666666666666667,2,1,,False
validation_009,validation,16,11,5,2,2.5,1,1,,False
validation_009,validation,16,11,7,1,1.0,0,1,,False
validation_009,validation,16,11,8,1,1.0,1,0,,False
validation_009,validation,16,11,9,1,1.0,1,0,,False
validation_009,validation,16,12,3,1,1.0,1,0,,False
validation_009,validation,16,12,4,2,1.0,1,1,,False
validation_009,validation,16,12,5,1,2.0,0,1,,False
validation_009,validation,16,12,7,1,1.0,0,1,,False
validation_009,validation,16,13,3,1,1.0,0,1,,False
validation_009,validation,16,13,4,4,1.0,1,3,2.0,True
validation_009,validation,16,13,5,1,1.0,1,0,,False
validation_010,validation,16,0,5,2,4.0,1,1,,False
validation_010,validation,16,0,6,1,13.0,1,0,,False
validation_010,validation,16,0,7,3,8.666666666666666,3,0,,False
validation_010,validation,16,0,8,4,8.75,2,2,25.0,True
validation_010,validation,16,0,9,5,4.6,1,4,1.6666666666666667,True
validation_010,validation,16,0,12,1,4.0,0,1,,False
validation_010,validation,16,1,6,2,1.0,0,2,1.0,True
validation_010,validation,16,1,7,2,10.0,0,2,3.0,True
validation_010,validation,16,1,8,1,16.0,0,1,,False
validation_010,validation,16,1,9,4,4.5,3,1,,False
validation_010,validation,16,1,10,1,11.0,0,1,,False
validation_010,validation,16,1,11,1,4.0,0,1,,False
validation_010,validation,16,1,12,1,6.0,0,1,,False
validation_010,validation,16,1,13,1,3.0,0,1,,False
validation_010,validation,16,2,2,1,6.0,1,0,,False
validation_010,validation,16,2,3,1,8.0,1,0,,False
validation_010,validation,16,2,4,1,1.0,0,1,,False
validation_010,validation,16,2,6,1,9.0,0,1,,False
validation_010,validation,16,2,7,2,9.0,0,2,2.0,True
validation_010,validation,16,2,8,1,20.0,0,1,,False
validation_010,validation,16,2,9,2,7.0,0,2,3.0,True
validation_010,validation,16,2,10,2,6.5,0,2,1.0,True
validation_010,validation,16,2,11,1,8.0,0,1,,False
validation_010,validation,16,3,5,1,8.0,0,1,,False
validation_010,validation,16,3,6,2,7.0,0,2,2.0,True
validation_010,validation,16,3,7,2,7.0,0,2,9.0,True
validation_010,validation,16,3,8,2,2.0,2,0,,False
validation_010,validation,16,3,9,2,2.0,1,1,,False
validation_010,validation,16,3,10,1,3.0,0,1,,False
validation_010,validation,16,3,11,1,2.0,1,0,,False
validation_010,validation,16,4,2,1,2.0,0,1,,False
validation_010,validation,16,4,3,3,5.0,1,2,2.0,True
validation_010,validation,16,4,4,1,9.0,0,1,,False
validation_010,validation,16,4,5,4,4.5,1,3,3.5,True
validation_010,validation,16,4,6,3,3.3333333333333335,0,3,5.5,True
validation_010,validation,16,4,7,1,10.0,0,1,,False
validation_010,validation,16,4,8,1,1.0,0,1,,False
validation_010,validation,16,4,9,2,1.5,0,2,25.0,True
validation_010,validation,16,4,10,2,3.0,0,2,2.0,True
validation_010,validation,16,4,11,3,5.0,2,1,,False
validation_010,validation,16,4,12,2,4.0,1,1,,False
validation_010,validation,16,5,1,2,2.5,0,2,4.0,True
validation_010,validation,16,5,2,4,4.0,0,4,8.666666666666666,True
validation_010,validation,16,5,3,1,17.0,0,1,,False
validation_010,validation,16,5,4,2,9.5,0,2,1.0,True
validation_010,validation,16,5,5,4,4.75,0,4,9.0,True
validation_010,validation,16,5,6,7,1.8571428571428572,1,6,2.4,True
validation_010,validation,16,5,7,6,2.8333333333333335,2,4,3.0,True
validation_010,validation,16,5,8,2,2.5,1,1,,False
validation_010,validation,16,5,9,5,3.2,3,2,1.0,True
validation_010,validation,16,5,10,3,8.0,1,2,22.0,True
validation_010,validation,16,5,11,8,2.375,5,3,15.5,True
validation_010,validation,16,5,12,4,2.75,1,3,17.0,True
validation_010,validation,16,5,13,2,2.5,0,2,15.0,True
validation_010,validation,16,5,14,2,2.0,0,2,1.0,True
validation_010,validation,16,6,0,1,4.0,0,1,,False
validation_010,validation,16,6,1,4,2.75,0,4,2.3333333333333335,True
validation_010,validation,16,6,2,2,5.5,0,2,4.0,True
validation_010,validation,16,6,3,3,2.3333333333333335,0,3,3.0,True
validation_010,validation,16,6,4,2,5.0,0,2,29.0,True
validation_010,validation,16,6,5,6,4.333333333333333,2,4,7.0,True
validation_010,validation,16,6,6,5,6.8,2,3,20.0,True
validation_010,validation,16,6,7,4,8.25,2,2,20.0,True
validation_010,validation,16,6,8,3,10.666666666666666,1,2,1.0,True
validation_010,validation,16,6,9,4,7.5,3,1,,False
validation_010,validation,16,6,10,2,16.5,1,1,,False
validation_010,validation,16,6,11,8,3.0,5,3,5.5,True
validation_010,validation,16,6,12,5,3.8,2,3,10.0,True
validation_010,validation,16,6,13,6,3.3333333333333335,0,6,4.8,True
validation_010,validation,16,6,14,1,9.0,0,1,,False
validation_010,validation,16,7,1,1,8.0,0,1,,False
validation_010,validation,16,7,2,4,3.5,0,4,1.0,True
validation_010,validation,16,7,3,4,3.25,0,4,2.0,True
validation_010,validation,16,7,4,4,3.75,1,3,13.0,True
validation_010,validation,16,7,5,3,10.0,2,1,,False
validation_010,validation,16,7,6,7,4.0,3,4,10.333333333333334,True
validation_010,validation,16,7,7,5,4.6,1,4,7.666666666666667,True
validation_010,validation,16,7,8,5,5.2,3,2,23.0,True
validation_010,validation,16,7,9,5,2.8,3,2,1.0,True
validation_010,validation,16,7,10,3,8.333333333333334,2,1,,False
validation_010,validation,16,7,11,2,14.0,1,1,,False
validation_010,validation,16,7,12,5,4.6,3,2,19.0,True
validation_010,validation,16,7,13,10,1.9,4,6,6.6,True
validation_010,validation,16,7,14,2,1.5,0,2,16.0,True
validation_010,validation,16,8,1,2,1.5,0,2,2.0,True
validation_010,validation,16,8,2,2,1.5,0,2,2.0,True
validation_010,validation,16,8,3,2,4.0,0,2,1.0,True
validation_010,validation,16,8,4,6,2.1666666666666665,1,5,9.0,True
validation_010,validation,16,8,5,7,3.4285714285714284,4,3,16.0,True
validation_010,validation,16,8,6,5,5.0,2,3,17.0,True
validation_010,validation,16,8,7,6,4.166666666666667,1,5,7.75,True
validation_010,validation,16,8,8,5,5.6,2,3,10.0,True
validation_010,validation,16,8,9,4,4.5,2,2,16.0,True
validation_010,validation,16,8,10,4,6.5,4,0,,False
validation_010,validation,16,8,11,1,29.0,1,0,,False
validation_010,validation,16,8,12,2,9.0,2,0,,False
validation_010,validation,16,8,13,6,3.3333333333333335,2,4,12.0,True
validation_010,validation,16,8,14,3,4.333333333333333,1,2,2.0,True
validation_010,validation,16,8,15,1,1.0,1,0,,False
validation_010,validation,16,9,2,1,1.0,0,1,,False
validation_010,validation,16,9,3,1,1.0,0,1,,False
validation_010,validation,16,9,4,3,2.3333333333333335,1,2,3.0,True
validation_010,validation,16,9,5,4,2.5,2,2,42.0,True
validation_010,validation,16,9,6,2,6.5,2,0,,False
validation_010,validation,16,9,7,2,9.5,2,0,,False
validation_010,validation,16,9,8,4,3.75,3,1,,False
validation_010,validation,16,9,9,2,7.0,2,0,,False
validation_010,validation,16,9,10,2,8.0,1,1,,False
validation_010,validation,16,9,11,2,7.0,1,1,,False
validation_010,validation,16,9,12,2,7.0,2,0,,False
validation_010,validation,16,9,13,3,5.333333333333333,2,1,,False
validation_010,validation,16,9,14,1,10.0,1,0,,False
validation_010,validation,16,9,15,1,1.0,1,0,,False
validation_010,validation,16,10,6,2,1.5,2,0,,False
validation_010,validation,16,10,7,3,2.3333333333333335,1,2,2.0,True
validation_010,validation,16,10,9,2,1.5,1,1,,False
validation_010,validation,16,10,10,2,4.5,2,0,,False
validation_010,validation,16,10,11,2,5.0,1,1,,False
validation_010,validation,16,10,12,3,2.6666666666666665,1,2,3.0,True
validation_010,validation,16,10,13,1,3.0,1,0,,False
validation_010,validation,16,10,14,1,1.0,0,1,,False
validation_010,validation,16,11,9,1,3.0,0,1,,False
validation_010,validation,16,11,10,2,1.5,1,1,,False
validation_010,validation,16,11,12,2,4.0,1,1,,False
validation_010,validation,16,11,13,2,1.0,0,2,1.0,True
validation_010,validation,16,12,11,1,4.0,0,1,,False
validation_010,validation,16,12,12,1,3.0,0,1,,False
validation_011,validation,16,1,4,1,1.0,1,0,,False
validation_011,validation,16,2,4,1,1.0,1,0,,False
validation_011,validation,16,3,2,1,1.0,0,1,,False
validation_011,validation,16,3,3,1,1.0,0,1,,False
validation_011,validation,16,3,4,2,1.0,0,2,15.0,True
validation_011,validation,16,3,6,2,1.5,0,2,16.0,True
validation_011,validation,16,3,7,2,1.0,0,2,16.0,True
validation_011,validation,16,3,12,1,1.0,0,1,,False
validation_011,validation,16,3,13,1,2.0,0,1,,False
validation_011,validation,16,3,14,1,3.0,0,1,,False
validation_011,validation,16,4,1,1,2.0,0,1,,False
validation_011,validation,16,4,2,2,3.0,1,1,,False
validation_011,validation,16,4,3,3,4.0,2,1,,False
validation_011,validation,16,4,4,5,2.0,2,3,5.0,True
validation_011,validation,16,4,5,3,2.0,1,2,10.0,True
validation_011,validation,16,4,6,4,1.75,1,3,6.5,True
validation_011,validation,16,4,7,3,2.3333333333333335,1,2,14.0,True
validation_011,validation,16,4,8,1,2.0,0,1,,False
validation_011,validation,16,4,9,2,1.5,0,2,5.0,True
validation_011,validation,16,4,10,2,1.0,0,2,6.0,True
validation_011,validation,16,4,11,1,1.0,0,1,,False
validation_011,validation,16,4,12,1,2.0,0,1,,False
validation_011,validation,16,4,13,1,6.0,0,1,,False
validation_011,validation,16,4,14,2,2.5,0,2,1.0,True
validation_011,validation,16,4,15,1,1.0,0,1,,False
validation_011,validation,16,5,1,3,3.6666666666666665,1,2,13.0,True
validation_011,validation,16,5,2,1,20.0,1,0,,False
validation_011,validation,16,5,3,1,20.0,1,0,,False
validation_011,validation,16,5,4,3,4.666666666666667,1,2,2.0,True
validation_011,validation,16,5,5,3,4.333333333333333,2,1,,False
validation_011,validation,16,5,6,3,3.0,1,2,16.0,True
validation_011,validation,16,5,7,1,8.0,0,1,,False
validation_011,validation,16,5,8,2,3.0,0,2,1.0,True
validation_011,validation,16,5,9,1,8.0,0,1,,False
validation_011,validation,16,5,10,2,3.5,0,2,1.0,True
validation_011,validation,16,5,11,2,2.5,0,2,3.0,True
validation_011,validation,16,5,12,1,2.0,0,1,,False
validation_011,validation,16,5,13,1,7.0,0,1,,False
validation_011,validation,16,5,14,1,7.0,1,0,,False
validation_011,validation,16,5,15,1,5.0,1,0,,False
validation_011,validation,16,6,0,1,2.0,1,0,,False
validation_011,validation,16,6,1,2,5.5,1,1,,False
validation_011,validation,16,6,2,4,3.75,1,3,5.5,True
validation_011,validation,16,6,3,2,9.5,1,1,,False
validation_011,validation,16,6,4,5,3.2,2,3,1.0,True
validation_011,validation,16,6,5,2,5.0,1,1,,False
validation_011,validation,16,6,6,2,2.0,0,2,3.0,True
validation_011,validation,16,6,7,2,5.5,0,2,9.0,True
validation_011,validation,16,6,8,2,6.0,0,2,8.0,True
validation_011,validation,16,6,9,4,2.25,1,3,3.5,True
validation_011,validation,16,6,10,3,4.333333333333333,1,2,8.0,True
validation_011,validation,16,6,11,2,3.5,1,1,,False
validation_011,validation,16,6,12,1,6.0,1,0,,False
validation_011,validation,16,6,13,1,5.0,0,1,,False
validation_011,validation,16,6,14,1,7.0,1,0,,False
validation_011,validation,16,6,15,2,2.0,1,1,,False
validation_011,validation,16,7,1,6,1.1666666666666667,1,5,2.75,True
validation_011,validation,16,7,2,4,3.25,2,2,12.0,True
validation_011,validation,16,7,3,4,3.25,2,2,12.0,True
validation_011,validation,16,7,4,5,3.2,3,2,14.0,True
validation_011,validation,16,7,5,4,2.25,1,3,1.5,True
validation_011,validation,16,7,6,1,3.0,0,1,,False
validation_011,validation,16,7,7,3,2.3333333333333335,0,3,6.0,True
validation_011,validation,16,7,8,2,6.0,0,2,8.0,True
validation_011,validation,16,7,9,2,5.0,0,2,6.0,True
validation_011,validation,16,7,10,2,5.5,2,0,,False
validation_011,validation,16,7,11,2,6.5,2,0,,False
validation_011,validation,16,7,12,1,11.0,1,0,,False
validation_011,validation,16,7,13,1,10.0,1,0,,False
validation_011,validation,16,7,14,2,2.0,1,1,,False
validation_011,validation,16,7,15,1,2.0,0,1,,False
validation_011,validation,16,8,1,1,2.0,0,1,,False
validation_011,validation,16,8,2,4,1.75,1,3,1.0,True
validation_011,validation,16,8,3,3,4.0,1,2,1.0,True
validation_011,validation,16,8,4,3,2.3333333333333335,1,2,3.0,True
validation_011,validation,16,8,5,5,1.0,0,5,2.25,True
validation_011,validation,16,8,6,1,3.0,0,1,,False
validation_011,validation,16,8,7,1,1.0,0,1,,False
validation_011,validation,16,8,8,1,4.0,0,1,,False
validation_011,validation,16,8,9,1,8.0,0,1,,False
validation_011,validation,16,8,10,1,10.0,1,0,,False
validation_011,validation,16,8,11,1,11.0,1,0,,False
validation_011,validation,16,8,12,1,11.0,1,0,,False
validation_011,validation,16,8,13,1,9.0,1,0,,False
validation_011,validation,16,8,14,2,3.0,1,1,,False
validation_011,validation,16,8,15,2,1.0,1,1,,False
validation_011,validation,16,9,2,1,1.0,0,1,,False
validation_011,validation,16,9,3,2,1.5,1,1,,False
validation_011,validation,16,9,4,2,1.5,0,2,11.0,True
validation_011,validation,16,9,5,1,1.0,0,1,,False
validation_011,validation,16,9,8,1,5.0,0,1,,False
validation_011,validation,16,9,9,1,8.0,0,1,,False
validation_011,validation,16,9,10,1,9.0,1,0,,False
validation_011,validation,16,9,11,2,5.0,2,0,,False
validation_011,validation,16,9,15,1,1.0,0,1,,False
validation_011,validation,16,10,2,1,1.0,0,1,,False
validation_011,validation,16,10,3,2,1.5,1,1,,False
validation_011,validation,16,10,4,2,5.0,1,1,,False
validation_011,validation,16,10,5,1,9.0,1,0,,False
validation_011,validation,16,10,8,1,4.0,0,1,,False
validation_011,validation,16,10,9,1,3.0,0,1,,False
validation_011,validation,16,10,10,2,1.0,1,1,,False
validation_011,validation,16,11,3,2,1.5,0,2,1.0,True
validation_011,validation,16,11,4,2,3.0,1,1,,False
validation_011,validation,16,11,5,2,2.5,0,2,2.0,True
validation_011,validation,16,11,8,1,2.0,0,1,,False
validation_011,validation,16,11,9,1,1.0,0,1,,False
validation_011,validation,16,12,4,1,1.0,0,1,,False
validation_012,validation,16,1,2,1,3.0,0,1,,False
validation_012,validation,16,1,3,1,6.0,1,0,,False
validation_012,validation,16,1,4,4,1.5,3,1,,False
validation_012,validation,16,1,5,1,6.0,1,0,,False
validation_012,validation,16,1,6,1,7.0,1,0,,False
validation_012,validation,16,1,7,1,5.0,1,0,,False
validation_012,validation,16,1,8,1,4.0,1,0,,False
validation_012,validation,16,1,9,1,1.0,0,1,,False
validation_012,validation,16,2,1,1,3.0,1,0,,False
validation_012,validation,16,2,2,3,3.0,2,1,,False
validation_012,validation,16,2,3,3,5.333333333333333,1,2,1.0,True
validation_012,validation,16,2,4,2,8.0,1,1,,False
validation_012,validation,16,2,5,3,3.3333333333333335,1,2,12.0,True
validation_012,validation,16,2,6,2,5.5,2,0,,False
validation_012,validation,16,2,7,2,2.0,1,1,,False
validation_012,validation,16,2,8,2,1.5,1,1,,False
validation_012,validation,16,2,9,2,2.0,2,0,,False
validation_012,validation,16,2,10,2,4.5,2,0,,False
validation_012,validation,16,2,11,1,8.0,1,0,,False
validation_012,validation,16,2,12,1,4.0,0,1,,False
validation_012,validation,16,2,13,1,1.0,0,1,,False
validation_012,validation,16,3,1,2,3.5,1,1,,False
validation_012,validation,16,3,2,2,6.5,1,1,,False
validation_012,validation,16,3,3,1,17.0,1,0,,False
validation_012,validation,16,3,4,1,18.0,1,0,,False
validation_012,validation,16,3,5,3,5.0,1,2,1.0,True
validation_012,validation,16,3,6,3,3.3333333333333335,2,1,,False
validation_012,validation,16,3,7,2,3.5,1,1,,False
validation_012,validation,16,3,8,1,3.0,1,0,,False
validation_012,validation,16,3,10,2,2.5,1,1,,False
validation_012,validation,16,3,11,2,5.0,2,0,,False
validation_012,validation,16,3,12,3,3.3333333333333335,2,1,,False
validation_012,validation,16,3,13,2,4.0,1,1,,False
validation_012,validation,16,3,14,1,6.0,1,0,,False
validation_012,validation,16,4,1,2,4.5,2,0,,False
validation_012,validation,16,4,2,3,4.333333333333333,2,1,,False
validation_012,validation,16,4,3,2,6.0,1,1,,False
validation_012,validation,16,4,4,3,5.0,1,2,12.0,True
validation_012,validation,16,4,5,3,4.666666666666667,1,2,17.0,True
validation_012,validation,16,4,6,2,4.5,2,0,,False
validation_012,validation,16,4,7,2,5.5,1,1,,False
validation_012,validation,16,4,8,1,6.0,1,0,,False
validation_012,validation,16,4,9,1,5.0,1,0,,False
validation_012,validation,16,4,10,2,2.0,1,1,,False
validation_012,validation,16,4,11,3,1.6666666666666667,1,2,14.0,True
validation_012,validation,16,4,12,5,1.2,3,2,15.0,True
validation_012,validation,16,4,13,4,1.5,2,2,15.0,True
validation_012,validation,16,4,14,2,2.5,1,1,,False
validation_012,validation,16,4,15,1,1.0,1,0,,False
validation_012,validation,16,5,0,1,5.0,1,0,,False
validation_012,validation,16,5,1,2,4.0,2,0,,False
validation_012,validation,16,5,2,3,2.3333333333333335,2,1,,False
validation_012,validation,16,5,3,3,5.0,2,1,,False
validation_012,validation,16,5,4,3,6.0,2,1,,False
validation_012,validation,16,5,5,2,7.0,1,1,,False
validation_012,validation,16,5,6,3,4.333333333333333,2,1,,False
validation_012,validation,16,5,7,4,3.0,2,2,10.0,True
validation_012,validation,16,5,8,1,8.0,1,0,,False
validation_012,validation,16,5,9,2,4.5,1,1,,False
validation_012,validation,16,5,10,2,5.0,1,1,,False
validation_012,validation,16,5,11,4,2.5,2,2,14.0,True
validation_012,validation,16,5,12,4,1.75,2,2,14.0,True
validation_012,validation,16,5,13,3,1.3333333333333333,2,1,,False
validation_012,validation,16,5,14,4,1.25,3,1,,False
validation_012,validation,16,5,15,3,1.3333333333333333,2,1,,False
validation_012,validation,16,6,0,1,3.0,1,0,,False
validation_012,validation,16,6,1,2,2.5,1,1,,False
validation_012,validation,16,6,2,2,1.5,1,1,,False
validation_012,validation,16,6,3,4,1.75,1,3,8.0,True
validation_012,validation,16,6,4,5,1.2,2,3,6.0,True
validation_012,validation,16,6,5,2,6.5,1,1,,False
validation_012,validation,16,6,6,2,6.5,1,1,,False
validation_012,validation,16,6,7,3,3.3333333333333335,3,0,,False
validation_012,validation,16,6,8,4,2.25,3,1,,False
validation_012,validation,16,6,9,2,5.0,1,1,,False
validation_012,validation,16,6,10,2,5.0,1,1,,False
validation_012,validation,16,6,11,2,4.5,1,1,,False
validation_012,validation,16,6,12,2,3.0,1,1,,False
validation_012,validation,16,6,13,2,1.5,1,1,,False
validation_012,validation,16,6,14,1,2.0,0,1,,False
validation_012,validation,16,6,15,1,2.0,0,1,,False
validation_012,validation,16,7,1,1,2.0,0,1,,False
validation_012,validation,16,7,2,1,4.0,0,1,,False
validation_012,validation,16,7,3,1,4.0,0,1,,False
validation_012,validation,16,7,4,2,2.0,1,1,,False
validation_012,validation,16,7,5,2,5.0,1,1,,False
validation_012,validation,16,7,6,2,6.0,1,1,,False
validation_012,validation,16,7,7,2,4.5,2,0,,False
validation_012,validation,16,7,8,3,3.0,2,1,,False
validation_012,validation,16,7,9,1,6.0,1,0,,False
validation_012,validation,16,7,10,2,3.0,1,1,,False
validation_012,validation,16,7,11,2,4.5,1,1,,False
validation_012,validation,16,7,12,2,4.0,1,1,,False
validation_012,validation,16,7,13,2,2.5,1,1,,False
validation_012,validation,16,7,14,1,5.0,1,0,,False
validation_012,validation,16,8,1,1,2.0,0,1,,False
validation_012,validation,16,8,2,1,1.0,0,1,,False
validation_012,validation,16,8,4,2,1.5,1,1,,False
validation_012,validation,16,8,5,3,2.6666666666666665,2,1,,False
validation_012,validation,16,8,6,4,2.25,2,2,14.0,True
validation_012,validation,16,8,7,3,2.0,1,2,13.0,True
validation_012,validation,16,8,8,2,3.5,1,1,,False
validation_012,validation,16,8,9,1,5.0,0,1,,False
validation_012,validation,16,8,10,2,2.5,1,1,,False
validation_012,validation,16,8,11,1,6.0,1,0,,False
validation_012,validation,16,8,12,1,7.0,1,0,,False
validation_012,validation,16,8,13,1,6.0,1,0,,False
validation_012,validation,16,8,14,1,4.0,1,0,,False
validation_012,validation,16,8,15,1,1.0,1,0,,False
validation_012,validation,16,9,0,1,2.0,0,1,,False
validation_012,validation,16,9,4,1,1.0,1,0,,False
validation_012,validation,16,9,5,3,1.3333333333333333,1,2,15.0,True
validation_012,validation,16,9,6,2,2.5,0,2,12.0,True
validation_012,validation,16,9,7,2,2.5,0,2,13.0,True
validation_012,validation,16,9,8,1,2.0,0,1,,False
validation_012,validation,16,9,9,1,1.0,0,1,,False
validation_012,validation,16,9,10,1,2.0,0,1,,False
validation_012,validation,16,9,11,1,2.0,0,1,,False
validation_012,validation,16,9,12,1,1.0,0,1,,False
validation_012,validation,16,9,13,1,1.0,0,1,,False
validation_012,validation,16,10,5,1,1.0,0,1,,False
validation_012,validation,16,10,7,1,2.0,0,1,,False
validation_012,validation,16,10,11,1,1.0,0,1,,False
validation_012,validation,16,11,4,1,1.0,1,0,,False
validation_012,validation,16,12,4,1,1.0,0,1,,False
validation_012,validation,16,12,5,1,3.0,0,1,,False
validation_012,validation,16,12,6,1,3.0,0,1,,False
validation_012,validation,16,12,7,1,1.0,0,1,,False
validation_013,validation,16,1,3,1,1.0,0,1,,False
validation_013,validation,16,1,4,2,2.0,1,1,,False
validation_013,validation,16,1,5,5,2.0,1,4,7.0,True
validation_013,validation,16,1,6,7,1.5714285714285714,1,6,4.2,True
validation_013,validation,16,1,7,2,4.0,0,2,1.0,True
validation_013,validation,16,2,2,1,2.0,0,1,,False
validation_013,validation,16,2,3,3,4.333333333333333,1,2,1.0,True
validation_013,validation,16,2,4,5,2.0,0,5,5.75,True
validation_013,validation,16,2,5,4,4.0,2,2,1.0,True
validation_013,validation,16,2,6,5,5.6,2,3,10.5,True
validation_013,validation,16,2,7,3,9.333333333333334,2,1,,False
validation_013,validation,16,2,8,1,20.0,1,0,,False
validation_013,validation,16,2,9,3,4.666666666666667,0,3,1.0,True
validation_013,validation,16,2,10,1,3.0,0,1,,False
validation_013,validation,16,3,2,1,6.0,0,1,,False
validation_013,validation,16,3,3,4,3.0,0,4,6.333333333333333,True
validation_013,validation,16,3,4,2,2.0,0,2,27.0,True
validation_013,validation,16,3,5,1,2.0,0,1,,False
validation_013,validation,16,3,6,5,2.2,2,3,8.0,True
validation_013,validation,16,3,7,4,4.75,1,3,14.5,True
validation_013,validation,16,3,8,2,11.5,2,0,,False
validation_013,validation,16,3,9,1,18.0,1,0,,False
validation_013,validation,16,3,10,1,15.0,0,1,,False
validation_013,validation,16,3,11,1,4.0,0,1,,False
validation_013,validation,16,4,2,1,2.0,0,1,,False
validation_013,validation,16,4,3,3,3.3333333333333335,0,3,11.5,True
validation_013,validation,16,4,4,3,1.3333333333333333,0,3,13.5,True
validation_013,validation,16,4,5,3,1.3333333333333333,1,2,13.0,True
validation_013,validation,16,4,6,4,1.25,1,3,12.5,True
validation_013,validation,16,4,7,6,1.8333333333333333,1,5,6.5,True
validation_013,validation,16,4,8,2,4.0,1,1,,False
validation_013,validation,16,4,9,1,19.0,1,0,,False
validation_013,validation,16,4,10,1,16.0,0,1,,False
validation_013,validation,16,4,11,2,3.5,0,2,4.0,True
validation_013,validation,16,4,12,1,2.0,0,1,,False
validation_013,validation,16,5,0,1,1.0,1,0,,False
validation_013,validation,16,5,2,2,1.0,0,2,3.0,True
validation_013,validation,16,5,3,4,2.75,1,3,12.5,True
validation_013,validation,16,5,4,4,1.5,3,1,,False
validation_013,validation,16,5,5,2,2.5,1,1,,False
validation_013,validation,16,5,6,5,1.6,1,4,9.333333333333334,True
validation_013,validation,16,5,7,3,1.3333333333333333,0,3,14.5,True
validation_013,validation,16,5,8,2,2.5,0,2,14.0,True
validation_013,validation,16,5,9,5,3.8,1,4,6.666666666666667,True
validation_013,validation,16,5,10,4,6.0,2,2,16.0,True
validation_013,validation,16,5,11,6,2.8333333333333335,1,5,4.25,True
validation_013,validation,16,5,12,1,3.0,0,1,,False
validation_013,validation,16,6,0,2,2.5,1,1,,False
validation_013,validation,16,6,1,1,1.0,1,0,,False
validation_013,validation,16,6,2,1,1.0,0,1,,False
validation_013,validation,16,6,3,6,1.1666666666666667,3,3,14.5,True
validation_013,validation,16,6,4,1,7.0,1,0,,False
validation_013,validation,16,6,5,4,1.5,1,3,4.5,True
validation_013,validation,16,6,6,4,1.5,0,4,2.3333333333333335,True
validation_013,validation,16,6,7,2,1.5,0,2,23.0,True
validation_013,validation,16,6,8,5,2.8,2,3,9.0,True
validation_013,validation,16,6,9,4,5.0,1,3,10.0,True
validation_013,validation,16,6,10,3,9.666666666666666,1,2,1.0,True
validation_013,validation,16,6,11,4,6.0,1,3,10.5,True
validation_013,validation,16,6,12,7,1.7142857142857142,3,4,5.0,True
validation_013,validation,16,6,13,3,1.3333333333333333,2,1,,False
validation_013,validation,16,7,0,2,2.5,1,1,,False
validation_013,validation,16,7,2,2,1.0,2,0,,False
validation_013,validation,16,7,3,1,5.0,1,0,,False
validation_013,validation,16,7,4,1,4.0,1,0,,False
validation_013,validation,16,7,5,2,1.0,1,1,,False
validation_013,validation,16,7,6,3,1.0,0,3,9.5,True
validation_013,validation,16,7,7,1,2.0,0,1,,False
validation_013,validation,16,7,8,4,2.25,1,3,13.5,True
validation_013,validation,16,7,9,3,7.0,1,2,24.0,True
validation_013,validation,16,7,10,1,32.0,1,0,,False
validation_013,validation,16,7,11,2,11.5,1,1,,False
validation_013,validation,16,7,12,2,11.0,1,1,,False
validation_013,validation,16,7,13,2,1.5,0,2,5.0,True
validation_013,validation,16,7,14,1,2.0,0,1,,False
validation_013,validation,16,8,0,1,4.0,0,1,,False
validation_013,validation,16,8,2,1,1.0,1,0,,False
validation_013,validation,16,8,3,1,1.0,1,0,,False
validation_013,validation,16,8,4,2,3.5,1,1,,False
validation_013,validation,16,8,5,3,2.0,1,2,10.0,True
validation_013,validation,16,8,6,1,1.0,0,1,,False
validation_013,validation,16,8,7,1,2.0,0,1,,False
validation_013,validation,16,8,8,2,3.5,1,1,,False
validation_013,validation,16,8,9,5,3.4,1,4,3.6666666666666665,True
validation_013,validation,16,8,10,3,6.0,1,2,1.0,True
validation_013,validation,16,8,11,2,10.0,1,1,,False
validation_013,validation,16,8,12,2,11.5,1,1,,False
validation_013,validation,16,8,13,2,1.5,1,1,,False
validation_013,validation,16,9,0,2,2.0,0,2,1.0,True
validation_013,validation,16,9,1,2,1.0,0,2,1.0,True
validation_013,validation,16,9,2,1,1.0,1,0,,False
validation_013,validation,16,9,3,3,1.6666666666666667,2,1,,False
validation_013,validation,16,9,4,2,4.0,2,0,,False
validation_013,validation,16,9,5,2,2.5,1,1,,False
validation_013,validation,16,9,6,1,1.0,0,1,,False
validation_013,validation,16,9,7,1,2.0,0,1,,False
validation_013,validation,16,9,8,2,2.0,1,1,,False
validation_013,validation,16,9,9,3,2.0,1,2,12.0,True
validation_013,validation,16,9,10,3,3.3333333333333335,1,2,1.0,True
validation_013,validation,16,9,11,1,12.0,1,0,,False
validation_013,validation,16,9,12,1,13.0,1,0,,False
validation_013,validation,16,9,13,2,2.0,1,1,,False
validation_013,validation,16,10,0,2,1.5,0,2,1.0,True
validation_013,validation,16,10,1,1,7.0,0,1,,False
validation_013,validation,16,10,2,2,2.0,1,1,,False
validation_013,validation,16,10,3,1,7.0,1,0,,False
validation_013,validation,16,10,4,1,6.0,1,0,,False
validation_013,validation,16,10,5,2,2.0,1,1,,False
validation_013,validation,16,10,6,1,2.0,0,1,,False
validation_013,validation,16,10,8,1,2.0,1,0,,False
validation_013,validation,16,10,9,1,2.0,1,0,,False
validation_013,validation,16,10,10,1,1.0,1,0,,False
validation_013,validation,16,10,11,1,7.0,1,0,,False
validation_013,validation,16,10,12,2,4.0,1,1,,False
validation_013,validation,16,11,1,1,4.0,0,1,,False
validation_013,validation,16,11,2,2,2.0,1,1,,False
validation_013,validation,16,11,3,2,2.0,1,1,,False
validation_013,validation,16,11,4,1,1.0,1,0,,False
validation_014,validation,16,1,8,2,2.0,2,0,,False
validation_014,validation,16,1,9,3,1.6666666666666667,2,1,,False
validation_014,validation,16,1,10,2,5.0,1,1,,False
validation_014,validation,16,1,11,3,6.666666666666667,2,1,,False
validation_014,validation,16,1,12,1,8.0,1,0,,False
validation_014,validation,16,1,13,2,5.5,2,0,,False
validation_014,validation,16,2,3,1,2.0,0,1,,False
validation_014,validation,16,2,4,2,4.0,1,1,,False
validation_014,validation,16,2,5,3,4.0,1,2,37.0,True
validation_014,validation,16,2,6,1,12.0,0,1,,False
validation_014,validation,16,2,7,2,5.0,1,1,,False
validation_014,validation,16,2,8,3,4.0,2,1,,False
validation_014,validation,16,2,9,3,4.333333333333333,2,1,,False
validation_014,validation,16,2,10,2,5.5,1,1,,False
validation_014,validation,16,2,11,3,6.666666666666667,2,1,,False
validation_014,validation,16,2,12,4,5.0,3,1,,False
validation_014,validation,16,2,13,4,5.0,3,1,,False
validation_014,validation,16,2,14,3,5.333333333333333,2,1,,False
validation_014,validation,16,3,2,4,1.75,3,1,,False
validation_014,validation,16,3,3,6,3.6666666666666665,2,4,11.666666666666666,True
validation_014,validation,16,3,4,3,7.666666666666667,1,2,33.0,True
validation_014,validation,16,3,5,3,8.666666666666666,1,2,43.0,True
validation_014,validation,16,3,6,4,3.5,1,3,20.5,True
validation_014,validation,16,3,7,2,5.5,1,1,,False
validation_014,validation,16,3,8,3,4.333333333333333,2,1,,False
validation_014,validation,16,3,9,3,4.666666666666667,2,1,,False
validation_014,validation,16,3,10,3,3.6666666666666665,2,1,,False
validation_014,validation,16,3,11,3,4.0,2,1,,False
validation_014,validation,16,3,12,3,6.666666666666667,2,1,,False
validation_014,validation,16,3,13,5,5.8,4,1,,False
validation_014,validation,16,3,14,4,7.25,3,1,,False
validation_014,validation,16,3,15,4,4.25,2,2,3.0,True
validation_014,validation,16,4,1,1,1.0,0,1,,False
validation_014,validation,16,4,2,5,1.4,2,3,23.0,True
validation_014,validation,16,4,3,5,3.2,1,4,14.333333333333334,True
validation_014,validation,16,4,4,6,4.333333333333333,3,3,19.0,True
validation_014,validation,16,4,5,4,5.5,1,3,19.5,True
validation_014,validation,16,4,6,4,3.25,1,3,21.0,True
validation_014,validation,16,4,7,1,2.0,1,0,,False
validation_014,validation,16,4,8,3,5.0,2,1,,False
validation_014,validation,16,4,9,3,6.0,2,1,,False
validation_014,validation,16,4,10,5,2.4,1,4,10.333333333333334,True
validation_014,validation,16,4,11,4,3.0,3,1,,False
validation_014,validation,16,4,12,6,3.3333333333333335,5,1,,False
validation_014,validation,16,4,13,3,8.333333333333334,2,1,,False
validation_014,validation,16,4,14,3,8.666666666666666,2,1,,False
validation_014,validation,16,4,15,3,2.6666666666666665,2,1,,False
validation_014,validation,16,5,1,1,1.0,0,1,,False
validation_014,validation,16,5,2,3,1.0,0,3,2.5,True
validation_014,validation,16,5,3,6,1.0,2,4,15.666666666666666,True
validation_014,validation,16,5,4,6,2.0,2,4,14.333333333333334,True
validation_014,validation,16,5,5,6,3.3333333333333335,3,3,1.5,True
validation_014,validation,16,5,6,4,1.75,3,1,,False
validation_014,validation,16,5,7,3,2.0,2,1,,False
validation_014,validation,16,5,8,3,4.0,0,3,16.0,True
validation_014,validation,16,5,9,4,2.5,0,4,12.0,True
validation_014,validation,16,5,10,3,2.3333333333333335,0,3,16.5,True
validation_014,validation,16,5,11,2,6.0,2,0,,False
validation_014,validation,16,5,12,2,11.5,2,0,,False
validation_014,validation,16,5,13,2,14.5,2,0,,False
validation_014,validation,16,5,14,3,9.666666666666666,2,1,,False
validation_014,validation,16,5,15,2,4.0,2,0,,False
validation_014,validation,16,6,1,1,1.0,1,0,,False
validation_014,validation,16,6,2,3,1.3333333333333333,1,2,1.0,True
validation_014,validation,16,6,3,3,1.6666666666666667,1,2,46.0,True
validation_014,validation,16,6,4,7,2.2857142857142856,5,2,39.0,True
validation_014,validation,16,6,5,6,3.5,3,3,21.0,True
validation_014,validation,16,6,6,6,1.6666666666666667,4,2,47.0,True
validation_014,validation,16,6,7,5,2.6,3,2,2.0,True
validation_014,validation,16,6,8,2,4.0,0,2,2.0,True
validation_014,validation,16,6,9,2,6.0,0,2,1.0,True
validation_014,validation,16,6,10,2,4.5,0,2,1.0,True
validation_014,validation,16,6,11,4,5.5,2,2,2.0,True
validation_014,validation,16,6,12,5,5.0,2,3,21.5,True
validation_014,validation,16,6,13,5,5.0,2,3,18.0,True
validation_014,validation,16,6,14,4,6.0,3,1,,False
validation_014,validation,16,6,15,4,1.5,2,2,39.0,True
validation_014,validation,16,7,1,3,1.3333333333333333,2,1,,False
validation_014,validation,16,7,2,6,1.6666666666666667,4,2,50.0,True
validation_014,validation,16,7,3,6,2.6666666666666665,3,3,24.0,True
validation_014,validation,16,7,4,6,3.3333333333333335,3,3,22.5,True
validation_014,validation,16,7,5,3,10.333333333333334,1,2,40.0,True
validation_014,validation,16,7,6,2,3.5,0,2,33.0,True
validation_014,validation,16,7,7,5,1.6,2,3,18.5,True
validation_014,validation,16,7,8,2,3.0,0,2,2.0,True
validation_014,validation,16,7,9,2,2.0,0,2,1.0,True
validation_014,validation,16,7,10,2,5.0,0,2,3.0,True
validation_014,validation,16,7,11,5,6.0,3,2,39.0,True
validation_014,validation,16,7,12,7,3.5714285714285716,2,5,10.75,True
validation_014,validation,16,7,13,6,2.6666666666666665,2,4,15.333333333333334,True
validation_014,validation,16,7,14,4,2.25,3,1,,False
validation_014,validation,16,7,15,3,1.0,2,1,,False
validation_014,validation,16,8,1,4,1.5,3,1,,False
validation_014,validation,16,8,2,4,5.25,2,2,49.0,True
validation_014,validation,16,8,3,8,2.5,5,3,23.5,True
validation_014,validation,16,8,4,8,2.75,5,3,21.5,True
validation_014,validation,16,8,5,4,5.5,3,1,,False
validation_014,validation,16,8,6,3,2.3333333333333335,2,1,,False
validation_014,validation,16,8,7,1,10.0,0,1,,False
validation_014,validation,16,8,8,3,2.3333333333333335,0,3,2.0,True
validation_014,validation,16,8,9,1,6.0,0,1,,False
validation_014,validation,16,8,10,1,6.0,0,1,,False
validation_014,validation,16,8,11,4,3.5,1,3,21.0,True
validation_014,validation,16,8,12,6,2.8333333333333335,2,4,10.666666666666666,True
validation_014,validation,16,8,13,1,5.0,0,1,,False
validation_014,validation,16,8,14,2,1.0,1,1,,False
validation_014,validation,16,8,15,1,1.0,1,0,,False
validation_014,validation,16,9,0,1,2.0,1,0,,False
validation_014,validation,16,9,1,2,8.0,2,0,,False
validation_014,validation,16,9,2,2,11.0,1,1,,False
validation_014,validation,16,9,3,1,26.0,1,0,,False
validation_014,validation,16,9,4,4,4.5,2,2,29.0,True
validation_014,validation,16,9,5,4,2.25,3,1,,False
validation_014,validation,16,9,6,3,1.6666666666666667,0,3,18.5,True
validation_014,validation,16,9,7,3,3.0,0,3,2.0,True
validation_014,validation,16,9,8,2,5.0,0,2,2.0,True
validation_014,validation,16,9,10,1,6.0,0,1,,False
validation_014,validation,16,9,11,2,3.5,0,2,37.0,True
validation_014,validation,16,9,12,2,3.5,0,2,37.0,True
validation_014,validation,16,9,13,1,3.0,0,1,,False
validation_014,validation,16,10,1,2,9.0,2,0,,False
validation_014,validation,16,10,2,1,22.0,1,0,,False
validation_014,validation,16,10,3,3,6.0,2,1,,False
validation_014,validation,16,10,4,4,3.0,3,1,,False
validation_014,validation,16,10,5,3,1.6666666666666667,2,1,,False
validation_014,validation,16,10,6,1,2.0,0,1,,False
validation_014,validation,16,10,7,2,1.5,0,2,3.0,True
validation_014,validation,16,10,8,1,1.0,0,1,,False
validation_015,validation,16,2,3,1,1.0,0,1,,False
validation_015,validation,16,2,4,1,3.0,0,1,,False
validation_015,validation,16,2,5,1,2.0,0,1,,False
validation_015,validation,16,3,2,1,1.0,0,1,,False
validation_015,validation,16,3,3,2,5.0,1,1,,False
validation_015,validation,16,3,4,2,5.5,1,1,,False
validation_015,validation,16,3,5,2,10.0,1,1,,False
validation_015,validation,16,3,6,2,2.5,1,1,,False
validation_015,validation,16,3,7,2,1.5,0,2,3.0,True
validation_015,validation,16,3,8,1,2.0,0,1,,False
validation_015,validation,16,3,9,2,3.0,1,1,,False
validation_015,validation,16,3,10,2,2.5,1,1,,False
validation_015,validation,16,3,11,1,4.0,1,0,,False
validation_015,validation,16,4,2,3,1.6666666666666667,1,2,4.0,True
validation_015,validation,16,4,3,4,3.5,2,2,4.0,True
validation_015,validation,16,4,4,3,4.0,1,2,20.0,True
validation_015,validation,16,4,5,4,4.0,2,2,4.0,True
validation_015,validation,16,4,6,2,5.5,2,0,,False
validation_015,validation,16,4,7,1,3.0,1,0,,False
validation_015,validation,16,4,8,2,2.0,1,1,,False
validation_015,validation,16,4,9,2,2.0,1,1,,False
validation_015,validation,16,4,10,1,3.0,1,0,,False
validation_015,validation,16,4,11,1,7.0,1,0,,False
validation_015,validation,16,4,12,1,9.0,1,0,,False
validation_015,validation,16,4,13,3,1.6666666666666667,3,0,,False
validation_015,validation,16,5,2,3,3.3333333333333335,1,2,17.0,True
validation_015,validation,16,5,3,5,3.4,2,3,9.5,True
validation_015,validation,16,5,4,3,5.0,1,2,19.0,True
validation_015,validation,16,5,5,3,3.0,1,2,15.0,True
validation_015,validation,16,5,6,2,7.5,1,1,,False
validation_015,validation,16,5,7,1,5.0,1,0,,False
validation_015,validation,16,5,9,1,3.0,1,0,,False
validation_015,validation,16,5,10,2,2.5,1,1,,False
validation_015,validation,16,5,11,3,2.0,1,2,23.0,True
validation_015,validation,16,5,12,4,3.0,2,2,20.0,True
validation_015,validation,16,5,13,3,3.0,2,1,,False
validation_015,validation,16,5,14,1,1.0,0,1,,False
validation_015,validation,16,6,1,4,1.5,2,2,19.0,True
validation_015,validation,16,6,2,4,2.75,2,2,18.0,True
validation_015,validation,16,6,3,4,4.75,2,2,1.0,True
validation_015,validation,16,6,4,5,3.2,2,3,8.5,True
validation_015,validation,16,6,5,3,4.666666666666667,1,2,18.0,True
validation_015,validation,16,6,6,2,5.5,1,1,,False
validation_015,validation,16,6,7,1,6.0,1,0,,False
validation_015,validation,16,6,8,1,1.0,0,1,,False
validation_015,validation,16,6,9,3,2.3333333333333335,1,2,8.0,True
validation_015,validation,16,6,10,4,2.5,1,3,10.0,True
validation_015,validation,16,6,11,4,5.0,1,3,6.0,True
validation_015,validation,16,6,12,3,6.0,2,1,,False
validation_015,validation,16,6,13,2,4.5,2,0,,False
validation_015,validation,16,6,14,3,3.0,2,1,,False
validation_015,validation,16,7,0,2,1.0,0,2,2.0,True
validation_015,validation,16,7,1,3,2.6666666666666665,1,2,1.0,True
validation_015,validation,16,7,2,5,3.0,3,2,13.0,True
validation_015,validation,16,7,3,5,2.6,2,3,7.5,True
validation_015,validation,16,7,4,4,2.75,1,3,9.5,True
validation_015,validation,16,7,5,4,5.0,3,1,,False
validation_015,validation,16,7,6,5,3.6,3,2,15.0,True
validation_015,validation,16,7,7,2,2.5,1,1,,False
validation_015,validation,16,7,8,1,4.0,1,0,,False
validation_015,validation,16,7,9,2,5.0,1,1,,False
validation_015,validation,16,7,10,2,6.0,1,1,,False
validation_015,validation,16,7,11,3,7.0,2,1,,False
validation_015,validation,16,7,12,2,7.0,2,0,,False
validation_015,validation,16,7,13,2,4.5,1,1,,False
validation_015,validation,16,7,14,3,2.6666666666666665,1,2,9.0,True
validation_015,validation,16,7,15,1,1.0,1,0,,False
validation_015,validation,16,8,1,1,1.0,0,1,,False
validation_015,validation,16,8,3,2,4.0,1,1,,False
validation_015,validation,16,8,4,2,3.5,1,1,,False
validation_015,validation,16,8,5,2,7.0,1,1,,False
validation_015,validation,16,8,6,3,6.333333333333333,1,2,1.0,True
validation_015,validation,16,8,7,3,4.333333333333333,1,2,7.0,True
validation_015,validation,16,8,8,2,5.5,1,1,,False
validation_015,validation,16,8,9,2,7.0,1,1,,False
validation_015,validation,16,8,10,2,5.5,1,1,,False
validation_015,validation,16,8,11,2,5.0,1,1,,False
validation_015,validation,16,8,12,1,8.0,1,0,,False
validation_015,validation,16,8,13,1,7.0,1,0,,False
validation_015,validation,16,8,14,1,4.0,1,0,,False
validation_015,validation,16,9,3,1,2.0,0,1,,False
validation_015,validation,16,9,4,1,1.0,0,1,,False
validation_015,validation,16,9,5,2,4.5,0,2,1.0,True
validation_015,validation,16,9,6,4,4.0,1,3,6.5,True
validation_015,validation,16,9,7,3,6.333333333333333,1,2,2.0,True
validation_015,validation,16,9,8,2,6.5,1,1,,False
validation_015,validation,16,9,9,1,12.0,1,0,,False
validation_015,validation,16,9,10,1,12.0,1,0,,False
validation_015,validation,16,9,11,1,10.0,1,0,,False
validation_015,validation,16,9,12,1,7.0,1,0,,False
validation_015,validation,16,9,13,2,1.0,2,0,,False
validation_015,validation,16,10,3,1,1.0,0,1,,False
validation_015,validation,16,10,4,1,1.0,0,1,,False
validation_015,validation,16,10,5,1,2.0,0,1,,False
validation_015,validation,16,10,6,3,4.666666666666667,1,2,7.0,True
validation_015,validation,16,10,7,3,6.333333333333333,1,2,4.0,True
validation_015,validation,16,10,8,3,6.666666666666667,1,2,3.0,True
validation_015,validation,16,10,9,3,7.666666666666667,1,2,2.0,True
validation_015,validation,16,10,10,2,6.5,1,1,,False
validation_015,validation,16,10,11,1,1.0,1,0,,False
validation_015,validation,16,11,2,1,2.0,0,1,,False
validation_015,validation,16,11,3,1,1.0,0,1,,False
validation_015,validation,16,11,4,1,1.0,0,1,,False
validation_015,validation,16,11,6,2,2.0,0,2,2.0,True
validation_015,validation,16,12,6,1,1.0,0,1,,False
validation_016,validation,16,2,4,1,1.0,0,1,,False
validation_016,validation,16,3,8,1,1.0,0,1,,False
validation_016,validation,16,3,10,1,1.0,1,0,,False
validation_016,validation,16,3,11,1,8.0,1,0,,False
validation_016,validation,16,3,12,3,5.0,2,1,,False
validation_016,validation,16,3,13,3,2.0,2,1,,False
validation_016,validation,16,4,3,1,2.0,0,1,,False
validation_016,validation,16,4,4,2,7.0,1,1,,False
validation_016,validation,16,4,5,1,18.0,1,0,,False
validation_016,validation,16,4,6,1,21.0,1,0,,False
validation_016,validation,16,4,7,4,5.75,3,1,,False
validation_016,validation,16,4,8,1,30.0,1,0,,False
validation_016,validation,16,4,9,4,6.5,3,1,,False
validation_016,validation,16,4,10,1,30.0,1,0,,False
validation_016,validation,16,4,11,1,26.0,1,0,,False
validation_016,validation,16,4,12,2,14.5,1,1,,False
validation_016,validation,16,4,13,2,7.0,2,0,,False
validation_016,validation,16,5,3,2,4.5,1,1,,False
validation_016,validation,16,5,4,1,15.0,1,0,,False
validation_016,validation,16,5,5,2,7.0,1,1,,False
validation_016,validation,16,5,6,2,4.0,1,1,,False
validation_016,validation,16,5,7,1,27.0,1,0,,False
validation_016,validation,16,5,8,1,30.0,1,0,,False
validation_016,validation,16,5,9,1,30.0,1,0,,False
validation_016,validation,16,5,10,1,30.0,1,0,,False
validation_016,validation,16,5,11,1,26.0,1,0,,False
validation_016,validation,16,5,12,4,6.75,1,3,1.0,True
validation_016,validation,16,5,13,1,3.0,1,0,,False
validation_016,validation,16,6,2,1,1.0,0,1,,False
validation_016,validation,16,6,3,1,7.0,0,1,,False
validation_016,validation,16,6,4,1,7.0,0,1,,False
validation_016,validation,16,6,5,3,2.6666666666666665,1,2,4.0,True
validation_016,validation,16,6,6,3,6.0,1,2,25.0,True
validation_016,validation,16,6,7,2,14.5,2,0,,False
validation_016,validation,16,6,8,3,8.666666666666666,2,1,,False
validation_016,validation,16,6,9,3,7.333333333333333,1,2,21.0,True
validation_016,validation,16,6,10,2,14.5,1,1,,False
validation_016,validation,16,6,11,3,9.333333333333334,1,2,1.0,True
validation_016,validation,16,6,12,3,4.333333333333333,2,1,,False
validation_016,validation,16,7,5,1,2.0,0,1,,False
validation_016,validation,16,7,6,2,6.0,1,1,,False
validation_016,validation,16,7,7,4,5.75,2,2,22.0,True
validation_016,validation,16,7,8,3,4.666666666666667,2,1,,False
validation_016,validation,16,7,9,4,3.75,2,2,24.0,True
validation_016,validation,16,7,10,5,3.6,2,3,11.5,True
validation_016,validation,16,7,11,2,6.5,2,0,,False
validation_016,validation,16,7,12,2,6.0,1,1,,False
validation_016,validation,16,7,13,1,1.0,0,1,,False
validation_016,validation,16,8,5,1,1.0,1,0,,False
validation_016,validation,16,8,6,3,1.3333333333333333,1,2,3.0,True
validation_016,validation,16,8,7,3,3.0,2,1,,False
validation_016,validation,16,8,8,1,5.0,1,0,,False
validation_016,validation,16,8,9,1,5.0,1,0,,False
validation_016,validation,16,8,10,3,5.0,2,1,,False
validation_016,validation,16,8,11,5,2.8,3,2,17.0,True
validation_016,validation,16,8,12,3,2.3333333333333335,2,1,,False
validation_016,validation,16,8,13,1,2.0,0,1,,False
validation_016,validation,16,9,3,1,6.0,0,1,,False
validation_016,validation,16,9,4,1,6.0,0,1,,False
validation_016,validation,16,9,5,1,5.0,1,0,,False
validation_016,validation,16,9,6,2,1.0,2,0,,False
validation_016,validation,16,9,7,2,3.0,2,0,,False
validation_016,validation,16,9,8,3,3.3333333333333335,3,0,,False
validation_016,validation,16,9,9,1,9.0,1,0,,False
validation_016,validation,16,9,10,3,3.0,2,1,,False
validation_016,validation,16,9,11,4,2.0,2,2,17.0,True
validation_016,validation,16,9,12,2,1.0,2,0,,False
validation_016,validation,16,10,3,1,8.0,0,1,,False
validation_016,validation,16,10,4,2,4.0,1,1,,False
validation_016,validation,16,10,5,3,2.6666666666666665,1,2,2.0,True
validation_016,validation,16,10,6,1,13.0,1,0,,False
validation_016,validation,16,10,7,2,8.0,2,0,,False
validation_016,validation,16,10,8,2,3.0,2,0,,False
validation_016,validation,16,10,9,1,5.0,0,1,,False
validation_016,validation,16,10,10,3,2.6666666666666665,1,2,24.0,True
validation_016,validation,16,10,11,3,1.3333333333333333,0,3,10.5,True
validation_016,validation,16,11,9,1,3.0,0,1,,False
validation_016,validation,16,12,3,1,3.0,0,1,,False
validation_016,validation,16,12,4,1,1.0,0,1,,False
validation_016,validation,16,12,5,2,1.0,0,2,1.0,True
validation_016,validation,16,12,6,1,1.0,0,1,,False
validation_016,validation,16,12,7,2,2.0,0,2,1.0,True
validation_016,validation,16,12,8,1,5.0,0,1,,False
validation_016,validation,16,13,4,1,2.0,0,1,,False
validation_016,validation,16,13,5,1,1.0,0,1,,False
validation_016,validation,16,13,6,1,2.0,0,1,,False
validation_017,validation,16,3,3,1,18.0,0,1,,False
validation_017,validation,16,3,4,4,5.25,0,4,2.0,True
validation_017,validation,16,3,5,5,4.4,0,5,2.5,True
validation_017,validation,16,3,6,1,10.0,0,1,,False
validation_017,validation,16,3,7,3,5.666666666666667,1,2,46.0,True
validation_017,validation,16,3,8,8,2.625,3,5,11.75,True
validation_017,validation,16,3,9,5,2.0,2,3,25.0,True
validation_017,validation,16,3,11,7,2.5714285714285716,0,7,11.0,True
validation_017,validation,16,3,12,1,3.0,0,1,,False
validation_017,validation,16,4,2,3,2.0,1,2,20.0,True
validation_017,validation,16,4,3,6,8.166666666666666,2,4,2.3333333333333335,True
validation_017,validation,16,4,4,5,12.6,1,4,1.6666666666666667,True
validation_017,validation,16,4,5,6,10.333333333333334,1,5,10.25,True
validation_017,validation,16,4,6,5,13.8,1,4,12.666666666666666,True
validation_017,validation,16,4,7,1,77.0,1,0,,False
validation_017,validation,16,4,8,2,35.0,1,1,,False
validation_017,validation,16,4,9,6,10.333333333333334,1,5,15.5,True
validation_017,validation,16,4,10,6,1.6666666666666667,1,5,12.25,True
validation_017,validation,16,4,11,7,2.857142857142857,0,7,10.666666666666666,True
validation_017,validation,16,4,12,5,2.0,0,5,18.5,True
validation_017,validation,16,4,13,1,1.0,0,1,,False
validation_017,validation,16,5,1,2,3.0,0,2,1.0,True
validation_017,validation,16,5,2,4,7.75,1,3,11.5,True
validation_017,validation,16,5,3,8,7.25,5,3,4.5,True
validation_017,validation,16,5,4,3,23.666666666666668,1,2,6.0,True
validation_017,validation,16,5,5,2,38.0,1,1,,False
validation_017,validation,16,5,6,2,38.5,1,1,,False
validation_017,validation,16,5,7,1,80.0,1,0,,False
validation_017,validation,16,5,8,2,36.5,1,1,,False
validation_017,validation,16,5,9,4,15.75,1,3,39.0,True
validation_017,validation,16,5,10,11,3.0,3,8,5.428571428571429,True
validation_017,validation,16,5,11,4,3.25,1,3,27.0,True
validation_017,validation,16,5,12,4,4.0,0,4,20.333333333333332,True
validation_017,validation,16,5,13,2,2.0,0,2,67.0,True
validation_017,validation,16,6,1,2,3.0,0,2,26.0,True
validation_017,validation,16,6,2,5,5.0,1,4,6.0,True
validation_017,validation,16,6,3,6,6.333333333333333,2,4,6.0,True
validation_017,validation,16,6,4,4,13.0,1,3,13.5,True
validation_017,validation,16,6,5,4,12.75,1,3,18.0,True
validation_017,validation,16,6,6,7,7.857142857142857,2,5,5.5,True
validation_017,validation,16,6,7,4,17.0,1,3,6.0,True
validation_017,validation,16,6,8,5,12.4,1,4,19.0,True
validation_017,validation,16,6,9,4,5.75,3,1,,False
validation_017,validation,16,6,10,5,2.4,3,2,31.0,True
validation_017,validation,16,6,11,4,3.25,0,4,23.666666666666668,True
validation_017,validation,16,6,12,3,4.333333333333333,0,3,33.0,True
validation_017,validation,16,6,13,2,3.5,0,2,67.0,True
validation_017,validation,16,7,1,1,3.0,0,1,,False
validation_017,validation,16,7,2,5,1.4,1,4,8.666666666666666,True
validation_017,validation,16,7,3,6,4.666666666666667,1,5,13.25,True
validation_017,validation,16,7,4,5,8.4,2,3,21.5,True
validation_017,validation,16,7,5,8,5.625,4,4,15.666666666666666,True
validation_017,validation,16,7,6,7,3.857142857142857,2,5,15.5,True
validation_017,validation,16,7,7,8,3.875,1,7,9.5,True
validation_017,validation,16,7,8,6,6.666666666666667,3,3,7.5,True
validation_017,validation,16,7,9,6,5.833333333333333,3,3,30.5,True
validation_017,validation,16,7,10,6,4.0,2,4,19.666666666666668,True
validation_017,validation,16,7,11,9,2.2222222222222223,2,7,11.833333333333334,True
validation_017,validation,16,7,12,4,1.5,0,4,12.0,True
validation_017,validation,16,8,1,2,2.0,0,2,8.0,True
validation_017,validation,16,8,2,2,3.0,0,2,7.0,True
validation_017,validation,16,8,3,2,3.0,0,2,6.0,True
validation_017,validation,16,8,4,4,3.0,0,4,6.333333333333333,True
validation_017,validation,16,8,5,8,4.0,1,7,8.333333333333334,True
validation_017,validation,16,8,6,3,9.666666666666666,1,2,9.0,True
validation_017,validation,16,8,7,2,8.0,1,1,,False
validation_017,validation,16,8,8,9,2.888888888888889,5,4,22.333333333333332,True
validation_017,validation,16,8,9,8,3.5,4,4,18.333333333333332,True
validation_017,validation,16,8,10,5,4.4,2,3,27.5,True
validation_017,validation,16,8,11,2,4.0,1,1,,False
validation_017,validation,16,8,12,3,1.0,0,3,21.0,True
validation_017,validation,16,9,1,1,1.0,1,0,,False
validation_017,validation,16,9,2,1,2.0,0,1,,False
validation_017,validation,16,9,3,1,8.0,0,1,,False
validation_017,validation,16,9,4,4,3.0,1,3,7.5,True
validation_017,validation,16,9,5,7,3.7142857142857144,1,6,10.2,True
validation_017,validation,16,9,6,4,4.75,1,3,5.0,True
validation_017,validation,16,9,7,1,14.0,0,1,,False
validation_017,validation,16,9,8,8,2.75,1,7,10.5,True
validation_017,validation,16,9,9,9,2.4444444444444446,1,8,8.857142857142858,True
validation_017,validation,16,9,10,1,3.0,0,1,,False
validation_017,validation,16,9,11,1,1.0,0,1,,False
validation_017,validation,16,10,2,4,1.25,0,4,12.333333333333334,True
validation_017,validation,16,10,3,3,2.0,0,3,1.5,True
validation_017,validation,16,10,8,2,2.5,0,2,64.0,True
validation_017,validation,16,10,9,1,4.0,0,1,,False
validation_017,validation,16,11,2,1,2.0,1,0,,False
validation_017,validation,16,11,8,2,1.0,0,2,56.0,True
validation_017,validation,16,11,9,1,1.0,0,1,,False
validation_017,validation,16,12,2,1,1.0,1,0,,False
validation_017,validation,16,12,3,1,2.0,1,0,,False
validation_017,validation,16,12,4,1,1.0,0,1,,False
validation_017,validation,16,12,5,2,3.5,0,2,2.0,True
validation_017,validation,16,12,6,4,4.5,0,4,1.0,True
validation_017,validation,16,12,7,4,3.5,1,3,2.5,True
validation_017,validation,16,13,4,1,1.0,0,1,,False
validation_017,validation,16,13,5,1,2.0,0,1,,False
validation_017,validation,16,13,6,1,1.0,0,1,,False
train_sanity_000,train_sanity,8,0,1,1,6.0,1,0,,False
train_sanity_000,train_sanity,8,0,2,2,2.5,1,1,,False
train_sanity_000,train_sanity,8,0,3,2,4.0,1,1,,False
train_sanity_000,train_sanity,8,0,4,3,2.6666666666666665,1,2,11.0,True
train_sanity_000,train_sanity,8,1,0,1,1.0,1,0,,False
train_sanity_000,train_sanity,8,1,1,3,3.0,2,1,,False
train_sanity_000,train_sanity,8,1,2,2,9.5,1,1,,False
train_sanity_000,train_sanity,8,1,3,1,20.0,1,0,,False
train_sanity_000,train_sanity,8,1,4,1,20.0,1,0,,False
train_sanity_000,train_sanity,8,1,5,3,3.3333333333333335,1,2,1.0,True
train_sanity_000,train_sanity,8,1,6,1,1.0,0,1,,False
train_sanity_000,train_sanity,8,1,7,1,3.0,1,0,,False
train_sanity_000,train_sanity,8,2,1,4,2.75,2,2,12.0,True
train_sanity_000,train_sanity,8,2,2,4,4.0,2,2,13.0,True
train_sanity_000,train_sanity,8,2,3,3,5.0,2,1,,False
train_sanity_000,train_sanity,8,2,4,5,2.8,2,3,8.0,True
train_sanity_000,train_sanity,8,2,5,1,19.0,1,0,,False
train_sanity_000,train_sanity,8,2,6,1,19.0,1,0,,False
train_sanity_000,train_sanity,8,2,7,2,8.0,1,1,,False
train_sanity_000,train_sanity,8,3,0,1,2.0,0,1,,False
train_sanity_000,train_sanity,8,3,1,2,2.5,0,2,15.0,True
train_sanity_000,train_sanity,8,3,2,3,2.3333333333333335,0,3,6.5,True
train_sanity_000,train_sanity,8,3,3,4,2.25,0,4,3.6666666666666665,True
train_sanity_000,train_sanity,8,3,4,4,2.5,2,2,16.0,True
train_sanity_000,train_sanity,8,3,5,3,5.666666666666667,1,2,2.0,True
train_sanity_000,train_sanity,8,3,6,1,16.0,1,0,,False
train_sanity_000,train_sanity,8,3,7,2,7.5,1,1,,False
train_sanity_000,train_sanity,8,4,0,1,4.0,0,1,,False
train_sanity_000,train_sanity,8,4,1,1,3.0,0,1,,False
train_sanity_000,train_sanity,8,4,2,1,3.0,0,1,,False
train_sanity_000,train_sanity,8,4,3,1,4.0,0,1,,False
train_sanity_000,train_sanity,8,4,4,1,2.0,0,1,,False
train_sanity_000,train_sanity,8,4,5,1,12.0,1,0,,False
train_sanity_000,train_sanity,8,4,6,3,1.3333333333333333,2,1,,False
train_sanity_000,train_sanity,8,5,1,2,1.0,0,2,14.0,True
train_sanity_000,train_sanity,8,5,2,1,1.0,0,1,,False
train_sanity_000,train_sanity,8,6,1,1,1.0,0,1,,False
train_sanity_001,train_sanity,8,1,2,3,4.333333333333333,2,1,,False
train_sanity_001,train_sanity,8,1,3,2,4.5,1,1,,False
train_sanity_001,train_sanity,8,1,4,1,3.0,0,1,,False
train_sanity_001,train_sanity,8,1,6,1,1.0,0,1,,False
train_sanity_001,train_sanity,8,2,1,1,11.0,1,0,,False
train_sanity_001,train_sanity,8,2,2,1,15.0,1,0,,False
train_sanity_001,train_sanity,8,2,3,1,20.0,1,0,,False
train_sanity_001,train_sanity,8,2,4,1,20.0,1,0,,False
train_sanity_001,train_sanity,8,2,5,1,20.0,1,0,,False
train_sanity_001,train_sanity,8,2,6,4,3.25,1,3,4.5,True
train_sanity_001,train_sanity,8,2,7,1,1.0,0,1,,False
train_sanity_001,train_sanity,8,3,1,1,6.0,1,0,,False
train_sanity_001,train_sanity,8,3,2,2,6.0,1,1,,False
train_sanity_001,train_sanity,8,3,3,2,7.0,1,1,,False
train_sanity_001,train_sanity,8,3,4,1,20.0,1,0,,False
train_sanity_001,train_sanity,8,3,5,1,20.0,1,0,,False
train_sanity_001,train_sanity,8,3,6,4,2.25,2,2,1.0,True
train_sanity_001,train_sanity,8,3,7,1,2.0,0,1,,False
train_sanity_001,train_sanity,8,4,1,2,1.5,0,2,10.0,True
train_sanity_001,train_sanity,8,4,2,1,11.0,1,0,,False
train_sanity_001,train_sanity,8,4,3,1,10.0,1,0,,False
train_sanity_001,train_sanity,8,4,4,2,3.5,0,2,13.0,True
train_sanity_001,train_sanity,8,4,5,2,6.0,1,1,,False
train_sanity_001,train_sanity,8,4,6,1,7.0,1,0,,False
train_sanity_001,train_sanity,8,4,7,2,1.5,0,2,10.0,True
train_sanity_001,train_sanity,8,5,2,1,9.0,1,0,,False
train_sanity_001,train_sanity,8,5,3,2,4.5,0,2,11.0,True
train_sanity_001,train_sanity,8,5,4,2,2.5,0,2,15.0,True
train_sanity_001,train_sanity,8,5,5,1,4.0,0,1,,False
train_sanity_001,train_sanity,8,5,6,1,1.0,1,0,,False
train_sanity_001,train_sanity,8,7,1,1,1.0,0,1,,False
train_sanity_002,train_sanity,8,1,4,2,2.0,1,1,,False
train_sanity_002,train_sanity,8,1,5,2,7.0,1,1,,False
train_sanity_002,train_sanity,8,1,6,2,2.0,2,0,,False
train_sanity_002,train_sanity,8,2,1,1,22.0,1,0,,False
train_sanity_002,train_sanity,8,2,2,1,24.0,1,0,,False
train_sanity_002,train_sanity,8,2,3,1,24.0,1,0,,False
train_sanity_002,train_sanity,8,2,4,1,24.0,1,0,,False
train_sanity_002,train_sanity,8,2,5,2,11.5,1,1,,False
train_sanity_002,train_sanity,8,2,6,3,6.666666666666667,2,1,,False
train_sanity_002,train_sanity,8,3,1,1,24.0,1,0,,False
train_sanity_002,train_sanity,8,3,2,1,24.0,1,0,,False
train_sanity_002,train_sanity,8,3,3,1,24.0,1,0,,False
train_sanity_002,train_sanity,8,3,4,2,11.0,1,1,,False
train_sanity_002,train_sanity,8,3,5,3,7.0,2,1,,False
train_sanity_002,train_sanity,8,3,6,2,6.5,1,1,,False
train_sanity_002,train_sanity,8,4,0,1,1.0,1,0,,False
train_sanity_002,train_sanity,8,4,1,2,5.5,1,1,,False
train_sanity_002,train_sanity,8,4,2,3,5.666666666666667,2,1,,False
train_sanity_002,train_sanity,8,4,3,1,2.0,0,1,,False
train_sanity_002,train_sanity,8,4,4,2,2.0,1,1,,False
train_sanity_002,train_sanity,8,4,5,2,2.0,0,2,1.0,True
train_sanity_002,train_sanity,8,4,6,3,3.3333333333333335,1,2,15.0,True
validation_000,validation,8,0,3,1,3.0,0,1,,False
validation_000,validation,8,0,4,1,2.0,0,1,,False
validation_000,validation,8,1,1,2,2.0,1,1,,False
validation_000,validation,8,1,2,7,5.714285714285714,1,6,22.6,True
validation_000,validation,8,1,3,4,9.5,1,3,58.0,True
validation_000,validation,8,1,4,2,11.5,0,2,94.0,True
validation_000,validation,8,1,5,4,8.5,2,2,90.0,True
validation_000,validation,8,1,6,3,9.0,1,2,74.0,True
validation_000,validation,8,2,1,7,1.8571428571428572,3,4,36.666666666666664,True
validation_000,validation,8,2,2,4,29.0,1,3,49.0,True
validation_000,validation,8,2,3,3,39.666666666666664,1,2,118.0,True
validation_000,validation,8,2,4,1,117.0,1,0,,False
validation_000,validation,8,2,5,8,8.5,6,2,103.0,True
validation_000,validation,8,2,6,5,5.2,3,2,82.0,True
validation_000,validation,8,3,1,2,28.0,1,1,,False
validation_000,validation,8,3,2,3,27.666666666666668,1,2,1.0,True
validation_000,validation,8,3,3,2,56.0,2,0,,False
validation_000,validation,8,3,4,3,36.666666666666664,3,0,,False
validation_000,validation,8,3,5,4,20.75,3,1,,False
validation_000,validation,8,3,6,4,3.0,2,2,5.0,True
validation_000,validation,8,4,1,2,2.0,0,2,7.0,True
validation_000,validation,8,4,2,3,12.666666666666666,1,2,2.0,True
validation_000,validation,8,4,3,5,10.4,2,3,37.0,True
validation_000,validation,8,4,4,2,33.0,1,1,,False
validation_000,validation,8,4,5,2,19.5,2,0,,False
validation_001,validation,8,1,1,2,6.5,1,1,,False
validation_001,validation,8,1,2,1,20.0,1,0,,False
validation_001,validation,8,1,3,3,3.6666666666666665,1,2,12.0,True
validation_001,validation,8,1,4,1,3.0,0,1,,False
validation_001,validation,8,2,0,1,5.0,1,0,,False
validation_001,validation,8,2,1,1,19.0,1,0,,False
validation_001,validation,8,2,2,1,20.0,1,0,,False
validation_001,validation,8,2,3,1,20.0,1,0,,False
validation_001,validation,8,2,4,2,8.5,1,1,,False
validation_001,validation,8,2,5,1,14.0,1,0,,False
validation_001,validation,8,2,6,1,2.0,0,1,,False
validation_001,validation,8,2,7,1,2.0,0,1,,False
validation_001,validation,8,3,0,1,1.0,1,0,,False
validation_001,validation,8,3,1,2,7.0,1,1,,False
validation_001,validation,8,3,2,2,9.0,2,0,,False
validation_001,validation,8,3,3,4,3.75,2,2,2.0,True
validation_001,validation,8,3,4,2,8.0,2,0,,False
validation_001,validation,8,3,5,1,2.0,1,0,,False
validation_001,validation,8,3,6,1,9.0,1,0,,False
validation_001,validation,8,3,7,2,5.0,2,0,,False
validation_001,validation,8,4,0,1,4.0,0,1,,False
validation_001,validation,8,4,1,2,2.0,0,2,16.0,True
validation_001,validation,8,4,2,4,3.5,1,3,5.0,True
validation_001,validation,8,4,3,1,11.0,1,0,,False
validation_001,validation,8,4,4,1,12.0,1,0,,False
validation_001,validation,8,4,5,1,11.0,1,0,,False
validation_001,validation,8,4,6,1,12.0,1,0,,False
validation_001,validation,8,5,0,1,1.0,0,1,,False
validation_001,validation,8,5,1,1,4.0,0,1,,False
validation_001,validation,8,5,2,1,7.0,1,0,,False
validation_001,validation,8,5,3,1,10.0,1,0,,False
validation_001,validation,8,5,4,1,11.0,1,0,,False
validation_001,validation,8,5,5,1,11.0,1,0,,False
validation_001,validation,8,6,3,1,5.0,0,1,,False
validation_002,validation,8,0,2,1,1.0,0,1,,False
validation_002,validation,8,1,4,3,6.333333333333333,2,1,,False
validation_002,validation,8,1,5,1,28.0,1,0,,False
validation_002,validation,8,1,6,3,7.0,2,1,,False
validation_002,validation,8,2,2,1,28.0,1,0,,False
validation_002,validation,8,2,3,1,28.0,1,0,,False
validation_002,validation,8,2,4,1,28.0,1,0,,False
validation_002,validation,8,2,5,1,28.0,1,0,,False
validation_002,validation,8,2,6,1,28.0,1,0,,False
validation_002,validation,8,3,1,2,1.5,1,1,,False
validation_002,validation,8,3,2,1,28.0,1,0,,False
validation_002,validation,8,3,3,1,28.0,1,0,,False
validation_002,validation,8,3,4,2,12.0,2,0,,False
validation_002,validation,8,3,5,2,8.0,2,0,,False
validation_002,validation,8,3,6,2,6.5,1,1,,False
validation_002,validation,8,3,7,1,1.0,1,0,,False
validation_002,validation,8,4,1,1,1.0,0,1,,False
validation_002,validation,8,4,2,2,1.0,0,2,3.0,True
validation_002,validation,8,4,3,1,5.0,0,1,,False
validation_002,validation,8,4,4,1,4.0,0,1,,False
validation_003,validation,8,1,2,1,1.0,1,0,,False
validation_003,validation,8,1,3,2,3.5,1,1,,False
validation_003,validation,8,1,4,2,2.5,1,1,,False
validation_003,validation,8,1,5,1,1.0,0,1,,False
validation_003,validation,8,2,1,4,3.5,2,2,1.0,True
validation_003,validation,8,2,2,2,7.5,2,0,,False
validation_003,validation,8,2,3,1,20.0,1,0,,False
validation_003,validation,8,2,4,1,20.0,1,0,,False
validation_003,validation,8,2,5,1,18.0,1,0,,False
validation_003,validation,8,2,6,3,4.0,2,1,,False
validation_003,validation,8,3,1,3,4.666666666666667,2,1,,False
validation_003,validation,8,3,2,2,8.0,2,0,,False
validation_003,validation,8,3,3,2,7.5,2,0,,False
validation_003,validation,8,3,4,1,16.0,1,0,,False
validation_003,validation,8,3,5,1,20.0,1,0,,False
validation_003,validation,8,3,6,2,9.5,1,1,,False
validation_003,validation,8,3,7,2,1.5,1,1,,False
validation_003,validation,8,4,1,3,3.3333333333333335,1,2,12.0,True
validation_003,validation,8,4,2,2,8.0,2,0,,False
validation_003,validation,8,4,3,3,3.6666666666666665,2,1,,False
validation_003,validation,8,4,4,3,5.0,1,2,12.0,True
validation_003,validation,8,4,5,3,5.666666666666667,1,2,11.0,True
validation_003,validation,8,4,6,2,8.5,1,1,,False
validation_003,validation,8,4,7,3,2.0,0,3,7.0,True
validation_003,validation,8,5,1,1,6.0,0,1,,False
validation_003,validation,8,5,3,1,1.0,1,0,,False
validation_003,validation,8,5,5,1,4.0,0,1,,False
validation_003,validation,8,5,6,2,1.5,0,2,14.0,True
validation_003,validation,8,5,7,2,2.0,1,1,,False
validation_003,validation,8,6,2,1,2.0,0,1,,False
validation_003,validation,8,6,3,1,2.0,0,1,,False
validation_004,validation,8,0,1,1,1.0,0,1,,False
validation_004,validation,8,0,2,2,1.5,1,1,,False
validation_004,validation,8,0,3,1,10.0,1,0,,False
validation_004,validation,8,0,4,5,2.8,3,2,14.0,True
validation_004,validation,8,0,5,2,1.5,1,1,,False
validation_004,validation,8,0,6,1,2.0,0,1,,False
validation_004,validation,8,0,7,1,3.0,0,1,,False
validation_004,validation,8,1,0,1,8.0,1,0,,False
validation_004,validation,8,1,1,4,4.75,3,1,,False
validation_004,validation,8,1,2,1,22.0,1,0,,False
validation_004,validation,8,1,3,2,10.0,1,1,,False
validation_004,validation,8,1,4,4,4.0,2,2,14.0,True
validation_004,validation,8,1,5,3,6.333333333333333,1,2,20.0,True
validation_004,validation,8,1,6,3,6.0,3,0,,False
validation_004,validation,8,1,7,2,2.0,0,2,1.0,True
validation_004,validation,8,2,0,3,3.0,3,0,,False
validation_004,validation,8,2,1,4,3.0,2,2,17.0,True
validation_004,validation,8,2,2,1,15.0,1,0,,False
validation_004,validation,8,2,3,1,14.0,1,0,,False
validation_004,validation,8,2,4,1,14.0,1,0,,False
validation_004,validation,8,2,5,1,16.0,1,0,,False
validation_004,validation,8,2,6,2,1.5,1,1,,False
validation_004,validation,8,3,2,2,4.0,2,0,,False
validation_004,validation,8,3,3,1,8.0,1,0,,False
validation_004,validation,8,3,4,1,8.0,1,0,,False
validation_004,validation,8,3,5,2,2.0,1,1,,False
validation_004,validation,8,3,7,1,1.0,0,1,,False
validation_004,validation,8,4,1,1,1.0,0,1,,False
validation_004,validation,8,4,2,2,3.5,2,0,,False
validation_004,validation,8,4,3,3,1.6666666666666667,1,2,3.0,True
validation_004,validation,8,4,4,2,2.0,2,0,,False
validation_004,validation,8,4,5,2,3.5,2,0,,False
validation_004,validation,8,4,6,1,1.0,1,0,,False
validation_004,validation,8,5,3,2,1.5,0,2,3.0,True
validation_004,validation,8,5,6,1,2.0,1,0,,False
validation_004,validation,8,5,7,1,1.0,1,0,,False
validation_005,validation,8,0,2,1,1.0,0,1,,False
validation_005,validation,8,0,3,2,3.0,0,2,2.0,True
validation_005,validation,8,1,1,1,12.0,1,0,,False
validation_005,validation,8,1,2,3,5.666666666666667,1,2,3.0,True
validation_005,validation,8,1,3,3,8.666666666666666,2,1,,False
validation_005,validation,8,1,4,2,16.0,1,1,,False
validation_005,validation,8,1,5,2,12.5,2,0,,False
validation_005,validation,8,1,6,5,5.4,3,2,3.0,True
validation_005,validation,8,1,7,1,3.0,0,1,,False
validation_005,validation,8,2,0,2,16.0,2,0,,False
validation_005,validation,8,2,1,1,36.0,1,0,,False
validation_005,validation,8,2,2,1,36.0,1,0,,False
validation_005,validation,8,2,3,1,36.0,1,0,,False
validation_005,validation,8,2,4,2,16.5,2,0,,False
validation_005,validation,8,2,5,3,10.333333333333334,2,1,,False
validation_005,validation,8,2,6,2,11.0,1,1,,False
validation_005,validation,8,2,7,2,7.5,1,1,,False
validation_005,validation,8,3,0,4,3.25,2,2,20.0,True
validation_005,validation,8,3,1,5,3.2,3,2,22.0,True
validation_005,validation,8,3,2,5,2.2,2,3,1.0,True
validation_005,validation,8,3,3,2,4.5,0,2,27.0,True
validation_005,validation,8,3,4,1,6.0,0,1,,False
validation_005,validation,8,3,5,2,4.0,1,1,,False
validation_005,validation,8,3,6,1,4.0,0,1,,False
validation_005,validation,8,3,7,1,4.0,0,1,,False
validation_005,validation,8,4,1,4,2.5,1,3,1.0,True
validation_005,validation,8,4,2,3,3.6666666666666665,0,3,12.5,True
validation_005,validation,8,4,3,2,4.0,0,2,1.0,True
validation_005,validation,8,4,4,1,11.0,1,0,,False
validation_005,validation,8,4,5,2,6.0,2,0,,False
validation_005,validation,8,4,6,3,1.6666666666666667,1,2,1.0,True
validation_005,validation,8,5,1,2,2.0,0,2,1.0,True
validation_005,validation,8,5,2,2,2.0,0,2,2.0,True
validation_005,validation,8,5,4,1,8.0,0,1,,False
validation_005,validation,8,5,5,1,2.0,0,1,,False
validation_006,validation,8,0,2,3,4.0,1,2,17.0,True
validation_006,validation,8,0,3,4,4.25,1,3,7.0,True
validation_006,validation,8,0,4,4,1.25,0,4,6.0,True
validation_006,validation,8,0,5,2,1.0,0,2,21.0,True
validation_006,validation,8,0,6,3,2.3333333333333335,0,3,6.0,True
validation_006,validation,8,1,1,2,3.5,1,1,,False
validation_006,validation,8,1,2,2,6.0,1,1,,False
validation_006,validation,8,1,3,2,6.0,1,1,,False
validation_006,validation,8,1,4,2,4.0,1,1,,False
validation_006,validation,8,1,5,2,6.0,0,2,1.0,True
validation_006,validation,8,1,6,2,9.5,0,2,12.0,True
validation_006,validation,8,1,7,2,2.5,0,2,2.0,True
validation_006,validation,8,2,0,1,1.0,0,1,,False
validation_006,validation,8,2,1,3,5.0,1,2,23.0,True
validation_006,validation,8,2,2,2,6.0,1,1,,False
validation_006,validation,8,2,3,4,1.75,1,3,7.0,True
validation_006,validation,8,2,4,3,1.6666666666666667,1,2,6.0,True
validation_006,validation,8,2,5,4,3.75,0,4,3.0,True
validation_006,validation,8,2,6,4,5.25,0,4,4.333333333333333,True
validation_006,validation,8,2,7,3,5.0,0,3,3.5,True
validation_006,validation,8,3,0,6,2.8333333333333335,0,6,4.0,True
validation_006,validation,8,3,1,6,3.6666666666666665,1,5,6.0,True
validation_006,validation,8,3,2,6,5.0,1,5,4.5,True
validation_006,validation,8,3,3,5,7.8,1,4,2.3333333333333335,True
validation_006,validation,8,3,4,7,4.428571428571429,1,6,3.0,True
validation_006,validation,8,3,5,6,3.1666666666666665,1,5,5.5,True
validation_006,validation,8,3,6,4,5.75,1,3,7.5,True
validation_006,validation,8,3,7,3,4.0,1,2,18.0,True
validation_006,validation,8,4,0,2,11.5,0,2,14.0,True
validation_006,validation,8,4,1,8,3.75,2,6,3.0,True
validation_006,validation,8,4,2,6,5.833333333333333,1,5,3.25,True
validation_006,validation,8,4,3,5,6.0,1,4,5.0,True
validation_006,validation,8,4,4,4,9.0,1,3,5.5,True
validation_006,validation,8,4,5,4,5.25,0,4,4.0,True
validation_006,validation,8,4,6,5,4.0,0,5,3.5,True
validation_006,validation,8,4,7,2,4.5,0,2,20.0,True
validation_006,validation,8,5,0,2,1.5,0,2,1.0,True
validation_006,validation,8,5,1,5,3.0,0,5,3.75,True
validation_006,validation,8,5,2,6,3.8333333333333335,1,5,4.5,True
validation_006,validation,8,5,3,3,4.333333333333333,1,2,3.0,True
validation_006,validation,8,5,4,3,4.333333333333333,1,2,3.0,True
validation_006,validation,8,5,5,3,2.0,1,2,4.0,True
validation_006,validation,8,6,2,1,2.0,0,1,,False
validation_006,validation,8,6,3,2,1.0,0,2,25.0,True
validation_007,validation,8,0,2,3,5.0,2,1,,False
validation_007,validation,8,0,3,5,2.4,4,1,,False
validation_007,validation,8,0,4,1,2.0,1,0,,False
validation_007,validation,8,1,0,3,1.0,1,2,17.0,True
validation_007,validation,8,1,1,2,2.5,1,1,,False
validation_007,validation,8,1,2,1,2.0,0,1,,False
validation_007,validation,8,1,3,1,4.0,0,1,,False
validation_007,validation,8,1,4,1,14.0,1,0,,False
validation_007,validation,8,1,5,1,1.0,0,1,,False
validation_007,validation,8,1,6,1,2.0,0,1,,False
validation_007,validation,8,2,0,3,3.6666666666666665,1,2,4.0,True
validation_007,validation,8,2,1,2,8.0,2,0,,False
validation_007,validation,8,2,2,1,8.0,1,0,,False
validation_007,validation,8,2,3,2,4.0,1,1,,False
validation_007,validation,8,2,4,1,6.0,0,1,,False
validation_007,validation,8,2,5,3,1.6666666666666667,0,3,9.0,True
validation_007,validation,8,2,6,2,2.5,0,2,20.0,True
validation_007,validation,8,2,7,1,6.0,0,1,,False
validation_007,validation,8,3,0,2,6.0,1,1,,False
validation_007,validation,8,3,1,4,5.0,2,2,23.0,True
validation_007,validation,8,3,2,2,13.5,1,1,,False
validation_007,validation,8,3,3,3,8.666666666666666,1,2,18.0,True
validation_007,validation,8,3,4,4,5.5,2,2,2.0,True
validation_007,validation,8,3,5,4,4.25,2,2,21.0,True
validation_007,validation,8,3,6,2,4.0,1,1,,False
validation_007,validation,8,3,7,2,3.5,1,1,,False
validation_007,validation,8,4,0,3,5.0,2,1,,False
validation_007,validation,8,4,1,4,6.25,3,1,,False
validation_007,validation,8,4,2,2,13.5,1,1,,False
validation_007,validation,8,4,3,2,13.0,1,1,,False
validation_007,validation,8,4,4,2,13.5,1,1,,False
validation_007,validation,8,4,5,3,4.666666666666667,2,1,,False
validation_007,validation,8,4,6,1,1.0,1,0,,False
validation_007,validation,8,4,7,3,1.3333333333333333,3,0,,False
validation_007,validation,8,5,0,1,4.0,1,0,,False
validation_007,validation,8,5,1,2,5.0,2,0,,False
validation_007,validation,8,5,2,2,5.0,2,0,,False
validation_007,validation,8,5,3,1,13.0,1,0,,False
validation_007,validation,8,5,4,2,2.5,1,1,,False
validation_007,validation,8,5,7,2,1.5,1,1,,False
validation_007,validation,8,6,2,2,2.0,0,2,1.0,True
validation_008,validation,8,0,2,2,2.0,1,1,,False
validation_008,validation,8,0,3,2,1.0,1,1,,False
validation_008,validation,8,0,4,1,1.0,1,0,,False
validation_008,validation,8,0,5,1,1.0,1,0,,False
validation_008,validation,8,1,0,3,3.0,0,3,1.0,True
validation_008,validation,8,1,1,3,5.0,1,2,39.0,True
validation_008,validation,8,1,2,6,6.833333333333333,3,3,17.0,True
validation_008,validation,8,1,3,3,14.666666666666666,2,1,,False
validation_008,validation,8,1,4,3,12.333333333333334,1,2,6.0,True
validation_008,validation,8,1,5,7,2.4285714285714284,1,6,8.6,True
validation_008,validation,8,1,6,2,1.5,2,0,,False
validation_008,validation,8,2,0,9,2.2222222222222223,5,4,14.666666666666666,True
validation_008,validation,8,2,1,7,5.428571428571429,1,6,8.8,True
validation_008,validation,8,2,2,5,10.2,2,3,15.0,True
validation_008,validation,8,2,3,2,32.5,1,1,,False
validation_008,validation,8,2,4,2,32.5,2,0,,False
validation_008,validation,8,2,5,6,8.333333333333334,2,4,2.3333333333333335,True
validation_008,validation,8,2,6,5,4.8,1,4,14.0,True
validation_008,validation,8,2,7,1,4.0,0,1,,False
validation_008,validation,8,3,0,10,1.7,4,6,8.8,True
validation_008,validation,8,3,1,7,5.142857142857143,2,5,2.25,True
validation_008,validation,8,3,2,5,9.2,2,3,7.0,True
validation_008,validation,8,3,3,4,13.25,1,3,21.5,True
validation_008,validation,8,3,4,4,15.0,3,1,,False
validation_008,validation,8,3,5,7,7.428571428571429,3,4,9.0,True
validation_008,validation,8,3,6,8,1.75,6,2,1.0,True
validation_008,validation,8,3,7,1,5.0,0,1,,False
validation_008,validation,8,4,0,2,1.0,2,0,,False
validation_008,validation,8,4,1,5,3.4,4,1,,False
validation_008,validation,8,4,2,4,1.75,3,1,,False
validation_008,validation,8,4,3,4,1.25,1,3,8.0,True
validation_008,validation,8,4,4,6,3.6666666666666665,1,5,10.25,True
validation_008,validation,8,4,5,3,7.333333333333333,1,2,46.0,True
validation_008,validation,8,4,6,3,1.3333333333333333,3,0,,False
validation_008,validation,8,4,7,1,1.0,0,1,,False
validation_008,validation,8,5,4,1,1.0,1,0,,False
validation_008,validation,8,5,6,1,1.0,1,0,,False
validation_009,validation,8,0,1,1,1.0,0,1,,False
validation_009,validation,8,0,3,1,1.0,0,1,,False
validation_009,validation,8,0,4,2,3.0,0,2,49.0,True
validation_009,validation,8,0,5,2,1.0,0,2,3.0,True
validation_009,validation,8,1,1,2,4.0,0,2,18.0,True
validation_009,validation,8,1,2,3,8.0,0,3,2.0,True
validation_009,validation,8,1,3,1,23.0,0,1,,False
validation_009,validation,8,1,4,3,8.666666666666666,0,3,16.5,True
validation_009,validation,8,1,5,2,8.5,0,2,1.0,True
validation_009,validation,8,1,6,2,8.5,0,2,40.0,True
validation_009,validation,8,1,7,2,2.5,0,2,2.0,True
validation_009,validation,8,2,1,8,3.0,2,6,7.2,True
validation_009,validation,8,2,2,7,6.571428571428571,3,4,7.666666666666667,True
validation_009,validation,8,2,3,4,6.5,1,3,12.5,True
validation_009,validation,8,2,4,6,6.0,2,4,2.0,True
validation_009,validation,8,2,5,4,11.75,1,3,1.5,True
validation_009,validation,8,2,6,6,6.666666666666667,3,3,2.5,True
validation_009,validation,8,2,7,3,8.666666666666666,1,2,1.0,True
validation_009,validation,8,3,0,1,1.0,1,0,,False
validation_009,validation,8,3,1,4,5.0,1,3,16.0,True
validation_009,validation,8,3,2,6,5.0,1,5,6.5,True
validation_009,validation,8,3,3,3,11.666666666666666,1,2,1.0,True
validation_009,validation,8,3,4,3,13.333333333333334,1,2,2.0,True
validation_009,validation,8,3,5,3,14.0,1,2,2.0,True
validation_009,validation,8,3,6,3,16.333333333333332,1,2,2.0,True
validation_009,validation,8,3,7,2,10.0,1,1,,False
validation_009,validation,8,4,0,1,1.0,0,1,,False
validation_009,validation,8,4,1,4,2.75,2,2,20.0,True
validation_009,validation,8,4,2,4,2.75,1,3,13.5,True
validation_009,validation,8,4,3,2,14.0,1,1,,False
validation_009,validation,8,4,4,2,12.0,1,1,,False
validation_009,validation,8,4,5,5,5.6,2,3,9.0,True
validation_009,validation,8,4,6,7,4.571428571428571,3,4,9.0,True
validation_009,validation,8,4,7,3,1.0,1,2,31.0,True
validation_009,validation,8,5,1,2,1.5,1,1,,False
validation_009,validation,8,5,2,3,2.3333333333333335,2,1,,False
validation_009,validation,8,5,3,2,4.0,0,2,1.0,True
validation_009,validation,8,5,4,2,5.0,1,1,,False
validation_009,validation,8,5,6,1,1.0,0,1,,False
validation_009,validation,8,6,1,2,1.0,1,1,,False
validation_009,validation,8,6,2,4,1.25,1,3,1.5,True
validation_009,validation,8,6,3,1,1.0,0,1,,False
validation_010,validation,8,0,2,2,4.0,1,1,,False
validation_010,validation,8,0,3,3,14.0,3,0,,False
validation_010,validation,8,0,4,4,9.25,2,2,24.0,True
validation_010,validation,8,0,5,1,11.0,0,1,,False
validation_010,validation,8,0,6,1,6.0,0,1,,False
validation_010,validation,8,1,1,1,8.0,1,0,,False
validation_010,validation,8,1,2,2,4.5,0,2,18.0,True
validation_010,validation,8,1,3,1,24.0,0,1,,False
validation_010,validation,8,1,4,3,8.0,2,1,,False
validation_010,validation,8,1,5,3,6.0,1,2,1.0,True
validation_010,validation,8,2,0,2,2.5,0,2,4.0,True
validation_010,validation,8,2,1,2,12.0,1,1,,False
validation_010,validation,8,2,2,3,8.666666666666666,1,2,21.0,True
validation_010,validation,8,2,3,3,8.333333333333334,2,1,,False
validation_010,validation,8,2,4,6,3.3333333333333335,3,3,10.5,True
validation_010,validation,8,2,5,6,5.333333333333333,4,2,25.0,True
validation_010,validation,8,2,6,6,2.5,2,4,10.333333333333334,True
validation_010,validation,8,2,7,2,2.0,0,2,1.0,True
validation_010,validation,8,3,0,2,6.5,0,2,5.0,True
validation_010,validation,8,3,1,1,19.0,0,1,,False
validation_010,validation,8,3,2,5,8.0,2,3,1.5,True
validation_010,validation,8,3,3,2,22.5,2,0,,False
validation_010,validation,8,3,4,2,21.5,2,0,,False
validation_010,validation,8,3,5,2,22.0,1,1,,False
validation_010,validation,8,3,6,4,10.25,2,2,1.0,True
validation_010,validation,8,3,7,2,5.0,0,2,9.0,True
validation_010,validation,8,4,0,2,1.5,0,2,2.0,True
validation_010,validation,8,4,1,4,2.75,0,4,1.3333333333333333,True
validation_010,validation,8,4,2,8,3.625,4,4,9.333333333333334,True
validation_010,validation,8,4,3,5,6.6,2,3,4.5,True
validation_010,validation,8,4,4,3,11.0,2,1,,False
validation_010,validation,8,4,5,1,30.0,1,0,,False
validation_010,validation,8,4,6,3,8.666666666666666,1,2,3.0,True
validation_010,validation,8,4,7,3,5.333333333333333,1,2,2.0,True
validation_010,validation,8,5,3,3,3.0,2,1,,False
validation_010,validation,8,5,4,1,4.0,1,0,,False
validation_010,validation,8,5,5,1,11.0,1,0,,False
validation_010,validation,8,5,6,2,5.5,1,1,,False
validation_010,validation,8,5,7,1,1.0,0,1,,False
validation_010,validation,8,6,5,1,4.0,0,1,,False
validation_010,validation,8,6,6,1,3.0,0,1,,False
validation_011,validation,8,0,2,1,1.0,1,0,,False
validation_011,validation,8,1,1,1,1.0,0,1,,False
validation_011,validation,8,1,2,3,1.0,1,2,15.0,True
validation_011,validation,8,1,3,2,1.5,0,2,16.0,True
validation_011,validation,8,1,6,1,2.0,0,1,,False
validation_011,validation,8,1,7,1,3.0,0,1,,False
validation_011,validation,8,2,0,3,3.6666666666666665,1,2,13.0,True
validation_011,validation,8,2,1,1,20.0,1,0,,False
validation_011,validation,8,2,2,1,18.0,1,0,,False
validation_011,validation,8,2,3,3,4.666666666666667,2,1,,False
validation_011,validation,8,2,4,1,8.0,0,1,,False
validation_011,validation,8,2,5,2,3.5,0,2,1.0,True
validation_011,validation,8,2,6,1,8.0,0,1,,False
validation_011,validation,8,2,7,1,8.0,1,0,,False
validation_011,validation,8,3,0,4,3.5,1,3,1.5,True
validation_011,validation,8,3,1,2,9.5,1,1,,False
validation_011,validation,8,3,2,3,6.0,2,1,,False
validation_011,validation,8,3,3,2,6.0,0,2,8.0,True
validation_011,validation,8,3,4,2,8.0,1,1,,False
validation_011,validation,8,3,5,3,5.333333333333333,2,1,,False
validation_011,validation,8,3,6,1,11.0,1,0,,False
validation_011,validation,8,3,7,2,4.5,1,1,,False
validation_011,validation,8,4,0,1,2.0,0,1,,False
validation_011,validation,8,4,1,2,6.5,1,1,,False
validation_011,validation,8,4,2,5,1.8,1,4,4.333333333333333,True
validation_011,validation,8,4,3,1,3.0,0,1,,False
validation_011,validation,8,4,4,1,8.0,0,1,,False
validation_011,validation,8,4,5,1,11.0,1,0,,False
validation_011,validation,8,4,6,1,11.0,1,0,,False
validation_011,validation,8,4,7,3,2.3333333333333335,1,2,2.0,True
validation_011,validation,8,5,1,3,1.3333333333333333,1,2,1.0,True
validation_011,validation,8,5,2,1,11.0,1,0,,False
validation_011,validation,8,5,4,1,4.0,0,1,,False
validation_011,validation,8,5,5,2,1.0,1,1,,False
validation_011,validation,8,6,2,1,1.0,0,1,,False
validation_012,validation,8,0,1,1,8.0,1,0,,False
validation_012,validation,8,0,2,3,3.3333333333333335,3,0,,False
validation_012,validation,8,0,3,1,7.0,1,0,,False
validation_012,validation,8,0,4,2,2.5,1,1,,False
validation_012,validation,8,1,0,2,4.5,1,1,,False
validation_012,validation,8,1,1,1,20.0,1,0,,False
validation_012,validation,8,1,2,1,20.0,1,0,,False
validation_012,validation,8,1,3,2,6.5,2,0,,False
validation_012,validation,8,1,4,3,2.0,2,1,,False
validation_012,validation,8,1,5,2,6.5,2,0,,False
validation_012,validation,8,1,6,2,6.0,2,0,,False
validation_012,validation,8,1,7,1,6.0,1,0,,False
validation_012,validation,8,2,0,2,6.5,2,0,,False
validation_012,validation,8,2,1,1,20.0,1,0,,False
validation_012,validation,8,2,2,1,20.0,1,0,,False
validation_012,validation,8,2,3,1,17.0,1,0,,False
validation_012,validation,8,2,4,2,5.5,1,1,,False
validation_012,validation,8,2,5,3,4.333333333333333,1,2,13.0,True
validation_012,validation,8,2,6,4,2.5,2,2,14.0,True
validation_012,validation,8,2,7,4,2.5,2,2,15.0,True
validation_012,validation,8,3,0,2,3.0,1,1,,False
validation_012,validation,8,3,1,3,3.0,1,2,14.0,True
validation_012,validation,8,3,2,2,7.5,1,1,,False
validation_012,validation,8,3,3,2,7.5,2,0,,False
validation_012,validation,8,3,4,2,8.0,2,0,,False
validation_012,validation,8,3,5,2,5.5,1,1,,False
validation_012,validation,8,3,6,1,9.0,1,0,,False
validation_012,validation,8,3,7,1,6.0,1,0,,False
validation_012,validation,8,4,0,2,2.0,0,2,16.0,True
validation_012,validation,8,4,1,1,1.0,0,1,,False
validation_012,validation,8,4,2,4,2.25,2,2,14.0,True
validation_012,validation,8,4,3,4,3.25,2,2,12.0,True
validation_012,validation,8,4,4,2,3.5,1,1,,False
validation_012,validation,8,4,5,1,6.0,1,0,,False
validation_012,validation,8,4,6,1,7.0,1,0,,False
validation_012,validation,8,4,7,1,4.0,1,0,,False
validation_012,validation,8,5,2,2,1.0,1,1,,False
validation_012,validation,8,5,3,1,2.0,0,1,,False
validation_012,validation,8,5,5,1,1.0,0,1,,False
validation_012,validation,8,6,2,1,3.0,0,1,,False
validation_012,validation,8,6,3,1,3.0,0,1,,False
validation_013,validation,8,0,1,1,1.0,0,1,,False
validation_013,validation,8,0,2,4,3.0,1,3,11.0,True
validation_013,validation,8,0,3,5,2.6,1,4,6.333333333333333,True
validation_013,validation,8,1,1,2,9.0,1,1,,False
validation_013,validation,8,1,2,3,5.666666666666667,2,1,,False
validation_013,validation,8,1,3,2,16.5,1,1,,False
validation_013,validation,8,1,4,2,11.5,2,0,,False
validation_013,validation,8,1,5,1,15.0,0,1,,False
validation_013,validation,8,2,0,1,1.0,1,0,,False
validation_013,validation,8,2,1,3,5.0,1,2,21.0,True
validation_013,validation,8,2,2,5,2.4,2,3,12.5,True
validation_013,validation,8,2,3,6,2.3333333333333335,1,5,6.0,True
validation_013,validation,8,2,4,2,12.5,1,1,,False
validation_013,validation,8,2,5,4,7.0,2,2,15.0,True
validation_013,validation,8,2,6,2,2.5,0,2,24.0,True
validation_013,validation,8,3,0,2,3.0,1,1,,False
validation_013,validation,8,3,1,4,2.5,1,3,14.5,True
validation_013,validation,8,3,2,3,3.0,1,2,3.0,True
validation_013,validation,8,3,3,5,1.6,0,5,5.5,True
validation_013,validation,8,3,4,5,5.0,2,3,10.5,True
validation_013,validation,8,3,5,1,34.0,1,0,,False
validation_013,validation,8,3,6,3,9.0,1,2,3.0,True
validation_013,validation,8,3,7,1,2.0,0,1,,False
validation_013,validation,8,4,0,2,3.5,0,2,1.0,True
validation_013,validation,8,4,1,3,2.0,2,1,,False
validation_013,validation,8,4,2,3,3.6666666666666665,2,1,,False
validation_013,validation,8,4,3,2,2.5,0,2,25.0,True
validation_013,validation,8,4,4,5,3.4,1,4,3.6666666666666665,True
validation_013,validation,8,4,5,1,23.0,1,0,,False
validation_013,validation,8,4,6,2,12.0,1,1,,False
validation_013,validation,8,5,0,1,7.0,0,1,,False
validation_013,validation,8,5,1,2,4.0,1,1,,False
validation_013,validation,8,5,2,2,4.5,1,1,,False
validation_013,validation,8,5,3,1,2.0,0,1,,False
validation_013,validation,8,5,4,1,2.0,1,0,,False
validation_013,validation,8,5,5,1,7.0,1,0,,False
validation_013,validation,8,5,6,2,4.0,1,1,,False
validation_014,validation,8,0,4,3,1.6666666666666667,2,1,,False
validation_014,validation,8,0,5,3,7.333333333333333,2,1,,False
validation_014,validation,8,0,6,2,5.5,2,0,,False
validation_014,validation,8,1,1,6,3.8333333333333335,2,4,11.666666666666666,True
validation_014,validation,8,1,2,3,10.333333333333334,1,2,41.0,True
validation_014,validation,8,1,3,6,3.8333333333333335,3,3,18.5,True
validation_014,validation,8,1,4,5,4.8,4,1,,False
validation_014,validation,8,1,5,3,6.666666666666667,2,1,,False
validation_014,validation,8,1,6,4,7.75,3,1,,False
validation_014,validation,8,1,7,4,7.25,3,1,,False
validation_014,validation,8,2,0,2,1.0,0,2,47.0,True
validation_014,validation,8,2,1,6,4.166666666666667,2,4,12.666666666666666,True
validation_014,validation,8,2,2,6,6.666666666666667,4,2,40.0,True
validation_014,validation,8,2,3,6,3.1666666666666665,4,2,43.0,True
validation_014,validation,8,2,4,5,4.6,2,3,20.5,True
validation_014,validation,8,2,5,5,5.4,3,2,31.0,True
validation_014,validation,8,2,6,2,19.0,1,1,,False
validation_014,validation,8,2,7,3,11.333333333333334,2,1,,False
validation_014,validation,8,3,0,3,1.6666666666666667,2,1,,False
validation_014,validation,8,3,1,6,3.5,3,3,23.0,True
validation_014,validation,8,3,2,3,11.333333333333334,1,2,39.0,True
validation_014,validation,8,3,3,6,3.0,3,3,22.5,True
validation_014,validation,8,3,4,1,13.0,0,1,,False
validation_014,validation,8,3,5,4,7.75,2,2,39.0,True
validation_014,validation,8,3,6,7,5.428571428571429,2,5,9.75,True
validation_014,validation,8,3,7,4,7.0,3,1,,False
validation_014,validation,8,4,0,3,5.666666666666667,2,1,,False
validation_014,validation,8,4,1,3,10.666666666666666,1,2,48.0,True
validation_014,validation,8,4,2,4,7.75,1,3,22.0,True
validation_014,validation,8,4,3,3,6.0,2,1,,False
validation_014,validation,8,4,4,2,6.5,0,2,1.0,True
validation_014,validation,8,4,5,5,3.4,1,4,13.0,True
validation_014,validation,8,4,6,5,4.0,2,3,15.5,True
validation_014,validation,8,4,7,3,1.0,2,1,,False
validation_014,validation,8,5,0,2,9.0,2,0,,False
validation_014,validation,8,5,1,2,12.0,1,1,,False
validation_014,validation,8,5,2,4,3.5,3,1,,False
validation_014,validation,8,5,3,3,1.6666666666666667,0,3,19.0,True
validation_014,validation,8,5,4,1,1.0,0,1,,False
validation_015,validation,8,1,1,2,5.0,1,1,,False
validation_015,validation,8,1,2,2,10.5,1,1,,False
validation_015,validation,8,1,3,3,2.3333333333333335,1,2,1.0,True
validation_015,validation,8,1,4,2,3.0,1,1,,False
validation_015,validation,8,1,5,2,3.5,1,1,,False
validation_015,validation,8,2,1,3,7.666666666666667,1,2,15.0,True
validation_015,validation,8,2,2,2,11.5,1,1,,False
validation_015,validation,8,2,3,2,9.5,1,1,,False
validation_015,validation,8,2,4,2,3.5,1,1,,False
validation_015,validation,8,2,5,3,3.3333333333333335,1,2,23.0,True
validation_015,validation,8,2,6,3,4.333333333333333,1,2,20.0,True
validation_015,validation,8,2,7,1,1.0,0,1,,False
validation_015,validation,8,3,0,5,2.2,2,3,7.0,True
validation_015,validation,8,3,1,2,12.5,2,0,,False
validation_015,validation,8,3,2,2,12.0,1,1,,False
validation_015,validation,8,3,3,4,5.25,2,2,15.0,True
validation_015,validation,8,3,4,4,4.0,2,2,7.0,True
validation_015,validation,8,3,5,2,12.5,2,0,,False
validation_015,validation,8,3,6,3,6.333333333333333,2,1,,False
validation_015,validation,8,3,7,4,3.0,2,2,23.0,True
validation_015,validation,8,4,0,1,1.0,0,1,,False
validation_015,validation,8,4,1,2,4.0,1,1,,False
validation_015,validation,8,4,2,2,7.5,1,1,,False
validation_015,validation,8,4,3,3,7.333333333333333,1,2,1.0,True
validation_015,validation,8,4,4,2,7.5,1,1,,False
validation_015,validation,8,4,5,2,7.0,1,1,,False
validation_015,validation,8,4,6,1,9.0,1,0,,False
validation_015,validation,8,4,7,1,4.0,1,0,,False
validation_015,validation,8,5,1,1,2.0,0,1,,False
validation_015,validation,8,5,2,3,1.3333333333333333,0,3,3.0,True
validation_015,validation,8,5,3,3,6.666666666666667,1,2,3.0,True
validation_015,validation,8,5,4,2,12.0,1,1,,False
validation_015,validation,8,5,5,2,6.5,1,1,,False
validation_015,validation,8,6,3,1,1.0,0,1,,False
validation_016,validation,8,1,2,1,1.0,0,1,,False
validation_016,validation,8,1,4,1,1.0,0,1,,False
validation_016,validation,8,1,5,1,8.0,1,0,,False
validation_016,validation,8,1,6,3,5.0,2,1,,False
validation_016,validation,8,2,1,2,4.5,1,1,,False
validation_016,validation,8,2,2,1,18.0,1,0,,False
validation_016,validation,8,2,3,1,29.0,1,0,,False
validation_016,validation,8,2,4,1,30.0,1,0,,False
validation_016,validation,8,2,5,1,30.0,1,0,,False
validation_016,validation,8,2,6,1,30.0,1,0,,False
validation_016,validation,8,3,1,1,7.0,0,1,,False
validation_016,validation,8,3,2,2,6.0,1,1,,False
validation_016,validation,8,3,3,2,14.5,2,0,,False
validation_016,validation,8,3,4,1,30.0,1,0,,False
validation_016,validation,8,3,5,1,30.0,1,0,,False
validation_016,validation,8,3,6,3,5.0,2,1,,False
validation_016,validation,8,4,1,1,6.0,0,1,,False
validation_016,validation,8,4,2,2,5.5,1,1,,False
validation_016,validation,8,4,3,4,3.5,3,1,,False
validation_016,validation,8,4,4,1,16.0,1,0,,False
validation_016,validation,8,4,5,3,7.0,2,1,,False
validation_016,validation,8,4,6,3,2.6666666666666665,2,1,,False
validation_016,validation,8,5,1,1,8.0,0,1,,False
validation_016,validation,8,5,2,2,5.5,2,0,,False
validation_016,validation,8,5,3,2,9.0,2,0,,False
validation_016,validation,8,5,4,2,5.5,2,0,,False
validation_016,validation,8,5,5,3,3.0,1,2,24.0,True
validation_016,validation,8,6,1,1,3.0,0,1,,False
validation_016,validation,8,6,2,2,2.5,0,2,1.0,True
validation_016,validation,8,6,3,2,3.5,0,2,1.0,True
validation_016,validation,8,6,4,1,5.0,0,1,,False
validation_017,validation,8,1,1,1,18.0,0,1,,False
validation_017,validation,8,1,2,5,5.2,0,5,2.0,True
validation_017,validation,8,1,3,4,6.75,1,3,23.5,True
validation_017,validation,8,1,4,8,3.0,3,5,11.75,True
validation_017,validation,8,1,5,7,2.5714285714285716,0,7,11.0,True
validation_017,validation,8,1,6,1,3.0,0,1,,False
validation_017,validation,8,2,0,2,3.0,0,2,1.0,True
validation_017,validation,8,2,1,4,18.5,3,1,,False
validation_017,validation,8,2,2,1,82.0,1,0,,False
validation_017,validation,8,2,3,1,82.0,1,0,,False
validation_017,validation,8,2,4,3,26.0,1,2,79.0,True
validation_017,validation,8,2,5,10,4.4,3,7,7.5,True
validation_017,validation,8,2,6,6,3.1666666666666665,0,6,13.0,True
validation_017,validation,8,3,0,3,3.0,0,3,11.5,True
validation_017,validation,8,3,1,6,8.166666666666666,2,4,13.0,True
validation_017,validation,8,3,2,4,17.0,1,3,34.0,True
validation_017,validation,8,3,3,3,26.0,1,2,4.0,True
validation_017,validation,8,3,4,5,12.8,1,4,19.0,True
validation_017,validation,8,3,5,9,3.7777777777777777,3,6,13.0,True
validation_017,validation,8,3,6,4,3.75,0,4,21.333333333333332,True
validation_017,validation,8,4,0,3,1.6666666666666667,1,2,8.0,True
validation_017,validation,8,4,1,4,4.0,0,4,21.333333333333332,True
validation_017,validation,8,4,2,8,5.625,1,7,6.833333333333333,True
validation_017,validation,8,4,3,4,8.5,2,2,7.0,True
validation_017,validation,8,4,4,13,3.3846153846153846,5,8,8.571428571428571,True
validation_017,validation,8,4,5,5,5.0,2,3,26.0,True
validation_017,validation,8,4,6,3,1.0,0,3,21.0,True
validation_017,validation,8,5,1,5,1.8,1,4,11.666666666666666,True
validation_017,validation,8,5,4,4,1.75,0,4,20.666666666666668,True
validation_017,validation,8,6,1,1,3.0,1,0,,False
validation_017,validation,8,6,2,2,3.5,0,2,2.0,True
validation_017,validation,8,6,3,3,7.666666666666667,1,2,1.0,True
