video_alias,split,grid_resolution,bin_row,bin_col,point_count,mean_training_window_occurrence,disagreement_rate
train_sanity_000,train_sanity,16,1,2,4,1.0,0.0
train_sanity_000,train_sanity,16,1,3,66,1.0,0.0
train_sanity_000,train_sanity,16,1,4,47,1.0,0.0
train_sanity_000,train_sanity,16,1,5,6,1.0,0.0
train_sanity_000,train_sanity,16,1,6,96,1.0520833333333333,0.03125
train_sanity_000,train_sanity,16,1,7,74,1.027027027027027,0.02702702702702703
train_sanity_000,train_sanity,16,1,8,122,1.0,0.0
train_sanity_000,train_sanity,16,1,9,56,1.0,0.0
train_sanity_000,train_sanity,16,2,2,10,1.6,0.4
train_sanity_000,train_sanity,16,2,3,18,1.3888888888888888,0.3333333333333333
train_sanity_000,train_sanity,16,2,4,150,1.5266666666666666,0.18
train_sanity_000,train_sanity,16,2,5,387,1.5478036175710594,0.08010335917312661
train_sanity_000,train_sanity,16,2,6,495,1.3131313131313131,0.10909090909090909
train_sanity_000,train_sanity,16,2,7,784,1.1887755102040816,0.1875
train_sanity_000,train_sanity,16,2,8,540,1.3037037037037038,0.19074074074074074
train_sanity_000,train_sanity,16,2,9,304,1.269736842105263,0.18092105263157895
train_sanity_000,train_sanity,16,2,10,18,1.0,0.0
train_sanity_000,train_sanity,16,3,1,1,2.0,1.0
train_sanity_000,train_sanity,16,3,2,98,1.2448979591836735,0.10204081632653061
train_sanity_000,train_sanity,16,3,3,198,1.0151515151515151,0.015151515151515152
train_sanity_000,train_sanity,16,3,4,618,1.3705501618122977,0.09223300970873786
train_sanity_000,train_sanity,16,3,5,994,1.3219315895372235,0.05835010060362173
train_sanity_000,train_sanity,16,3,6,402,1.4427860696517414,0.19402985074626866
train_sanity_000,train_sanity,16,3,7,509,1.699410609037328,0.28094302554027506
train_sanity_000,train_sanity,16,3,8,557,1.6175942549371634,0.21723518850987433
train_sanity_000,train_sanity,16,3,9,529,1.5992438563327032,0.2381852551984877
train_sanity_000,train_sanity,16,3,10,213,1.6854460093896713,0.2863849765258216
train_sanity_000,train_sanity,16,3,11,27,1.7037037037037037,0.4074074074074074
train_sanity_000,train_sanity,16,3,13,30,1.0,0.0
train_sanity_000,train_sanity,16,3,14,18,1.0,0.0
train_sanity_000,train_sanity,16,4,2,49,1.3673469387755102,0.3673469387755102
train_sanity_000,train_sanity,16,4,3,155,1.9161290322580644,0.6129032258064516
train_sanity_000,train_sanity,16,4,4,253,1.6126482213438735,0.48616600790513836
train_sanity_000,train_sanity,16,4,5,343,1.1078717201166182,0.05539358600583091
train_sanity_000,train_sanity,16,4,6,482,1.004149377593361,0.0
train_sanity_000,train_sanity,16,4,7,492,1.1991869918699187,0.0508130081300813
train_sanity_000,train_sanity,16,4,8,314,1.929936305732484,0.2929936305732484
train_sanity_000,train_sanity,16,4,9,334,1.9820359281437125,0.3143712574850299
train_sanity_000,train_sanity,16,4,10,462,1.9935064935064934,0.09523809523809523
train_sanity_000,train_sanity,16,4,11,440,1.8386363636363636,0.2409090909090909
train_sanity_000,train_sanity,16,4,12,115,1.608695652173913,0.26956521739130435
train_sanity_000,train_sanity,16,4,13,203,1.0738916256157636,0.04433497536945813
train_sanity_000,train_sanity,16,4,14,192,1.0052083333333333,0.005208333333333333
train_sanity_000,train_sanity,16,4,15,2,1.0,0.0
train_sanity_000,train_sanity,16,5,2,5,1.0,0.0
train_sanity_000,train_sanity,16,5,3,64,1.015625,0.015625
train_sanity_000,train_sanity,16,5,4,63,1.0476190476190477,0.031746031746031744
train_sanity_000,train_sanity,16,5,5,278,1.0,0.0
train_sanity_000,train_sanity,16,5,6,337,1.0207715133531157,0.008902077151335312
train_sanity_000,train_sanity,16,5,7,777,1.2136422136422136,0.06048906048906049
train_sanity_000,train_sanity,16,5,8,552,1.0471014492753623,0.041666666666666664
train_sanity_000,train_sanity,16,5,9,333,1.9639639639639639,0.16216216216216217
train_sanity_000,train_sanity,16,5,10,497,1.9476861167002013,0.03621730382293763
train_sanity_000,train_sanity,16,5,11,1179,1.46225614927905,0.01441899915182358
train_sanity_000,train_sanity,16,5,12,1101,1.6049046321525886,0.09627611262488647
train_sanity_000,train_sanity,16,5,13,1425,1.4680701754385965,0.060350877192982454
train_sanity_000,train_sanity,16,5,14,1132,1.3418727915194346,0.15812720848056538
train_sanity_000,train_sanity,16,5,15,44,1.0,0.0
train_sanity_000,train_sanity,16,6,1,15,1.0,0.0
train_sanity_000,train_sanity,16,6,2,35,1.0,0.0
train_sanity_000,train_sanity,16,6,3,63,1.0,0.0
train_sanity_000,train_sanity,16,6,4,145,1.0,0.0
train_sanity_000,train_sanity,16,6,5,229,1.0,0.0
train_sanity_000,train_sanity,16,6,6,298,1.0,0.0
train_sanity_000,train_sanity,16,6,7,88,1.0454545454545454,0.045454545454545456
train_sanity_000,train_sanity,16,6,8,6,1.6666666666666667,0.6666666666666666
train_sanity_000,train_sanity,16,6,9,99,1.9898989898989898,0.3333333333333333
train_sanity_000,train_sanity,16,6,10,801,1.4057428214731587,0.05368289637952559
train_sanity_000,train_sanity,16,6,11,1496,1.3790106951871657,0.02406417112299465
train_sanity_000,train_sanity,16,6,12,1058,1.4338374291115312,0.04064272211720227
train_sanity_000,train_sanity,16,6,13,839,1.699642431466031,0.13110846245530394
train_sanity_000,train_sanity,16,6,14,503,1.7236580516898607,0.3240556660039761
train_sanity_000,train_sanity,16,6,15,9,1.5555555555555556,0.4444444444444444
train_sanity_000,train_sanity,16,7,1,7,1.0,0.0
train_sanity_000,train_sanity,16,7,2,18,1.0,0.0
train_sanity_000,train_sanity,16,7,3,3,1.0,0.0
train_sanity_000,train_sanity,16,7,4,237,1.0,0.0
train_sanity_000,train_sanity,16,7,5,63,1.0,0.0
train_sanity_000,train_sanity,16,7,6,5,1.0,0.0
train_sanity_000,train_sanity,16,7,7,35,1.0285714285714285,0.02857142857142857
train_sanity_000,train_sanity,16,7,8,6,1.8333333333333333,0.8333333333333334
train_sanity_000,train_sanity,16,7,9,17,1.0,0.0
train_sanity_000,train_sanity,16,7,10,942,1.143312101910828,0.03821656050955414
train_sanity_000,train_sanity,16,7,11,1294,1.3493044822256568,0.07187017001545595
train_sanity_000,train_sanity,16,7,12,451,1.4257206208425721,0.16186252771618626
train_sanity_000,train_sanity,16,7,13,159,1.949685534591195,0.2830188679245283
train_sanity_000,train_sanity,16,7,14,109,1.9908256880733946,0.3302752293577982
train_sanity_000,train_sanity,16,7,15,2,2.0,1.0
train_sanity_000,train_sanity,16,8,0,20,1.0,0.0
train_sanity_000,train_sanity,16,8,1,1,1.0,0.0
train_sanity_000,train_sanity,16,8,2,1,1.0,0.0
train_sanity_000,train_sanity,16,8,4,118,1.0,0.0
train_sanity_000,train_sanity,16,8,5,2,1.0,0.0
train_sanity_000,train_sanity,16,8,6,5,1.0,0.0
train_sanity_000,train_sanity,16,8,7,22,1.0,0.0
train_sanity_000,train_sanity,16,8,9,4,1.0,0.0
train_sanity_000,train_sanity,16,8,10,252,1.1388888888888888,0.07539682539682539
train_sanity_000,train_sanity,16,8,11,294,1.5714285714285714,0.32653061224489793
train_sanity_000,train_sanity,16,8,12,9,1.1111111111111112,0.0
train_sanity_000,train_sanity,16,9,0,1,1.0,0.0
train_sanity_000,train_sanity,16,9,2,54,1.0,0.0
train_sanity_000,train_sanity,16,9,4,13,1.0,0.0
train_sanity_000,train_sanity,16,9,5,28,1.0,0.0
train_sanity_000,train_sanity,16,9,6,8,1.0,0.0
train_sanity_000,train_sanity,16,10,2,1,1.0,0.0
train_sanity_000,train_sanity,16,10,5,18,1.0,0.0
train_sanity_000,train_sanity,16,11,2,6,1.0,0.0
train_sanity_000,train_sanity,16,12,3,1,1.0,0.0
train_sanity_001,train_sanity,16,3,4,3,1.0,0.0
train_sanity_001,train_sanity,16,3,5,41,1.048780487804878,0.024390243902439025
train_sanity_001,train_sanity,16,3,6,145,1.0,0.0
train_sanity_001,train_sanity,16,3,7,12,1.0,0.0
train_sanity_001,train_sanity,16,3,8,53,1.0,0.0
train_sanity_001,train_sanity,16,3,12,1,1.0,0.0
train_sanity_001,train_sanity,16,4,3,40,1.0,0.0
train_sanity_001,train_sanity,16,4,4,630,1.16984126984127,0.09047619047619047
train_sanity_001,train_sanity,16,4,5,657,1.0837138508371384,0.0624048706240487
train_sanity_001,train_sanity,16,4,6,858,1.2062937062937062,0.1317016317016317
train_sanity_001,train_sanity,16,4,7,843,1.379596678529063,0.13048635824436536
train_sanity_001,train_sanity,16,4,8,663,1.2126696832579185,0.14630467571644043
train_sanity_001,train_sanity,16,4,9,315,1.0063492063492063,0.006349206349206349
train_sanity_001,train_sanity,16,4,10,252,1.1111111111111112,0.06746031746031746
train_sanity_001,train_sanity,16,4,11,69,1.2608695652173914,0.2463768115942029
train_sanity_001,train_sanity,16,4,12,120,1.0,0.0
train_sanity_001,train_sanity,16,4,13,14,1.0,0.0
train_sanity_001,train_sanity,16,5,2,5,1.0,0.0
train_sanity_001,train_sanity,16,5,3,111,1.5765765765765767,0.22522522522522523
train_sanity_001,train_sanity,16,5,4,875,1.8034285714285714,0.4228571428571429
train_sanity_001,train_sanity,16,5,5,222,1.5045045045045045,0.45495495495495497
train_sanity_001,train_sanity,16,5,6,447,1.6979865771812082,0.5369127516778524
train_sanity_001,train_sanity,16,5,7,756,1.7407407407407407,0.17063492063492064
train_sanity_001,train_sanity,16,5,8,944,1.4639830508474576,0.13771186440677965
train_sanity_001,train_sanity,16,5,9,755,1.262251655629139,0.08741721854304636
train_sanity_001,train_sanity,16,5,10,621,1.1545893719806763,0.12238325281803543
train_sanity_001,train_sanity,16,5,11,567,1.3721340388007055,0.24514991181657847
train_sanity_001,train_sanity,16,5,12,257,1.3540856031128405,0.2801556420233463
train_sanity_001,train_sanity,16,5,13,115,1.0869565217391304,0.08695652173913043
train_sanity_001,train_sanity,16,5,14,1,1.0,0.0
train_sanity_001,train_sanity,16,6,2,25,2.0,0.4
train_sanity_001,train_sanity,16,6,3,44,2.0,0.8863636363636364
train_sanity_001,train_sanity,16,6,4,227,2.0,0.18061674008810572
train_sanity_001,train_sanity,16,6,5,398,1.9447236180904524,0.5653266331658291
train_sanity_001,train_sanity,16,6,6,446,1.5762331838565022,0.36995515695067266
train_sanity_001,train_sanity,16,6,7,230,1.7043478260869565,0.11304347826086956
train_sanity_001,train_sanity,16,6,8,980,1.6091836734693878,0.22755102040816327
train_sanity_001,train_sanity,16,6,9,994,1.243460764587525,0.11670020120724346
train_sanity_001,train_sanity,16,6,10,834,1.353717026378897,0.2026378896882494
train_sanity_001,train_sanity,16,6,11,537,1.271880819366853,0.11173184357541899
train_sanity_001,train_sanity,16,6,12,149,1.087248322147651,0.08053691275167785
train_sanity_001,train_sanity,16,6,13,13,1.0,0.0
train_sanity_001,train_sanity,16,7,2,36,1.9166666666666667,0.5277777777777778
train_sanity_001,train_sanity,16,7,3,412,1.9951456310679612,0.587378640776699
train_sanity_001,train_sanity,16,7,4,423,1.9810874704491725,0.33569739952718675
train_sanity_001,train_sanity,16,7,5,87,1.9885057471264367,0.5172413793103449
train_sanity_001,train_sanity,16,7,6,326,2.0,0.37423312883435583
train_sanity_001,train_sanity,16,7,7,126,1.9761904761904763,0.23809523809523808
train_sanity_001,train_sanity,16,7,8,112,1.3928571428571428,0.26785714285714285
train_sanity_001,train_sanity,16,7,9,590,1.3966101694915254,0.12033898305084746
train_sanity_001,train_sanity,16,7,10,1103,1.4741613780598368,0.09338168631006347
train_sanity_001,train_sanity,16,7,11,216,1.5972222222222223,0.5370370370370371
train_sanity_001,train_sanity,16,7,12,43,1.0,0.0
train_sanity_001,train_sanity,16,7,13,1,1.0,0.0
train_sanity_001,train_sanity,16,7,14,31,1.0,0.0
train_sanity_001,train_sanity,16,7,15,1,1.0,0.0
train_sanity_001,train_sanity,16,8,2,2,1.0,0.0
train_sanity_001,train_sanity,16,8,3,17,1.3529411764705883,0.35294117647058826
train_sanity_001,train_sanity,16,8,4,99,1.7575757575757576,0.35353535353535354
train_sanity_001,train_sanity,16,8,5,513,1.6666666666666667,0.33723196881091616
train_sanity_001,train_sanity,16,8,6,263,1.2699619771863118,0.1482889733840304
train_sanity_001,train_sanity,16,8,7,57,1.0,0.0
train_sanity_001,train_sanity,16,8,9,266,1.4285714285714286,0.22180451127819548
train_sanity_001,train_sanity,16,8,10,470,1.3085106382978724,0.19787234042553192
train_sanity_001,train_sanity,16,8,11,458,1.5262008733624455,0.4847161572052402
train_sanity_001,train_sanity,16,8,12,26,1.5769230769230769,0.5
train_sanity_001,train_sanity,16,8,14,23,1.0,0.0
train_sanity_001,train_sanity,16,9,3,3,1.6666666666666667,0.3333333333333333
train_sanity_001,train_sanity,16,9,4,10,1.0,0.0
train_sanity_001,train_sanity,16,9,5,354,1.5225988700564972,0.07062146892655367
train_sanity_001,train_sanity,16,9,6,329,1.2279635258358663,0.0729483282674772
train_sanity_001,train_sanity,16,9,7,173,1.0115606936416186,0.005780346820809248
train_sanity_001,train_sanity,16,9,9,9,1.0,0.0
train_sanity_001,train_sanity,16,9,10,53,1.3396226415094339,0.22641509433962265
train_sanity_001,train_sanity,16,9,11,7,1.4285714285714286,0.42857142857142855
train_sanity_001,train_sanity,16,9,12,2,2.0,1.0
train_sanity_001,train_sanity,16,10,5,422,1.3981042654028435,0.12322274881516587
train_sanity_001,train_sanity,16,10,6,668,1.2335329341317365,0.03143712574850299
train_sanity_001,train_sanity,16,10,7,182,1.0164835164835164,0.01098901098901099
train_sanity_001,train_sanity,16,10,8,2,1.0,0.0
train_sanity_001,train_sanity,16,10,9,15,1.0,0.0
train_sanity_001,train_sanity,16,10,10,30,1.0,0.0
train_sanity_001,train_sanity,16,10,11,1,1.0,0.0
train_sanity_001,train_sanity,16,11,5,31,1.0,0.0
train_sanity_001,train_sanity,16,11,6,3,1.0,0.0
train_sanity_001,train_sanity,16,11,7,38,1.0,0.0
train_sanity_001,train_sanity,16,11,8,1,1.0,0.0
train_sanity_001,train_sanity,16,11,12,1,1.0,0.0
train_sanity_001,train_sanity,16,14,3,3,1.0,0.0
train_sanity_002,train_sanity,16,2,12,1,1.0,0.0
train_sanity_002,train_sanity,16,3,9,7,1.0,0.0
train_sanity_002,train_sanity,16,3,10,129,1.5271317829457365,0.26356589147286824
train_sanity_002,train_sanity,16,3,11,124,1.1693548387096775,0.10483870967741936
train_sanity_002,train_sanity,16,3,12,9,1.3333333333333333,0.3333333333333333
train_sanity_002,train_sanity,16,4,2,3,1.0,0.0
train_sanity_002,train_sanity,16,4,4,128,1.6796875,0.265625
train_sanity_002,train_sanity,16,4,5,359,1.7632311977715878,0.2395543175487465
train_sanity_002,train_sanity,16,4,6,408,1.8725490196078431,0.4632352941176471
train_sanity_002,train_sanity,16,4,7,569,1.4130052724077329,0.0632688927943761
train_sanity_002,train_sanity,16,4,8,1048,1.4484732824427482,0.10019083969465649
train_sanity_002,train_sanity,16,4,9,1349,1.6612305411415864,0.20978502594514456
train_sanity_002,train_sanity,16,4,10,453,1.4591611479028697,0.2185430463576159
train_sanity_002,train_sanity,16,4,11,290,1.3827586206896552,0.2620689655172414
train_sanity_002,train_sanity,16,4,12,156,1.1282051282051282,0.1282051282051282
train_sanity_002,train_sanity,16,4,13,35,1.0,0.0
train_sanity_002,train_sanity,16,5,2,253,1.4861660079051384,0.22529644268774704
train_sanity_002,train_sanity,16,5,3,2034,1.3618485742379547,0.0624385447394297
train_sanity_002,train_sanity,16,5,4,2378,1.3322119428090833,0.028595458368376788
train_sanity_002,train_sanity,16,5,5,2312,1.2876297577854672,0.01730103806228374
train_sanity_002,train_sanity,16,5,6,2235,1.3624161073825503,0.029082774049217
train_sanity_002,train_sanity,16,5,7,2035,1.479115479115479,0.0343980343980344
train_sanity_002,train_sanity,16,5,8,1307,1.2456006120887528,0.036725325172149964
train_sanity_002,train_sanity,16,5,9,501,1.9281437125748504,0.7045908183632734
train_sanity_002,train_sanity,16,5,10,4,1.0,0.0
train_sanity_002,train_sanity,16,5,11,626,1.0942492012779552,0.03194888178913738
train_sanity_002,train_sanity,16,5,12,411,1.0827250608272505,0.0535279805352798
train_sanity_002,train_sanity,16,5,13,124,1.0080645161290323,0.008064516129032258
train_sanity_002,train_sanity,16,6,2,637,1.4207221350078494,0.12401883830455258
train_sanity_002,train_sanity,16,6,3,1666,1.3319327731092436,0.021608643457382955
train_sanity_002,train_sanity,16,6,4,2200,1.279090909090909,0.006818181818181818
train_sanity_002,train_sanity,16,6,5,2402,1.3218151540383014,0.014571190674437969
train_sanity_002,train_sanity,16,6,6,1530,1.361437908496732,0.030065359477124184
train_sanity_002,train_sanity,16,6,7,787,1.1753494282083863,0.07623888182973317
train_sanity_002,train_sanity,16,6,8,236,1.13135593220339,0.09745762711864407
train_sanity_002,train_sanity,16,6,9,993,1.3987915407854985,0.27089627391742194
train_sanity_002,train_sanity,16,6,10,499,1.0440881763527055,0.03206412825651302
train_sanity_002,train_sanity,16,6,11,571,1.1471103327495622,0.03152364273204904
train_sanity_002,train_sanity,16,6,12,447,1.1946308724832215,0.1342281879194631
train_sanity_002,train_sanity,16,7,2,177,1.6723163841807909,0.4519774011299435
train_sanity_002,train_sanity,16,7,3,904,1.3384955752212389,0.1847345132743363
train_sanity_002,train_sanity,16,7,4,898,1.188195991091314,0.09020044543429843
train_sanity_002,train_sanity,16,7,5,1214,1.0634266886326194,0.027182866556836903
train_sanity_002,train_sanity,16,7,6,633,1.161137440758294,0.052132701421800945
train_sanity_002,train_sanity,16,7,7,8,1.0,0.0
train_sanity_002,train_sanity,16,7,8,109,1.1376146788990826,0.12844036697247707
train_sanity_002,train_sanity,16,7,9,57,1.5614035087719298,0.43859649122807015
train_sanity_002,train_sanity,16,7,10,7,1.0,0.0
train_sanity_002,train_sanity,16,7,11,74,1.0,0.0
train_sanity_002,train_sanity,16,7,12,360,1.0,0.0
train_sanity_002,train_sanity,16,7,13,2,1.0,0.0
train_sanity_002,train_sanity,16,8,1,1,1.0,0.0
train_sanity_002,train_sanity,16,8,2,66,1.893939393939394,0.4090909090909091
train_sanity_002,train_sanity,16,8,3,341,1.8064516129032258,0.6627565982404692
train_sanity_002,train_sanity,16,8,4,22,1.4545454545454546,0.3181818181818182
train_sanity_002,train_sanity,16,8,5,40,1.0,0.0
train_sanity_002,train_sanity,16,8,6,6,1.0,0.0
train_sanity_002,train_sanity,16,8,8,2,1.0,0.0
train_sanity_002,train_sanity,16,8,9,6,2.0,1.0
train_sanity_002,train_sanity,16,8,11,26,1.0,0.0
train_sanity_002,train_sanity,16,8,12,132,1.0,0.0
train_sanity_002,train_sanity,16,8,13,28,1.0,0.0
train_sanity_002,train_sanity,16,9,4,16,1.25,0.25
train_sanity_002,train_sanity,16,9,12,4,1.0,0.0
train_sanity_002,train_sanity,16,9,13,3,1.0,0.0
validation_000,validation,16,1,7,3,1.0,0.0
validation_000,validation,16,1,8,2,1.0,0.0
validation_000,validation,16,2,5,75,1.0,0.0
validation_000,validation,16,2,6,8,1.25,0.0
validation_000,validation,16,2,9,87,2.0,0.5287356321839081
validation_000,validation,16,2,10,342,1.9941520467836258,0.3391812865497076
validation_000,validation,16,2,11,322,1.8850931677018634,0.5496894409937888
validation_000,validation,16,2,12,155,2.0,0.5741935483870968
validation_000,validation,16,3,3,29,1.0689655172413792,0.06896551724137931
validation_000,validation,16,3,4,863,1.8041714947856315,0.35921205098493625
validation_000,validation,16,3,5,615,1.7138211382113822,0.5723577235772358
validation_000,validation,16,3,6,1739,1.9948246118458886,0.3956296722254169
validation_000,validation,16,3,7,445,1.9842696629213483,0.7370786516853932
validation_000,validation,16,3,8,593,1.9713322091062395,0.3086003372681282
validation_000,validation,16,3,9,1024,1.9990234375,0.306640625
validation_000,validation,16,3,10,629,2.0,0.38791732909379967
validation_000,validation,16,3,11,660,1.9454545454545455,0.646969696969697
validation_000,validation,16,3,12,430,2.0,0.8488372093023255
validation_000,validation,16,4,3,5,1.8,0.8
validation_000,validation,16,4,4,3519,1.9749928957090082,0.21142369991474852
validation_000,validation,16,4,5,4667,1.8598671523462609,0.1649882151274909
validation_000,validation,16,4,6,6406,1.8744926631283172,0.23837027786450202
validation_000,validation,16,4,7,2976,1.9243951612903225,0.5467069892473119
validation_000,validation,16,4,8,1082,1.9316081330868762,0.45748613678373384
validation_000,validation,16,4,9,999,1.4284284284284283,0.11811811811811812
validation_000,validation,16,4,10,373,1.4638069705093835,0.38873994638069703
validation_000,validation,16,4,11,468,2.0,0.5512820512820513
validation_000,validation,16,4,12,390,2.0,0.441025641025641
validation_000,validation,16,4,13,9,2.0,0.7777777777777778
validation_000,validation,16,5,3,56,2.0,0.4642857142857143
validation_000,validation,16,5,4,2402,1.9671107410491258,0.47960033305578686
validation_000,validation,16,5,5,4425,1.9475706214689266,0.29423728813559324
validation_000,validation,16,5,6,8861,1.9177293759169394,0.26949554226385286
validation_000,validation,16,5,7,8787,1.9446910208262205,0.24581768521679753
validation_000,validation,16,5,8,7947,1.985780797785328,0.30728576821442055
validation_000,validation,16,5,9,3706,1.7933081489476526,0.23205612520237454
validation_000,validation,16,5,10,2075,1.969156626506024,0.26602409638554214
validation_000,validation,16,5,11,1152,2.0,0.3940972222222222
validation_000,validation,16,5,12,444,2.0,0.43243243243243246
validation_000,validation,16,5,13,112,2.0,0.39285714285714285
validation_000,validation,16,6,2,347,2.0,0.27089337175792505
validation_000,validation,16,6,3,1605,2.0,0.36074766355140186
validation_000,validation,16,6,4,2607,1.9927119294207902,0.24971231300345226
validation_000,validation,16,6,5,2306,2.0,0.4492627927146574
validation_000,validation,16,6,6,3406,1.94920728126835,0.2463300058719906
validation_000,validation,16,6,7,6103,1.876454202851057,0.24135670981484517
validation_000,validation,16,6,8,7751,1.9739388466004386,0.28396335956650753
validation_000,validation,16,6,9,3794,1.9971006852925672,0.24327886136004218
validation_000,validation,16,6,10,5539,1.9992778479870013,0.4473731720527171
validation_000,validation,16,6,11,3415,2.0,0.43455344070278185
validation_000,validation,16,6,12,48,2.0,0.9375
validation_000,validation,16,6,13,31,2.0,0.7419354838709677
validation_000,validation,16,7,2,68,2.0,0.75
validation_000,validation,16,7,3,2400,2.0,0.2833333333333333
validation_000,validation,16,7,4,4450,2.0,0.19842696629213483
validation_000,validation,16,7,5,8324,1.9998798654493033,0.23690533397405095
validation_000,validation,16,7,6,6407,1.9970344935227096,0.2163258935539254
validation_000,validation,16,7,7,5484,1.9336250911743253,0.21207148067104303
validation_000,validation,16,7,8,4242,1.81989627534182,0.23243752946723245
validation_000,validation,16,7,9,1381,1.999275887038378,0.5836350470673425
validation_000,validation,16,7,10,2654,2.0,0.3055764883195177
validation_000,validation,16,7,11,3084,2.0,0.18450064850843062
validation_000,validation,16,7,12,1,2.0,1.0
validation_000,validation,16,7,13,2,2.0,1.0
validation_000,validation,16,8,2,4,2.0,0.75
validation_000,validation,16,8,3,1,2.0,1.0
validation_000,validation,16,8,4,13,2.0,0.8461538461538461
validation_000,validation,16,8,5,714,2.0,0.39775910364145656
validation_000,validation,16,8,6,678,2.0,0.7669616519174042
validation_000,validation,16,8,7,1512,2.0,0.3194444444444444
validation_000,validation,16,8,8,929,1.9956942949407965,0.5091496232508074
validation_000,validation,16,8,9,2805,2.0,0.32869875222816397
validation_000,validation,16,8,10,740,2.0,0.41081081081081083
validation_000,validation,16,8,11,475,2.0,0.28842105263157897
validation_000,validation,16,9,5,2,2.0,1.0
validation_000,validation,16,9,8,3,2.0,1.0
validation_000,validation,16,9,9,1119,2.0,0.5406613047363718
validation_000,validation,16,9,10,471,2.0,0.6857749469214437
validation_001,validation,16,2,3,78,1.0,0.0
validation_001,validation,16,2,4,130,1.0846153846153845,0.03076923076923077
validation_001,validation,16,3,3,269,1.7026022304832713,0.040892193308550186
validation_001,validation,16,3,4,768,1.64453125,0.03125
validation_001,validation,16,3,5,320,1.296875,0.1125
validation_001,validation,16,3,6,137,1.4233576642335766,0.19708029197080293
validation_001,validation,16,3,7,81,1.6419753086419753,0.3950617283950617
validation_001,validation,16,3,9,34,1.0,0.0
validation_001,validation,16,4,3,705,1.676595744680851,0.1347517730496454
validation_001,validation,16,4,4,647,1.7557959814528594,0.1777434312210201
validation_001,validation,16,4,5,1207,1.3777961888980945,0.07953603976801989
validation_001,validation,16,4,6,323,1.278637770897833,0.15479876160990713
validation_001,validation,16,4,7,139,1.776978417266187,0.2805755395683453
validation_001,validation,16,4,8,146,1.8630136986301369,0.1095890410958904
validation_001,validation,16,4,9,534,1.0692883895131087,0.03745318352059925
validation_001,validation,16,4,10,414,1.0821256038647342,0.028985507246376812
validation_001,validation,16,4,11,2,1.0,0.0
validation_001,validation,16,5,1,21,1.0476190476190477,0.047619047619047616
validation_001,validation,16,5,2,303,1.0066006600660067,0.006600660066006601
validation_001,validation,16,5,3,630,1.5206349206349206,0.11587301587301588
validation_001,validation,16,5,4,1067,1.1574507966260543,0.05248359887535145
validation_001,validation,16,5,5,654,1.3226299694189603,0.1636085626911315
validation_001,validation,16,5,6,352,1.1647727272727273,0.07102272727272728
validation_001,validation,16,5,7,537,1.515828677839851,0.20297951582867785
validation_001,validation,16,5,8,169,1.9940828402366864,0.22485207100591717
validation_001,validation,16,5,9,507,1.8658777120315582,0.48717948717948717
validation_001,validation,16,5,10,201,1.5323383084577114,0.3482587064676617
validation_001,validation,16,5,11,8,1.5,0.25
validation_001,validation,16,5,13,15,1.0,0.0
validation_001,validation,16,5,14,44,1.0,0.0
validation_001,validation,16,6,1,3,1.0,0.0
validation_001,validation,16,6,2,188,1.0,0.0
validation_001,validation,16,6,3,159,1.0880503144654088,0.06918238993710692
validation_001,validation,16,6,4,272,1.4227941176470589,0.16911764705882354
validation_001,validation,16,6,5,432,1.6226851851851851,0.16898148148148148
validation_001,validation,16,6,6,20,2.0,0.55
validation_001,validation,16,6,7,305,1.4295081967213115,0.08196721311475409
validation_001,validation,16,6,8,333,1.7207207207207207,0.12312312312312312
validation_001,validation,16,6,9,154,1.8831168831168832,0.18181818181818182
validation_001,validation,16,6,10,25,2.0,0.96
validation_001,validation,16,6,11,8,2.0,1.0
validation_001,validation,16,6,13,167,1.0,0.0
validation_001,validation,16,6,14,269,1.0892193308550187,0.07434944237918216
validation_001,validation,16,7,2,261,1.0,0.0
validation_001,validation,16,7,3,183,1.005464480874317,0.00546448087431694
validation_001,validation,16,7,4,177,1.2485875706214689,0.24293785310734464
validation_001,validation,16,7,5,351,1.358974358974359,0.16524216524216523
validation_001,validation,16,7,6,81,1.4691358024691359,0.012345679012345678
validation_001,validation,16,7,7,34,1.6176470588235294,0.35294117647058826
validation_001,validation,16,7,8,962,1.3014553014553014,0.030145530145530147
validation_001,validation,16,7,9,264,1.8068181818181819,0.16666666666666666
validation_001,validation,16,7,10,4,2.0,1.0
validation_001,validation,16,7,12,25,1.04,0.04
validation_001,validation,16,7,13,347,1.1181556195965419,0.10086455331412104
validation_001,validation,16,7,14,21,1.5238095238095237,0.5238095238095238
validation_001,validation,16,8,2,5,1.0,0.0
validation_001,validation,16,8,4,106,1.1603773584905661,0.12264150943396226
validation_001,validation,16,8,5,95,1.3368421052631578,0.021052631578947368
validation_001,validation,16,8,6,353,1.6005665722379603,0.1558073654390935
validation_001,validation,16,8,7,583,1.7409948542024014,0.17667238421955403
validation_001,validation,16,8,8,713,1.3085553997194952,0.06732117812061711
validation_001,validation,16,8,9,52,1.4423076923076923,0.057692307692307696
validation_001,validation,16,8,11,137,1.5255474452554745,0.06569343065693431
validation_001,validation,16,8,12,789,1.4220532319391634,0.12801013941698353
validation_001,validation,16,8,13,284,1.556338028169014,0.4225352112676056
validation_001,validation,16,9,0,27,1.0,0.0
validation_001,validation,16,9,1,263,1.0,0.0
validation_001,validation,16,9,2,12,1.0,0.0
validation_001,validation,16,9,5,216,1.0,0.0
validation_001,validation,16,9,6,41,1.0,0.0
validation_001,validation,16,9,7,87,1.2528735632183907,0.16091954022988506
validation_001,validation,16,9,8,25,1.0,0.0
validation_001,validation,16,9,9,153,1.4052287581699345,0.0
validation_001,validation,16,9,10,422,1.5118483412322274,0.08056872037914692
validation_001,validation,16,9,11,630,1.226984126984127,0.046031746031746035
validation_001,validation,16,9,12,1271,1.2446892210857592,0.08103855232100708
validation_001,validation,16,9,13,155,1.0,0.0
validation_001,validation,16,10,1,6,1.0,0.0
validation_001,validation,16,10,2,76,1.0,0.0
validation_001,validation,16,10,4,7,1.0,0.0
validation_001,validation,16,10,5,229,1.0,0.0
validation_001,validation,16,10,6,537,1.0,0.0
validation_001,validation,16,10,7,496,1.155241935483871,0.04233870967741935
validation_001,validation,16,10,8,159,1.2452830188679245,0.11949685534591195
validation_001,validation,16,10,9,1213,1.2234130255564715,0.021434460016488046
validation_001,validation,16,10,10,641,1.327613104524181,0.0499219968798752
validation_001,validation,16,10,11,1,2.0,1.0
validation_001,validation,16,11,5,1,1.0,0.0
validation_001,validation,16,11,6,298,1.0,0.0
validation_001,validation,16,11,7,763,1.0131061598951507,0.00655307994757536
validation_001,validation,16,11,8,4,1.0,0.0
validation_001,validation,16,11,9,3,1.0,0.0
validation_001,validation,16,12,6,41,1.0,0.0
validation_002,validation,16,0,4,1,1.0,0.0
validation_002,validation,16,3,8,65,1.0,0.0
validation_002,validation,16,3,9,63,1.3015873015873016,0.2698412698412698
validation_002,validation,16,3,10,164,1.3475609756097562,0.3475609756097561
validation_002,validation,16,3,11,337,1.1661721068249258,0.14836795252225518
validation_002,validation,16,3,12,102,1.303921568627451,0.30392156862745096
validation_002,validation,16,3,13,1,1.0,0.0
validation_002,validation,16,4,5,429,1.6386946386946386,0.47086247086247085
validation_002,validation,16,4,6,2441,1.4666120442441621,0.10733306022122081
validation_002,validation,16,4,7,3828,1.5838557993730407,0.030564263322884012
validation_002,validation,16,4,8,3858,1.546656298600311,0.029808190772420945
validation_002,validation,16,4,9,3202,1.674266083697689,0.04091193004372267
validation_002,validation,16,4,10,3410,1.655131964809384,0.13988269794721409
validation_002,validation,16,4,11,3310,1.5549848942598188,0.13564954682779456
validation_002,validation,16,4,12,1148,1.2813588850174216,0.1759581881533101
validation_002,validation,16,4,13,57,1.0526315789473684,0.05263157894736842
validation_002,validation,16,5,4,53,1.8867924528301887,0.8679245283018868
validation_002,validation,16,5,5,695,1.339568345323741,0.20719424460431654
validation_002,validation,16,5,6,2367,1.688212927756654,0.12505280946345584
validation_002,validation,16,5,7,2075,1.4448192771084338,0.2125301204819277
validation_002,validation,16,5,8,3027,1.5193260654112983,0.06970597951767427
validation_002,validation,16,5,9,2131,1.671046457062412,0.04692632566870014
validation_002,validation,16,5,10,1512,1.7387566137566137,0.17724867724867724
validation_002,validation,16,5,11,1123,1.5716829919857525,0.1923419412288513
validation_002,validation,16,5,12,511,1.4990215264187867,0.1643835616438356
validation_002,validation,16,5,13,79,1.6582278481012658,0.5822784810126582
validation_002,validation,16,6,4,227,1.303964757709251,0.2511013215859031
validation_002,validation,16,6,5,952,1.4779411764705883,0.3077731092436975
validation_002,validation,16,6,6,1700,1.4517647058823528,0.2541176470588235
validation_002,validation,16,6,7,875,1.2765714285714285,0.10971428571428571
validation_002,validation,16,6,8,400,1.1225,0.0425
validation_002,validation,16,6,9,96,1.3020833333333333,0.11458333333333333
validation_002,validation,16,6,10,192,1.8854166666666667,0.3229166666666667
validation_002,validation,16,6,11,88,1.9204545454545454,0.6363636363636364
validation_002,validation,16,6,12,156,1.9038461538461537,0.4358974358974359
validation_002,validation,16,6,13,77,2.0,0.38961038961038963
validation_002,validation,16,6,14,1,2.0,0.0
validation_002,validation,16,7,3,5,1.4,0.4
validation_002,validation,16,7,4,97,1.9690721649484537,0.5979381443298969
validation_002,validation,16,7,5,40,1.5,0.375
validation_002,validation,16,7,6,278,1.2877697841726619,0.09352517985611511
validation_002,validation,16,7,7,361,1.2049861495844876,0.11911357340720222
validation_002,validation,16,7,8,168,1.0,0.0
validation_002,validation,16,7,9,62,1.0,0.0
validation_002,validation,16,7,10,22,1.0,0.0
validation_002,validation,16,7,13,3,2.0,1.0
validation_002,validation,16,8,3,1,1.0,0.0
validation_002,validation,16,8,4,6,1.8333333333333333,0.5
validation_002,validation,16,8,5,4,2.0,0.75
validation_002,validation,16,8,6,51,1.607843137254902,0.0784313725490196
validation_002,validation,16,8,7,205,1.526829268292683,0.28780487804878047
validation_002,validation,16,8,8,41,1.2439024390243902,0.1951219512195122
validation_003,validation,16,3,5,3,1.0,0.0
validation_003,validation,16,3,6,35,1.0,0.0
validation_003,validation,16,3,7,149,1.0067114093959733,0.006711409395973154
validation_003,validation,16,3,8,26,1.0384615384615385,0.038461538461538464
validation_003,validation,16,3,10,5,1.0,0.0
validation_003,validation,16,4,3,15,1.0,0.0
validation_003,validation,16,4,4,154,1.0,0.0
validation_003,validation,16,4,5,37,1.3783783783783783,0.13513513513513514
validation_003,validation,16,4,6,45,1.1555555555555554,0.08888888888888889
validation_003,validation,16,4,7,492,1.0223577235772359,0.018292682926829267
validation_003,validation,16,4,8,191,1.0837696335078535,0.08376963350785341
validation_003,validation,16,4,9,189,1.0634920634920635,0.05291005291005291
validation_003,validation,16,4,12,22,1.0,0.0
validation_003,validation,16,4,13,39,1.0,0.0
validation_003,validation,16,5,3,282,1.0886524822695036,0.05673758865248227
validation_003,validation,16,5,4,339,1.0,0.0
validation_003,validation,16,5,5,570,1.1210526315789473,0.09824561403508772
validation_003,validation,16,5,6,569,1.2073813708260106,0.1195079086115993
validation_003,validation,16,5,7,693,1.595959595959596,0.047619047619047616
validation_003,validation,16,5,8,1075,1.8232558139534885,0.17488372093023255
validation_003,validation,16,5,9,341,1.1143695014662756,0.05571847507331378
validation_003,validation,16,5,10,257,1.1945525291828794,0.13618677042801555
validation_003,validation,16,5,11,389,1.3881748071979434,0.2493573264781491
validation_003,validation,16,5,12,232,1.0172413793103448,0.017241379310344827
validation_003,validation,16,5,13,344,1.0,0.0
validation_003,validation,16,6,2,1,1.0,0.0
validation_003,validation,16,6,3,74,1.7027027027027026,0.1891891891891892
validation_003,validation,16,6,4,20,1.0,0.0
validation_003,validation,16,6,5,605,1.2016528925619834,0.1652892561983471
validation_003,validation,16,6,6,566,1.0971731448763251,0.06537102473498234
validation_003,validation,16,6,7,785,1.2980891719745222,0.13630573248407643
validation_003,validation,16,6,8,741,1.7489878542510122,0.30229419703103916
validation_003,validation,16,6,9,184,1.2445652173913044,0.16847826086956522
validation_003,validation,16,6,10,627,1.4896331738437,0.48165869218500795
validation_003,validation,16,6,11,1491,1.351441985244802,0.20992622401073105
validation_003,validation,16,6,12,1067,1.5904404873477038,0.2933458294283037
validation_003,validation,16,6,13,31,1.032258064516129,0.03225806451612903
validation_003,validation,16,7,3,242,1.0950413223140496,0.045454545454545456
validation_003,validation,16,7,4,265,1.5056603773584907,0.3433962264150943
validation_003,validation,16,7,5,389,1.0025706940874035,0.002570694087403599
validation_003,validation,16,7,6,82,1.2804878048780488,0.21951219512195122
validation_003,validation,16,7,7,241,1.2033195020746887,0.14937759336099585
validation_003,validation,16,7,8,170,1.3764705882352941,0.31176470588235294
validation_003,validation,16,7,9,180,1.2666666666666666,0.19444444444444445
validation_003,validation,16,7,10,112,1.1964285714285714,0.07142857142857142
validation_003,validation,16,7,11,220,1.2272727272727273,0.17727272727272728
validation_003,validation,16,7,12,659,1.6024279210925645,0.5386949924127465
validation_003,validation,16,7,13,546,1.2967032967032968,0.0641025641025641
validation_003,validation,16,7,14,59,1.1355932203389831,0.06779661016949153
validation_003,validation,16,8,2,3,1.0,0.0
validation_003,validation,16,8,3,43,1.0232558139534884,0.023255813953488372
validation_003,validation,16,8,4,390,1.6948717948717948,0.517948717948718
validation_003,validation,16,8,5,482,1.6991701244813278,0.45435684647302904
validation_003,validation,16,8,6,2,1.0,0.0
validation_003,validation,16,8,7,99,1.0,0.0
validation_003,validation,16,8,8,10,2.0,0.9
validation_003,validation,16,8,9,34,2.0,0.2647058823529412
validation_003,validation,16,8,10,216,1.0324074074074074,0.032407407407407406
validation_003,validation,16,8,11,1025,1.2195121951219512,0.10536585365853658
validation_003,validation,16,8,12,468,1.2264957264957266,0.09615384615384616
validation_003,validation,16,8,13,245,1.0244897959183674,0.0163265306122449
validation_003,validation,16,8,14,72,1.0,0.0
validation_003,validation,16,8,15,18,1.0,0.0
validation_003,validation,16,9,2,383,1.0208877284595301,0.020887728459530026
validation_003,validation,16,9,3,28,1.0,0.0
validation_003,validation,16,9,5,156,1.5320512820512822,0.3717948717948718
validation_003,validation,16,9,6,176,1.5965909090909092,0.30113636363636365
validation_003,validation,16,9,7,189,1.0264550264550265,0.021164021164021163
validation_003,validation,16,9,8,164,1.1219512195121952,0.08536585365853659
validation_003,validation,16,9,9,83,1.9879518072289157,0.4457831325301205
validation_003,validation,16,9,10,1,1.0,0.0
validation_003,validation,16,9,11,179,1.4972067039106145,0.2569832402234637
validation_003,validation,16,9,12,45,1.0888888888888888,0.044444444444444446
validation_003,validation,16,9,13,161,1.0186335403726707,0.018633540372670808
validation_003,validation,16,9,14,158,1.0,0.0
validation_003,validation,16,9,15,1,1.0,0.0
validation_003,validation,16,10,2,118,1.0932203389830508,0.07627118644067797
validation_003,validation,16,10,3,14,1.0,0.0
validation_003,validation,16,10,7,1,2.0,1.0
validation_003,validation,16,10,11,98,1.0,0.0
validation_003,validation,16,10,12,33,1.0,0.0
validation_003,validation,16,10,15,1,1.0,0.0
validation_003,validation,16,11,3,12,1.0,0.0
validation_003,validation,16,11,14,16,1.0625,0.0625
validation_003,validation,16,12,4,2,1.0,0.0
validation_003,validation,16,12,5,79,1.0,0.0
validation_003,validation,16,12,6,6,1.0,0.0
validation_004,validation,16,1,3,5,1.0,0.0
validation_004,validation,16,1,5,19,1.9473684210526316,0.6842105263157895
validation_004,validation,16,1,6,106,1.7358490566037736,0.24528301886792453
validation_004,validation,16,1,7,109,1.6238532110091743,0.27522935779816515
validation_004,validation,16,1,8,110,1.3909090909090909,0.38181818181818183
validation_004,validation,16,1,9,26,1.7692307692307692,0.7307692307692307
validation_004,validation,16,1,10,1,1.0,0.0
validation_004,validation,16,1,11,4,1.0,0.0
validation_004,validation,16,1,13,18,1.0,0.0
validation_004,validation,16,1,14,32,1.0,0.0
validation_004,validation,16,2,1,4,1.0,0.0
validation_004,validation,16,2,2,343,1.0116618075801749,0.011661807580174927
validation_004,validation,16,2,3,349,1.005730659025788,0.0057306590257879654
validation_004,validation,16,2,4,576,1.0694444444444444,0.034722222222222224
validation_004,validation,16,2,5,415,1.0506024096385542,0.03132530120481928
validation_004,validation,16,2,6,449,1.3273942093541202,0.07349665924276169
validation_004,validation,16,2,7,385,1.5636363636363637,0.34285714285714286
validation_004,validation,16,2,8,88,1.9318181818181819,0.8636363636363636
validation_004,validation,16,2,9,112,1.9017857142857142,0.36607142857142855
validation_004,validation,16,2,10,40,1.7,0.275
validation_004,validation,16,2,11,76,1.131578947368421,0.06578947368421052
validation_004,validation,16,2,12,83,1.0120481927710843,0.012048192771084338
validation_004,validation,16,2,13,66,1.2424242424242424,0.16666666666666666
validation_004,validation,16,2,14,12,1.0,0.0
validation_004,validation,16,3,0,9,1.0,0.0
validation_004,validation,16,3,1,288,1.0,0.0
validation_004,validation,16,3,2,495,1.0525252525252524,0.052525252525252523
validation_004,validation,16,3,3,517,1.1392649903288201,0.13926499032882012
validation_004,validation,16,3,4,565,1.5575221238938053,0.5539823008849557
validation_004,validation,16,3,5,610,1.5295081967213116,0.319672131147541
validation_004,validation,16,3,6,531,1.6233521657250471,0.3898305084745763
validation_004,validation,16,3,7,232,1.9439655172413792,0.9181034482758621
validation_004,validation,16,3,8,147,1.0476190476190477,0.047619047619047616
validation_004,validation,16,3,9,169,1.2307692307692308,0.22485207100591717
validation_004,validation,16,3,10,138,1.9130434782608696,0.7101449275362319
validation_004,validation,16,3,11,109,1.8623853211009174,0.5871559633027523
validation_004,validation,16,3,12,33,1.0,0.0
validation_004,validation,16,3,13,3,1.0,0.0
validation_004,validation,16,4,1,100,1.55,0.54
validation_004,validation,16,4,2,177,1.96045197740113,0.96045197740113
validation_004,validation,16,4,3,149,1.8926174496644295,0.8926174496644296
validation_004,validation,16,4,4,617,1.8006482982171799,0.5542949756888168
validation_004,validation,16,4,5,1224,1.5473856209150327,0.008169934640522876
validation_004,validation,16,4,6,1077,1.5496750232126277,0.016713091922005572
validation_004,validation,16,4,7,1072,1.5988805970149254,0.14832089552238806
validation_004,validation,16,4,8,958,1.6106471816283925,0.2150313152400835
validation_004,validation,16,4,9,927,1.4843581445523193,0.20711974110032363
validation_004,validation,16,4,10,295,1.7864406779661017,0.5966101694915255
validation_004,validation,16,4,11,15,1.3333333333333333,0.26666666666666666
validation_004,validation,16,4,12,4,1.0,0.0
validation_004,validation,16,5,2,3,1.0,0.0
validation_004,validation,16,5,3,8,1.0,0.0
validation_004,validation,16,5,4,85,1.2,0.10588235294117647
validation_004,validation,16,5,5,806,1.3523573200992556,0.02977667493796526
validation_004,validation,16,5,6,922,1.4186550976138828,0.0021691973969631237
validation_004,validation,16,5,7,1193,1.396479463537301,0.003352891869237217
validation_004,validation,16,5,8,1018,1.5255402750491158,0.0068762278978389
validation_004,validation,16,5,9,546,1.5256410256410255,0.06593406593406594
validation_004,validation,16,5,10,81,1.7407407407407407,0.30864197530864196
validation_004,validation,16,5,11,2,1.0,0.0
validation_004,validation,16,5,12,1,1.0,0.0
validation_004,validation,16,6,4,18,1.0,0.0
validation_004,validation,16,6,5,90,1.0777777777777777,0.011111111111111112
validation_004,validation,16,6,6,137,1.1240875912408759,0.0364963503649635
validation_004,validation,16,6,7,151,1.1059602649006623,0.039735099337748346
validation_004,validation,16,6,8,140,1.1642857142857144,0.007142857142857143
validation_004,validation,16,6,9,60,1.4333333333333333,0.18333333333333332
validation_004,validation,16,6,10,48,2.0,0.4791666666666667
validation_004,validation,16,6,11,9,1.8888888888888888,0.7777777777777778
validation_004,validation,16,7,4,3,1.0,0.0
validation_004,validation,16,7,5,3,1.0,0.0
validation_004,validation,16,7,7,1,1.0,0.0
validation_004,validation,16,7,8,10,1.0,0.0
validation_004,validation,16,7,14,1,1.0,0.0
validation_004,validation,16,8,3,1,1.0,0.0
validation_004,validation,16,8,4,1,2.0,0.0
validation_004,validation,16,8,5,309,1.4077669902912622,0.07119741100323625
validation_004,validation,16,8,6,24,1.0833333333333333,0.0
validation_004,validation,16,8,7,3,1.0,0.0
validation_004,validation,16,8,9,1,2.0,1.0
validation_004,validation,16,8,10,2,2.0,1.0
validation_004,validation,16,8,11,11,2.0,0.7272727272727273
validation_004,validation,16,8,13,1,2.0,1.0
validation_004,validation,16,9,5,12,1.5,0.5
validation_004,validation,16,9,7,11,1.0,0.0
validation_004,validation,16,9,9,72,2.0,0.7777777777777778
validation_004,validation,16,9,10,258,2.0,0.3992248062015504
validation_004,validation,16,9,11,11,2.0,0.6363636363636364
validation_004,validation,16,10,6,21,1.0,0.0
validation_004,validation,16,10,7,3,1.0,0.0
validation_004,validation,16,10,12,1,1.0,0.0
validation_004,validation,16,10,13,3,1.0,0.0
validation_004,validation,16,10,14,1,2.0,1.0
validation_004,validation,16,11,13,1,1.0,0.0
validation_005,validation,16,1,4,3,1.0,0.0
validation_005,validation,16,1,7,41,1.0,0.0
validation_005,validation,16,2,4,1,1.0,0.0
validation_005,validation,16,2,5,6,1.0,0.0
validation_005,validation,16,2,6,62,1.0806451612903225,0.06451612903225806
validation_005,validation,16,2,7,126,1.5317460317460319,0.30952380952380953
validation_005,validation,16,2,8,23,2.0,0.9130434782608695
validation_005,validation,16,2,9,21,1.7619047619047619,0.42857142857142855
validation_005,validation,16,2,10,6,1.0,0.0
validation_005,validation,16,2,11,67,1.1044776119402986,0.07462686567164178
validation_005,validation,16,2,12,163,1.0368098159509203,0.03067484662576687
validation_005,validation,16,2,13,53,1.0,0.0
validation_005,validation,16,2,14,5,1.0,0.0
validation_005,validation,16,3,2,5,1.6,0.6
validation_005,validation,16,3,3,207,1.463768115942029,0.178743961352657
validation_005,validation,16,3,4,297,1.5454545454545454,0.09427609427609428
validation_005,validation,16,3,5,231,1.593073593073593,0.1645021645021645
validation_005,validation,16,3,6,156,1.6282051282051282,0.24358974358974358
validation_005,validation,16,3,7,47,1.9787234042553192,0.7446808510638298
validation_005,validation,16,3,8,233,1.703862660944206,0.36909871244635195
validation_005,validation,16,3,9,731,1.4842681258549932,0.26265389876880985
validation_005,validation,16,3,10,1420,1.3408450704225352,0.2563380281690141
validation_005,validation,16,3,11,2081,1.3546371936568957,0.2811148486304661
validation_005,validation,16,3,12,725,1.1379310344827587,0.0910344827586207
validation_005,validation,16,3,13,329,1.0030395136778116,0.00303951367781155
validation_005,validation,16,4,1,149,1.9932885906040267,0.6577181208053692
validation_005,validation,16,4,2,504,1.9166666666666667,0.5396825396825397
validation_005,validation,16,4,3,1510,1.5741721854304636,0.3125827814569536
validation_005,validation,16,4,4,2757,1.74392455567646,0.2589771490750816
validation_005,validation,16,4,5,2959,1.6421088205474823,0.23859411963501184
validation_005,validation,16,4,6,2332,1.5445969125214407,0.34734133790737565
validation_005,validation,16,4,7,196,1.1683673469387754,0.11734693877551021
validation_005,validation,16,4,8,348,1.1436781609195403,0.11206896551724138
validation_005,validation,16,4,9,222,1.572072072072072,0.44594594594594594
validation_005,validation,16,4,10,462,1.5216450216450217,0.33766233766233766
validation_005,validation,16,4,11,614,1.737785016286645,0.31107491856677527
validation_005,validation,16,4,12,957,1.663531870428422,0.06478578892371996
validation_005,validation,16,4,13,604,1.5910596026490067,0.3079470198675497
validation_005,validation,16,4,14,59,1.4745762711864407,0.3728813559322034
validation_005,validation,16,4,15,3,1.0,0.0
validation_005,validation,16,5,0,39,1.4102564102564104,0.38461538461538464
validation_005,validation,16,5,1,395,1.9265822784810127,0.7721518987341772
validation_005,validation,16,5,2,1364,1.93841642228739,0.6217008797653959
validation_005,validation,16,5,3,1033,1.8112294288480155,0.2245885769603098
validation_005,validation,16,5,4,441,1.875283446712018,0.5759637188208617
validation_005,validation,16,5,5,145,1.806896551724138,0.7379310344827587
validation_005,validation,16,5,6,118,1.5593220338983051,0.3050847457627119
validation_005,validation,16,5,7,43,1.9534883720930232,0.627906976744186
validation_005,validation,16,5,8,8,1.875,0.875
validation_005,validation,16,5,9,183,1.819672131147541,0.3114754098360656
validation_005,validation,16,5,10,917,1.78298800436205,0.18429661941112324
validation_005,validation,16,5,11,1085,1.5400921658986175,0.03686635944700461
validation_005,validation,16,5,12,660,1.4848484848484849,0.031818181818181815
validation_005,validation,16,5,13,601,1.183028286189684,0.05823627287853577
validation_005,validation,16,5,14,155,1.0451612903225806,0.03870967741935484
validation_005,validation,16,5,15,22,1.0,0.0
validation_005,validation,16,6,1,18,1.4444444444444444,0.3333333333333333
validation_005,validation,16,6,2,101,1.5742574257425743,0.36633663366336633
validation_005,validation,16,6,3,238,1.1722689075630253,0.1134453781512605
validation_005,validation,16,6,4,27,2.0,0.8148148148148148
validation_005,validation,16,6,5,5,2.0,1.0
validation_005,validation,16,6,6,2,1.0,0.0
validation_005,validation,16,6,7,10,1.0,0.0
validation_005,validation,16,6,8,15,1.9333333333333333,0.4
validation_005,validation,16,6,9,72,1.6805555555555556,0.1527777777777778
validation_005,validation,16,6,10,76,1.355263157894737,0.039473684210526314
validation_005,validation,16,6,11,7,1.1428571428571428,0.14285714285714285
validation_005,validation,16,6,12,29,1.0,0.0
validation_005,validation,16,6,13,53,1.0,0.0
validation_005,validation,16,6,14,13,1.0,0.0
validation_005,validation,16,7,1,86,1.058139534883721,0.05813953488372093
validation_005,validation,16,7,2,34,1.0588235294117647,0.058823529411764705
validation_005,validation,16,7,3,24,2.0,0.9583333333333334
validation_005,validation,16,7,4,110,1.9181818181818182,0.6909090909090909
validation_005,validation,16,7,5,3,2.0,0.3333333333333333
validation_005,validation,16,7,6,106,1.0,0.0
validation_005,validation,16,7,7,151,1.0,0.0
validation_005,validation,16,7,10,1,2.0,1.0
validation_005,validation,16,7,11,33,2.0,0.5454545454545454
validation_005,validation,16,8,2,36,2.0,0.8888888888888888
validation_005,validation,16,8,3,46,1.5,0.32608695652173914
validation_005,validation,16,8,4,97,1.0309278350515463,0.030927835051546393
validation_005,validation,16,8,5,75,1.0,0.0
validation_005,validation,16,8,6,111,1.0,0.0
validation_005,validation,16,8,8,38,1.131578947368421,0.10526315789473684
validation_005,validation,16,8,9,222,1.2072072072072073,0.13063063063063063
validation_005,validation,16,8,10,219,1.1963470319634704,0.1461187214611872
validation_005,validation,16,8,11,11,2.0,1.0
validation_005,validation,16,8,12,82,2.0,0.3902439024390244
validation_005,validation,16,8,13,14,2.0,0.42857142857142855
validation_005,validation,16,9,2,8,2.0,1.0
validation_005,validation,16,9,3,10,1.0,0.0
validation_005,validation,16,9,4,145,1.0,0.0
validation_005,validation,16,9,5,1,1.0,0.0
validation_005,validation,16,9,6,7,1.0,0.0
validation_005,validation,16,9,7,238,1.0672268907563025,0.05042016806722689
validation_005,validation,16,9,8,567,1.0070546737213404,0.007054673721340388
validation_005,validation,16,9,9,333,1.0,0.0
validation_005,validation,16,9,10,50,1.0,0.0
validation_005,validation,16,9,13,4,1.0,0.0
validation_005,validation,16,10,3,125,1.0,0.0
validation_005,validation,16,10,4,8,1.0,0.0
validation_005,validation,16,10,5,4,1.0,0.0
validation_005,validation,16,10,8,128,1.0,0.0
validation_005,validation,16,10,9,118,1.0,0.0
validation_005,validation,16,11,4,6,1.0,0.0
validation_005,validation,16,11,10,2,1.0,0.0
validation_006,validation,16,0,6,1,2.0,0.0
validation_006,validation,16,0,7,1,2.0,0.0
validation_006,validation,16,0,8,2,2.0,1.0
validation_006,validation,16,0,12,3,2.0,0.6666666666666666
validation_006,validation,16,1,4,5,1.2,0.2
validation_006,validation,16,1,5,56,1.4285714285714286,0.26785714285714285
validation_006,validation,16,1,6,90,1.9666666666666666,0.8777777777777778
validation_006,validation,16,1,7,40,1.825,0.325
validation_006,validation,16,1,8,11,2.0,0.5454545454545454
validation_006,validation,16,1,9,1,1.0,0.0
validation_006,validation,16,1,10,2,2.0,1.0
validation_006,validation,16,1,11,1,2.0,1.0
validation_006,validation,16,1,12,120,2.0,0.19166666666666668
validation_006,validation,16,1,13,98,2.0,0.12244897959183673
validation_006,validation,16,2,3,53,1.6226415094339623,0.37735849056603776
validation_006,validation,16,2,4,59,1.4745762711864407,0.3559322033898305
validation_006,validation,16,2,5,201,1.3482587064676617,0.18407960199004975
validation_006,validation,16,2,6,319,1.6332288401253918,0.23824451410658307
validation_006,validation,16,2,7,233,1.7081545064377683,0.1459227467811159
validation_006,validation,16,2,8,28,1.9285714285714286,0.2857142857142857
validation_006,validation,16,2,9,8,2.0,0.5
validation_006,validation,16,2,10,125,2.0,0.2
validation_006,validation,16,2,11,213,2.0,0.30985915492957744
validation_006,validation,16,2,12,763,2.0,0.2673656618610747
validation_006,validation,16,2,13,38,2.0,0.18421052631578946
validation_006,validation,16,2,14,95,2.0,0.47368421052631576
validation_006,validation,16,2,15,3,2.0,1.0
validation_006,validation,16,3,3,11,2.0,1.0
validation_006,validation,16,3,6,37,2.0,0.2972972972972973
validation_006,validation,16,3,7,164,1.9817073170731707,0.18292682926829268
validation_006,validation,16,3,8,233,2.0,0.21888412017167383
validation_006,validation,16,3,9,1,2.0,1.0
validation_006,validation,16,3,10,17,2.0,0.5294117647058824
validation_006,validation,16,3,11,235,2.0,0.2680851063829787
validation_006,validation,16,3,12,232,2.0,0.41810344827586204
validation_006,validation,16,3,13,160,2.0,0.48125
validation_006,validation,16,3,14,259,2.0,0.27413127413127414
validation_006,validation,16,3,15,61,2.0,0.7540983606557377
validation_006,validation,16,4,2,3,1.0,0.0
validation_006,validation,16,4,3,89,1.595505617977528,0.3258426966292135
validation_006,validation,16,4,4,11,1.0,0.0
validation_006,validation,16,4,5,8,2.0,0.875
validation_006,validation,16,4,8,15,1.0,0.0
validation_006,validation,16,4,10,386,2.0,0.23316062176165803
validation_006,validation,16,4,11,329,2.0,0.21580547112462006
validation_006,validation,16,4,12,193,2.0,0.32642487046632124
validation_006,validation,16,4,13,598,1.9933110367892977,0.29264214046822745
validation_006,validation,16,4,14,770,2.0,0.3116883116883117
validation_006,validation,16,4,15,400,2.0,0.71
validation_006,validation,16,5,1,18,2.0,0.0
validation_006,validation,16,5,2,34,2.0,0.058823529411764705
validation_006,validation,16,5,3,59,1.0,0.0
validation_006,validation,16,5,4,506,1.0,0.0
validation_006,validation,16,5,5,413,1.0072639225181599,0.007263922518159807
validation_006,validation,16,5,6,68,1.1176470588235294,0.014705882352941176
validation_006,validation,16,5,7,24,2.0,0.3333333333333333
validation_006,validation,16,5,8,3,2.0,0.0
validation_006,validation,16,5,9,4,2.0,1.0
validation_006,validation,16,5,10,416,2.0,0.17307692307692307
validation_006,validation,16,5,11,96,2.0,0.25
validation_006,validation,16,5,12,214,2.0,0.40186915887850466
validation_006,validation,16,5,13,648,1.9398148148148149,0.0941358024691358
validation_006,validation,16,5,14,563,1.985790408525755,0.3019538188277087
validation_006,validation,16,5,15,72,2.0,0.9166666666666666
validation_006,validation,16,6,1,56,2.0,0.19642857142857142
validation_006,validation,16,6,2,72,1.7222222222222223,0.1388888888888889
validation_006,validation,16,6,3,91,1.5164835164835164,0.08791208791208792
validation_006,validation,16,6,4,219,1.4703196347031964,0.0684931506849315
validation_006,validation,16,6,5,193,1.3419689119170986,0.025906735751295335
validation_006,validation,16,6,6,249,1.5261044176706828,0.060240963855421686
validation_006,validation,16,6,7,192,1.9427083333333333,0.59375
validation_006,validation,16,6,8,106,1.971698113207547,0.6792452830188679
validation_006,validation,16,6,9,1,2.0,1.0
validation_006,validation,16,6,10,176,2.0,0.6363636363636364
validation_006,validation,16,6,11,52,2.0,0.7884615384615384
validation_006,validation,16,6,12,201,1.9850746268656716,0.24378109452736318
validation_006,validation,16,6,13,336,1.8244047619047619,0.05654761904761905
validation_006,validation,16,6,14,268,1.8544776119402986,0.10074626865671642
validation_006,validation,16,6,15,169,1.9467455621301775,0.01775147928994083
validation_006,validation,16,7,0,68,2.0,0.5735294117647058
validation_006,validation,16,7,1,279,1.885304659498208,0.34050179211469533
validation_006,validation,16,7,2,229,1.6244541484716157,0.28820960698689957
validation_006,validation,16,7,3,280,1.1357142857142857,0.025
validation_006,validation,16,7,4,965,1.4683937823834197,0.13367875647668392
validation_006,validation,16,7,5,1034,1.7746615087040618,0.15087040618955513
validation_006,validation,16,7,6,1155,1.716883116883117,0.3385281385281385
validation_006,validation,16,7,7,1063,1.61241768579492,0.3396048918156162
validation_006,validation,16,7,8,387,1.4806201550387597,0.2868217054263566
validation_006,validation,16,7,9,59,1.0847457627118644,0.0847457627118644
validation_006,validation,16,7,10,312,1.080128205128205,0.057692307692307696
validation_006,validation,16,7,11,302,1.1721854304635762,0.1357615894039735
validation_006,validation,16,7,12,310,1.9483870967741936,0.10967741935483871
validation_006,validation,16,7,13,504,1.8214285714285714,0.09126984126984126
validation_006,validation,16,7,14,435,1.7264367816091954,0.09195402298850575
validation_006,validation,16,7,15,297,1.9292929292929293,0.03367003367003367
validation_006,validation,16,8,0,410,2.0,0.24390243902439024
validation_006,validation,16,8,1,880,1.996590909090909,0.48977272727272725
validation_006,validation,16,8,2,536,1.8638059701492538,0.48507462686567165
validation_006,validation,16,8,3,488,1.6741803278688525,0.2069672131147541
validation_006,validation,16,8,4,1012,1.6828063241106719,0.28063241106719367
validation_006,validation,16,8,5,850,1.6917647058823528,0.3035294117647059
validation_006,validation,16,8,6,1019,1.4720314033366044,0.1589793915603533
validation_006,validation,16,8,7,1158,1.337651122625216,0.09844559585492228
validation_006,validation,16,8,8,656,1.5914634146341464,0.39939024390243905
validation_006,validation,16,8,9,518,1.864864864864865,0.5579150579150579
validation_006,validation,16,8,10,427,1.8805620608899298,0.4215456674473068
validation_006,validation,16,8,11,229,1.8995633187772927,0.34934497816593885
validation_006,validation,16,8,12,844,1.9170616113744077,0.21682464454976302
validation_006,validation,16,8,13,602,1.920265780730897,0.24750830564784054
validation_006,validation,16,8,14,455,1.7758241758241757,0.3274725274725275
validation_006,validation,16,8,15,362,1.591160220994475,0.1270718232044199
validation_006,validation,16,9,0,14,2.0,0.6428571428571429
validation_006,validation,16,9,1,476,2.0,0.33403361344537813
validation_006,validation,16,9,2,667,2.0,0.3613193403298351
validation_006,validation,16,9,3,789,1.9949302915082383,0.4093789607097592
validation_006,validation,16,9,4,636,1.9874213836477987,0.42138364779874216
validation_006,validation,16,9,5,899,1.4838709677419355,0.1746384872080089
validation_006,validation,16,9,6,534,1.1872659176029963,0.13670411985018727
validation_006,validation,16,9,7,608,1.393092105263158,0.25
validation_006,validation,16,9,8,528,1.4829545454545454,0.3125
validation_006,validation,16,9,9,541,1.8280961182994455,0.4066543438077634
validation_006,validation,16,9,10,150,2.0,0.44666666666666666
validation_006,validation,16,9,11,101,2.0,0.7722772277227723
validation_006,validation,16,9,12,122,2.0,0.6311475409836066
validation_006,validation,16,9,13,66,1.9848484848484849,0.16666666666666666
validation_006,validation,16,9,14,26,1.4230769230769231,0.3076923076923077
validation_006,validation,16,10,0,1,2.0,0.0
validation_006,validation,16,10,1,22,2.0,0.5454545454545454
validation_006,validation,16,10,2,147,2.0,0.3741496598639456
validation_006,validation,16,10,3,489,2.0,0.39059304703476483
validation_006,validation,16,10,4,451,1.9911308203991132,0.48558758314855877
validation_006,validation,16,10,5,258,1.3565891472868217,0.16279069767441862
validation_006,validation,16,10,6,552,1.0326086956521738,0.012681159420289856
validation_006,validation,16,10,7,523,1.0363288718929253,0.015296367112810707
validation_006,validation,16,10,8,199,1.35678391959799,0.3316582914572864
validation_006,validation,16,10,9,75,1.6666666666666667,0.25333333333333335
validation_006,validation,16,10,10,54,1.9259259259259258,0.4074074074074074
validation_006,validation,16,11,1,3,2.0,1.0
validation_006,validation,16,11,2,6,2.0,1.0
validation_006,validation,16,11,3,14,2.0,0.7857142857142857
validation_006,validation,16,11,4,13,1.0769230769230769,0.07692307692307693
validation_006,validation,16,11,5,10,1.3,0.2
validation_006,validation,16,11,6,15,2.0,0.8
validation_006,validation,16,11,7,32,1.0,0.0
validation_006,validation,16,12,5,2,2.0,0.5
validation_006,validation,16,12,6,3,1.6666666666666667,0.0
validation_007,validation,16,0,4,20,1.65,0.65
validation_007,validation,16,0,5,284,1.2112676056338028,0.15140845070422534
validation_007,validation,16,0,6,26,1.3846153846153846,0.23076923076923078
validation_007,validation,16,0,7,13,1.6923076923076923,0.5384615384615384
validation_007,validation,16,1,5,22,2.0,0.22727272727272727
validation_007,validation,16,1,6,89,2.0,0.24719101123595505
validation_007,validation,16,1,7,84,2.0,0.2857142857142857
validation_007,validation,16,1,8,11,2.0,0.9090909090909091
validation_007,validation,16,2,1,12,2.0,0.5833333333333334
validation_007,validation,16,2,2,61,2.0,0.36065573770491804
validation_007,validation,16,2,5,10,2.0,0.3
validation_007,validation,16,2,6,283,1.7137809187279152,0.12014134275618374
validation_007,validation,16,2,7,181,1.7624309392265194,0.0718232044198895
validation_007,validation,16,2,8,83,2.0,0.5542168674698795
validation_007,validation,16,2,9,34,1.911764705882353,0.7647058823529411
validation_007,validation,16,2,13,2,1.0,0.0
validation_007,validation,16,3,1,30,1.9666666666666666,0.6
validation_007,validation,16,3,2,31,1.5483870967741935,0.5161290322580645
validation_007,validation,16,3,3,33,1.4545454545454546,0.30303030303030304
validation_007,validation,16,3,4,128,1.359375,0.2109375
validation_007,validation,16,3,5,147,1.3945578231292517,0.12244897959183673
validation_007,validation,16,3,6,20,1.65,0.1
validation_007,validation,16,3,7,34,1.6470588235294117,0.11764705882352941
validation_007,validation,16,3,10,2,1.0,0.0
validation_007,validation,16,4,1,267,1.0,0.0
validation_007,validation,16,4,2,88,1.0,0.0
validation_007,validation,16,4,3,38,1.0,0.0
validation_007,validation,16,4,4,80,1.175,0.0625
validation_007,validation,16,4,5,80,1.3375,0.225
validation_007,validation,16,4,6,30,1.6333333333333333,0.13333333333333333
validation_007,validation,16,4,8,2,2.0,1.0
validation_007,validation,16,4,10,4,1.0,0.0
validation_007,validation,16,4,15,1,1.0,0.0
validation_007,validation,16,5,0,11,1.0,0.0
validation_007,validation,16,5,1,196,1.0051020408163265,0.0
validation_007,validation,16,5,2,191,1.0785340314136125,0.05235602094240838
validation_007,validation,16,5,3,160,1.31875,0.08125
validation_007,validation,16,5,4,347,1.2564841498559078,0.11815561959654179
validation_007,validation,16,5,5,262,1.4427480916030535,0.15648854961832062
validation_007,validation,16,5,6,173,1.630057803468208,0.14450867052023122
validation_007,validation,16,5,7,40,1.0,0.0
validation_007,validation,16,5,8,40,1.6,0.325
validation_007,validation,16,5,9,59,1.5423728813559323,0.3898305084745763
validation_007,validation,16,5,10,11,1.9090909090909092,0.9090909090909091
validation_007,validation,16,5,11,3,1.3333333333333333,0.3333333333333333
validation_007,validation,16,5,12,109,1.0,0.0
validation_007,validation,16,5,13,106,1.0,0.0
validation_007,validation,16,5,14,8,1.0,0.0
validation_007,validation,16,5,15,79,1.0,0.0
validation_007,validation,16,6,0,107,1.5514018691588785,0.35514018691588783
validation_007,validation,16,6,1,471,1.6666666666666667,0.416135881104034
validation_007,validation,16,6,2,1001,1.7682317682317683,0.13786213786213786
validation_007,validation,16,6,3,854,1.6557377049180328,0.07845433255269321
validation_007,validation,16,6,4,291,1.5360824742268042,0.18213058419243985
validation_007,validation,16,6,5,346,1.8034682080924855,0.2630057803468208
validation_007,validation,16,6,6,349,1.9197707736389684,0.10028653295128939
validation_007,validation,16,6,7,203,1.438423645320197,0.2512315270935961
validation_007,validation,16,6,8,310,1.1935483870967742,0.01935483870967742
validation_007,validation,16,6,9,517,1.7427466150870405,0.2011605415860735
validation_007,validation,16,6,10,138,1.681159420289855,0.30434782608695654
validation_007,validation,16,6,11,372,1.0887096774193548,0.04838709677419355
validation_007,validation,16,6,12,146,1.0273972602739727,0.0136986301369863
validation_007,validation,16,6,13,60,1.3,0.2
validation_007,validation,16,6,14,44,1.0,0.0
validation_007,validation,16,6,15,193,1.0,0.0
validation_007,validation,16,7,0,9,1.0,0.0
validation_007,validation,16,7,1,132,1.053030303030303,0.05303030303030303
validation_007,validation,16,7,2,360,1.2722222222222221,0.20833333333333334
validation_007,validation,16,7,3,766,1.7349869451697129,0.2885117493472585
validation_007,validation,16,7,4,582,1.9054982817869415,0.845360824742268
validation_007,validation,16,7,5,1220,1.7024590163934425,0.47704918032786886
validation_007,validation,16,7,6,1550,1.7425806451612904,0.28193548387096773
validation_007,validation,16,7,7,943,1.5832449628844114,0.20254506892895016
validation_007,validation,16,7,8,310,1.7741935483870968,0.15806451612903225
validation_007,validation,16,7,9,474,1.7257383966244726,0.0379746835443038
validation_007,validation,16,7,10,707,1.9462517680339462,0.03818953323903819
validation_007,validation,16,7,11,234,1.935897435897436,0.23931623931623933
validation_007,validation,16,7,12,98,2.0,0.3979591836734694
validation_007,validation,16,7,13,18,2.0,0.8333333333333334
validation_007,validation,16,7,14,1,2.0,1.0
validation_007,validation,16,8,0,63,1.0,0.0
validation_007,validation,16,8,1,191,1.3769633507853403,0.2198952879581152
validation_007,validation,16,8,2,765,1.4026143790849672,0.12287581699346405
validation_007,validation,16,8,3,1091,1.5481209899175068,0.25022914757103576
validation_007,validation,16,8,4,1055,1.5545023696682465,0.23317535545023696
validation_007,validation,16,8,5,921,1.512486427795874,0.13680781758957655
validation_007,validation,16,8,6,798,1.718045112781955,0.4949874686716792
validation_007,validation,16,8,7,920,1.8380434782608697,0.6239130434782608
validation_007,validation,16,8,8,497,1.5935613682092555,0.158953722334004
validation_007,validation,16,8,9,378,1.9074074074074074,0.48412698412698413
validation_007,validation,16,8,10,673,1.888558692421991,0.1575037147102526
validation_007,validation,16,8,11,190,1.8789473684210527,0.23157894736842105
validation_007,validation,16,8,12,6,2.0,0.6666666666666666
validation_007,validation,16,8,15,4,2.0,1.0
validation_007,validation,16,9,1,239,1.3556485355648535,0.3389121338912134
validation_007,validation,16,9,2,579,1.160621761658031,0.1381692573402418
validation_007,validation,16,9,3,376,1.1861702127659575,0.18351063829787234
validation_007,validation,16,9,4,273,1.1721611721611722,0.13553113553113552
validation_007,validation,16,9,5,261,1.318007662835249,0.18007662835249041
validation_007,validation,16,9,6,550,1.6763636363636363,0.30363636363636365
validation_007,validation,16,9,7,604,1.5066225165562914,0.25165562913907286
validation_007,validation,16,9,8,372,1.2338709677419355,0.07795698924731183
validation_007,validation,16,9,9,124,1.403225806451613,0.1693548387096774
validation_007,validation,16,9,10,18,1.8333333333333333,0.6666666666666666
validation_007,validation,16,9,11,5,2.0,1.0
validation_007,validation,16,9,14,3,1.0,0.0
validation_007,validation,16,9,15,68,1.0,0.0
validation_007,validation,16,10,1,5,1.0,0.0
validation_007,validation,16,10,2,19,1.0,0.0
validation_007,validation,16,10,3,7,1.2857142857142858,0.2857142857142857
validation_007,validation,16,10,4,43,1.0,0.0
validation_007,validation,16,10,5,163,1.0122699386503067,0.012269938650306749
validation_007,validation,16,10,6,718,1.2646239554317549,0.13231197771587744
validation_007,validation,16,10,7,122,1.2950819672131149,0.21311475409836064
validation_007,validation,16,10,8,13,1.1538461538461537,0.15384615384615385
validation_007,validation,16,10,14,15,1.0,0.0
validation_007,validation,16,10,15,26,1.0,0.0
validation_007,validation,16,11,1,19,1.0,0.0
validation_007,validation,16,11,2,5,1.0,0.0
validation_007,validation,16,11,3,23,1.0,0.0
validation_007,validation,16,11,4,29,1.0689655172413792,0.034482758620689655
validation_007,validation,16,11,5,1,1.0,0.0
validation_007,validation,16,11,6,113,1.079646017699115,0.07079646017699115
validation_007,validation,16,11,7,40,1.0,0.0
validation_007,validation,16,12,4,4,1.0,0.0
validation_007,validation,16,12,5,1,1.0,0.0
validation_008,validation,16,1,5,19,1.8421052631578947,0.5789473684210527
validation_008,validation,16,1,6,67,2.0,0.4626865671641791
validation_008,validation,16,1,7,96,1.9895833333333333,0.21875
validation_008,validation,16,1,8,63,2.0,0.1746031746031746
validation_008,validation,16,1,9,22,2.0,0.5454545454545454
validation_008,validation,16,1,10,13,2.0,0.46153846153846156
validation_008,validation,16,2,1,4,1.0,0.0
validation_008,validation,16,2,2,22,1.0,0.0
validation_008,validation,16,2,3,187,1.46524064171123,0.4117647058823529
validation_008,validation,16,2,4,106,1.3962264150943395,0.330188679245283
validation_008,validation,16,2,5,267,1.299625468164794,0.2846441947565543
validation_008,validation,16,2,6,532,1.5112781954887218,0.29887218045112784
validation_008,validation,16,2,7,230,1.6434782608695653,0.22608695652173913
validation_008,validation,16,2,8,273,1.5494505494505495,0.41025641025641024
validation_008,validation,16,2,9,144,2.0,0.6111111111111112
validation_008,validation,16,2,10,106,2.0,0.42452830188679247
validation_008,validation,16,2,11,1,2.0,0.0
validation_008,validation,16,3,1,85,1.988235294117647,0.5647058823529412
validation_008,validation,16,3,2,666,1.9009009009009008,0.6321321321321322
validation_008,validation,16,3,3,1086,1.7697974217311234,0.47974217311233885
validation_008,validation,16,3,4,1371,1.7483588621444202,0.23705324580598103
validation_008,validation,16,3,5,1598,1.6983729662077598,0.3541927409261577
validation_008,validation,16,3,6,1989,1.594268476621418,0.2629462041226747
validation_008,validation,16,3,7,1492,1.5375335120643432,0.3210455764075067
validation_008,validation,16,3,8,1736,1.5691244239631337,0.2350230414746544
validation_008,validation,16,3,9,1067,1.5520149953139644,0.22586691658856609
validation_008,validation,16,3,10,293,1.9419795221843004,0.5085324232081911
validation_008,validation,16,3,11,43,2.0,0.7674418604651163
validation_008,validation,16,3,12,4,2.0,0.25
validation_008,validation,16,3,13,5,2.0,0.8
validation_008,validation,16,4,0,5,2.0,1.0
validation_008,validation,16,4,1,15,1.7333333333333334,0.4666666666666667
validation_008,validation,16,4,2,83,1.9397590361445782,0.8554216867469879
validation_008,validation,16,4,3,586,1.9982935153583619,0.7918088737201365
validation_008,validation,16,4,4,1252,1.9968051118210863,0.3170926517571885
validation_008,validation,16,4,5,2288,1.9383741258741258,0.36145104895104896
validation_008,validation,16,4,6,2823,1.9022316684378322,0.2763018065887354
validation_008,validation,16,4,7,2186,1.843092406221409,0.21271729185727356
validation_008,validation,16,4,8,2304,1.7951388888888888,0.1796875
validation_008,validation,16,4,9,1879,1.5784992017030335,0.15806279936136242
validation_008,validation,16,4,10,1141,1.8816827344434706,0.24890446976336547
validation_008,validation,16,4,11,813,2.0,0.1918819188191882
validation_008,validation,16,4,12,628,2.0,0.6401273885350318
validation_008,validation,16,4,13,113,2.0,0.6017699115044248
validation_008,validation,16,5,0,15,1.8666666666666667,0.26666666666666666
validation_008,validation,16,5,1,65,1.9846153846153847,0.7230769230769231
validation_008,validation,16,5,2,781,2.0,0.4468629961587708
validation_008,validation,16,5,3,1101,1.997275204359673,0.2061762034514078
validation_008,validation,16,5,4,1399,1.960686204431737,0.2694781987133667
validation_008,validation,16,5,5,1275,1.9827450980392156,0.4109803921568628
validation_008,validation,16,5,6,2081,1.9283998077847189,0.3185968284478616
validation_008,validation,16,5,7,2517,1.8939213349225268,0.3031386571315058
validation_008,validation,16,5,8,3279,1.8621530954559318,0.3049710277523635
validation_008,validation,16,5,9,3706,1.8661629789530492,0.25876956287102
validation_008,validation,16,5,10,3169,1.7466077627011676,0.19154307352477123
validation_008,validation,16,5,11,1403,1.8004276550249465,0.28225231646471843
validation_008,validation,16,5,12,717,2.0,0.6178521617852162
validation_008,validation,16,5,13,129,2.0,0.4883720930232558
validation_008,validation,16,5,14,6,2.0,0.8333333333333334
validation_008,validation,16,5,15,58,2.0,0.5344827586206896
validation_008,validation,16,6,0,43,1.9767441860465116,0.6511627906976745
validation_008,validation,16,6,1,73,1.9589041095890412,0.6575342465753424
validation_008,validation,16,6,2,239,2.0,0.6317991631799164
validation_008,validation,16,6,3,752,1.9441489361702127,0.3550531914893617
validation_008,validation,16,6,4,1671,1.8970676241771394,0.4500299222022741
validation_008,validation,16,6,5,1665,1.9627627627627628,0.196996996996997
validation_008,validation,16,6,6,2626,1.9215536938309214,0.2022086824067022
validation_008,validation,16,6,7,3682,1.9149918522542098,0.1958174904942966
validation_008,validation,16,6,8,3220,1.9006211180124224,0.14875776397515528
validation_008,validation,16,6,9,2587,1.8500193274062622,0.2284499420177812
validation_008,validation,16,6,10,1885,1.8891246684350134,0.3421750663129973
validation_008,validation,16,6,11,1554,1.3841698841698842,0.2335907335907336
validation_008,validation,16,6,12,67,1.9850746268656716,0.7761194029850746
validation_008,validation,16,6,13,41,2.0,0.6097560975609756
validation_008,validation,16,6,14,39,2.0,0.5128205128205128
validation_008,validation,16,6,15,233,2.0,0.6394849785407726
validation_008,validation,16,7,1,54,2.0,0.5370370370370371
validation_008,validation,16,7,2,626,2.0,0.5670926517571885
validation_008,validation,16,7,3,685,2.0,0.6627737226277373
validation_008,validation,16,7,4,919,2.0,0.6539717083786725
validation_008,validation,16,7,5,899,2.0,0.6329254727474972
validation_008,validation,16,7,6,942,2.0,0.4861995753715499
validation_008,validation,16,7,7,1012,2.0,0.4090909090909091
validation_008,validation,16,7,8,786,1.8918575063613232,0.37150127226463103
validation_008,validation,16,7,9,1442,1.782246879334258,0.28363384188626906
validation_008,validation,16,7,10,770,1.5805194805194804,0.16103896103896104
validation_008,validation,16,7,11,231,1.29004329004329,0.18181818181818182
validation_008,validation,16,7,12,60,1.9833333333333334,0.6
validation_008,validation,16,7,13,8,2.0,0.5
validation_008,validation,16,7,14,3,2.0,0.6666666666666666
validation_008,validation,16,7,15,32,2.0,0.5625
validation_008,validation,16,8,1,14,2.0,0.5714285714285714
validation_008,validation,16,8,2,80,2.0,0.7875
validation_008,validation,16,8,3,181,2.0,0.9502762430939227
validation_008,validation,16,8,4,40,2.0,0.675
validation_008,validation,16,8,5,20,2.0,1.0
validation_008,validation,16,8,6,14,2.0,1.0
validation_008,validation,16,8,7,3,2.0,1.0
validation_008,validation,16,8,8,64,1.96875,0.515625
validation_008,validation,16,8,9,320,1.721875,0.284375
validation_008,validation,16,8,10,377,1.509283819628647,0.35278514588859416
validation_008,validation,16,8,11,109,1.9541284403669725,0.7889908256880734
validation_008,validation,16,8,12,95,2.0,0.6105263157894737
validation_008,validation,16,8,13,14,2.0,0.5714285714285714
validation_008,validation,16,8,15,1,2.0,1.0
validation_008,validation,16,9,2,2,2.0,1.0
validation_008,validation,16,9,3,38,2.0,1.0
validation_008,validation,16,9,7,5,2.0,0.2
validation_008,validation,16,9,8,11,2.0,0.9090909090909091
validation_008,validation,16,9,9,10,2.0,0.9
validation_008,validation,16,9,10,60,2.0,0.7666666666666667
validation_008,validation,16,9,11,29,2.0,0.7931034482758621
validation_008,validation,16,9,12,1,2.0,1.0
validation_008,validation,16,9,13,2,2.0,1.0
validation_008,validation,16,10,8,13,2.0,1.0
validation_008,validation,16,10,12,5,2.0,1.0
validation_009,validation,16,1,3,1,1.0,0.0
validation_009,validation,16,1,7,9,1.0,0.0
validation_009,validation,16,1,8,36,1.0,0.0
validation_009,validation,16,1,9,22,1.0,0.0
validation_009,validation,16,1,10,6,1.6666666666666667,0.5
validation_009,validation,16,2,3,36,2.0,0.25
validation_009,validation,16,2,4,104,1.6634615384615385,0.23076923076923078
validation_009,validation,16,2,5,278,1.118705035971223,0.05755395683453238
validation_009,validation,16,2,6,368,1.6983695652173914,0.36684782608695654
validation_009,validation,16,2,7,639,1.7636932707355242,0.26291079812206575
validation_009,validation,16,2,8,690,1.5144927536231885,0.2898550724637681
validation_009,validation,16,2,9,261,1.5057471264367817,0.18773946360153257
validation_009,validation,16,2,10,154,1.155844155844156,0.08441558441558442
validation_009,validation,16,2,11,111,1.0,0.0
validation_009,validation,16,2,12,79,1.0,0.0
validation_009,validation,16,2,13,55,1.0,0.0
validation_009,validation,16,3,3,137,1.7956204379562044,0.5328467153284672
validation_009,validation,16,3,4,581,1.125645438898451,0.10327022375215146
validation_009,validation,16,3,5,904,1.779867256637168,0.5984513274336283
validation_009,validation,16,3,6,994,1.9949698189134808,0.4084507042253521
validation_009,validation,16,3,7,815,1.9742331288343558,0.3202453987730061
validation_009,validation,16,3,8,1456,1.9230769230769231,0.3324175824175824
validation_009,validation,16,3,9,1314,1.9710806697108068,0.13622526636225266
validation_009,validation,16,3,10,1155,1.9627705627705627,0.1393939393939394
validation_009,validation,16,3,11,949,1.8177028451001054,0.38883034773445735
validation_009,validation,16,3,12,616,1.5892857142857142,0.39935064935064934
validation_009,validation,16,3,13,336,1.1458333333333333,0.05952380952380952
validation_009,validation,16,3,14,22,1.0,0.0
validation_009,validation,16,4,2,14,2.0,0.5
validation_009,validation,16,4,3,121,1.7933884297520661,0.371900826446281
validation_009,validation,16,4,4,956,1.9623430962343096,0.3786610878661088
validation_009,validation,16,4,5,1145,1.948471615720524,0.3956331877729258
validation_009,validation,16,4,6,448,1.84375,0.36830357142857145
validation_009,validation,16,4,7,181,1.9944751381215469,0.425414364640884
validation_009,validation,16,4,8,506,1.9980237154150198,0.33794466403162055
validation_009,validation,16,4,9,587,1.9931856899488927,0.2402044293015332
validation_009,validation,16,4,10,888,1.9988738738738738,0.1554054054054054
validation_009,validation,16,4,11,1296,1.9953703703703705,0.16280864197530864
validation_009,validation,16,4,12,1526,1.9567496723460027,0.21363040629095675
validation_009,validation,16,4,13,812,1.8238916256157636,0.3768472906403941
validation_009,validation,16,4,14,270,1.4555555555555555,0.12222222222222222
validation_009,validation,16,4,15,6,1.6666666666666667,0.6666666666666666
validation_009,validation,16,5,2,1,2.0,1.0
validation_009,validation,16,5,3,693,2.0,0.41414141414141414
validation_009,validation,16,5,4,1277,2.0,0.3335943617854346
validation_009,validation,16,5,5,1306,1.9823889739663094,0.42649310872894336
validation_009,validation,16,5,6,450,1.8533333333333333,0.45111111111111113
validation_009,validation,16,5,7,184,1.8315217391304348,0.4945652173913043
validation_009,validation,16,5,8,319,1.8620689655172413,0.8275862068965517
validation_009,validation,16,5,9,1460,1.9527397260273973,0.40273972602739727
validation_009,validation,16,5,10,1457,1.9011667810569663,0.3987645847632121
validation_009,validation,16,5,11,1004,1.9312749003984064,0.3256972111553785
validation_009,validation,16,5,12,1288,1.8346273291925466,0.3416149068322981
validation_009,validation,16,5,13,1178,1.894736842105263,0.23514431239388794
validation_009,validation,16,5,14,710,1.856338028169014,0.39859154929577467
validation_009,validation,16,5,15,272,1.4889705882352942,0.11397058823529412
validation_009,validation,16,6,1,8,2.0,0.625
validation_009,validation,16,6,2,245,2.0,0.43673469387755104
validation_009,validation,16,6,3,588,2.0,0.564625850340136
validation_009,validation,16,6,4,974,2.0,0.3593429158110883
validation_009,validation,16,6,5,626,1.9936102236421724,0.3722044728434505
validation_009,validation,16,6,6,473,1.9725158562367864,0.4397463002114165
validation_009,validation,16,6,7,1211,2.0,0.38398018166804293
validation_009,validation,16,6,8,1148,1.9782229965156795,0.4965156794425087
validation_009,validation,16,6,9,2236,1.970035778175313,0.5049194991055456
validation_009,validation,16,6,10,2348,1.9718909710391823,0.40119250425894376
validation_009,validation,16,6,11,3051,1.9646017699115044,0.22123893805309736
validation_009,validation,16,6,12,2681,1.9433047370384184,0.36665423349496457
validation_009,validation,16,6,13,2320,1.8185344827586207,0.421551724137931
validation_009,validation,16,6,14,1001,1.6493506493506493,0.37162837162837165
validation_009,validation,16,6,15,328,1.3018292682926829,0.1951219512195122
validation_009,validation,16,7,1,1,2.0,1.0
validation_009,validation,16,7,2,275,2.0,0.8181818181818182
validation_009,validation,16,7,3,90,2.0,0.9888888888888889
validation_009,validation,16,7,4,191,2.0,0.43455497382198954
validation_009,validation,16,7,5,169,2.0,0.33136094674556216
validation_009,validation,16,7,6,1371,2.0,0.1050328227571116
validation_009,validation,16,7,7,1464,1.9904371584699454,0.15710382513661203
validation_009,validation,16,7,8,1933,1.9725814795654424,0.272633212622866
validation_009,validation,16,7,9,2148,1.9785847299813781,0.33845437616387336
validation_009,validation,16,7,10,1863,1.998389694041868,0.35909822866344604
validation_009,validation,16,7,11,2148,1.9986033519553073,0.3440409683426443
validation_009,validation,16,7,12,2327,1.905027932960894,0.32574129780833694
validation_009,validation,16,7,13,1055,1.8009478672985781,0.22748815165876776
validation_009,validation,16,7,14,146,1.321917808219178,0.08904109589041095
validation_009,validation,16,7,15,15,1.4666666666666666,0.4
validation_009,validation,16,8,1,2,2.0,1.0
validation_009,validation,16,8,2,17,2.0,0.7647058823529411
validation_009,validation,16,8,3,216,2.0,0.9907407407407407
validation_009,validation,16,8,4,100,2.0,0.51
validation_009,validation,16,8,5,8,2.0,0.5
validation_009,validation,16,8,6,1100,2.0,0.19727272727272727
validation_009,validation,16,8,7,1857,1.9994614970382336,0.2310177705977383
validation_009,validation,16,8,8,1188,1.9983164983164983,0.3207070707070707
validation_009,validation,16,8,9,805,2.0,0.5242236024844721
validation_009,validation,16,8,10,382,2.0,0.4607329842931937
validation_009,validation,16,8,11,376,1.9867021276595744,0.3962765957446808
validation_009,validation,16,8,12,658,1.7325227963525835,0.4316109422492401
validation_009,validation,16,8,13,114,1.7543859649122806,0.42105263157894735
validation_009,validation,16,8,14,5,2.0,0.4
validation_009,validation,16,9,2,10,2.0,0.4
validation_009,validation,16,9,3,198,2.0,0.8585858585858586
validation_009,validation,16,9,4,100,2.0,0.93
validation_009,validation,16,9,6,51,2.0,0.6862745098039216
validation_009,validation,16,9,7,293,2.0,0.4129692832764505
validation_009,validation,16,9,8,508,2.0,0.2559055118110236
validation_009,validation,16,9,9,83,2.0,0.46987951807228917
validation_009,validation,16,9,10,25,2.0,0.92
validation_009,validation,16,9,12,25,1.0,0.0
validation_009,validation,16,9,13,41,2.0,0.4878048780487805
validation_009,validation,16,9,14,1,2.0,1.0
validation_009,validation,16,10,2,39,2.0,0.4358974358974359
validation_009,validation,16,10,3,91,2.0,0.4835164835164835
validation_009,validation,16,10,4,205,2.0,0.9804878048780488
validation_009,validation,16,10,5,21,2.0,1.0
validation_009,validation,16,10,6,6,2.0,1.0
validation_009,validation,16,10,7,18,2.0,0.5555555555555556
validation_009,validation,16,10,8,101,2.0,0.5841584158415841
validation_009,validation,16,10,12,1,2.0,1.0
validation_009,validation,16,11,2,1,2.0,0.0
validation_009,validation,16,11,3,61,2.0,0.6065573770491803
validation_009,validation,16,11,4,76,2.0,0.5921052631578947
validation_009,validation,16,11,5,28,2.0,0.9642857142857143
validation_009,validation,16,11,7,3,2.0,1.0
validation_009,validation,16,11,8,2,2.0,1.0
validation_009,validation,16,11,9,1,2.0,1.0
validation_009,validation,16,12,3,2,2.0,1.0
validation_009,validation,16,12,4,75,2.0,0.6666666666666666
validation_009,validation,16,12,5,7,2.0,0.5714285714285714
validation_009,validation,16,12,7,2,2.0,1.0
validation_009,validation,16,13,3,23,2.0,0.5652173913043478
validation_009,validation,16,13,4,17,2.0,0.7058823529411765
validation_009,validation,16,13,5,3,2.0,0.6666666666666666
validation_010,validation,16,0,5,48,2.0,0.9166666666666666
validation_010,validation,16,0,6,387,2.0,0.3152454780361757
validation_010,validation,16,0,7,592,1.8530405405405406,0.32094594594594594
validation_010,validation,16,0,8,836,1.86244019138756,0.35047846889952156
validation_010,validation,16,0,9,210,1.9666666666666666,0.5571428571428572
validation_010,validation,16,0,12,14,2.0,0.7142857142857143
validation_010,validation,16,1,6,10,2.0,0.1
validation_010,validation,16,1,7,163,1.8159509202453987,0.17177914110429449
validation_010,validation,16,1,8,935,1.4641711229946524,0.03208556149732621
validation_010,validation,16,1,9,1226,1.2789559543230016,0.03099510603588907
validation_010,validation,16,1,10,571,1.042031523642732,0.014010507880910683
validation_010,validation,16,1,11,12,1.0,0.0
validation_010,validation,16,1,12,98,2.0,0.7040816326530612
validation_010,validation,16,1,13,6,2.0,0.5
validation_010,validation,16,2,2,54,2.0,1.0
validation_010,validation,16,2,3,146,2.0,0.636986301369863
validation_010,validation,16,2,4,1,1.0,0.0
validation_010,validation,16,2,6,236,2.0,0.059322033898305086
validation_010,validation,16,2,7,848,1.9622641509433962,0.1792452830188679
validation_010,validation,16,2,8,527,1.6280834914611007,0.2049335863377609
validation_010,validation,16,2,9,509,1.9489194499017681,0.13948919449901767
validation_010,validation,16,2,10,319,1.3887147335423198,0.0438871473354232
validation_010,validation,16,2,11,128,1.0,0.0
validation_010,validation,16,3,5,168,2.0,0.3392857142857143
validation_010,validation,16,3,6,908,2.0,0.06938325991189427
validation_010,validation,16,3,7,245,1.4285714285714286,0.11836734693877551
validation_010,validation,16,3,8,32,2.0,0.5
validation_010,validation,16,3,9,19,2.0,0.47368421052631576
validation_010,validation,16,3,10,23,2.0,0.17391304347826086
validation_010,validation,16,3,11,6,2.0,0.0
validation_010,validation,16,4,2,3,1.0,0.0
validation_010,validation,16,4,3,88,1.1590909090909092,0.06818181818181818
validation_010,validation,16,4,4,269,1.0483271375464684,0.0037174721189591076
validation_010,validation,16,4,5,218,1.3944954128440368,0.20642201834862386
validation_010,validation,16,4,6,187,1.9893048128342246,0.39572192513368987
validation_010,validation,16,4,7,97,1.2164948453608246,0.12371134020618557
validation_010,validation,16,4,8,3,1.0,0.0
validation_010,validation,16,4,9,9,1.8888888888888888,0.3333333333333333
validation_010,validation,16,4,10,44,2.0,0.18181818181818182
validation_010,validation,16,4,11,242,1.2520661157024793,0.09917355371900827
validation_010,validation,16,4,12,153,1.0065359477124183,0.006535947712418301
validation_010,validation,16,5,1,29,2.0,0.7241379310344828
validation_010,validation,16,5,2,510,1.5058823529411764,0.29411764705882354
validation_010,validation,16,5,3,1624,1.4002463054187193,0.050492610837438424
validation_010,validation,16,5,4,826,1.4152542372881356,0.06295399515738499
validation_010,validation,16,5,5,460,1.2739130434782608,0.07391304347826087
validation_010,validation,16,5,6,81,1.8024691358024691,0.13580246913580246
validation_010,validation,16,5,7,224,1.9821428571428572,0.12053571428571429
validation_010,validation,16,5,8,118,2.0,0.09322033898305085
validation_010,validation,16,5,9,262,2.0,0.16030534351145037
validation_010,validation,16,5,10,1080,1.8666666666666667,0.09351851851851851
validation_010,validation,16,5,11,858,1.2039627039627039,0.08624708624708624
validation_010,validation,16,5,12,56,1.0178571428571428,0.017857142857142856
validation_010,validation,16,5,13,25,1.76,0.44
validation_010,validation,16,5,14,25,1.0,0.0
validation_010,validation,16,6,0,18,1.0,0.0
validation_010,validation,16,6,1,94,1.6595744680851063,0.6595744680851063
validation_010,validation,16,6,2,429,1.2097902097902098,0.17482517482517482
validation_010,validation,16,6,3,68,1.3970588235294117,0.058823529411764705
validation_010,validation,16,6,4,327,1.871559633027523,0.22018348623853212
validation_010,validation,16,6,5,515,1.69126213592233,0.06990291262135923
validation_010,validation,16,6,6,1397,1.8661417322834646,0.12526843235504653
validation_010,validation,16,6,7,2225,1.8817977528089889,0.06157303370786517
validation_010,validation,16,6,8,2049,1.6842362127867252,0.0629575402635432
validation_010,validation,16,6,9,1743,1.7274813539873781,0.17154331612162937
validation_010,validation,16,6,10,920,1.566304347826087,0.25217391304347825
validation_010,validation,16,6,11,312,1.6378205128205128,0.09615384615384616
validation_010,validation,16,6,12,449,1.8819599109131404,0.22939866369710468
validation_010,validation,16,6,13,305,1.6885245901639345,0.5016393442622951
validation_010,validation,16,6,14,89,1.0112359550561798,0.011235955056179775
validation_010,validation,16,7,1,148,1.0,0.0
validation_010,validation,16,7,2,507,1.0374753451676528,0.03155818540433925
validation_010,validation,16,7,3,518,1.9594594594594594,0.2799227799227799
validation_010,validation,16,7,4,377,1.9708222811671088,0.32891246684350134
validation_010,validation,16,7,5,936,1.3696581196581197,0.09294871794871795
validation_010,validation,16,7,6,967,1.4146845915201656,0.0703205791106515
validation_010,validation,16,7,7,1208,1.8509933774834437,0.048841059602649006
validation_010,validation,16,7,8,671,1.9210134128166916,0.13114754098360656
validation_010,validation,16,7,9,425,2.0,0.2447058823529412
validation_010,validation,16,7,10,741,1.9865047233468287,0.43859649122807015
validation_010,validation,16,7,11,984,1.9502032520325203,0.20223577235772358
validation_010,validation,16,7,12,642,1.9937694704049844,0.4797507788161994
validation_010,validation,16,7,13,157,1.8598726114649682,0.7388535031847133
validation_010,validation,16,7,14,3,1.3333333333333333,0.3333333333333333
validation_010,validation,16,8,1,14,1.0,0.0
validation_010,validation,16,8,2,29,1.0,0.0
validation_010,validation,16,8,3,86,2.0,0.5581395348837209
validation_010,validation,16,8,4,263,1.741444866920152,0.3231939163498099
validation_010,validation,16,8,5,1035,1.2879227053140097,0.17101449275362318
validation_010,validation,16,8,6,909,1.3663366336633664,0.047304730473047306
validation_010,validation,16,8,7,1049,1.813155386081983,0.09437559580552908
validation_010,validation,16,8,8,677,1.9187592319054654,0.3412112259970458
validation_010,validation,16,8,9,342,1.9035087719298245,0.4444444444444444
validation_010,validation,16,8,10,582,1.7199312714776633,0.25773195876288657
validation_010,validation,16,8,11,1160,1.7129310344827586,0.1336206896551724
validation_010,validation,16,8,12,662,1.596676737160121,0.29154078549848944
validation_010,validation,16,8,13,195,1.6358974358974359,0.4256410256410256
validation_010,validation,16,8,14,457,1.9584245076586433,0.18599562363238512
validation_010,validation,16,8,15,1,2.0,1.0
validation_010,validation,16,9,2,8,1.0,0.0
validation_010,validation,16,9,3,10,1.0,0.0
validation_010,validation,16,9,4,18,1.7777777777777777,0.6666666666666666
validation_010,validation,16,9,5,203,1.9605911330049262,0.5812807881773399
validation_010,validation,16,9,6,183,1.994535519125683,0.5027322404371585
validation_010,validation,16,9,7,198,1.8434343434343434,0.32323232323232326
validation_010,validation,16,9,8,354,1.4830508474576272,0.19491525423728814
validation_010,validation,16,9,9,313,1.428115015974441,0.17252396166134185
validation_010,validation,16,9,10,553,1.5262206148282098,0.19529837251356238
validation_010,validation,16,9,11,678,1.612094395280236,0.17994100294985252
validation_010,validation,16,9,12,309,1.5016181229773462,0.24919093851132687
validation_010,validation,16,9,13,651,1.9831029185867897,0.36251920122887865
validation_010,validation,16,9,14,315,2.0,0.23492063492063492
validation_010,validation,16,9,15,3,2.0,1.0
validation_010,validation,16,10,6,4,2.0,1.0
validation_010,validation,16,10,7,10,1.5,0.3
validation_010,validation,16,10,9,20,1.05,0.05
validation_010,validation,16,10,10,145,1.3793103448275863,0.2206896551724138
validation_010,validation,16,10,11,51,1.7058823529411764,0.5882352941176471
validation_010,validation,16,10,12,80,1.9375,0.525
validation_010,validation,16,10,13,4,2.0,1.0
validation_010,validation,16,10,14,1,1.0,0.0
validation_010,validation,16,11,9,9,1.0,0.0
validation_010,validation,16,11,10,4,1.25,0.25
validation_010,validation,16,11,12,33,1.5757575757575757,0.3333333333333333
validation_010,validation,16,11,13,2,1.0,0.0
validation_010,validation,16,12,11,5,1.0,0.0
validation_010,validation,16,12,12,4,1.0,0.0
validation_011,validation,16,1,4,3,2.0,1.0
validation_011,validation,16,2,4,2,2.0,1.0
validation_011,validation,16,3,2,2,1.0,0.0
validation_011,validation,16,3,3,20,1.0,0.0
validation_011,validation,16,3,4,17,1.0,0.0
validation_011,validation,16,3,6,14,1.0,0.0
validation_011,validation,16,3,7,8,1.0,0.0
validation_011,validation,16,3,12,8,1.0,0.0
validation_011,validation,16,3,13,115,1.0,0.0
validation_011,validation,16,3,14,83,1.0,0.0
validation_011,validation,16,4,1,3,1.0,0.0
validation_011,validation,16,4,2,111,1.2702702702702702,0.06306306306306306
validation_011,validation,16,4,3,330,1.4212121212121211,0.01818181818181818
validation_011,validation,16,4,4,160,1.3375,0.025
validation_011,validation,16,4,5,53,1.0566037735849056,0.03773584905660377
validation_011,validation,16,4,6,47,1.0638297872340425,0.0425531914893617
validation_011,validation,16,4,7,226,1.008849557522124,0.004424778761061947
validation_011,validation,16,4,8,76,1.0,0.0
validation_011,validation,16,4,9,37,1.0,0.0
validation_011,validation,16,4,10,51,1.0,0.0
validation_011,validation,16,4,11,6,1.0,0.0
validation_011,validation,16,4,12,12,1.0,0.0
validation_011,validation,16,4,13,187,1.0,0.0
validation_011,validation,16,4,14,67,1.0,0.0
validation_011,validation,16,4,15,3,1.0,0.0
validation_011,validation,16,5,1,302,1.900662251655629,0.2185430463576159
validation_011,validation,16,5,2,1025,1.728780487804878,0.04097560975609756
validation_011,validation,16,5,3,1226,1.4225122349102772,0.00734094616639478
validation_011,validation,16,5,4,963,1.628245067497404,0.024922118380062305
validation_011,validation,16,5,5,457,1.2822757111597374,0.0350109409190372
validation_011,validation,16,5,6,401,1.0024937655860349,0.0
validation_011,validation,16,5,7,596,1.0,0.0
validation_011,validation,16,5,8,330,1.0,0.0
validation_011,validation,16,5,9,288,1.0,0.0
validation_011,validation,16,5,10,342,1.0,0.0
validation_011,validation,16,5,11,144,1.0,0.0
validation_011,validation,16,5,12,18,1.0,0.0
validation_011,validation,16,5,13,529,1.0,0.0
validation_011,validation,16,5,14,309,1.5275080906148868,0.13915857605177995
validation_011,validation,16,5,15,138,1.3840579710144927,0.15942028985507245
validation_011,validation,16,6,0,25,2.0,0.6
validation_011,validation,16,6,1,287,1.9651567944250872,0.2508710801393728
validation_011,validation,16,6,2,673,1.7815750371471026,0.17830609212481427
validation_011,validation,16,6,3,1013,1.3928923988153998,0.03060217176702863
validation_011,validation,16,6,4,817,1.390452876376989,0.12851897184822522
validation_011,validation,16,6,5,409,1.706601466992665,0.044009779951100246
validation_011,validation,16,6,6,55,1.0,0.0
validation_011,validation,16,6,7,417,1.0,0.0
validation_011,validation,16,6,8,524,1.116412213740458,0.04770992366412214
validation_011,validation,16,6,9,348,1.0201149425287357,0.020114942528735632
validation_011,validation,16,6,10,298,1.1174496644295302,0.11409395973154363
validation_011,validation,16,6,11,170,1.1647058823529413,0.14705882352941177
validation_011,validation,16,6,12,130,1.0769230769230769,0.06923076923076923
validation_011,validation,16,6,13,352,1.0,0.0
validation_011,validation,16,6,14,233,1.1630901287553648,0.13733905579399142
validation_011,validation,16,6,15,43,1.3488372093023255,0.23255813953488372
validation_011,validation,16,7,1,62,1.6451612903225807,0.3225806451612903
validation_011,validation,16,7,2,371,1.8517520215633423,0.5256064690026954
validation_011,validation,16,7,3,509,1.3988212180746562,0.07072691552062868
validation_011,validation,16,7,4,611,1.2160392798690671,0.07364975450081833
validation_011,validation,16,7,5,278,1.6942446043165467,0.19784172661870503
validation_011,validation,16,7,6,79,1.0,0.0
validation_011,validation,16,7,7,180,1.0,0.0
validation_011,validation,16,7,8,412,1.2402912621359223,0.1966019417475728
validation_011,validation,16,7,9,216,1.1157407407407407,0.11574074074074074
validation_011,validation,16,7,10,531,1.0338983050847457,0.026365348399246705
validation_011,validation,16,7,11,919,1.205658324265506,0.17301414581066377
validation_011,validation,16,7,12,812,1.2536945812807883,0.1330049261083744
validation_011,validation,16,7,13,289,1.1038062283737025,0.0726643598615917
validation_011,validation,16,7,14,66,1.121212121212121,0.09090909090909091
validation_011,validation,16,7,15,24,1.0,0.0
validation_011,validation,16,8,1,2,1.0,0.0
validation_011,validation,16,8,2,189,1.8677248677248677,0.24867724867724866
validation_011,validation,16,8,3,451,1.8647450110864745,0.5742793791574279
validation_011,validation,16,8,4,272,1.4338235294117647,0.11397058823529412
validation_011,validation,16,8,5,61,1.5245901639344261,0.14754098360655737
validation_011,validation,16,8,6,32,1.0,0.0
validation_011,validation,16,8,7,8,1.0,0.0
validation_011,validation,16,8,8,45,1.0,0.0
validation_011,validation,16,8,9,468,1.0,0.0
validation_011,validation,16,8,10,1140,1.1043859649122807,0.09385964912280702
validation_011,validation,16,8,11,1188,1.2373737373737375,0.19276094276094277
validation_011,validation,16,8,12,601,1.281198003327787,0.09983361064891846
validation_011,validation,16,8,13,96,1.4375,0.2916666666666667
validation_011,validation,16,8,14,33,1.8181818181818181,0.5454545454545454
validation_011,validation,16,8,15,29,1.1724137931034482,0.1724137931034483
validation_011,validation,16,9,2,2,1.0,0.0
validation_011,validation,16,9,3,24,1.9583333333333333,0.7916666666666666
validation_011,validation,16,9,4,4,1.0,0.0
validation_011,validation,16,9,5,2,1.0,0.0
validation_011,validation,16,9,8,148,1.0,0.0
validation_011,validation,16,9,9,403,1.0,0.0
validation_011,validation,16,9,10,403,1.0421836228287842,0.04218362282878412
validation_011,validation,16,9,11,54,1.0555555555555556,0.037037037037037035
validation_011,validation,16,9,15,6,1.0,0.0
validation_011,validation,16,10,2,6,1.0,0.0
validation_011,validation,16,10,3,220,1.0227272727272727,0.022727272727272728
validation_011,validation,16,10,4,702,1.235042735042735,0.2222222222222222
validation_011,validation,16,10,5,365,1.5232876712328767,0.4547945205479452
validation_011,validation,16,10,8,92,1.0,0.0
validation_011,validation,16,10,9,88,1.0,0.0
validation_011,validation,16,10,10,2,1.5,0.5
validation_011,validation,16,11,3,6,1.0,0.0
validation_011,validation,16,11,4,302,1.1026490066225165,0.09933774834437085
validation_011,validation,16,11,5,114,1.0350877192982457,0.03508771929824561
validation_011,validation,16,11,8,24,1.0,0.0
validation_011,validation,16,11,9,8,1.0,0.0
validation_011,validation,16,12,4,4,1.0,0.0
validation_012,validation,16,1,2,7,1.2857142857142858,0.14285714285714285
validation_012,validation,16,1,3,33,2.0,0.8181818181818182
validation_012,validation,16,1,4,15,1.8,0.6
validation_012,validation,16,1,5,102,1.0,0.0
validation_012,validation,16,1,6,247,1.0,0.0
validation_012,validation,16,1,7,17,1.0,0.0
validation_012,validation,16,1,8,7,1.0,0.0
validation_012,validation,16,1,9,2,1.0,0.0
validation_012,validation,16,2,1,29,2.0,0.3103448275862069
validation_012,validation,16,2,2,108,1.6481481481481481,0.1388888888888889
validation_012,validation,16,2,3,496,1.6048387096774193,0.21774193548387097
validation_012,validation,16,2,4,1019,1.6408243375858684,0.1422963689892051
validation_012,validation,16,2,5,195,1.3897435897435897,0.38461538461538464
validation_012,validation,16,2,6,176,1.3011363636363635,0.23295454545454544
validation_012,validation,16,2,7,9,1.0,0.0
validation_012,validation,16,2,8,13,1.0,0.0
validation_012,validation,16,2,9,42,1.8095238095238095,0.2619047619047619
validation_012,validation,16,2,10,226,1.6902654867256637,0.19911504424778761
validation_012,validation,16,2,11,157,1.3312101910828025,0.267515923566879
validation_012,validation,16,2,12,78,1.0,0.0
validation_012,validation,16,2,13,1,1.0,0.0
validation_012,validation,16,3,1,135,1.4370370370370371,0.14814814814814814
validation_012,validation,16,3,2,549,1.6903460837887068,0.14207650273224043
validation_012,validation,16,3,3,963,1.684319833852544,0.03946002076843198
validation_012,validation,16,3,4,639,1.5524256651017214,0.16588419405320814
validation_012,validation,16,3,5,695,1.589928057553957,0.1223021582733813
validation_012,validation,16,3,6,443,1.690744920993228,0.13544018058690746
validation_012,validation,16,3,7,156,1.8525641025641026,0.25
validation_012,validation,16,3,8,85,1.988235294117647,0.36470588235294116
validation_012,validation,16,3,10,58,1.4655172413793103,0.13793103448275862
validation_012,validation,16,3,11,208,1.5240384615384615,0.25961538461538464
validation_012,validation,16,3,12,136,1.463235294117647,0.4117647058823529
validation_012,validation,16,3,13,73,1.356164383561644,0.2465753424657534
validation_012,validation,16,3,14,29,1.5862068965517242,0.3103448275862069
validation_012,validation,16,4,1,317,1.7444794952681388,0.1167192429022082
validation_012,validation,16,4,2,638,1.628526645768025,0.07993730407523511
validation_012,validation,16,4,3,586,1.7969283276450512,0.08191126279863481
validation_012,validation,16,4,4,419,1.7470167064439142,0.11217183770883055
validation_012,validation,16,4,5,676,1.581360946745562,0.10059171597633136
validation_012,validation,16,4,6,255,1.7333333333333334,0.5764705882352941
validation_012,validation,16,4,7,491,1.8187372708757636,0.4684317718940937
validation_012,validation,16,4,8,610,2.0,0.30655737704918035
validation_012,validation,16,4,9,219,2.0,0.7945205479452054
validation_012,validation,16,4,10,12,1.8333333333333333,0.5
validation_012,validation,16,4,11,74,1.3783783783783783,0.16216216216216217
validation_012,validation,16,4,12,109,1.0825688073394495,0.08256880733944955
validation_012,validation,16,4,13,33,1.4242424242424243,0.42424242424242425
validation_012,validation,16,4,14,9,1.6666666666666667,0.5555555555555556
validation_012,validation,16,4,15,1,2.0,1.0
validation_012,validation,16,5,0,20,1.85,0.55
validation_012,validation,16,5,1,145,1.206896551724138,0.12413793103448276
validation_012,validation,16,5,2,257,1.4941634241245136,0.10894941634241245
validation_012,validation,16,5,3,522,1.5153256704980842,0.032567049808429116
validation_012,validation,16,5,4,463,1.144708423326134,0.03023758099352052
validation_012,validation,16,5,5,872,1.3669724770642202,0.02981651376146789
validation_012,validation,16,5,6,762,1.4107611548556431,0.2559055118110236
validation_012,validation,16,5,7,522,1.5095785440613028,0.40229885057471265
validation_012,validation,16,5,8,701,1.6818830242510698,0.29101283880171186
validation_012,validation,16,5,9,959,1.724713242961418,0.14494264859228362
validation_012,validation,16,5,10,800,1.64625,0.0725
validation_012,validation,16,5,11,367,1.4713896457765667,0.1008174386920981
validation_012,validation,16,5,12,356,1.3370786516853932,0.06179775280898876
validation_012,validation,16,5,13,212,1.1084905660377358,0.08490566037735849
validation_012,validation,16,5,14,145,1.4275862068965517,0.1724137931034483
validation_012,validation,16,5,15,27,1.8148148148148149,0.6296296296296297
validation_012,validation,16,6,0,57,1.4736842105263157,0.17543859649122806
validation_012,validation,16,6,1,116,1.2241379310344827,0.04310344827586207
validation_012,validation,16,6,2,82,1.0,0.0
validation_012,validation,16,6,3,42,1.0,0.0
validation_012,validation,16,6,4,130,1.146153846153846,0.015384615384615385
validation_012,validation,16,6,5,696,1.3232758620689655,0.05172413793103448
validation_012,validation,16,6,6,736,1.236413043478261,0.08152173913043478
validation_012,validation,16,6,7,275,1.1745454545454546,0.14181818181818182
validation_012,validation,16,6,8,256,1.1015625,0.0546875
validation_012,validation,16,6,9,491,1.1323828920570265,0.12016293279022404
validation_012,validation,16,6,10,692,1.245664739884393,0.06213872832369942
validation_012,validation,16,6,11,843,1.3262158956109134,0.03202846975088968
validation_012,validation,16,6,12,462,1.0541125541125542,0.02813852813852814
validation_012,validation,16,6,13,203,1.0,0.0
validation_012,validation,16,6,14,77,1.0,0.0
validation_012,validation,16,6,15,3,1.0,0.0
validation_012,validation,16,7,1,38,1.0,0.0
validation_012,validation,16,7,2,40,1.0,0.0
validation_012,validation,16,7,3,72,1.0,0.0
validation_012,validation,16,7,4,53,1.0754716981132075,0.03773584905660377
validation_012,validation,16,7,5,482,1.2489626556016598,0.07468879668049792
validation_012,validation,16,7,6,382,1.3795811518324608,0.18586387434554974
validation_012,validation,16,7,7,199,1.0603015075376885,0.06030150753768844
validation_012,validation,16,7,8,224,1.0401785714285714,0.017857142857142856
validation_012,validation,16,7,9,427,1.0,0.0
validation_012,validation,16,7,10,337,1.0,0.0
validation_012,validation,16,7,11,232,1.0301724137931034,0.03017241379310345
validation_012,validation,16,7,12,362,1.0883977900552486,0.07458563535911603
validation_012,validation,16,7,13,216,1.0,0.0
validation_012,validation,16,7,14,219,1.0,0.0
validation_012,validation,16,8,1,12,1.0,0.0
validation_012,validation,16,8,2,1,1.0,0.0
validation_012,validation,16,8,4,17,1.1176470588235294,0.11764705882352941
validation_012,validation,16,8,5,182,1.1538461538461537,0.06043956043956044
validation_012,validation,16,8,6,72,1.0277777777777777,0.027777777777777776
validation_012,validation,16,8,7,106,1.0,0.0
validation_012,validation,16,8,8,343,1.0,0.0
validation_012,validation,16,8,9,303,1.0,0.0
validation_012,validation,16,8,10,240,1.0,0.0
validation_012,validation,16,8,11,307,1.0,0.0
validation_012,validation,16,8,12,300,1.0,0.0
validation_012,validation,16,8,13,317,1.0,0.0
validation_012,validation,16,8,14,254,1.0,0.0
validation_012,validation,16,8,15,3,1.0,0.0
validation_012,validation,16,9,0,2,1.0,0.0
validation_012,validation,16,9,4,9,2.0,0.4444444444444444
validation_012,validation,16,9,5,25,1.04,0.04
validation_012,validation,16,9,6,34,1.0294117647058822,0.029411764705882353
validation_012,validation,16,9,7,154,1.0,0.0
validation_012,validation,16,9,8,33,1.0,0.0
validation_012,validation,16,9,9,1,1.0,0.0
validation_012,validation,16,9,10,14,1.0,0.0
validation_012,validation,16,9,11,9,1.0,0.0
validation_012,validation,16,9,12,2,1.0,0.0
validation_012,validation,16,9,13,2,1.0,0.0
validation_012,validation,16,10,5,4,1.0,0.0
validation_012,validation,16,10,7,55,1.0,0.0
validation_012,validation,16,10,11,10,1.0,0.0
validation_012,validation,16,11,4,1,2.0,1.0
validation_012,validation,16,12,4,1,1.0,0.0
validation_012,validation,16,12,5,44,1.0,0.0
validation_012,validation,16,12,6,38,1.0,0.0
validation_012,validation,16,12,7,1,1.0,0.0
validation_013,validation,16,1,3,8,1.0,0.0
validation_013,validation,16,1,4,36,1.0833333333333333,0.027777777777777776
validation_013,validation,16,1,5,65,1.9692307692307693,0.6461538461538462
validation_013,validation,16,1,6,25,1.44,0.28
validation_013,validation,16,1,7,43,1.5348837209302326,0.16279069767441862
validation_013,validation,16,2,2,16,1.0,0.0
validation_013,validation,16,2,3,171,1.6900584795321638,0.3216374269005848
validation_013,validation,16,2,4,264,1.2765151515151516,0.09090909090909091
validation_013,validation,16,2,5,518,1.752895752895753,0.45366795366795365
validation_013,validation,16,2,6,579,1.701208981001727,0.4075993091537133
validation_013,validation,16,2,7,1735,1.775792507204611,0.20979827089337175
validation_013,validation,16,2,8,1586,1.532156368221942,0.06431273644388398
validation_013,validation,16,2,9,375,1.16,0.09866666666666667
validation_013,validation,16,2,10,17,1.0,0.0
validation_013,validation,16,3,2,49,1.0,0.0
validation_013,validation,16,3,3,120,1.525,0.15
validation_013,validation,16,3,4,99,1.0,0.0
validation_013,validation,16,3,5,3,1.0,0.0
validation_013,validation,16,3,6,128,1.265625,0.1328125
validation_013,validation,16,3,7,754,1.8753315649867375,0.14058355437665782
validation_013,validation,16,3,8,1564,1.8395140664961638,0.18542199488491048
validation_013,validation,16,3,9,1902,1.4484752891692956,0.12933753943217666
validation_013,validation,16,3,10,338,1.2366863905325445,0.09763313609467456
validation_013,validation,16,3,11,27,1.0,0.0
validation_013,validation,16,4,2,44,1.0,0.0
validation_013,validation,16,4,3,151,1.1324503311258278,0.11920529801324503
validation_013,validation,16,4,4,7,1.1428571428571428,0.14285714285714285
validation_013,validation,16,4,5,67,2.0,0.31343283582089554
validation_013,validation,16,4,6,26,1.4615384615384615,0.19230769230769232
validation_013,validation,16,4,7,84,1.2619047619047619,0.10714285714285714
validation_013,validation,16,4,8,131,1.9923664122137406,0.1297709923664122
validation_013,validation,16,4,9,788,1.7931472081218274,0.07614213197969544
validation_013,validation,16,4,10,1102,1.3575317604355717,0.17695099818511797
validation_013,validation,16,4,11,262,1.0076335877862594,0.007633587786259542
validation_013,validation,16,4,12,14,1.0,0.0
validation_013,validation,16,5,0,9,2.0,0.7777777777777778
validation_013,validation,16,5,2,28,1.0,0.0
validation_013,validation,16,5,3,342,1.4444444444444444,0.049707602339181284
validation_013,validation,16,5,4,119,2.0,0.36134453781512604
validation_013,validation,16,5,5,427,2.0,0.20374707259953162
validation_013,validation,16,5,6,51,1.9411764705882353,0.43137254901960786
validation_013,validation,16,5,7,47,1.6170212765957446,0.2765957446808511
validation_013,validation,16,5,8,109,1.18348623853211,0.03669724770642202
validation_013,validation,16,5,9,535,1.8672897196261682,0.15140186915887852
validation_013,validation,16,5,10,1468,1.3732970027247957,0.22547683923705722
validation_013,validation,16,5,11,284,1.5528169014084507,0.3626760563380282
validation_013,validation,16,5,12,50,2.0,0.6
validation_013,validation,16,6,0,125,2.0,0.312
validation_013,validation,16,6,1,1,2.0,1.0
validation_013,validation,16,6,2,4,1.0,0.0
validation_013,validation,16,6,3,104,1.7788461538461537,0.2692307692307692
validation_013,validation,16,6,4,145,2.0,0.296551724137931
validation_013,validation,16,6,5,227,1.748898678414097,0.2290748898678414
validation_013,validation,16,6,6,120,1.8583333333333334,0.3
validation_013,validation,16,6,7,170,1.188235294117647,0.047058823529411764
validation_013,validation,16,6,8,352,1.5625,0.11931818181818182
validation_013,validation,16,6,9,867,1.881199538638985,0.17993079584775087
validation_013,validation,16,6,10,1325,1.600754716981132,0.1660377358490566
validation_013,validation,16,6,11,487,1.6899383983572895,0.21765913757700206
validation_013,validation,16,6,12,130,1.9846153846153847,0.676923076923077
validation_013,validation,16,6,13,28,1.7857142857142858,0.39285714285714285
validation_013,validation,16,7,0,42,2.0,0.7380952380952381
validation_013,validation,16,7,2,43,2.0,0.27906976744186046
validation_013,validation,16,7,3,167,2.0,0.25149700598802394
validation_013,validation,16,7,4,148,2.0,0.41216216216216217
validation_013,validation,16,7,5,98,2.0,0.37755102040816324
validation_013,validation,16,7,6,11,1.9090909090909092,0.5454545454545454
validation_013,validation,16,7,7,159,1.0,0.0
validation_013,validation,16,7,8,259,1.4054054054054055,0.04633204633204633
validation_013,validation,16,7,9,1090,1.9174311926605505,0.22935779816513763
validation_013,validation,16,7,10,1459,1.8368745716244004,0.20630568882796435
validation_013,validation,16,7,11,1449,1.9944789510006902,0.4161490683229814
validation_013,validation,16,7,12,825,1.9975757575757576,0.7151515151515152
validation_013,validation,16,7,13,19,1.0,0.0
validation_013,validation,16,7,14,34,1.0,0.0
validation_013,validation,16,8,0,5,1.6,0.6
validation_013,validation,16,8,2,6,2.0,1.0
validation_013,validation,16,8,3,41,2.0,0.8780487804878049
validation_013,validation,16,8,4,214,1.9813084112149533,0.5934579439252337
validation_013,validation,16,8,5,190,1.9894736842105263,0.5684210526315789
validation_013,validation,16,8,6,3,1.0,0.0
validation_013,validation,16,8,7,72,1.0,0.0
validation_013,validation,16,8,8,172,1.3895348837209303,0.12209302325581395
validation_013,validation,16,8,9,637,1.956043956043956,0.33124018838304553
validation_013,validation,16,8,10,343,1.9475218658892128,0.46938775510204084
validation_013,validation,16,8,11,844,2.0,0.21445497630331753
validation_013,validation,16,8,12,996,1.997991967871486,0.44477911646586343
validation_013,validation,16,8,13,15,1.0666666666666667,0.06666666666666667
validation_013,validation,16,9,0,8,1.0,0.0
validation_013,validation,16,9,1,3,1.0,0.0
validation_013,validation,16,9,2,3,2.0,1.0
validation_013,validation,16,9,3,128,2.0,0.4609375
validation_013,validation,16,9,4,352,2.0,0.5284090909090909
validation_013,validation,16,9,5,183,2.0,0.6994535519125683
validation_013,validation,16,9,6,1,1.0,0.0
validation_013,validation,16,9,7,4,1.0,0.0
validation_013,validation,16,9,8,22,2.0,0.3181818181818182
validation_013,validation,16,9,9,161,2.0,0.32298136645962733
validation_013,validation,16,9,10,83,2.0,0.43373493975903615
validation_013,validation,16,9,11,629,2.0,0.08267090620031796
validation_013,validation,16,9,12,683,2.0,0.48316251830161056
validation_013,validation,16,9,13,14,2.0,1.0
validation_013,validation,16,10,0,38,1.0,0.0
validation_013,validation,16,10,1,179,1.0,0.0
validation_013,validation,16,10,2,60,1.9833333333333334,0.21666666666666667
validation_013,validation,16,10,3,353,2.0,0.34844192634560905
validation_013,validation,16,10,4,344,2.0,0.49127906976744184
validation_013,validation,16,10,5,24,2.0,0.625
validation_013,validation,16,10,6,23,2.0,0.6086956521739131
validation_013,validation,16,10,8,13,2.0,0.6153846153846154
validation_013,validation,16,10,9,46,2.0,0.5217391304347826
validation_013,validation,16,10,10,1,2.0,0.0
validation_013,validation,16,10,11,173,2.0,0.32947976878612717
validation_013,validation,16,10,12,99,2.0,0.5858585858585859
validation_013,validation,16,11,1,25,1.0,0.0
validation_013,validation,16,11,2,80,1.7375,0.1625
validation_013,validation,16,11,3,50,1.92,0.42
validation_013,validation,16,11,4,1,2.0,1.0
validation_014,validation,16,1,8,61,2.0,0.32786885245901637
validation_014,validation,16,1,9,148,1.9932432432432432,0.10135135135135136
validation_014,validation,16,1,10,211,1.8909952606635072,0.06635071090047394
validation_014,validation,16,1,11,349,1.856733524355301,0.12607449856733524
validation_014,validation,16,1,12,645,2.0,0.09922480620155039
validation_014,validation,16,1,13,376,2.0,0.35638297872340424
validation_014,validation,16,2,3,11,1.0,0.0
validation_014,validation,16,2,4,90,2.0,0.9666666666666667
validation_014,validation,16,2,5,121,1.3553719008264462,0.18181818181818182
validation_014,validation,16,2,6,296,1.037162162162162,0.02702702702702703
validation_014,validation,16,2,7,473,1.0570824524312896,0.046511627906976744
validation_014,validation,16,2,8,403,1.347394540942928,0.04962779156327544
validation_014,validation,16,2,9,287,1.2822299651567943,0.11846689895470383
validation_014,validation,16,2,10,236,1.2033898305084745,0.03389830508474576
validation_014,validation,16,2,11,348,1.603448275862069,0.08908045977011494
validation_014,validation,16,2,12,555,1.571171171171171,0.15855855855855855
validation_014,validation,16,2,13,842,1.1377672209026128,0.03800475059382423
validation_014,validation,16,2,14,341,1.4604105571847508,0.14076246334310852
validation_014,validation,16,3,2,35,1.5142857142857142,0.42857142857142855
validation_014,validation,16,3,3,519,1.4951830443159924,0.11753371868978806
validation_014,validation,16,3,4,966,1.870600414078675,0.19772256728778467
validation_014,validation,16,3,5,926,1.823974082073434,0.17926565874730022
validation_014,validation,16,3,6,394,1.0355329949238579,0.02030456852791878
validation_014,validation,16,3,7,266,1.2593984962406015,0.04887218045112782
validation_014,validation,16,3,8,182,1.9285714285714286,0.4835164835164835
validation_014,validation,16,3,9,124,1.314516129032258,0.20161290322580644
validation_014,validation,16,3,10,173,1.3583815028901733,0.12138728323699421
validation_014,validation,16,3,11,345,1.4492753623188406,0.37681159420289856
validation_014,validation,16,3,12,535,1.5682242990654205,0.3663551401869159
validation_014,validation,16,3,13,1567,1.6298659859604339,0.1691129546904914
validation_014,validation,16,3,14,1368,1.7222222222222223,0.19371345029239767
validation_014,validation,16,3,15,116,1.8448275862068966,0.5172413793103449
validation_014,validation,16,4,1,3,1.0,0.0
validation_014,validation,16,4,2,63,1.873015873015873,0.6031746031746031
validation_014,validation,16,4,3,191,1.7382198952879582,0.25654450261780104
validation_014,validation,16,4,4,585,1.834188034188034,0.15042735042735042
validation_014,validation,16,4,5,567,1.6507936507936507,0.2345679012345679
validation_014,validation,16,4,6,112,1.5089285714285714,0.14285714285714285
validation_014,validation,16,4,7,10,2.0,0.3
validation_014,validation,16,4,8,768,1.9986979166666667,0.13541666666666666
validation_014,validation,16,4,9,1014,1.9832347140039448,0.15384615384615385
validation_014,validation,16,4,10,338,1.9615384615384615,0.16568047337278108
validation_014,validation,16,4,11,194,1.7061855670103092,0.17010309278350516
validation_014,validation,16,4,12,1027,1.9756572541382669,0.29600778967867575
validation_014,validation,16,4,13,1565,1.9987220447284344,0.20894568690095847
validation_014,validation,16,4,14,1077,2.0,0.34447539461467036
validation_014,validation,16,4,15,156,2.0,0.46153846153846156
validation_014,validation,16,5,1,5,1.0,0.0
validation_014,validation,16,5,2,10,1.0,0.0
validation_014,validation,16,5,3,18,1.7222222222222223,0.4444444444444444
validation_014,validation,16,5,4,240,1.75,0.16666666666666666
validation_014,validation,16,5,5,349,1.9856733524355301,0.2521489971346705
validation_014,validation,16,5,6,40,2.0,0.45
validation_014,validation,16,5,7,27,1.8888888888888888,0.6666666666666666
validation_014,validation,16,5,8,413,1.7941888619854722,0.048426150121065374
validation_014,validation,16,5,9,285,1.6,0.04912280701754386
validation_014,validation,16,5,10,200,1.74,0.025
validation_014,validation,16,5,11,757,2.0,0.41611624834874505
validation_014,validation,16,5,12,1571,2.0,0.4010184595798854
validation_014,validation,16,5,13,1682,2.0,0.3370986920332937
validation_014,validation,16,5,14,2248,1.9866548042704626,0.3331850533807829
validation_014,validation,16,5,15,547,2.0,0.3510054844606947
validation_014,validation,16,6,1,1,2.0,1.0
validation_014,validation,16,6,2,24,1.25,0.25
validation_014,validation,16,6,3,37,1.135135135135135,0.10810810810810811
validation_014,validation,16,6,4,123,1.91869918699187,0.7317073170731707
validation_014,validation,16,6,5,322,1.6677018633540373,0.2888198757763975
validation_014,validation,16,6,6,101,1.396039603960396,0.32673267326732675
validation_014,validation,16,6,7,98,1.846938775510204,0.5714285714285714
validation_014,validation,16,6,8,266,1.6729323308270676,0.18045112781954886
validation_014,validation,16,6,9,387,1.4134366925064599,0.2222222222222222
validation_014,validation,16,6,10,561,1.085561497326203,0.0285204991087344
validation_014,validation,16,6,11,820,1.8060975609756098,0.19146341463414634
validation_014,validation,16,6,12,1253,1.9896249002394253,0.3575418994413408
validation_014,validation,16,6,13,1516,1.9716358839050132,0.3858839050131926
validation_014,validation,16,6,14,815,1.7177914110429449,0.3214723926380368
validation_014,validation,16,6,15,303,1.5478547854785478,0.13861386138613863
validation_014,validation,16,7,1,41,1.975609756097561,0.36585365853658536
validation_014,validation,16,7,2,116,1.896551724137931,0.3620689655172414
validation_014,validation,16,7,3,116,1.706896551724138,0.33620689655172414
validation_014,validation,16,7,4,475,1.9915789473684211,0.5452631578947369
validation_014,validation,16,7,5,1170,1.9170940170940172,0.3811965811965812
validation_014,validation,16,7,6,255,1.7215686274509805,0.09803921568627451
validation_014,validation,16,7,7,175,1.64,0.08
validation_014,validation,16,7,8,192,1.2552083333333333,0.057291666666666664
validation_014,validation,16,7,9,115,1.0,0.0
validation_014,validation,16,7,10,359,1.286908077994429,0.17270194986072424
validation_014,validation,16,7,11,1437,1.6652748782185107,0.24913013221990257
validation_014,validation,16,7,12,971,1.5303810504634399,0.15345005149330587
validation_014,validation,16,7,13,289,1.5709342560553634,0.2906574394463668
validation_014,validation,16,7,14,200,1.585,0.12
validation_014,validation,16,7,15,20,1.85,0.55
validation_014,validation,16,8,1,18,1.9444444444444444,0.6666666666666666
validation_014,validation,16,8,2,724,1.9668508287292819,0.2638121546961326
validation_014,validation,16,8,3,447,1.9440715883668904,0.27293064876957496
validation_014,validation,16,8,4,295,1.888135593220339,0.4067796610169492
validation_014,validation,16,8,5,312,2.0,0.40705128205128205
validation_014,validation,16,8,6,177,2.0,0.3389830508474576
validation_014,validation,16,8,7,245,1.7959183673469388,0.024489795918367346
validation_014,validation,16,8,8,56,1.5892857142857142,0.125
validation_014,validation,16,8,9,196,1.0,0.0
validation_014,validation,16,8,10,234,1.0,0.0
validation_014,validation,16,8,11,294,1.3197278911564625,0.23129251700680273
validation_014,validation,16,8,12,280,1.4214285714285715,0.2857142857142857
validation_014,validation,16,8,13,66,1.0,0.0
validation_014,validation,16,8,14,18,1.1666666666666667,0.16666666666666666
validation_014,validation,16,8,15,1,2.0,1.0
validation_014,validation,16,9,0,5,2.0,0.8
validation_014,validation,16,9,1,424,2.0,0.25471698113207547
validation_014,validation,16,9,2,393,1.974554707379135,0.23155216284987276
validation_014,validation,16,9,3,893,2.0,0.2777155655095185
validation_014,validation,16,9,4,296,2.0,0.5067567567567568
validation_014,validation,16,9,5,34,2.0,0.8235294117647058
validation_014,validation,16,9,6,84,1.8333333333333333,0.34523809523809523
validation_014,validation,16,9,7,355,1.9577464788732395,0.17746478873239438
validation_014,validation,16,9,8,659,1.9833080424886191,0.27769347496206376
validation_014,validation,16,9,10,57,1.0,0.0
validation_014,validation,16,9,11,51,1.6470588235294117,0.27450980392156865
validation_014,validation,16,9,12,104,1.9326923076923077,0.3173076923076923
validation_014,validation,16,9,13,11,1.9090909090909092,0.2727272727272727
validation_014,validation,16,10,1,204,2.0,0.22058823529411764
validation_014,validation,16,10,2,1455,2.0,0.19243986254295534
validation_014,validation,16,10,3,900,1.9944444444444445,0.30666666666666664
validation_014,validation,16,10,4,203,2.0,0.4729064039408867
validation_014,validation,16,10,5,11,2.0,1.0
validation_014,validation,16,10,6,4,2.0,1.0
validation_014,validation,16,10,7,34,1.0588235294117647,0.0
validation_014,validation,16,10,8,6,1.0,0.0
validation_015,validation,16,2,3,8,2.0,0.625
validation_015,validation,16,2,4,65,1.1538461538461537,0.046153846153846156
validation_015,validation,16,2,5,9,1.0,0.0
validation_015,validation,16,3,2,4,2.0,0.75
validation_015,validation,16,3,3,365,1.2438356164383562,0.12054794520547946
validation_015,validation,16,3,4,662,1.6540785498489425,0.11782477341389729
validation_015,validation,16,3,5,1029,1.7998056365403303,0.23323615160349853
validation_015,validation,16,3,6,86,2.0,0.8488372093023255
validation_015,validation,16,3,7,15,2.0,0.9333333333333333
validation_015,validation,16,3,8,44,2.0,0.38636363636363635
validation_015,validation,16,3,9,100,2.0,0.36
validation_015,validation,16,3,10,93,2.0,0.6344086021505376
validation_015,validation,16,3,11,151,2.0,0.25165562913907286
validation_015,validation,16,4,2,114,1.780701754385965,0.7368421052631579
validation_015,validation,16,4,3,708,1.6850282485875707,0.5112994350282486
validation_015,validation,16,4,4,421,1.9144893111638954,0.7482185273159145
validation_015,validation,16,4,5,369,1.5013550135501355,0.1978319783197832
validation_015,validation,16,4,6,347,1.8962536023054755,0.30547550432276654
validation_015,validation,16,4,7,74,2.0,0.8648648648648649
validation_015,validation,16,4,8,83,2.0,0.7349397590361446
validation_015,validation,16,4,9,94,2.0,0.6276595744680851
validation_015,validation,16,4,10,83,2.0,0.5903614457831325
validation_015,validation,16,4,11,86,2.0,0.4186046511627907
validation_015,validation,16,4,12,259,1.8918918918918919,0.3590733590733591
validation_015,validation,16,4,13,20,1.5,0.5
validation_015,validation,16,5,2,133,1.6240601503759398,0.3609022556390977
validation_015,validation,16,5,3,616,1.5340909090909092,0.37662337662337664
validation_015,validation,16,5,4,584,1.7345890410958904,0.5787671232876712
validation_015,validation,16,5,5,490,1.4408163265306122,0.15306122448979592
validation_015,validation,16,5,6,371,1.5795148247978437,0.39622641509433965
validation_015,validation,16,5,7,157,2.0,0.7452229299363057
validation_015,validation,16,5,9,38,2.0,0.5263157894736842
validation_015,validation,16,5,10,143,1.8181818181818181,0.35664335664335667
validation_015,validation,16,5,11,313,1.9488817891373802,0.38338658146964855
validation_015,validation,16,5,12,209,1.38755980861244,0.3253588516746411
validation_015,validation,16,5,13,304,1.9144736842105263,0.4243421052631579
validation_015,validation,16,5,14,1,2.0,1.0
validation_015,validation,16,6,1,29,1.4827586206896552,0.3103448275862069
validation_015,validation,16,6,2,461,1.6594360086767896,0.11062906724511931
validation_015,validation,16,6,3,350,1.4228571428571428,0.22857142857142856
validation_015,validation,16,6,4,237,1.3839662447257384,0.2320675105485232
validation_015,validation,16,6,5,810,1.6975308641975309,0.25679012345679014
validation_015,validation,16,6,6,437,2.0,0.6956521739130435
validation_015,validation,16,6,7,186,2.0,0.8655913978494624
validation_015,validation,16,6,8,7,1.0,0.0
validation_015,validation,16,6,9,51,1.9803921568627452,0.8627450980392157
validation_015,validation,16,6,10,171,1.5964912280701755,0.26900584795321636
validation_015,validation,16,6,11,320,1.421875,0.165625
validation_015,validation,16,6,12,620,1.564516129032258,0.27903225806451615
validation_015,validation,16,6,13,172,1.5406976744186047,0.18023255813953487
validation_015,validation,16,6,14,296,1.3952702702702702,0.11486486486486487
validation_015,validation,16,7,0,2,2.0,0.5
validation_015,validation,16,7,1,314,2.0,0.4140127388535032
validation_015,validation,16,7,2,608,1.9917763157894737,0.19736842105263158
validation_015,validation,16,7,3,168,1.8571428571428572,0.625
validation_015,validation,16,7,4,173,1.8323699421965318,0.27167630057803466
validation_015,validation,16,7,5,264,1.9356060606060606,0.7840909090909091
validation_015,validation,16,7,6,381,1.695538057742782,0.6902887139107612
validation_015,validation,16,7,7,93,1.0,0.0
validation_015,validation,16,7,8,16,1.0,0.0
validation_015,validation,16,7,9,353,1.0,0.0
validation_015,validation,16,7,10,407,1.031941031941032,0.03194103194103194
validation_015,validation,16,7,11,420,1.1571428571428573,0.09285714285714286
validation_015,validation,16,7,12,449,1.0556792873051224,0.044543429844097995
validation_015,validation,16,7,13,701,1.0014265335235377,0.0
validation_015,validation,16,7,14,331,1.0060422960725075,0.006042296072507553
validation_015,validation,16,7,15,1,1.0,0.0
validation_015,validation,16,8,1,8,2.0,0.375
validation_015,validation,16,8,3,91,2.0,0.9230769230769231
validation_015,validation,16,8,4,271,1.985239852398524,0.36900369003690037
validation_015,validation,16,8,5,232,1.8448275862068966,0.38362068965517243
validation_015,validation,16,8,6,489,1.361963190184049,0.3333333333333333
validation_015,validation,16,8,7,708,1.0960451977401129,0.062146892655367235
validation_015,validation,16,8,8,699,1.21173104434907,0.2017167381974249
validation_015,validation,16,8,9,429,1.1748251748251748,0.17482517482517482
validation_015,validation,16,8,10,483,1.0041407867494825,0.004140786749482402
validation_015,validation,16,8,11,533,1.0,0.0
validation_015,validation,16,8,12,695,1.0,0.0
validation_015,validation,16,8,13,461,1.0,0.0
validation_015,validation,16,8,14,60,1.0,0.0
validation_015,validation,16,9,3,7,2.0,0.2857142857142857
validation_015,validation,16,9,4,26,2.0,0.8846153846153846
validation_015,validation,16,9,5,175,1.3428571428571427,0.32
validation_015,validation,16,9,6,543,1.5635359116022098,0.5561694290976059
validation_015,validation,16,9,7,719,1.467315716272601,0.34492350486787204
validation_015,validation,16,9,8,324,1.2160493827160495,0.12962962962962962
validation_015,validation,16,9,9,612,1.1209150326797386,0.10947712418300654
validation_015,validation,16,9,10,1044,1.1417624521072798,0.1417624521072797
validation_015,validation,16,9,11,811,1.0419235511713933,0.04192355117139334
validation_015,validation,16,9,12,268,1.0037313432835822,0.0037313432835820895
validation_015,validation,16,9,13,3,1.0,0.0
validation_015,validation,16,10,3,1,1.0,0.0
validation_015,validation,16,10,4,27,2.0,0.6296296296296297
validation_015,validation,16,10,5,14,1.0,0.0
validation_015,validation,16,10,6,131,1.183206106870229,0.183206106870229
validation_015,validation,16,10,7,489,1.261758691206544,0.25971370143149286
validation_015,validation,16,10,8,375,1.5466666666666666,0.448
validation_015,validation,16,10,9,589,1.2614601018675722,0.1833616298811545
validation_015,validation,16,10,10,315,1.2158730158730158,0.20952380952380953
validation_015,validation,16,10,11,1,1.0,0.0
validation_015,validation,16,11,2,5,1.0,0.0
validation_015,validation,16,11,3,13,1.0,0.0
validation_015,validation,16,11,4,2,2.0,0.5
validation_015,validation,16,11,6,10,1.2,0.2
validation_015,validation,16,12,6,1,1.0,0.0
validation_016,validation,16,2,4,1,1.0,0.0
validation_016,validation,16,3,8,1,1.0,0.0
validation_016,validation,16,3,10,1,1.0,0.0
validation_016,validation,16,3,11,165,1.0,0.0
validation_016,validation,16,3,12,357,1.134453781512605,0.08123249299719888
validation_016,validation,16,3,13,11,1.5454545454545454,0.5454545454545454
validation_016,validation,16,4,3,2,1.0,0.0
validation_016,validation,16,4,4,259,1.196911196911197,0.10038610038610038
validation_016,validation,16,4,5,690,1.4202898550724639,0.1956521739130435
validation_016,validation,16,4,6,429,1.648018648018648,0.28205128205128205
validation_016,validation,16,4,7,611,1.646481178396072,0.2569558101472995
validation_016,validation,16,4,8,1587,1.5015752993068683,0.12413358538122243
validation_016,validation,16,4,9,863,1.1587485515643106,0.10196987253765932
validation_016,validation,16,4,10,548,1.3467153284671534,0.2664233576642336
validation_016,validation,16,4,11,1157,1.484874675885912,0.2247191011235955
validation_016,validation,16,4,12,1892,1.607293868921776,0.3192389006342495
validation_016,validation,16,4,13,129,1.3410852713178294,0.3023255813953488
validation_016,validation,16,5,3,282,1.049645390070922,0.0425531914893617
validation_016,validation,16,5,4,596,1.483221476510067,0.3087248322147651
validation_016,validation,16,5,5,172,1.2616279069767442,0.1686046511627907
validation_016,validation,16,5,6,494,1.0688259109311742,0.030364372469635626
validation_016,validation,16,5,7,927,1.3743257820927723,0.15857605177993528
validation_016,validation,16,5,8,2003,1.658012980529206,0.06340489266100849
validation_016,validation,16,5,9,1939,1.6560082516761216,0.1707065497679216
validation_016,validation,16,5,10,2226,1.578616352201258,0.16486972147349505
validation_016,validation,16,5,11,1407,1.5927505330490406,0.2622601279317697
validation_016,validation,16,5,12,866,1.4584295612009237,0.2748267898383372
validation_016,validation,16,5,13,5,2.0,1.0
validation_016,validation,16,6,2,1,1.0,0.0
validation_016,validation,16,6,3,136,1.0147058823529411,0.014705882352941176
validation_016,validation,16,6,4,197,1.0101522842639594,0.005076142131979695
validation_016,validation,16,6,5,58,1.6379310344827587,0.43103448275862066
validation_016,validation,16,6,6,312,1.5993589743589745,0.3717948717948718
validation_016,validation,16,6,7,978,1.7269938650306749,0.2791411042944785
validation_016,validation,16,6,8,787,1.8754764930114358,0.17789072426937738
validation_016,validation,16,6,9,1036,1.6631274131274132,0.10521235521235521
validation_016,validation,16,6,10,1889,1.6357861302276338,0.09899417681312864
validation_016,validation,16,6,11,972,1.5432098765432098,0.10082304526748971
validation_016,validation,16,6,12,600,1.1416666666666666,0.04
validation_016,validation,16,7,5,3,2.0,0.3333333333333333
validation_016,validation,16,7,6,178,1.7415730337078652,0.3089887640449438
validation_016,validation,16,7,7,432,1.6273148148148149,0.2847222222222222
validation_016,validation,16,7,8,594,1.9074074074074074,0.2895622895622896
validation_016,validation,16,7,9,336,1.7619047619047619,0.09523809523809523
validation_016,validation,16,7,10,305,1.4163934426229507,0.18032786885245902
validation_016,validation,16,7,11,658,1.472644376899696,0.13677811550151975
validation_016,validation,16,7,12,327,1.2996941896024465,0.09174311926605505
validation_016,validation,16,7,13,23,1.0,0.0
validation_016,validation,16,8,5,7,2.0,0.42857142857142855
validation_016,validation,16,8,6,69,1.9130434782608696,0.391304347826087
validation_016,validation,16,8,7,69,1.8840579710144927,0.2753623188405797
validation_016,validation,16,8,8,106,2.0,0.07547169811320754
validation_016,validation,16,8,9,30,2.0,0.2
validation_016,validation,16,8,10,235,1.3446808510638297,0.02553191489361702
validation_016,validation,16,8,11,273,1.0842490842490842,0.047619047619047616
validation_016,validation,16,8,12,97,1.7938144329896908,0.3402061855670103
validation_016,validation,16,8,13,3,1.0,0.0
validation_016,validation,16,9,3,107,1.0,0.0
validation_016,validation,16,9,4,99,1.0,0.0
validation_016,validation,16,9,5,62,2.0,0.27419354838709675
validation_016,validation,16,9,6,4,2.0,0.75
validation_016,validation,16,9,7,13,2.0,0.5384615384615384
validation_016,validation,16,9,8,189,2.0,0.25396825396825395
validation_016,validation,16,9,9,758,2.0,0.15435356200527706
validation_016,validation,16,9,10,187,1.9893048128342246,0.12299465240641712
validation_016,validation,16,9,11,176,1.9715909090909092,0.8125
validation_016,validation,16,9,12,3,2.0,0.6666666666666666
validation_016,validation,16,10,3,133,1.0451127819548873,0.03759398496240601
validation_016,validation,16,10,4,415,1.0144578313253012,0.00963855421686747
validation_016,validation,16,10,5,40,1.625,0.25
validation_016,validation,16,10,6,681,1.3641703377386196,0.16152716593245228
validation_016,validation,16,10,7,651,1.5468509984639016,0.22887864823348694
validation_016,validation,16,10,8,81,2.0,0.345679012345679
validation_016,validation,16,10,9,18,1.2777777777777777,0.1111111111111111
validation_016,validation,16,10,10,29,1.4137931034482758,0.41379310344827586
validation_016,validation,16,10,11,15,1.0666666666666667,0.06666666666666667
validation_016,validation,16,11,9,12,1.0,0.0
validation_016,validation,16,12,3,4,1.0,0.0
validation_016,validation,16,12,4,3,1.0,0.0
validation_016,validation,16,12,5,2,1.0,0.0
validation_016,validation,16,12,6,1,1.0,0.0
validation_016,validation,16,12,7,44,1.2954545454545454,0.1590909090909091
validation_016,validation,16,12,8,101,1.5445544554455446,0.2079207920792079
validation_016,validation,16,13,4,3,1.0,0.0
validation_016,validation,16,13,5,1,1.0,0.0
validation_016,validation,16,13,6,20,1.0,0.0
validation_017,validation,16,3,3,728,1.978021978021978,0.18406593406593408
validation_017,validation,16,3,4,770,1.9948051948051948,0.5623376623376624
validation_017,validation,16,3,5,420,2.0,0.6476190476190476
validation_017,validation,16,3,6,68,2.0,0.20588235294117646
validation_017,validation,16,3,7,49,2.0,0.8979591836734694
validation_017,validation,16,3,8,146,2.0,0.5684931506849316
validation_017,validation,16,3,9,34,2.0,0.5
validation_017,validation,16,3,11,169,1.1479289940828403,0.1301775147928994
validation_017,validation,16,3,12,11,1.0,0.0
validation_017,validation,16,4,2,10,2.0,0.9
validation_017,validation,16,4,3,1378,1.9288824383164005,0.32728592162554426
validation_017,validation,16,4,4,2213,1.974694984184365,0.3746046091278807
validation_017,validation,16,4,5,2156,1.9967532467532467,0.44387755102040816
validation_017,validation,16,4,6,2505,1.9137724550898203,0.2842315369261477
validation_017,validation,16,4,7,2881,1.9701492537313432,0.34154807358556055
validation_017,validation,16,4,8,2448,1.9865196078431373,0.40808823529411764
validation_017,validation,16,4,9,705,1.9546099290780141,0.39290780141843973
validation_017,validation,16,4,10,30,1.1333333333333333,0.13333333333333333
validation_017,validation,16,4,11,416,1.0528846153846154,0.05048076923076923
validation_017,validation,16,4,12,62,1.1129032258064515,0.11290322580645161
validation_017,validation,16,4,13,1,1.0,0.0
validation_017,validation,16,5,1,15,2.0,0.5333333333333333
validation_017,validation,16,5,2,1140,1.9631578947368422,0.35
validation_017,validation,16,5,3,3093,1.9731652117685095,0.2825735531846104
validation_017,validation,16,5,4,3461,1.986709043629009,0.23085813348743137
validation_017,validation,16,5,5,4399,1.9588542850647874,0.22982496021823143
validation_017,validation,16,5,6,5487,1.8780754510661564,0.14561691270275195
validation_017,validation,16,5,7,6659,1.9025379186063973,0.10827451569304701
validation_017,validation,16,5,8,5595,1.992135835567471,0.24343163538873994
validation_017,validation,16,5,9,2150,1.9804651162790698,0.41209302325581393
validation_017,validation,16,5,10,391,1.659846547314578,0.40153452685422
validation_017,validation,16,5,11,158,1.7721518987341771,0.5886075949367089
validation_017,validation,16,5,12,164,1.396341463414634,0.23170731707317074
validation_017,validation,16,5,13,41,1.951219512195122,0.8048780487804879
validation_017,validation,16,6,1,31,1.7096774193548387,0.3870967741935484
validation_017,validation,16,6,2,742,1.9191374663072776,0.3948787061994609
validation_017,validation,16,6,3,2106,1.9900284900284901,0.1362773029439696
validation_017,validation,16,6,4,2875,1.9982608695652173,0.1443478260869565
validation_017,validation,16,6,5,1947,1.9691833590138674,0.18489984591679506
validation_017,validation,16,6,6,2147,1.8779692594317652,0.09175593851886353
validation_017,validation,16,6,7,3631,1.8672541999449188,0.14073258055632057
validation_017,validation,16,6,8,2331,1.9875589875589876,0.2423852423852424
validation_017,validation,16,6,9,661,2.0,0.46444780635400906
validation_017,validation,16,6,10,505,1.8613861386138615,0.2732673267326733
validation_017,validation,16,6,11,132,1.2121212121212122,0.09090909090909091
validation_017,validation,16,6,12,433,1.5866050808314087,0.3833718244803695
validation_017,validation,16,6,13,163,1.969325153374233,0.49079754601226994
validation_017,validation,16,7,1,31,2.0,0.6451612903225806
validation_017,validation,16,7,2,98,1.5204081632653061,0.24489795918367346
validation_017,validation,16,7,3,683,1.8726207906295753,0.22547584187408493
validation_017,validation,16,7,4,2572,1.9482892690513218,0.08242612752721618
validation_017,validation,16,7,5,2478,1.9745762711864407,0.1553672316384181
validation_017,validation,16,7,6,1360,1.9919117647058824,0.19852941176470587
validation_017,validation,16,7,7,446,1.8811659192825112,0.23766816143497757
validation_017,validation,16,7,8,1471,1.9694085656016316,0.3344663494221618
validation_017,validation,16,7,9,877,1.974914481185861,0.4903078677309008
validation_017,validation,16,7,10,466,1.886266094420601,0.5686695278969958
validation_017,validation,16,7,11,155,1.935483870967742,0.4838709677419355
validation_017,validation,16,7,12,23,2.0,0.9130434782608695
validation_017,validation,16,8,1,15,2.0,0.4666666666666667
validation_017,validation,16,8,2,139,2.0,0.4676258992805755
validation_017,validation,16,8,3,180,1.5611111111111111,0.28888888888888886
validation_017,validation,16,8,4,196,1.8979591836734695,0.20408163265306123
validation_017,validation,16,8,5,1074,1.9655493482309125,0.3808193668528864
validation_017,validation,16,8,6,591,1.8291032148900168,0.38071065989847713
validation_017,validation,16,8,7,1625,1.6295384615384616,0.05723076923076923
validation_017,validation,16,8,8,1447,1.5155494125777471,0.07532826537664132
validation_017,validation,16,8,9,1266,1.7962085308056872,0.13981042654028436
validation_017,validation,16,8,10,367,1.9618528610354224,0.44686648501362397
validation_017,validation,16,8,11,99,1.9494949494949494,0.6767676767676768
validation_017,validation,16,8,12,5,1.8,0.6
validation_017,validation,16,9,1,1,2.0,0.0
validation_017,validation,16,9,2,7,1.0,0.0
validation_017,validation,16,9,3,228,2.0,0.39035087719298245
validation_017,validation,16,9,4,341,2.0,0.31085043988269795
validation_017,validation,16,9,5,319,2.0,0.5172413793103449
validation_017,validation,16,9,6,595,1.8857142857142857,0.3058823529411765
validation_017,validation,16,9,7,292,1.8390410958904109,0.1952054794520548
validation_017,validation,16,9,8,1095,1.9360730593607305,0.12968036529680366
validation_017,validation,16,9,9,514,1.9571984435797665,0.25486381322957197
validation_017,validation,16,9,10,45,2.0,0.5777777777777777
validation_017,validation,16,9,11,1,2.0,1.0
validation_017,validation,16,10,2,35,1.9714285714285715,0.5714285714285714
validation_017,validation,16,10,3,47,2.0,0.40425531914893614
validation_017,validation,16,10,8,66,1.9696969696969697,0.9696969696969697
validation_017,validation,16,10,9,56,2.0,1.0
validation_017,validation,16,11,2,6,2.0,1.0
validation_017,validation,16,11,8,2,1.5,0.5
validation_017,validation,16,11,9,1,1.0,0.0
validation_017,validation,16,12,2,2,2.0,0.5
validation_017,validation,16,12,3,6,2.0,0.6666666666666666
validation_017,validation,16,12,4,3,2.0,0.6666666666666666
validation_017,validation,16,12,5,18,2.0,0.8333333333333334
validation_017,validation,16,12,6,262,2.0,0.9961832061068703
validation_017,validation,16,12,7,86,2.0,0.8488372093023255
validation_017,validation,16,13,4,1,2.0,1.0
validation_017,validation,16,13,5,5,2.0,0.8
validation_017,validation,16,13,6,1,2.0,1.0
