video_alias,split,grid_resolution,bin_row,bin_col,gt_positive_count,predicted_positive_count,false_positive_count,false_negative_count
train_sanity_000,train_sanity,16,0,0,0,0,0,0
train_sanity_000,train_sanity,16,0,1,0,0,0,0
train_sanity_000,train_sanity,16,0,2,0,0,0,0
train_sanity_000,train_sanity,16,0,3,0,0,0,0
train_sanity_000,train_sanity,16,0,4,0,0,0,0
train_sanity_000,train_sanity,16,0,5,0,0,0,0
train_sanity_000,train_sanity,16,0,6,0,0,0,0
train_sanity_000,train_sanity,16,0,7,0,0,0,0
train_sanity_000,train_sanity,16,0,8,0,0,0,0
train_sanity_000,train_sanity,16,0,9,0,0,0,0
train_sanity_000,train_sanity,16,0,10,0,0,0,0
train_sanity_000,train_sanity,16,0,11,0,0,0,0
train_sanity_000,train_sanity,16,0,12,0,0,0,0
train_sanity_000,train_sanity,16,0,13,0,0,0,0
train_sanity_000,train_sanity,16,0,14,0,0,0,0
train_sanity_000,train_sanity,16,0,15,0,0,0,0
train_sanity_000,train_sanity,16,1,0,0,0,0,0
train_sanity_000,train_sanity,16,1,1,0,0,0,0
train_sanity_000,train_sanity,16,1,2,0,4,4,0
train_sanity_000,train_sanity,16,1,3,0,66,66,0
train_sanity_000,train_sanity,16,1,4,0,47,47,0
train_sanity_000,train_sanity,16,1,5,1,6,6,1
train_sanity_000,train_sanity,16,1,6,19,96,87,10
train_sanity_000,train_sanity,16,1,7,2,74,72,0
train_sanity_000,train_sanity,16,1,8,0,122,122,0
train_sanity_000,train_sanity,16,1,9,0,56,56,0
train_sanity_000,train_sanity,16,1,10,0,0,0,0
train_sanity_000,train_sanity,16,1,11,0,0,0,0
train_sanity_000,train_sanity,16,1,12,0,0,0,0
train_sanity_000,train_sanity,16,1,13,0,0,0,0
train_sanity_000,train_sanity,16,1,14,0,0,0,0
train_sanity_000,train_sanity,16,1,15,0,0,0,0
train_sanity_000,train_sanity,16,2,0,2,0,0,2
train_sanity_000,train_sanity,16,2,1,68,0,0,68
train_sanity_000,train_sanity,16,2,2,84,10,4,78
train_sanity_000,train_sanity,16,2,3,98,18,11,91
train_sanity_000,train_sanity,16,2,4,183,150,73,106
train_sanity_000,train_sanity,16,2,5,262,392,161,36
train_sanity_000,train_sanity,16,2,6,332,499,329,166
train_sanity_000,train_sanity,16,2,7,25,785,782,23
train_sanity_000,train_sanity,16,2,8,0,540,540,0
train_sanity_000,train_sanity,16,2,9,0,304,304,0
train_sanity_000,train_sanity,16,2,10,0,18,18,0
train_sanity_000,train_sanity,16,2,11,0,0,0,0
train_sanity_000,train_sanity,16,2,12,0,0,0,0
train_sanity_000,train_sanity,16,2,13,0,0,0,0
train_sanity_000,train_sanity,16,2,14,0,0,0,0
train_sanity_000,train_sanity,16,2,15,0,0,0,0
train_sanity_000,train_sanity,16,3,0,51,0,0,51
train_sanity_000,train_sanity,16,3,1,210,1,0,209
train_sanity_000,train_sanity,16,3,2,147,98,74,123
train_sanity_000,train_sanity,16,3,3,97,198,195,94
train_sanity_000,train_sanity,16,3,4,68,618,609,59
train_sanity_000,train_sanity,16,3,5,12,994,994,12
train_sanity_000,train_sanity,16,3,6,0,402,402,0
train_sanity_000,train_sanity,16,3,7,0,509,509,0
train_sanity_000,train_sanity,16,3,8,0,557,557,0
train_sanity_000,train_sanity,16,3,9,0,529,529,0
train_sanity_000,train_sanity,16,3,10,0,213,213,0
train_sanity_000,train_sanity,16,3,11,0,27,27,0
train_sanity_000,train_sanity,16,3,12,0,0,0,0
train_sanity_000,train_sanity,16,3,13,0,30,30,0
train_sanity_000,train_sanity,16,3,14,0,18,18,0
train_sanity_000,train_sanity,16,3,15,0,0,0,0
train_sanity_000,train_sanity,16,4,0,0,0,0,0
train_sanity_000,train_sanity,16,4,1,0,0,0,0
train_sanity_000,train_sanity,16,4,2,0,49,49,0
train_sanity_000,train_sanity,16,4,3,0,155,155,0
train_sanity_000,train_sanity,16,4,4,0,253,253,0
train_sanity_000,train_sanity,16,4,5,0,343,343,0
train_sanity_000,train_sanity,16,4,6,0,482,482,0
train_sanity_000,train_sanity,16,4,7,0,492,492,0
train_sanity_000,train_sanity,16,4,8,0,314,314,0
train_sanity_000,train_sanity,16,4,9,0,334,334,0
train_sanity_000,train_sanity,16,4,10,0,462,462,0
train_sanity_000,train_sanity,16,4,11,0,440,440,0
train_sanity_000,train_sanity,16,4,12,0,115,115,0
train_sanity_000,train_sanity,16,4,13,0,203,203,0
train_sanity_000,train_sanity,16,4,14,0,192,192,0
train_sanity_000,train_sanity,16,4,15,0,2,2,0
train_sanity_000,train_sanity,16,5,0,0,0,0,0
train_sanity_000,train_sanity,16,5,1,0,0,0,0
train_sanity_000,train_sanity,16,5,2,0,5,5,0
train_sanity_000,train_sanity,16,5,3,0,64,64,0
train_sanity_000,train_sanity,16,5,4,0,63,63,0
train_sanity_000,train_sanity,16,5,5,0,278,278,0
train_sanity_000,train_sanity,16,5,6,0,337,337,0
train_sanity_000,train_sanity,16,5,7,0,777,777,0
train_sanity_000,train_sanity,16,5,8,0,552,552,0
train_sanity_000,train_sanity,16,5,9,0,333,333,0
train_sanity_000,train_sanity,16,5,10,0,497,497,0
train_sanity_000,train_sanity,16,5,11,0,1179,1179,0
train_sanity_000,train_sanity,16,5,12,0,1101,1101,0
train_sanity_000,train_sanity,16,5,13,0,1425,1425,0
train_sanity_000,train_sanity,16,5,14,0,1132,1132,0
train_sanity_000,train_sanity,16,5,15,0,44,44,0
train_sanity_000,train_sanity,16,6,0,0,0,0,0
train_sanity_000,train_sanity,16,6,1,0,15,15,0
train_sanity_000,train_sanity,16,6,2,0,35,35,0
train_sanity_000,train_sanity,16,6,3,0,63,63,0
train_sanity_000,train_sanity,16,6,4,0,145,145,0
train_sanity_000,train_sanity,16,6,5,0,229,229,0
train_sanity_000,train_sanity,16,6,6,0,298,298,0
train_sanity_000,train_sanity,16,6,7,0,88,88,0
train_sanity_000,train_sanity,16,6,8,0,6,6,0
train_sanity_000,train_sanity,16,6,9,0,99,99,0
train_sanity_000,train_sanity,16,6,10,0,801,801,0
train_sanity_000,train_sanity,16,6,11,0,1496,1496,0
train_sanity_000,train_sanity,16,6,12,0,1058,1058,0
train_sanity_000,train_sanity,16,6,13,0,839,839,0
train_sanity_000,train_sanity,16,6,14,0,503,503,0
train_sanity_000,train_sanity,16,6,15,0,9,9,0
train_sanity_000,train_sanity,16,7,0,0,0,0,0
train_sanity_000,train_sanity,16,7,1,0,7,7,0
train_sanity_000,train_sanity,16,7,2,0,18,18,0
train_sanity_000,train_sanity,16,7,3,0,3,3,0
train_sanity_000,train_sanity,16,7,4,0,237,237,0
train_sanity_000,train_sanity,16,7,5,0,63,63,0
train_sanity_000,train_sanity,16,7,6,0,5,5,0
train_sanity_000,train_sanity,16,7,7,0,35,35,0
train_sanity_000,train_sanity,16,7,8,0,6,6,0
train_sanity_000,train_sanity,16,7,9,0,17,17,0
train_sanity_000,train_sanity,16,7,10,0,942,942,0
train_sanity_000,train_sanity,16,7,11,0,1294,1294,0
train_sanity_000,train_sanity,16,7,12,0,451,451,0
train_sanity_000,train_sanity,16,7,13,0,159,159,0
train_sanity_000,train_sanity,16,7,14,0,109,109,0
train_sanity_000,train_sanity,16,7,15,0,2,2,0
train_sanity_000,train_sanity,16,8,0,0,20,20,0
train_sanity_000,train_sanity,16,8,1,0,1,1,0
train_sanity_000,train_sanity,16,8,2,0,1,1,0
train_sanity_000,train_sanity,16,8,3,0,0,0,0
train_sanity_000,train_sanity,16,8,4,0,118,118,0
train_sanity_000,train_sanity,16,8,5,0,2,2,0
train_sanity_000,train_sanity,16,8,6,0,5,5,0
train_sanity_000,train_sanity,16,8,7,0,22,22,0
train_sanity_000,train_sanity,16,8,8,0,0,0,0
train_sanity_000,train_sanity,16,8,9,0,4,4,0
train_sanity_000,train_sanity,16,8,10,0,252,252,0
train_sanity_000,train_sanity,16,8,11,0,294,294,0
train_sanity_000,train_sanity,16,8,12,0,9,9,0
train_sanity_000,train_sanity,16,8,13,0,0,0,0
train_sanity_000,train_sanity,16,8,14,0,0,0,0
train_sanity_000,train_sanity,16,8,15,0,0,0,0
train_sanity_000,train_sanity,16,9,0,0,1,1,0
train_sanity_000,train_sanity,16,9,1,0,0,0,0
train_sanity_000,train_sanity,16,9,2,0,54,54,0
train_sanity_000,train_sanity,16,9,3,0,0,0,0
train_sanity_000,train_sanity,16,9,4,0,13,13,0
train_sanity_000,train_sanity,16,9,5,0,28,28,0
train_sanity_000,train_sanity,16,9,6,0,8,8,0
train_sanity_000,train_sanity,16,9,7,0,0,0,0
train_sanity_000,train_sanity,16,9,8,0,0,0,0
train_sanity_000,train_sanity,16,9,9,0,0,0,0
train_sanity_000,train_sanity,16,9,10,0,0,0,0
train_sanity_000,train_sanity,16,9,11,0,0,0,0
train_sanity_000,train_sanity,16,9,12,0,0,0,0
train_sanity_000,train_sanity,16,9,13,0,0,0,0
train_sanity_000,train_sanity,16,9,14,0,0,0,0
train_sanity_000,train_sanity,16,9,15,0,0,0,0
train_sanity_000,train_sanity,16,10,0,0,0,0,0
train_sanity_000,train_sanity,16,10,1,0,0,0,0
train_sanity_000,train_sanity,16,10,2,0,1,1,0
train_sanity_000,train_sanity,16,10,3,0,0,0,0
train_sanity_000,train_sanity,16,10,4,0,0,0,0
train_sanity_000,train_sanity,16,10,5,0,18,18,0
train_sanity_000,train_sanity,16,10,6,0,0,0,0
train_sanity_000,train_sanity,16,10,7,0,0,0,0
train_sanity_000,train_sanity,16,10,8,0,0,0,0
train_sanity_000,train_sanity,16,10,9,0,0,0,0
train_sanity_000,train_sanity,16,10,10,0,0,0,0
train_sanity_000,train_sanity,16,10,11,0,0,0,0
train_sanity_000,train_sanity,16,10,12,0,0,0,0
train_sanity_000,train_sanity,16,10,13,0,0,0,0
train_sanity_000,train_sanity,16,10,14,0,0,0,0
train_sanity_000,train_sanity,16,10,15,0,0,0,0
train_sanity_000,train_sanity,16,11,0,0,0,0,0
train_sanity_000,train_sanity,16,11,1,0,0,0,0
train_sanity_000,train_sanity,16,11,2,0,6,6,0
train_sanity_000,train_sanity,16,11,3,0,0,0,0
train_sanity_000,train_sanity,16,11,4,0,0,0,0
train_sanity_000,train_sanity,16,11,5,0,0,0,0
train_sanity_000,train_sanity,16,11,6,0,0,0,0
train_sanity_000,train_sanity,16,11,7,0,0,0,0
train_sanity_000,train_sanity,16,11,8,0,0,0,0
train_sanity_000,train_sanity,16,11,9,0,0,0,0
train_sanity_000,train_sanity,16,11,10,0,0,0,0
train_sanity_000,train_sanity,16,11,11,0,0,0,0
train_sanity_000,train_sanity,16,11,12,0,0,0,0
train_sanity_000,train_sanity,16,11,13,0,0,0,0
train_sanity_000,train_sanity,16,11,14,0,0,0,0
train_sanity_000,train_sanity,16,11,15,0,0,0,0
train_sanity_000,train_sanity,16,12,0,0,0,0,0
train_sanity_000,train_sanity,16,12,1,0,0,0,0
train_sanity_000,train_sanity,16,12,2,0,0,0,0
train_sanity_000,train_sanity,16,12,3,0,1,1,0
train_sanity_000,train_sanity,16,12,4,0,0,0,0
train_sanity_000,train_sanity,16,12,5,0,0,0,0
train_sanity_000,train_sanity,16,12,6,0,0,0,0
train_sanity_000,train_sanity,16,12,7,0,0,0,0
train_sanity_000,train_sanity,16,12,8,0,0,0,0
train_sanity_000,train_sanity,16,12,9,0,0,0,0
train_sanity_000,train_sanity,16,12,10,0,0,0,0
train_sanity_000,train_sanity,16,12,11,0,0,0,0
train_sanity_000,train_sanity,16,12,12,0,0,0,0
train_sanity_000,train_sanity,16,12,13,0,0,0,0
train_sanity_000,train_sanity,16,12,14,0,0,0,0
train_sanity_000,train_sanity,16,12,15,0,0,0,0
train_sanity_000,train_sanity,16,13,0,0,0,0,0
train_sanity_000,train_sanity,16,13,1,0,0,0,0
train_sanity_000,train_sanity,16,13,2,0,0,0,0
train_sanity_000,train_sanity,16,13,3,0,0,0,0
train_sanity_000,train_sanity,16,13,4,0,0,0,0
train_sanity_000,train_sanity,16,13,5,0,0,0,0
train_sanity_000,train_sanity,16,13,6,0,0,0,0
train_sanity_000,train_sanity,16,13,7,0,0,0,0
train_sanity_000,train_sanity,16,13,8,0,0,0,0
train_sanity_000,train_sanity,16,13,9,0,0,0,0
train_sanity_000,train_sanity,16,13,10,0,0,0,0
train_sanity_000,train_sanity,16,13,11,0,0,0,0
train_sanity_000,train_sanity,16,13,12,0,0,0,0
train_sanity_000,train_sanity,16,13,13,0,0,0,0
train_sanity_000,train_sanity,16,13,14,0,0,0,0
train_sanity_000,train_sanity,16,13,15,0,0,0,0
train_sanity_000,train_sanity,16,14,0,0,0,0,0
train_sanity_000,train_sanity,16,14,1,0,0,0,0
train_sanity_000,train_sanity,16,14,2,0,0,0,0
train_sanity_000,train_sanity,16,14,3,0,0,0,0
train_sanity_000,train_sanity,16,14,4,0,0,0,0
train_sanity_000,train_sanity,16,14,5,0,0,0,0
train_sanity_000,train_sanity,16,14,6,0,0,0,0
train_sanity_000,train_sanity,16,14,7,0,0,0,0
train_sanity_000,train_sanity,16,14,8,0,0,0,0
train_sanity_000,train_sanity,16,14,9,0,0,0,0
train_sanity_000,train_sanity,16,14,10,0,0,0,0
train_sanity_000,train_sanity,16,14,11,0,0,0,0
train_sanity_000,train_sanity,16,14,12,0,0,0,0
train_sanity_000,train_sanity,16,14,13,0,0,0,0
train_sanity_000,train_sanity,16,14,14,0,0,0,0
train_sanity_000,train_sanity,16,14,15,0,0,0,0
train_sanity_000,train_sanity,16,15,0,0,0,0,0
train_sanity_000,train_sanity,16,15,1,0,0,0,0
train_sanity_000,train_sanity,16,15,2,0,0,0,0
train_sanity_000,train_sanity,16,15,3,0,0,0,0
train_sanity_000,train_sanity,16,15,4,0,0,0,0
train_sanity_000,train_sanity,16,15,5,0,0,0,0
train_sanity_000,train_sanity,16,15,6,0,0,0,0
train_sanity_000,train_sanity,16,15,7,0,0,0,0
train_sanity_000,train_sanity,16,15,8,0,0,0,0
train_sanity_000,train_sanity,16,15,9,0,0,0,0
train_sanity_000,train_sanity,16,15,10,0,0,0,0
train_sanity_000,train_sanity,16,15,11,0,0,0,0
train_sanity_000,train_sanity,16,15,12,0,0,0,0
train_sanity_000,train_sanity,16,15,13,0,0,0,0
train_sanity_000,train_sanity,16,15,14,0,0,0,0
train_sanity_000,train_sanity,16,15,15,0,0,0,0
train_sanity_001,train_sanity,16,0,0,0,0,0,0
train_sanity_001,train_sanity,16,0,1,0,0,0,0
train_sanity_001,train_sanity,16,0,2,0,0,0,0
train_sanity_001,train_sanity,16,0,3,0,0,0,0
train_sanity_001,train_sanity,16,0,4,0,0,0,0
train_sanity_001,train_sanity,16,0,5,0,0,0,0
train_sanity_001,train_sanity,16,0,6,0,0,0,0
train_sanity_001,train_sanity,16,0,7,0,0,0,0
train_sanity_001,train_sanity,16,0,8,0,0,0,0
train_sanity_001,train_sanity,16,0,9,0,0,0,0
train_sanity_001,train_sanity,16,0,10,0,0,0,0
train_sanity_001,train_sanity,16,0,11,0,0,0,0
train_sanity_001,train_sanity,16,0,12,0,0,0,0
train_sanity_001,train_sanity,16,0,13,0,0,0,0
train_sanity_001,train_sanity,16,0,14,0,0,0,0
train_sanity_001,train_sanity,16,0,15,0,0,0,0
train_sanity_001,train_sanity,16,1,0,0,0,0,0
train_sanity_001,train_sanity,16,1,1,0,0,0,0
train_sanity_001,train_sanity,16,1,2,0,0,0,0
train_sanity_001,train_sanity,16,1,3,0,0,0,0
train_sanity_001,train_sanity,16,1,4,0,0,0,0
train_sanity_001,train_sanity,16,1,5,0,0,0,0
train_sanity_001,train_sanity,16,1,6,0,0,0,0
train_sanity_001,train_sanity,16,1,7,0,0,0,0
train_sanity_001,train_sanity,16,1,8,0,0,0,0
train_sanity_001,train_sanity,16,1,9,0,0,0,0
train_sanity_001,train_sanity,16,1,10,0,0,0,0
train_sanity_001,train_sanity,16,1,11,0,0,0,0
train_sanity_001,train_sanity,16,1,12,0,0,0,0
train_sanity_001,train_sanity,16,1,13,0,0,0,0
train_sanity_001,train_sanity,16,1,14,0,0,0,0
train_sanity_001,train_sanity,16,1,15,0,0,0,0
train_sanity_001,train_sanity,16,2,0,0,0,0,0
train_sanity_001,train_sanity,16,2,1,0,0,0,0
train_sanity_001,train_sanity,16,2,2,0,0,0,0
train_sanity_001,train_sanity,16,2,3,0,0,0,0
train_sanity_001,train_sanity,16,2,4,0,0,0,0
train_sanity_001,train_sanity,16,2,5,0,0,0,0
train_sanity_001,train_sanity,16,2,6,0,0,0,0
train_sanity_001,train_sanity,16,2,7,0,0,0,0
train_sanity_001,train_sanity,16,2,8,0,0,0,0
train_sanity_001,train_sanity,16,2,9,0,0,0,0
train_sanity_001,train_sanity,16,2,10,0,0,0,0
train_sanity_001,train_sanity,16,2,11,0,0,0,0
train_sanity_001,train_sanity,16,2,12,0,0,0,0
train_sanity_001,train_sanity,16,2,13,0,0,0,0
train_sanity_001,train_sanity,16,2,14,0,0,0,0
train_sanity_001,train_sanity,16,2,15,0,0,0,0
train_sanity_001,train_sanity,16,3,0,0,0,0,0
train_sanity_001,train_sanity,16,3,1,0,0,0,0
train_sanity_001,train_sanity,16,3,2,0,0,0,0
train_sanity_001,train_sanity,16,3,3,0,0,0,0
train_sanity_001,train_sanity,16,3,4,0,3,3,0
train_sanity_001,train_sanity,16,3,5,0,41,41,0
train_sanity_001,train_sanity,16,3,6,0,145,145,0
train_sanity_001,train_sanity,16,3,7,0,12,12,0
train_sanity_001,train_sanity,16,3,8,0,53,53,0
train_sanity_001,train_sanity,16,3,9,0,0,0,0
train_sanity_001,train_sanity,16,3,10,0,0,0,0
train_sanity_001,train_sanity,16,3,11,0,0,0,0
train_sanity_001,train_sanity,16,3,12,0,1,1,0
train_sanity_001,train_sanity,16,3,13,0,0,0,0
train_sanity_001,train_sanity,16,3,14,0,0,0,0
train_sanity_001,train_sanity,16,3,15,0,0,0,0
train_sanity_001,train_sanity,16,4,0,0,0,0,0
train_sanity_001,train_sanity,16,4,1,0,0,0,0
train_sanity_001,train_sanity,16,4,2,0,0,0,0
train_sanity_001,train_sanity,16,4,3,0,40,40,0
train_sanity_001,train_sanity,16,4,4,0,630,630,0
train_sanity_001,train_sanity,16,4,5,66,660,615,24
train_sanity_001,train_sanity,16,4,6,246,858,675,63
train_sanity_001,train_sanity,16,4,7,21,943,829,7
train_sanity_001,train_sanity,16,4,8,0,788,663,0
train_sanity_001,train_sanity,16,4,9,0,315,315,0
train_sanity_001,train_sanity,16,4,10,0,271,252,0
train_sanity_001,train_sanity,16,4,11,0,69,69,0
train_sanity_001,train_sanity,16,4,12,0,120,120,0
train_sanity_001,train_sanity,16,4,13,0,14,14,0
train_sanity_001,train_sanity,16,4,14,0,0,0,0
train_sanity_001,train_sanity,16,4,15,0,0,0,0
train_sanity_001,train_sanity,16,5,0,0,0,0,0
train_sanity_001,train_sanity,16,5,1,0,0,0,0
train_sanity_001,train_sanity,16,5,2,0,5,5,0
train_sanity_001,train_sanity,16,5,3,0,111,111,0
train_sanity_001,train_sanity,16,5,4,0,875,875,0
train_sanity_001,train_sanity,16,5,5,0,231,222,0
train_sanity_001,train_sanity,16,5,6,26,447,427,6
train_sanity_001,train_sanity,16,5,7,158,764,626,28
train_sanity_001,train_sanity,16,5,8,6,1017,938,0
train_sanity_001,train_sanity,16,5,9,0,968,755,0
train_sanity_001,train_sanity,16,5,10,0,663,621,0
train_sanity_001,train_sanity,16,5,11,0,570,567,0
train_sanity_001,train_sanity,16,5,12,0,257,257,0
train_sanity_001,train_sanity,16,5,13,0,115,115,0
train_sanity_001,train_sanity,16,5,14,0,1,1,0
train_sanity_001,train_sanity,16,5,15,0,0,0,0
train_sanity_001,train_sanity,16,6,0,0,0,0,0
train_sanity_001,train_sanity,16,6,1,0,0,0,0
train_sanity_001,train_sanity,16,6,2,0,25,25,0
train_sanity_001,train_sanity,16,6,3,0,44,44,0
train_sanity_001,train_sanity,16,6,4,0,227,227,0
train_sanity_001,train_sanity,16,6,5,0,398,398,0
train_sanity_001,train_sanity,16,6,6,0,450,446,0
train_sanity_001,train_sanity,16,6,7,122,230,163,55
train_sanity_001,train_sanity,16,6,8,443,1022,740,203
train_sanity_001,train_sanity,16,6,9,37,1111,989,32
train_sanity_001,train_sanity,16,6,10,0,1097,834,0
train_sanity_001,train_sanity,16,6,11,0,541,537,0
train_sanity_001,train_sanity,16,6,12,0,149,149,0
train_sanity_001,train_sanity,16,6,13,0,13,13,0
train_sanity_001,train_sanity,16,6,14,0,0,0,0
train_sanity_001,train_sanity,16,6,15,0,0,0,0
train_sanity_001,train_sanity,16,7,0,0,0,0,0
train_sanity_001,train_sanity,16,7,1,0,0,0,0
train_sanity_001,train_sanity,16,7,2,0,36,36,0
train_sanity_001,train_sanity,16,7,3,0,412,412,0
train_sanity_001,train_sanity,16,7,4,0,423,423,0
train_sanity_001,train_sanity,16,7,5,0,87,87,0
train_sanity_001,train_sanity,16,7,6,0,326,326,0
train_sanity_001,train_sanity,16,7,7,0,126,126,0
train_sanity_001,train_sanity,16,7,8,139,112,112,139
train_sanity_001,train_sanity,16,7,9,324,598,590,324
train_sanity_001,train_sanity,16,7,10,64,1171,1095,56
train_sanity_001,train_sanity,16,7,11,0,268,216,0
train_sanity_001,train_sanity,16,7,12,0,43,43,0
train_sanity_001,train_sanity,16,7,13,0,1,1,0
train_sanity_001,train_sanity,16,7,14,0,31,31,0
train_sanity_001,train_sanity,16,7,15,0,1,1,0
train_sanity_001,train_sanity,16,8,0,0,0,0,0
train_sanity_001,train_sanity,16,8,1,0,0,0,0
train_sanity_001,train_sanity,16,8,2,0,2,2,0
train_sanity_001,train_sanity,16,8,3,0,17,17,0
train_sanity_001,train_sanity,16,8,4,0,99,99,0
train_sanity_001,train_sanity,16,8,5,0,513,513,0
train_sanity_001,train_sanity,16,8,6,0,263,263,0
train_sanity_001,train_sanity,16,8,7,0,57,57,0
train_sanity_001,train_sanity,16,8,8,0,0,0,0
train_sanity_001,train_sanity,16,8,9,9,266,266,9
train_sanity_001,train_sanity,16,8,10,172,475,470,172
train_sanity_001,train_sanity,16,8,11,26,458,458,26
train_sanity_001,train_sanity,16,8,12,0,26,26,0
train_sanity_001,train_sanity,16,8,13,0,0,0,0
train_sanity_001,train_sanity,16,8,14,0,23,23,0
train_sanity_001,train_sanity,16,8,15,0,0,0,0
train_sanity_001,train_sanity,16,9,0,0,0,0,0
train_sanity_001,train_sanity,16,9,1,0,0,0,0
train_sanity_001,train_sanity,16,9,2,0,0,0,0
train_sanity_001,train_sanity,16,9,3,0,3,3,0
train_sanity_001,train_sanity,16,9,4,0,10,10,0
train_sanity_001,train_sanity,16,9,5,0,354,354,0
train_sanity_001,train_sanity,16,9,6,0,329,329,0
train_sanity_001,train_sanity,16,9,7,0,173,173,0
train_sanity_001,train_sanity,16,9,8,0,0,0,0
train_sanity_001,train_sanity,16,9,9,0,9,9,0
train_sanity_001,train_sanity,16,9,10,0,53,53,0
train_sanity_001,train_sanity,16,9,11,0,7,7,0
train_sanity_001,train_sanity,16,9,12,0,2,2,0
train_sanity_001,train_sanity,16,9,13,0,0,0,0
train_sanity_001,train_sanity,16,9,14,0,0,0,0
train_sanity_001,train_sanity,16,9,15,0,0,0,0
train_sanity_001,train_sanity,16,10,0,0,0,0,0
train_sanity_001,train_sanity,16,10,1,0,0,0,0
train_sanity_001,train_sanity,16,10,2,0,0,0,0
train_sanity_001,train_sanity,16,10,3,0,0,0,0
train_sanity_001,train_sanity,16,10,4,0,0,0,0
train_sanity_001,train_sanity,16,10,5,0,422,422,0
train_sanity_001,train_sanity,16,10,6,0,668,668,0
train_sanity_001,train_sanity,16,10,7,0,182,182,0
train_sanity_001,train_sanity,16,10,8,0,2,2,0
train_sanity_001,train_sanity,16,10,9,0,15,15,0
train_sanity_001,train_sanity,16,10,10,0,30,30,0
train_sanity_001,train_sanity,16,10,11,0,1,1,0
train_sanity_001,train_sanity,16,10,12,0,0,0,0
train_sanity_001,train_sanity,16,10,13,0,0,0,0
train_sanity_001,train_sanity,16,10,14,0,0,0,0
train_sanity_001,train_sanity,16,10,15,0,0,0,0
train_sanity_001,train_sanity,16,11,0,0,0,0,0
train_sanity_001,train_sanity,16,11,1,0,0,0,0
train_sanity_001,train_sanity,16,11,2,0,0,0,0
train_sanity_001,train_sanity,16,11,3,0,0,0,0
train_sanity_001,train_sanity,16,11,4,0,0,0,0
train_sanity_001,train_sanity,16,11,5,0,31,31,0
train_sanity_001,train_sanity,16,11,6,0,3,3,0
train_sanity_001,train_sanity,16,11,7,0,38,38,0
train_sanity_001,train_sanity,16,11,8,0,1,1,0
train_sanity_001,train_sanity,16,11,9,0,0,0,0
train_sanity_001,train_sanity,16,11,10,0,0,0,0
train_sanity_001,train_sanity,16,11,11,0,0,0,0
train_sanity_001,train_sanity,16,11,12,0,1,1,0
train_sanity_001,train_sanity,16,11,13,0,0,0,0
train_sanity_001,train_sanity,16,11,14,0,0,0,0
train_sanity_001,train_sanity,16,11,15,0,0,0,0
train_sanity_001,train_sanity,16,12,0,0,0,0,0
train_sanity_001,train_sanity,16,12,1,0,0,0,0
train_sanity_001,train_sanity,16,12,2,0,0,0,0
train_sanity_001,train_sanity,16,12,3,0,0,0,0
train_sanity_001,train_sanity,16,12,4,0,0,0,0
train_sanity_001,train_sanity,16,12,5,0,0,0,0
train_sanity_001,train_sanity,16,12,6,0,0,0,0
train_sanity_001,train_sanity,16,12,7,0,0,0,0
train_sanity_001,train_sanity,16,12,8,0,0,0,0
train_sanity_001,train_sanity,16,12,9,0,0,0,0
train_sanity_001,train_sanity,16,12,10,0,0,0,0
train_sanity_001,train_sanity,16,12,11,0,0,0,0
train_sanity_001,train_sanity,16,12,12,0,0,0,0
train_sanity_001,train_sanity,16,12,13,0,0,0,0
train_sanity_001,train_sanity,16,12,14,0,0,0,0
train_sanity_001,train_sanity,16,12,15,0,0,0,0
train_sanity_001,train_sanity,16,13,0,0,0,0,0
train_sanity_001,train_sanity,16,13,1,0,0,0,0
train_sanity_001,train_sanity,16,13,2,0,0,0,0
train_sanity_001,train_sanity,16,13,3,0,0,0,0
train_sanity_001,train_sanity,16,13,4,0,0,0,0
train_sanity_001,train_sanity,16,13,5,0,0,0,0
train_sanity_001,train_sanity,16,13,6,0,0,0,0
train_sanity_001,train_sanity,16,13,7,0,0,0,0
train_sanity_001,train_sanity,16,13,8,0,0,0,0
train_sanity_001,train_sanity,16,13,9,0,0,0,0
train_sanity_001,train_sanity,16,13,10,0,0,0,0
train_sanity_001,train_sanity,16,13,11,0,0,0,0
train_sanity_001,train_sanity,16,13,12,0,0,0,0
train_sanity_001,train_sanity,16,13,13,0,0,0,0
train_sanity_001,train_sanity,16,13,14,0,0,0,0
train_sanity_001,train_sanity,16,13,15,0,0,0,0
train_sanity_001,train_sanity,16,14,0,0,0,0,0
train_sanity_001,train_sanity,16,14,1,0,0,0,0
train_sanity_001,train_sanity,16,14,2,0,0,0,0
train_sanity_001,train_sanity,16,14,3,0,3,3,0
train_sanity_001,train_sanity,16,14,4,0,0,0,0
train_sanity_001,train_sanity,16,14,5,0,0,0,0
train_sanity_001,train_sanity,16,14,6,0,0,0,0
train_sanity_001,train_sanity,16,14,7,0,0,0,0
train_sanity_001,train_sanity,16,14,8,0,0,0,0
train_sanity_001,train_sanity,16,14,9,0,0,0,0
train_sanity_001,train_sanity,16,14,10,0,0,0,0
train_sanity_001,train_sanity,16,14,11,0,0,0,0
train_sanity_001,train_sanity,16,14,12,0,0,0,0
train_sanity_001,train_sanity,16,14,13,0,0,0,0
train_sanity_001,train_sanity,16,14,14,0,0,0,0
train_sanity_001,train_sanity,16,14,15,0,0,0,0
train_sanity_001,train_sanity,16,15,0,0,0,0,0
train_sanity_001,train_sanity,16,15,1,0,0,0,0
train_sanity_001,train_sanity,16,15,2,0,0,0,0
train_sanity_001,train_sanity,16,15,3,0,0,0,0
train_sanity_001,train_sanity,16,15,4,0,0,0,0
train_sanity_001,train_sanity,16,15,5,0,0,0,0
train_sanity_001,train_sanity,16,15,6,0,0,0,0
train_sanity_001,train_sanity,16,15,7,0,0,0,0
train_sanity_001,train_sanity,16,15,8,0,0,0,0
train_sanity_001,train_sanity,16,15,9,0,0,0,0
train_sanity_001,train_sanity,16,15,10,0,0,0,0
train_sanity_001,train_sanity,16,15,11,0,0,0,0
train_sanity_001,train_sanity,16,15,12,0,0,0,0
train_sanity_001,train_sanity,16,15,13,0,0,0,0
train_sanity_001,train_sanity,16,15,14,0,0,0,0
train_sanity_001,train_sanity,16,15,15,0,0,0,0
train_sanity_002,train_sanity,16,0,0,0,0,0,0
train_sanity_002,train_sanity,16,0,1,0,0,0,0
train_sanity_002,train_sanity,16,0,2,0,0,0,0
train_sanity_002,train_sanity,16,0,3,0,0,0,0
train_sanity_002,train_sanity,16,0,4,0,0,0,0
train_sanity_002,train_sanity,16,0,5,0,0,0,0
train_sanity_002,train_sanity,16,0,6,0,0,0,0
train_sanity_002,train_sanity,16,0,7,0,0,0,0
train_sanity_002,train_sanity,16,0,8,0,0,0,0
train_sanity_002,train_sanity,16,0,9,0,0,0,0
train_sanity_002,train_sanity,16,0,10,0,0,0,0
train_sanity_002,train_sanity,16,0,11,0,0,0,0
train_sanity_002,train_sanity,16,0,12,0,0,0,0
train_sanity_002,train_sanity,16,0,13,0,0,0,0
train_sanity_002,train_sanity,16,0,14,0,0,0,0
train_sanity_002,train_sanity,16,0,15,0,0,0,0
train_sanity_002,train_sanity,16,1,0,0,0,0,0
train_sanity_002,train_sanity,16,1,1,0,0,0,0
train_sanity_002,train_sanity,16,1,2,0,0,0,0
train_sanity_002,train_sanity,16,1,3,0,0,0,0
train_sanity_002,train_sanity,16,1,4,0,0,0,0
train_sanity_002,train_sanity,16,1,5,0,0,0,0
train_sanity_002,train_sanity,16,1,6,0,0,0,0
train_sanity_002,train_sanity,16,1,7,0,0,0,0
train_sanity_002,train_sanity,16,1,8,0,0,0,0
train_sanity_002,train_sanity,16,1,9,0,0,0,0
train_sanity_002,train_sanity,16,1,10,0,0,0,0
train_sanity_002,train_sanity,16,1,11,0,0,0,0
train_sanity_002,train_sanity,16,1,12,0,0,0,0
train_sanity_002,train_sanity,16,1,13,0,0,0,0
train_sanity_002,train_sanity,16,1,14,0,0,0,0
train_sanity_002,train_sanity,16,1,15,0,0,0,0
train_sanity_002,train_sanity,16,2,0,0,0,0,0
train_sanity_002,train_sanity,16,2,1,0,0,0,0
train_sanity_002,train_sanity,16,2,2,0,0,0,0
train_sanity_002,train_sanity,16,2,3,0,0,0,0
train_sanity_002,train_sanity,16,2,4,0,0,0,0
train_sanity_002,train_sanity,16,2,5,0,0,0,0
train_sanity_002,train_sanity,16,2,6,0,0,0,0
train_sanity_002,train_sanity,16,2,7,0,0,0,0
train_sanity_002,train_sanity,16,2,8,0,0,0,0
train_sanity_002,train_sanity,16,2,9,0,0,0,0
train_sanity_002,train_sanity,16,2,10,0,0,0,0
train_sanity_002,train_sanity,16,2,11,0,0,0,0
train_sanity_002,train_sanity,16,2,12,0,1,1,0
train_sanity_002,train_sanity,16,2,13,0,0,0,0
train_sanity_002,train_sanity,16,2,14,0,0,0,0
train_sanity_002,train_sanity,16,2,15,0,0,0,0
train_sanity_002,train_sanity,16,3,0,0,0,0,0
train_sanity_002,train_sanity,16,3,1,0,0,0,0
train_sanity_002,train_sanity,16,3,2,0,0,0,0
train_sanity_002,train_sanity,16,3,3,0,0,0,0
train_sanity_002,train_sanity,16,3,4,0,0,0,0
train_sanity_002,train_sanity,16,3,5,0,0,0,0
train_sanity_002,train_sanity,16,3,6,0,0,0,0
train_sanity_002,train_sanity,16,3,7,0,0,0,0
train_sanity_002,train_sanity,16,3,8,0,0,0,0
train_sanity_002,train_sanity,16,3,9,0,7,7,0
train_sanity_002,train_sanity,16,3,10,0,129,129,0
train_sanity_002,train_sanity,16,3,11,0,124,124,0
train_sanity_002,train_sanity,16,3,12,0,9,9,0
train_sanity_002,train_sanity,16,3,13,0,0,0,0
train_sanity_002,train_sanity,16,3,14,0,0,0,0
train_sanity_002,train_sanity,16,3,15,0,0,0,0
train_sanity_002,train_sanity,16,4,0,0,0,0,0
train_sanity_002,train_sanity,16,4,1,0,0,0,0
train_sanity_002,train_sanity,16,4,2,0,3,3,0
train_sanity_002,train_sanity,16,4,3,0,0,0,0
train_sanity_002,train_sanity,16,4,4,0,128,128,0
train_sanity_002,train_sanity,16,4,5,0,359,359,0
train_sanity_002,train_sanity,16,4,6,0,408,408,0
train_sanity_002,train_sanity,16,4,7,0,569,569,0
train_sanity_002,train_sanity,16,4,8,0,1048,1048,0
train_sanity_002,train_sanity,16,4,9,0,1349,1349,0
train_sanity_002,train_sanity,16,4,10,0,453,453,0
train_sanity_002,train_sanity,16,4,11,0,290,290,0
train_sanity_002,train_sanity,16,4,12,0,156,156,0
train_sanity_002,train_sanity,16,4,13,0,35,35,0
train_sanity_002,train_sanity,16,4,14,0,0,0,0
train_sanity_002,train_sanity,16,4,15,0,0,0,0
train_sanity_002,train_sanity,16,5,0,0,0,0,0
train_sanity_002,train_sanity,16,5,1,46,0,0,46
train_sanity_002,train_sanity,16,5,2,246,296,209,202
train_sanity_002,train_sanity,16,5,3,241,2211,1825,32
train_sanity_002,train_sanity,16,5,4,164,2487,2236,22
train_sanity_002,train_sanity,16,5,5,188,2467,2156,32
train_sanity_002,train_sanity,16,5,6,485,2340,1814,64
train_sanity_002,train_sanity,16,5,7,623,2128,1415,3
train_sanity_002,train_sanity,16,5,8,54,1313,1273,20
train_sanity_002,train_sanity,16,5,9,0,501,501,0
train_sanity_002,train_sanity,16,5,10,0,4,4,0
train_sanity_002,train_sanity,16,5,11,0,626,626,0
train_sanity_002,train_sanity,16,5,12,0,411,411,0
train_sanity_002,train_sanity,16,5,13,0,124,124,0
train_sanity_002,train_sanity,16,5,14,0,0,0,0
train_sanity_002,train_sanity,16,5,15,0,0,0,0
train_sanity_002,train_sanity,16,6,0,3,0,0,3
train_sanity_002,train_sanity,16,6,1,465,0,0,465
train_sanity_002,train_sanity,16,6,2,663,640,335,361
train_sanity_002,train_sanity,16,6,3,621,1701,1093,48
train_sanity_002,train_sanity,16,6,4,618,2295,1605,23
train_sanity_002,train_sanity,16,6,5,666,2481,1741,5
train_sanity_002,train_sanity,16,6,6,495,1601,1039,4
train_sanity_002,train_sanity,16,6,7,113,827,682,8
train_sanity_002,train_sanity,16,6,8,7,237,235,6
train_sanity_002,train_sanity,16,6,9,0,993,993,0
train_sanity_002,train_sanity,16,6,10,0,499,499,0
train_sanity_002,train_sanity,16,6,11,0,571,571,0
train_sanity_002,train_sanity,16,6,12,0,447,447,0
train_sanity_002,train_sanity,16,6,13,0,0,0,0
train_sanity_002,train_sanity,16,6,14,0,0,0,0
train_sanity_002,train_sanity,16,6,15,0,0,0,0
train_sanity_002,train_sanity,16,7,0,1,0,0,1
train_sanity_002,train_sanity,16,7,1,119,0,0,119
train_sanity_002,train_sanity,16,7,2,227,177,165,215
train_sanity_002,train_sanity,16,7,3,91,906,890,77
train_sanity_002,train_sanity,16,7,4,51,910,868,21
train_sanity_002,train_sanity,16,7,5,2,1216,1212,0
train_sanity_002,train_sanity,16,7,6,47,639,610,24
train_sanity_002,train_sanity,16,7,7,0,8,8,0
train_sanity_002,train_sanity,16,7,8,0,109,109,0
train_sanity_002,train_sanity,16,7,9,0,57,57,0
train_sanity_002,train_sanity,16,7,10,0,7,7,0
train_sanity_002,train_sanity,16,7,11,0,74,74,0
train_sanity_002,train_sanity,16,7,12,0,360,360,0
train_sanity_002,train_sanity,16,7,13,0,2,2,0
train_sanity_002,train_sanity,16,7,14,0,0,0,0
train_sanity_002,train_sanity,16,7,15,0,0,0,0
train_sanity_002,train_sanity,16,8,0,0,0,0,0
train_sanity_002,train_sanity,16,8,1,0,1,1,0
train_sanity_002,train_sanity,16,8,2,0,66,66,0
train_sanity_002,train_sanity,16,8,3,0,341,341,0
train_sanity_002,train_sanity,16,8,4,0,22,22,0
train_sanity_002,train_sanity,16,8,5,0,40,40,0
train_sanity_002,train_sanity,16,8,6,0,6,6,0
train_sanity_002,train_sanity,16,8,7,0,0,0,0
train_sanity_002,train_sanity,16,8,8,0,2,2,0
train_sanity_002,train_sanity,16,8,9,0,6,6,0
train_sanity_002,train_sanity,16,8,10,0,0,0,0
train_sanity_002,train_sanity,16,8,11,0,26,26,0
train_sanity_002,train_sanity,16,8,12,0,132,132,0
train_sanity_002,train_sanity,16,8,13,0,28,28,0
train_sanity_002,train_sanity,16,8,14,0,0,0,0
train_sanity_002,train_sanity,16,8,15,0,0,0,0
train_sanity_002,train_sanity,16,9,0,0,0,0,0
train_sanity_002,train_sanity,16,9,1,0,0,0,0
train_sanity_002,train_sanity,16,9,2,0,0,0,0
train_sanity_002,train_sanity,16,9,3,0,0,0,0
train_sanity_002,train_sanity,16,9,4,0,16,16,0
train_sanity_002,train_sanity,16,9,5,0,0,0,0
train_sanity_002,train_sanity,16,9,6,0,0,0,0
train_sanity_002,train_sanity,16,9,7,0,0,0,0
train_sanity_002,train_sanity,16,9,8,0,0,0,0
train_sanity_002,train_sanity,16,9,9,0,0,0,0
train_sanity_002,train_sanity,16,9,10,0,0,0,0
train_sanity_002,train_sanity,16,9,11,0,0,0,0
train_sanity_002,train_sanity,16,9,12,0,4,4,0
train_sanity_002,train_sanity,16,9,13,0,3,3,0
train_sanity_002,train_sanity,16,9,14,0,0,0,0
train_sanity_002,train_sanity,16,9,15,0,0,0,0
train_sanity_002,train_sanity,16,10,0,0,0,0,0
train_sanity_002,train_sanity,16,10,1,0,0,0,0
train_sanity_002,train_sanity,16,10,2,0,0,0,0
train_sanity_002,train_sanity,16,10,3,0,0,0,0
train_sanity_002,train_sanity,16,10,4,0,0,0,0
train_sanity_002,train_sanity,16,10,5,0,0,0,0
train_sanity_002,train_sanity,16,10,6,0,0,0,0
train_sanity_002,train_sanity,16,10,7,0,0,0,0
train_sanity_002,train_sanity,16,10,8,0,0,0,0
train_sanity_002,train_sanity,16,10,9,0,0,0,0
train_sanity_002,train_sanity,16,10,10,0,0,0,0
train_sanity_002,train_sanity,16,10,11,0,0,0,0
train_sanity_002,train_sanity,16,10,12,0,0,0,0
train_sanity_002,train_sanity,16,10,13,0,0,0,0
train_sanity_002,train_sanity,16,10,14,0,0,0,0
train_sanity_002,train_sanity,16,10,15,0,0,0,0
train_sanity_002,train_sanity,16,11,0,0,0,0,0
train_sanity_002,train_sanity,16,11,1,0,0,0,0
train_sanity_002,train_sanity,16,11,2,0,0,0,0
train_sanity_002,train_sanity,16,11,3,0,0,0,0
train_sanity_002,train_sanity,16,11,4,0,0,0,0
train_sanity_002,train_sanity,16,11,5,0,0,0,0
train_sanity_002,train_sanity,16,11,6,0,0,0,0
train_sanity_002,train_sanity,16,11,7,0,0,0,0
train_sanity_002,train_sanity,16,11,8,0,0,0,0
train_sanity_002,train_sanity,16,11,9,0,0,0,0
train_sanity_002,train_sanity,16,11,10,0,0,0,0
train_sanity_002,train_sanity,16,11,11,0,0,0,0
train_sanity_002,train_sanity,16,11,12,0,0,0,0
train_sanity_002,train_sanity,16,11,13,0,0,0,0
train_sanity_002,train_sanity,16,11,14,0,0,0,0
train_sanity_002,train_sanity,16,11,15,0,0,0,0
train_sanity_002,train_sanity,16,12,0,0,0,0,0
train_sanity_002,train_sanity,16,12,1,0,0,0,0
train_sanity_002,train_sanity,16,12,2,0,0,0,0
train_sanity_002,train_sanity,16,12,3,0,0,0,0
train_sanity_002,train_sanity,16,12,4,0,0,0,0
train_sanity_002,train_sanity,16,12,5,0,0,0,0
train_sanity_002,train_sanity,16,12,6,0,0,0,0
train_sanity_002,train_sanity,16,12,7,0,0,0,0
train_sanity_002,train_sanity,16,12,8,0,0,0,0
train_sanity_002,train_sanity,16,12,9,0,0,0,0
train_sanity_002,train_sanity,16,12,10,0,0,0,0
train_sanity_002,train_sanity,16,12,11,0,0,0,0
train_sanity_002,train_sanity,16,12,12,0,0,0,0
train_sanity_002,train_sanity,16,12,13,0,0,0,0
train_sanity_002,train_sanity,16,12,14,0,0,0,0
train_sanity_002,train_sanity,16,12,15,0,0,0,0
train_sanity_002,train_sanity,16,13,0,0,0,0,0
train_sanity_002,train_sanity,16,13,1,0,0,0,0
train_sanity_002,train_sanity,16,13,2,0,0,0,0
train_sanity_002,train_sanity,16,13,3,0,0,0,0
train_sanity_002,train_sanity,16,13,4,0,0,0,0
train_sanity_002,train_sanity,16,13,5,0,0,0,0
train_sanity_002,train_sanity,16,13,6,0,0,0,0
train_sanity_002,train_sanity,16,13,7,0,0,0,0
train_sanity_002,train_sanity,16,13,8,0,0,0,0
train_sanity_002,train_sanity,16,13,9,0,0,0,0
train_sanity_002,train_sanity,16,13,10,0,0,0,0
train_sanity_002,train_sanity,16,13,11,0,0,0,0
train_sanity_002,train_sanity,16,13,12,0,0,0,0
train_sanity_002,train_sanity,16,13,13,0,0,0,0
train_sanity_002,train_sanity,16,13,14,0,0,0,0
train_sanity_002,train_sanity,16,13,15,0,0,0,0
train_sanity_002,train_sanity,16,14,0,0,0,0,0
train_sanity_002,train_sanity,16,14,1,0,0,0,0
train_sanity_002,train_sanity,16,14,2,0,0,0,0
train_sanity_002,train_sanity,16,14,3,0,0,0,0
train_sanity_002,train_sanity,16,14,4,0,0,0,0
train_sanity_002,train_sanity,16,14,5,0,0,0,0
train_sanity_002,train_sanity,16,14,6,0,0,0,0
train_sanity_002,train_sanity,16,14,7,0,0,0,0
train_sanity_002,train_sanity,16,14,8,0,0,0,0
train_sanity_002,train_sanity,16,14,9,0,0,0,0
train_sanity_002,train_sanity,16,14,10,0,0,0,0
train_sanity_002,train_sanity,16,14,11,0,0,0,0
train_sanity_002,train_sanity,16,14,12,0,0,0,0
train_sanity_002,train_sanity,16,14,13,0,0,0,0
train_sanity_002,train_sanity,16,14,14,0,0,0,0
train_sanity_002,train_sanity,16,14,15,0,0,0,0
train_sanity_002,train_sanity,16,15,0,0,0,0,0
train_sanity_002,train_sanity,16,15,1,0,0,0,0
train_sanity_002,train_sanity,16,15,2,0,0,0,0
train_sanity_002,train_sanity,16,15,3,0,0,0,0
train_sanity_002,train_sanity,16,15,4,0,0,0,0
train_sanity_002,train_sanity,16,15,5,0,0,0,0
train_sanity_002,train_sanity,16,15,6,0,0,0,0
train_sanity_002,train_sanity,16,15,7,0,0,0,0
train_sanity_002,train_sanity,16,15,8,0,0,0,0
train_sanity_002,train_sanity,16,15,9,0,0,0,0
train_sanity_002,train_sanity,16,15,10,0,0,0,0
train_sanity_002,train_sanity,16,15,11,0,0,0,0
train_sanity_002,train_sanity,16,15,12,0,0,0,0
train_sanity_002,train_sanity,16,15,13,0,0,0,0
train_sanity_002,train_sanity,16,15,14,0,0,0,0
train_sanity_002,train_sanity,16,15,15,0,0,0,0
validation_000,validation,16,0,0,0,0,0,0
validation_000,validation,16,0,1,0,0,0,0
validation_000,validation,16,0,2,0,0,0,0
validation_000,validation,16,0,3,0,0,0,0
validation_000,validation,16,0,4,0,0,0,0
validation_000,validation,16,0,5,0,0,0,0
validation_000,validation,16,0,6,0,0,0,0
validation_000,validation,16,0,7,0,0,0,0
validation_000,validation,16,0,8,0,0,0,0
validation_000,validation,16,0,9,0,0,0,0
validation_000,validation,16,0,10,0,0,0,0
validation_000,validation,16,0,11,0,0,0,0
validation_000,validation,16,0,12,0,0,0,0
validation_000,validation,16,0,13,0,0,0,0
validation_000,validation,16,0,14,0,0,0,0
validation_000,validation,16,0,15,0,0,0,0
validation_000,validation,16,1,0,0,0,0,0
validation_000,validation,16,1,1,0,0,0,0
validation_000,validation,16,1,2,0,0,0,0
validation_000,validation,16,1,3,0,0,0,0
validation_000,validation,16,1,4,0,0,0,0
validation_000,validation,16,1,5,0,0,0,0
validation_000,validation,16,1,6,0,0,0,0
validation_000,validation,16,1,7,0,3,3,0
validation_000,validation,16,1,8,0,2,2,0
validation_000,validation,16,1,9,0,0,0,0
validation_000,validation,16,1,10,0,0,0,0
validation_000,validation,16,1,11,0,0,0,0
validation_000,validation,16,1,12,0,0,0,0
validation_000,validation,16,1,13,0,0,0,0
validation_000,validation,16,1,14,0,0,0,0
validation_000,validation,16,1,15,0,0,0,0
validation_000,validation,16,2,0,0,0,0,0
validation_000,validation,16,2,1,0,0,0,0
validation_000,validation,16,2,2,0,0,0,0
validation_000,validation,16,2,3,0,0,0,0
validation_000,validation,16,2,4,0,0,0,0
validation_000,validation,16,2,5,0,75,75,0
validation_000,validation,16,2,6,0,8,8,0
validation_000,validation,16,2,7,0,0,0,0
validation_000,validation,16,2,8,0,0,0,0
validation_000,validation,16,2,9,0,87,87,0
validation_000,validation,16,2,10,0,342,342,0
validation_000,validation,16,2,11,0,322,322,0
validation_000,validation,16,2,12,0,155,155,0
validation_000,validation,16,2,13,0,0,0,0
validation_000,validation,16,2,14,0,0,0,0
validation_000,validation,16,2,15,0,0,0,0
validation_000,validation,16,3,0,0,0,0,0
validation_000,validation,16,3,1,0,0,0,0
validation_000,validation,16,3,2,0,0,0,0
validation_000,validation,16,3,3,0,29,29,0
validation_000,validation,16,3,4,0,868,863,0
validation_000,validation,16,3,5,0,615,615,0
validation_000,validation,16,3,6,0,1739,1739,0
validation_000,validation,16,3,7,0,445,445,0
validation_000,validation,16,3,8,0,593,593,0
validation_000,validation,16,3,9,0,1024,1024,0
validation_000,validation,16,3,10,0,629,629,0
validation_000,validation,16,3,11,0,660,660,0
validation_000,validation,16,3,12,0,430,430,0
validation_000,validation,16,3,13,0,0,0,0
validation_000,validation,16,3,14,0,0,0,0
validation_000,validation,16,3,15,0,0,0,0
validation_000,validation,16,4,0,0,0,0,0
validation_000,validation,16,4,1,0,0,0,0
validation_000,validation,16,4,2,0,0,0,0
validation_000,validation,16,4,3,55,5,3,53
validation_000,validation,16,4,4,2975,3791,999,455
validation_000,validation,16,4,5,1200,4978,3674,207
validation_000,validation,16,4,6,2,6427,6405,1
validation_000,validation,16,4,7,0,2976,2976,0
validation_000,validation,16,4,8,0,1082,1082,0
validation_000,validation,16,4,9,0,999,999,0
validation_000,validation,16,4,10,0,373,373,0
validation_000,validation,16,4,11,0,468,468,0
validation_000,validation,16,4,12,0,390,390,0
validation_000,validation,16,4,13,0,9,9,0
validation_000,validation,16,4,14,0,0,0,0
validation_000,validation,16,4,15,0,0,0,0
validation_000,validation,16,5,0,0,0,0,0
validation_000,validation,16,5,1,0,0,0,0
validation_000,validation,16,5,2,0,0,0,0
validation_000,validation,16,5,3,28,56,56,28
validation_000,validation,16,5,4,583,2467,2003,184
validation_000,validation,16,5,5,1882,4771,2667,124
validation_000,validation,16,5,6,233,9160,8656,28
validation_000,validation,16,5,7,48,8820,8741,2
validation_000,validation,16,5,8,49,7966,7898,0
validation_000,validation,16,5,9,0,3706,3706,0
validation_000,validation,16,5,10,0,2075,2075,0
validation_000,validation,16,5,11,0,1152,1152,0
validation_000,validation,16,5,12,0,444,444,0
validation_000,validation,16,5,13,0,112,112,0
validation_000,validation,16,5,14,0,0,0,0
validation_000,validation,16,5,15,0,0,0,0
validation_000,validation,16,6,0,0,0,0,0
validation_000,validation,16,6,1,0,0,0,0
validation_000,validation,16,6,2,0,347,347,0
validation_000,validation,16,6,3,0,1605,1605,0
validation_000,validation,16,6,4,0,2627,2607,0
validation_000,validation,16,6,5,155,2684,2154,3
validation_000,validation,16,6,6,1094,3725,2350,38
validation_000,validation,16,6,7,1192,6444,4965,54
validation_000,validation,16,6,8,128,7922,7623,0
validation_000,validation,16,6,9,0,3794,3794,0
validation_000,validation,16,6,10,0,5539,5539,0
validation_000,validation,16,6,11,0,3415,3415,0
validation_000,validation,16,6,12,0,48,48,0
validation_000,validation,16,6,13,0,31,31,0
validation_000,validation,16,6,14,0,0,0,0
validation_000,validation,16,6,15,0,0,0,0
validation_000,validation,16,7,0,0,0,0,0
validation_000,validation,16,7,1,0,0,0,0
validation_000,validation,16,7,2,0,68,68,0
validation_000,validation,16,7,3,0,2400,2400,0
validation_000,validation,16,7,4,0,4450,4450,0
validation_000,validation,16,7,5,0,8324,8324,0
validation_000,validation,16,7,6,1,6415,6407,1
validation_000,validation,16,7,7,15,5618,5476,7
validation_000,validation,16,7,8,0,4320,4242,0
validation_000,validation,16,7,9,0,1381,1381,0
validation_000,validation,16,7,10,0,2654,2654,0
validation_000,validation,16,7,11,0,3084,3084,0
validation_000,validation,16,7,12,0,1,1,0
validation_000,validation,16,7,13,0,2,2,0
validation_000,validation,16,7,14,0,0,0,0
validation_000,validation,16,7,15,0,0,0,0
validation_000,validation,16,8,0,0,0,0,0
validation_000,validation,16,8,1,0,0,0,0
validation_000,validation,16,8,2,0,4,4,0
validation_000,validation,16,8,3,0,1,1,0
validation_000,validation,16,8,4,0,13,13,0
validation_000,validation,16,8,5,0,714,714,0
validation_000,validation,16,8,6,0,678,678,0
validation_000,validation,16,8,7,0,1512,1512,0
validation_000,validation,16,8,8,0,929,929,0
validation_000,validation,16,8,9,0,2805,2805,0
validation_000,validation,16,8,10,0,740,740,0
validation_000,validation,16,8,11,0,475,475,0
validation_000,validation,16,8,12,0,0,0,0
validation_000,validation,16,8,13,0,0,0,0
validation_000,validation,16,8,14,0,0,0,0
validation_000,validation,16,8,15,0,0,0,0
validation_000,validation,16,9,0,0,0,0,0
validation_000,validation,16,9,1,0,0,0,0
validation_000,validation,16,9,2,0,0,0,0
validation_000,validation,16,9,3,0,0,0,0
validation_000,validation,16,9,4,0,0,0,0
validation_000,validation,16,9,5,0,2,2,0
validation_000,validation,16,9,6,0,0,0,0
validation_000,validation,16,9,7,0,0,0,0
validation_000,validation,16,9,8,0,3,3,0
validation_000,validation,16,9,9,0,1119,1119,0
validation_000,validation,16,9,10,0,471,471,0
validation_000,validation,16,9,11,0,0,0,0
validation_000,validation,16,9,12,0,0,0,0
validation_000,validation,16,9,13,0,0,0,0
validation_000,validation,16,9,14,0,0,0,0
validation_000,validation,16,9,15,0,0,0,0
validation_000,validation,16,10,0,0,0,0,0
validation_000,validation,16,10,1,0,0,0,0
validation_000,validation,16,10,2,0,0,0,0
validation_000,validation,16,10,3,0,0,0,0
validation_000,validation,16,10,4,0,0,0,0
validation_000,validation,16,10,5,0,0,0,0
validation_000,validation,16,10,6,0,0,0,0
validation_000,validation,16,10,7,0,0,0,0
validation_000,validation,16,10,8,0,0,0,0
validation_000,validation,16,10,9,0,0,0,0
validation_000,validation,16,10,10,0,0,0,0
validation_000,validation,16,10,11,0,0,0,0
validation_000,validation,16,10,12,0,0,0,0
validation_000,validation,16,10,13,0,0,0,0
validation_000,validation,16,10,14,0,0,0,0
validation_000,validation,16,10,15,0,0,0,0
validation_000,validation,16,11,0,0,0,0,0
validation_000,validation,16,11,1,0,0,0,0
validation_000,validation,16,11,2,0,0,0,0
validation_000,validation,16,11,3,0,0,0,0
validation_000,validation,16,11,4,0,0,0,0
validation_000,validation,16,11,5,0,0,0,0
validation_000,validation,16,11,6,0,0,0,0
validation_000,validation,16,11,7,0,0,0,0
validation_000,validation,16,11,8,0,0,0,0
validation_000,validation,16,11,9,0,0,0,0
validation_000,validation,16,11,10,0,0,0,0
validation_000,validation,16,11,11,0,0,0,0
validation_000,validation,16,11,12,0,0,0,0
validation_000,validation,16,11,13,0,0,0,0
validation_000,validation,16,11,14,0,0,0,0
validation_000,validation,16,11,15,0,0,0,0
validation_000,validation,16,12,0,0,0,0,0
validation_000,validation,16,12,1,0,0,0,0
validation_000,validation,16,12,2,0,0,0,0
validation_000,validation,16,12,3,0,0,0,0
validation_000,validation,16,12,4,0,0,0,0
validation_000,validation,16,12,5,0,0,0,0
validation_000,validation,16,12,6,0,0,0,0
validation_000,validation,16,12,7,0,0,0,0
validation_000,validation,16,12,8,0,0,0,0
validation_000,validation,16,12,9,0,0,0,0
validation_000,validation,16,12,10,0,0,0,0
validation_000,validation,16,12,11,0,0,0,0
validation_000,validation,16,12,12,0,0,0,0
validation_000,validation,16,12,13,0,0,0,0
validation_000,validation,16,12,14,0,0,0,0
validation_000,validation,16,12,15,0,0,0,0
validation_000,validation,16,13,0,0,0,0,0
validation_000,validation,16,13,1,0,0,0,0
validation_000,validation,16,13,2,0,0,0,0
validation_000,validation,16,13,3,0,0,0,0
validation_000,validation,16,13,4,0,0,0,0
validation_000,validation,16,13,5,0,0,0,0
validation_000,validation,16,13,6,0,0,0,0
validation_000,validation,16,13,7,0,0,0,0
validation_000,validation,16,13,8,0,0,0,0
validation_000,validation,16,13,9,0,0,0,0
validation_000,validation,16,13,10,0,0,0,0
validation_000,validation,16,13,11,0,0,0,0
validation_000,validation,16,13,12,0,0,0,0
validation_000,validation,16,13,13,0,0,0,0
validation_000,validation,16,13,14,0,0,0,0
validation_000,validation,16,13,15,0,0,0,0
validation_000,validation,16,14,0,0,0,0,0
validation_000,validation,16,14,1,0,0,0,0
validation_000,validation,16,14,2,0,0,0,0
validation_000,validation,16,14,3,0,0,0,0
validation_000,validation,16,14,4,0,0,0,0
validation_000,validation,16,14,5,0,0,0,0
validation_000,validation,16,14,6,0,0,0,0
validation_000,validation,16,14,7,0,0,0,0
validation_000,validation,16,14,8,0,0,0,0
validation_000,validation,16,14,9,0,0,0,0
validation_000,validation,16,14,10,0,0,0,0
validation_000,validation,16,14,11,0,0,0,0
validation_000,validation,16,14,12,0,0,0,0
validation_000,validation,16,14,13,0,0,0,0
validation_000,validation,16,14,14,0,0,0,0
validation_000,validation,16,14,15,0,0,0,0
validation_000,validation,16,15,0,0,0,0,0
validation_000,validation,16,15,1,0,0,0,0
validation_000,validation,16,15,2,0,0,0,0
validation_000,validation,16,15,3,0,0,0,0
validation_000,validation,16,15,4,0,0,0,0
validation_000,validation,16,15,5,0,0,0,0
validation_000,validation,16,15,6,0,0,0,0
validation_000,validation,16,15,7,0,0,0,0
validation_000,validation,16,15,8,0,0,0,0
validation_000,validation,16,15,9,0,0,0,0
validation_000,validation,16,15,10,0,0,0,0
validation_000,validation,16,15,11,0,0,0,0
validation_000,validation,16,15,12,0,0,0,0
validation_000,validation,16,15,13,0,0,0,0
validation_000,validation,16,15,14,0,0,0,0
validation_000,validation,16,15,15,0,0,0,0
validation_001,validation,16,0,0,0,0,0,0
validation_001,validation,16,0,1,0,0,0,0
validation_001,validation,16,0,2,0,0,0,0
validation_001,validation,16,0,3,0,0,0,0
validation_001,validation,16,0,4,0,0,0,0
validation_001,validation,16,0,5,0,0,0,0
validation_001,validation,16,0,6,0,0,0,0
validation_001,validation,16,0,7,0,0,0,0
validation_001,validation,16,0,8,0,0,0,0
validation_001,validation,16,0,9,0,0,0,0
validation_001,validation,16,0,10,0,0,0,0
validation_001,validation,16,0,11,0,0,0,0
validation_001,validation,16,0,12,0,0,0,0
validation_001,validation,16,0,13,0,0,0,0
validation_001,validation,16,0,14,0,0,0,0
validation_001,validation,16,0,15,0,0,0,0
validation_001,validation,16,1,0,0,0,0,0
validation_001,validation,16,1,1,0,0,0,0
validation_001,validation,16,1,2,0,0,0,0
validation_001,validation,16,1,3,0,0,0,0
validation_001,validation,16,1,4,0,0,0,0
validation_001,validation,16,1,5,0,0,0,0
validation_001,validation,16,1,6,0,0,0,0
validation_001,validation,16,1,7,0,0,0,0
validation_001,validation,16,1,8,0,0,0,0
validation_001,validation,16,1,9,0,0,0,0
validation_001,validation,16,1,10,0,0,0,0
validation_001,validation,16,1,11,0,0,0,0
validation_001,validation,16,1,12,0,0,0,0
validation_001,validation,16,1,13,0,0,0,0
validation_001,validation,16,1,14,0,0,0,0
validation_001,validation,16,1,15,0,0,0,0
validation_001,validation,16,2,0,0,0,0,0
validation_001,validation,16,2,1,0,0,0,0
validation_001,validation,16,2,2,0,0,0,0
validation_001,validation,16,2,3,0,78,78,0
validation_001,validation,16,2,4,0,130,130,0
validation_001,validation,16,2,5,0,0,0,0
validation_001,validation,16,2,6,0,0,0,0
validation_001,validation,16,2,7,0,0,0,0
validation_001,validation,16,2,8,0,0,0,0
validation_001,validation,16,2,9,0,0,0,0
validation_001,validation,16,2,10,0,0,0,0
validation_001,validation,16,2,11,0,0,0,0
validation_001,validation,16,2,12,0,0,0,0
validation_001,validation,16,2,13,0,0,0,0
validation_001,validation,16,2,14,0,0,0,0
validation_001,validation,16,2,15,0,0,0,0
validation_001,validation,16,3,0,0,0,0,0
validation_001,validation,16,3,1,0,0,0,0
validation_001,validation,16,3,2,0,0,0,0
validation_001,validation,16,3,3,0,269,269,0
validation_001,validation,16,3,4,0,768,768,0
validation_001,validation,16,3,5,0,320,320,0
validation_001,validation,16,3,6,69,137,113,45
validation_001,validation,16,3,7,45,81,56,20
validation_001,validation,16,3,8,0,0,0,0
validation_001,validation,16,3,9,0,34,34,0
validation_001,validation,16,3,10,0,0,0,0
validation_001,validation,16,3,11,0,0,0,0
validation_001,validation,16,3,12,0,0,0,0
validation_001,validation,16,3,13,0,0,0,0
validation_001,validation,16,3,14,0,0,0,0
validation_001,validation,16,3,15,0,0,0,0
validation_001,validation,16,4,0,0,0,0,0
validation_001,validation,16,4,1,0,0,0,0
validation_001,validation,16,4,2,0,0,0,0
validation_001,validation,16,4,3,0,705,705,0
validation_001,validation,16,4,4,0,647,647,0
validation_001,validation,16,4,5,0,1207,1207,0
validation_001,validation,16,4,6,52,332,317,46
validation_001,validation,16,4,7,210,139,41,112
validation_001,validation,16,4,8,149,149,35,38
validation_001,validation,16,4,9,90,534,533,89
validation_001,validation,16,4,10,1,414,414,1
validation_001,validation,16,4,11,0,2,2,0
validation_001,validation,16,4,12,0,0,0,0
validation_001,validation,16,4,13,0,0,0,0
validation_001,validation,16,4,14,0,0,0,0
validation_001,validation,16,4,15,0,0,0,0
validation_001,validation,16,5,0,0,0,0,0
validation_001,validation,16,5,1,0,21,21,0
validation_001,validation,16,5,2,0,303,303,0
validation_001,validation,16,5,3,0,630,630,0
validation_001,validation,16,5,4,0,1067,1067,0
validation_001,validation,16,5,5,0,654,654,0
validation_001,validation,16,5,6,0,358,352,0
validation_001,validation,16,5,7,43,574,511,17
validation_001,validation,16,5,8,128,203,49,8
validation_001,validation,16,5,9,343,507,254,90
validation_001,validation,16,5,10,115,201,191,105
validation_001,validation,16,5,11,0,8,8,0
validation_001,validation,16,5,12,0,0,0,0
validation_001,validation,16,5,13,0,15,15,0
validation_001,validation,16,5,14,0,44,44,0
validation_001,validation,16,5,15,0,0,0,0
validation_001,validation,16,6,0,0,0,0,0
validation_001,validation,16,6,1,0,3,3,0
validation_001,validation,16,6,2,0,188,188,0
validation_001,validation,16,6,3,0,159,159,0
validation_001,validation,16,6,4,0,272,272,0
validation_001,validation,16,6,5,0,432,432,0
validation_001,validation,16,6,6,0,20,20,0
validation_001,validation,16,6,7,0,308,305,0
validation_001,validation,16,6,8,0,355,333,0
validation_001,validation,16,6,9,2,154,154,2
validation_001,validation,16,6,10,3,25,25,3
validation_001,validation,16,6,11,0,8,8,0
validation_001,validation,16,6,12,0,0,0,0
validation_001,validation,16,6,13,0,167,167,0
validation_001,validation,16,6,14,0,269,269,0
validation_001,validation,16,6,15,0,0,0,0
validation_001,validation,16,7,0,0,0,0,0
validation_001,validation,16,7,1,0,0,0,0
validation_001,validation,16,7,2,0,261,261,0
validation_001,validation,16,7,3,0,183,183,0
validation_001,validation,16,7,4,0,177,177,0
validation_001,validation,16,7,5,402,351,163,214
validation_001,validation,16,7,6,115,81,1,35
validation_001,validation,16,7,7,17,86,21,4
validation_001,validation,16,7,8,24,1008,946,8
validation_001,validation,16,7,9,0,264,264,0
validation_001,validation,16,7,10,0,4,4,0
validation_001,validation,16,7,11,0,0,0,0
validation_001,validation,16,7,12,0,25,25,0
validation_001,validation,16,7,13,0,347,347,0
validation_001,validation,16,7,14,0,21,21,0
validation_001,validation,16,7,15,0,0,0,0
validation_001,validation,16,8,0,0,0,0,0
validation_001,validation,16,8,1,0,0,0,0
validation_001,validation,16,8,2,0,5,5,0
validation_001,validation,16,8,3,0,0,0,0
validation_001,validation,16,8,4,0,106,106,0
validation_001,validation,16,8,5,123,95,39,67
validation_001,validation,16,8,6,424,362,33,104
validation_001,validation,16,8,7,622,644,79,118
validation_001,validation,16,8,8,56,765,657,0
validation_001,validation,16,8,9,0,52,52,0
validation_001,validation,16,8,10,0,0,0,0
validation_001,validation,16,8,11,0,137,137,0
validation_001,validation,16,8,12,0,789,789,0
validation_001,validation,16,8,13,0,284,284,0
validation_001,validation,16,8,14,0,0,0,0
validation_001,validation,16,8,15,0,0,0,0
validation_001,validation,16,9,0,0,27,27,0
validation_001,validation,16,9,1,0,263,263,0
validation_001,validation,16,9,2,0,12,12,0
validation_001,validation,16,9,3,0,0,0,0
validation_001,validation,16,9,4,0,0,0,0
validation_001,validation,16,9,5,0,216,216,0
validation_001,validation,16,9,6,0,41,41,0
validation_001,validation,16,9,7,72,87,64,49
validation_001,validation,16,9,8,0,25,25,0
validation_001,validation,16,9,9,0,153,153,0
validation_001,validation,16,9,10,0,422,422,0
validation_001,validation,16,9,11,0,630,630,0
validation_001,validation,16,9,12,0,1271,1271,0
validation_001,validation,16,9,13,0,155,155,0
validation_001,validation,16,9,14,0,0,0,0
validation_001,validation,16,9,15,0,0,0,0
validation_001,validation,16,10,0,0,0,0,0
validation_001,validation,16,10,1,0,6,6,0
validation_001,validation,16,10,2,0,76,76,0
validation_001,validation,16,10,3,0,0,0,0
validation_001,validation,16,10,4,0,7,7,0
validation_001,validation,16,10,5,0,229,229,0
validation_001,validation,16,10,6,0,537,537,0
validation_001,validation,16,10,7,0,496,496,0
validation_001,validation,16,10,8,0,159,159,0
validation_001,validation,16,10,9,0,1213,1213,0
validation_001,validation,16,10,10,0,641,641,0
validation_001,validation,16,10,11,0,1,1,0
validation_001,validation,16,10,12,0,0,0,0
validation_001,validation,16,10,13,0,0,0,0
validation_001,validation,16,10,14,0,0,0,0
validation_001,validation,16,10,15,0,0,0,0
validation_001,validation,16,11,0,0,0,0,0
validation_001,validation,16,11,1,0,0,0,0
validation_001,validation,16,11,2,0,0,0,0
validation_001,validation,16,11,3,0,0,0,0
validation_001,validation,16,11,4,0,0,0,0
validation_001,validation,16,11,5,0,1,1,0
validation_001,validation,16,11,6,0,298,298,0
validation_001,validation,16,11,7,0,763,763,0
validation_001,validation,16,11,8,0,4,4,0
validation_001,validation,16,11,9,0,3,3,0
validation_001,validation,16,11,10,0,0,0,0
validation_001,validation,16,11,11,0,0,0,0
validation_001,validation,16,11,12,0,0,0,0
validation_001,validation,16,11,13,0,0,0,0
validation_001,validation,16,11,14,0,0,0,0
validation_001,validation,16,11,15,0,0,0,0
validation_001,validation,16,12,0,0,0,0,0
validation_001,validation,16,12,1,0,0,0,0
validation_001,validation,16,12,2,0,0,0,0
validation_001,validation,16,12,3,0,0,0,0
validation_001,validation,16,12,4,0,0,0,0
validation_001,validation,16,12,5,0,0,0,0
validation_001,validation,16,12,6,0,41,41,0
validation_001,validation,16,12,7,0,0,0,0
validation_001,validation,16,12,8,0,0,0,0
validation_001,validation,16,12,9,0,0,0,0
validation_001,validation,16,12,10,0,0,0,0
validation_001,validation,16,12,11,0,0,0,0
validation_001,validation,16,12,12,0,0,0,0
validation_001,validation,16,12,13,0,0,0,0
validation_001,validation,16,12,14,0,0,0,0
validation_001,validation,16,12,15,0,0,0,0
validation_001,validation,16,13,0,0,0,0,0
validation_001,validation,16,13,1,0,0,0,0
validation_001,validation,16,13,2,0,0,0,0
validation_001,validation,16,13,3,0,0,0,0
validation_001,validation,16,13,4,0,0,0,0
validation_001,validation,16,13,5,0,0,0,0
validation_001,validation,16,13,6,0,0,0,0
validation_001,validation,16,13,7,0,0,0,0
validation_001,validation,16,13,8,0,0,0,0
validation_001,validation,16,13,9,0,0,0,0
validation_001,validation,16,13,10,0,0,0,0
validation_001,validation,16,13,11,0,0,0,0
validation_001,validation,16,13,12,0,0,0,0
validation_001,validation,16,13,13,0,0,0,0
validation_001,validation,16,13,14,0,0,0,0
validation_001,validation,16,13,15,0,0,0,0
validation_001,validation,16,14,0,0,0,0,0
validation_001,validation,16,14,1,0,0,0,0
validation_001,validation,16,14,2,0,0,0,0
validation_001,validation,16,14,3,0,0,0,0
validation_001,validation,16,14,4,0,0,0,0
validation_001,validation,16,14,5,0,0,0,0
validation_001,validation,16,14,6,0,0,0,0
validation_001,validation,16,14,7,0,0,0,0
validation_001,validation,16,14,8,0,0,0,0
validation_001,validation,16,14,9,0,0,0,0
validation_001,validation,16,14,10,0,0,0,0
validation_001,validation,16,14,11,0,0,0,0
validation_001,validation,16,14,12,0,0,0,0
validation_001,validation,16,14,13,0,0,0,0
validation_001,validation,16,14,14,0,0,0,0
validation_001,validation,16,14,15,0,0,0,0
validation_001,validation,16,15,0,0,0,0,0
validation_001,validation,16,15,1,0,0,0,0
validation_001,validation,16,15,2,0,0,0,0
validation_001,validation,16,15,3,0,0,0,0
validation_001,validation,16,15,4,0,0,0,0
validation_001,validation,16,15,5,0,0,0,0
validation_001,validation,16,15,6,0,0,0,0
validation_001,validation,16,15,7,0,0,0,0
validation_001,validation,16,15,8,0,0,0,0
validation_001,validation,16,15,9,0,0,0,0
validation_001,validation,16,15,10,0,0,0,0
validation_001,validation,16,15,11,0,0,0,0
validation_001,validation,16,15,12,0,0,0,0
validation_001,validation,16,15,13,0,0,0,0
validation_001,validation,16,15,14,0,0,0,0
validation_001,validation,16,15,15,0,0,0,0
validation_002,validation,16,0,0,0,0,0,0
validation_002,validation,16,0,1,0,0,0,0
validation_002,validation,16,0,2,0,0,0,0
validation_002,validation,16,0,3,0,0,0,0
validation_002,validation,16,0,4,0,1,1,0
validation_002,validation,16,0,5,0,0,0,0
validation_002,validation,16,0,6,0,0,0,0
validation_002,validation,16,0,7,0,0,0,0
validation_002,validation,16,0,8,0,0,0,0
validation_002,validation,16,0,9,0,0,0,0
validation_002,validation,16,0,10,0,0,0,0
validation_002,validation,16,0,11,0,0,0,0
validation_002,validation,16,0,12,0,0,0,0
validation_002,validation,16,0,13,0,0,0,0
validation_002,validation,16,0,14,0,0,0,0
validation_002,validation,16,0,15,0,0,0,0
validation_002,validation,16,1,0,0,0,0,0
validation_002,validation,16,1,1,0,0,0,0
validation_002,validation,16,1,2,0,0,0,0
validation_002,validation,16,1,3,0,0,0,0
validation_002,validation,16,1,4,0,0,0,0
validation_002,validation,16,1,5,0,0,0,0
validation_002,validation,16,1,6,0,0,0,0
validation_002,validation,16,1,7,0,0,0,0
validation_002,validation,16,1,8,0,0,0,0
validation_002,validation,16,1,9,0,0,0,0
validation_002,validation,16,1,10,0,0,0,0
validation_002,validation,16,1,11,0,0,0,0
validation_002,validation,16,1,12,0,0,0,0
validation_002,validation,16,1,13,0,0,0,0
validation_002,validation,16,1,14,0,0,0,0
validation_002,validation,16,1,15,0,0,0,0
validation_002,validation,16,2,0,0,0,0,0
validation_002,validation,16,2,1,0,0,0,0
validation_002,validation,16,2,2,0,0,0,0
validation_002,validation,16,2,3,0,0,0,0
validation_002,validation,16,2,4,0,0,0,0
validation_002,validation,16,2,5,0,0,0,0
validation_002,validation,16,2,6,0,0,0,0
validation_002,validation,16,2,7,0,0,0,0
validation_002,validation,16,2,8,0,0,0,0
validation_002,validation,16,2,9,0,0,0,0
validation_002,validation,16,2,10,0,0,0,0
validation_002,validation,16,2,11,0,0,0,0
validation_002,validation,16,2,12,0,0,0,0
validation_002,validation,16,2,13,0,0,0,0
validation_002,validation,16,2,14,0,0,0,0
validation_002,validation,16,2,15,0,0,0,0
validation_002,validation,16,3,0,0,0,0,0
validation_002,validation,16,3,1,0,0,0,0
validation_002,validation,16,3,2,0,0,0,0
validation_002,validation,16,3,3,0,0,0,0
validation_002,validation,16,3,4,0,0,0,0
validation_002,validation,16,3,5,0,0,0,0
validation_002,validation,16,3,6,0,0,0,0
validation_002,validation,16,3,7,0,0,0,0
validation_002,validation,16,3,8,0,65,65,0
validation_002,validation,16,3,9,0,63,63,0
validation_002,validation,16,3,10,0,164,164,0
validation_002,validation,16,3,11,0,337,337,0
validation_002,validation,16,3,12,0,102,102,0
validation_002,validation,16,3,13,0,1,1,0
validation_002,validation,16,3,14,0,0,0,0
validation_002,validation,16,3,15,0,0,0,0
validation_002,validation,16,4,0,0,0,0,0
validation_002,validation,16,4,1,0,0,0,0
validation_002,validation,16,4,2,0,0,0,0
validation_002,validation,16,4,3,0,0,0,0
validation_002,validation,16,4,4,0,0,0,0
validation_002,validation,16,4,5,0,429,429,0
validation_002,validation,16,4,6,0,2441,2441,0
validation_002,validation,16,4,7,1,3828,3827,0
validation_002,validation,16,4,8,16,3858,3844,2
validation_002,validation,16,4,9,20,3202,3184,2
validation_002,validation,16,4,10,8,3410,3409,7
validation_002,validation,16,4,11,0,3310,3310,0
validation_002,validation,16,4,12,0,1148,1148,0
validation_002,validation,16,4,13,0,57,57,0
validation_002,validation,16,4,14,0,0,0,0
validation_002,validation,16,4,15,0,0,0,0
validation_002,validation,16,5,0,0,0,0,0
validation_002,validation,16,5,1,0,0,0,0
validation_002,validation,16,5,2,0,0,0,0
validation_002,validation,16,5,3,0,0,0,0
validation_002,validation,16,5,4,0,53,53,0
validation_002,validation,16,5,5,0,695,695,0
validation_002,validation,16,5,6,0,2367,2367,0
validation_002,validation,16,5,7,48,2092,2041,14
validation_002,validation,16,5,8,1374,3110,1716,63
validation_002,validation,16,5,9,1371,2197,931,171
validation_002,validation,16,5,10,1058,1556,738,284
validation_002,validation,16,5,11,620,1166,610,107
validation_002,validation,16,5,12,303,518,297,89
validation_002,validation,16,5,13,333,79,27,281
validation_002,validation,16,5,14,70,0,0,70
validation_002,validation,16,5,15,0,0,0,0
validation_002,validation,16,6,0,0,0,0,0
validation_002,validation,16,6,1,0,0,0,0
validation_002,validation,16,6,2,0,0,0,0
validation_002,validation,16,6,3,0,0,0,0
validation_002,validation,16,6,4,0,227,227,0
validation_002,validation,16,6,5,0,952,952,0
validation_002,validation,16,6,6,0,1700,1700,0
validation_002,validation,16,6,7,2,881,873,0
validation_002,validation,16,6,8,79,422,351,30
validation_002,validation,16,6,9,61,103,85,50
validation_002,validation,16,6,10,95,192,191,94
validation_002,validation,16,6,11,24,88,88,24
validation_002,validation,16,6,12,0,156,156,0
validation_002,validation,16,6,13,0,77,77,0
validation_002,validation,16,6,14,0,1,1,0
validation_002,validation,16,6,15,0,0,0,0
validation_002,validation,16,7,0,0,0,0,0
validation_002,validation,16,7,1,0,0,0,0
validation_002,validation,16,7,2,0,0,0,0
validation_002,validation,16,7,3,0,5,5,0
validation_002,validation,16,7,4,0,97,97,0
validation_002,validation,16,7,5,0,40,40,0
validation_002,validation,16,7,6,0,278,278,0
validation_002,validation,16,7,7,0,361,361,0
validation_002,validation,16,7,8,0,168,168,0
validation_002,validation,16,7,9,0,62,62,0
validation_002,validation,16,7,10,0,22,22,0
validation_002,validation,16,7,11,0,0,0,0
validation_002,validation,16,7,12,0,0,0,0
validation_002,validation,16,7,13,0,3,3,0
validation_002,validation,16,7,14,0,0,0,0
validation_002,validation,16,7,15,0,0,0,0
validation_002,validation,16,8,0,0,0,0,0
validation_002,validation,16,8,1,0,0,0,0
validation_002,validation,16,8,2,0,0,0,0
validation_002,validation,16,8,3,0,1,1,0
validation_002,validation,16,8,4,0,6,6,0
validation_002,validation,16,8,5,0,4,4,0
validation_002,validation,16,8,6,0,51,51,0
validation_002,validation,16,8,7,0,205,205,0
validation_002,validation,16,8,8,0,41,41,0
validation_002,validation,16,8,9,0,0,0,0
validation_002,validation,16,8,10,0,0,0,0
validation_002,validation,16,8,11,0,0,0,0
validation_002,validation,16,8,12,0,0,0,0
validation_002,validation,16,8,13,0,0,0,0
validation_002,validation,16,8,14,0,0,0,0
validation_002,validation,16,8,15,0,0,0,0
validation_002,validation,16,9,0,0,0,0,0
validation_002,validation,16,9,1,0,0,0,0
validation_002,validation,16,9,2,0,0,0,0
validation_002,validation,16,9,3,0,0,0,0
validation_002,validation,16,9,4,0,0,0,0
validation_002,validation,16,9,5,0,0,0,0
validation_002,validation,16,9,6,0,0,0,0
validation_002,validation,16,9,7,0,0,0,0
validation_002,validation,16,9,8,0,0,0,0
validation_002,validation,16,9,9,0,0,0,0
validation_002,validation,16,9,10,0,0,0,0
validation_002,validation,16,9,11,0,0,0,0
validation_002,validation,16,9,12,0,0,0,0
validation_002,validation,16,9,13,0,0,0,0
validation_002,validation,16,9,14,0,0,0,0
validation_002,validation,16,9,15,0,0,0,0
validation_002,validation,16,10,0,0,0,0,0
validation_002,validation,16,10,1,0,0,0,0
validation_002,validation,16,10,2,0,0,0,0
validation_002,validation,16,10,3,0,0,0,0
validation_002,validation,16,10,4,0,0,0,0
validation_002,validation,16,10,5,0,0,0,0
validation_002,validation,16,10,6,0,0,0,0
validation_002,validation,16,10,7,0,0,0,0
validation_002,validation,16,10,8,0,0,0,0
validation_002,validation,16,10,9,0,0,0,0
validation_002,validation,16,10,10,0,0,0,0
validation_002,validation,16,10,11,0,0,0,0
validation_002,validation,16,10,12,0,0,0,0
validation_002,validation,16,10,13,0,0,0,0
validation_002,validation,16,10,14,0,0,0,0
validation_002,validation,16,10,15,0,0,0,0
validation_002,validation,16,11,0,0,0,0,0
validation_002,validation,16,11,1,0,0,0,0
validation_002,validation,16,11,2,0,0,0,0
validation_002,validation,16,11,3,0,0,0,0
validation_002,validation,16,11,4,0,0,0,0
validation_002,validation,16,11,5,0,0,0,0
validation_002,validation,16,11,6,0,0,0,0
validation_002,validation,16,11,7,0,0,0,0
validation_002,validation,16,11,8,0,0,0,0
validation_002,validation,16,11,9,0,0,0,0
validation_002,validation,16,11,10,0,0,0,0
validation_002,validation,16,11,11,0,0,0,0
validation_002,validation,16,11,12,0,0,0,0
validation_002,validation,16,11,13,0,0,0,0
validation_002,validation,16,11,14,0,0,0,0
validation_002,validation,16,11,15,0,0,0,0
validation_002,validation,16,12,0,0,0,0,0
validation_002,validation,16,12,1,0,0,0,0
validation_002,validation,16,12,2,0,0,0,0
validation_002,validation,16,12,3,0,0,0,0
validation_002,validation,16,12,4,0,0,0,0
validation_002,validation,16,12,5,0,0,0,0
validation_002,validation,16,12,6,0,0,0,0
validation_002,validation,16,12,7,0,0,0,0
validation_002,validation,16,12,8,0,0,0,0
validation_002,validation,16,12,9,0,0,0,0
validation_002,validation,16,12,10,0,0,0,0
validation_002,validation,16,12,11,0,0,0,0
validation_002,validation,16,12,12,0,0,0,0
validation_002,validation,16,12,13,0,0,0,0
validation_002,validation,16,12,14,0,0,0,0
validation_002,validation,16,12,15,0,0,0,0
validation_002,validation,16,13,0,0,0,0,0
validation_002,validation,16,13,1,0,0,0,0
validation_002,validation,16,13,2,0,0,0,0
validation_002,validation,16,13,3,0,0,0,0
validation_002,validation,16,13,4,0,0,0,0
validation_002,validation,16,13,5,0,0,0,0
validation_002,validation,16,13,6,0,0,0,0
validation_002,validation,16,13,7,0,0,0,0
validation_002,validation,16,13,8,0,0,0,0
validation_002,validation,16,13,9,0,0,0,0
validation_002,validation,16,13,10,0,0,0,0
validation_002,validation,16,13,11,0,0,0,0
validation_002,validation,16,13,12,0,0,0,0
validation_002,validation,16,13,13,0,0,0,0
validation_002,validation,16,13,14,0,0,0,0
validation_002,validation,16,13,15,0,0,0,0
validation_002,validation,16,14,0,0,0,0,0
validation_002,validation,16,14,1,0,0,0,0
validation_002,validation,16,14,2,0,0,0,0
validation_002,validation,16,14,3,0,0,0,0
validation_002,validation,16,14,4,0,0,0,0
validation_002,validation,16,14,5,0,0,0,0
validation_002,validation,16,14,6,0,0,0,0
validation_002,validation,16,14,7,0,0,0,0
validation_002,validation,16,14,8,0,0,0,0
validation_002,validation,16,14,9,0,0,0,0
validation_002,validation,16,14,10,0,0,0,0
validation_002,validation,16,14,11,0,0,0,0
validation_002,validation,16,14,12,0,0,0,0
validation_002,validation,16,14,13,0,0,0,0
validation_002,validation,16,14,14,0,0,0,0
validation_002,validation,16,14,15,0,0,0,0
validation_002,validation,16,15,0,0,0,0,0
validation_002,validation,16,15,1,0,0,0,0
validation_002,validation,16,15,2,0,0,0,0
validation_002,validation,16,15,3,0,0,0,0
validation_002,validation,16,15,4,0,0,0,0
validation_002,validation,16,15,5,0,0,0,0
validation_002,validation,16,15,6,0,0,0,0
validation_002,validation,16,15,7,0,0,0,0
validation_002,validation,16,15,8,0,0,0,0
validation_002,validation,16,15,9,0,0,0,0
validation_002,validation,16,15,10,0,0,0,0
validation_002,validation,16,15,11,0,0,0,0
validation_002,validation,16,15,12,0,0,0,0
validation_002,validation,16,15,13,0,0,0,0
validation_002,validation,16,15,14,0,0,0,0
validation_002,validation,16,15,15,0,0,0,0
validation_003,validation,16,0,0,0,0,0,0
validation_003,validation,16,0,1,0,0,0,0
validation_003,validation,16,0,2,0,0,0,0
validation_003,validation,16,0,3,0,0,0,0
validation_003,validation,16,0,4,0,0,0,0
validation_003,validation,16,0,5,0,0,0,0
validation_003,validation,16,0,6,0,0,0,0
validation_003,validation,16,0,7,0,0,0,0
validation_003,validation,16,0,8,0,0,0,0
validation_003,validation,16,0,9,0,0,0,0
validation_003,validation,16,0,10,0,0,0,0
validation_003,validation,16,0,11,0,0,0,0
validation_003,validation,16,0,12,0,0,0,0
validation_003,validation,16,0,13,0,0,0,0
validation_003,validation,16,0,14,0,0,0,0
validation_003,validation,16,0,15,0,0,0,0
validation_003,validation,16,1,0,0,0,0,0
validation_003,validation,16,1,1,0,0,0,0
validation_003,validation,16,1,2,0,0,0,0
validation_003,validation,16,1,3,0,0,0,0
validation_003,validation,16,1,4,0,0,0,0
validation_003,validation,16,1,5,0,0,0,0
validation_003,validation,16,1,6,0,0,0,0
validation_003,validation,16,1,7,0,0,0,0
validation_003,validation,16,1,8,0,0,0,0
validation_003,validation,16,1,9,0,0,0,0
validation_003,validation,16,1,10,0,0,0,0
validation_003,validation,16,1,11,0,0,0,0
validation_003,validation,16,1,12,0,0,0,0
validation_003,validation,16,1,13,0,0,0,0
validation_003,validation,16,1,14,0,0,0,0
validation_003,validation,16,1,15,0,0,0,0
validation_003,validation,16,2,0,0,0,0,0
validation_003,validation,16,2,1,0,0,0,0
validation_003,validation,16,2,2,0,0,0,0
validation_003,validation,16,2,3,0,0,0,0
validation_003,validation,16,2,4,0,0,0,0
validation_003,validation,16,2,5,0,0,0,0
validation_003,validation,16,2,6,0,0,0,0
validation_003,validation,16,2,7,0,0,0,0
validation_003,validation,16,2,8,0,0,0,0
validation_003,validation,16,2,9,0,0,0,0
validation_003,validation,16,2,10,0,0,0,0
validation_003,validation,16,2,11,0,0,0,0
validation_003,validation,16,2,12,0,0,0,0
validation_003,validation,16,2,13,0,0,0,0
validation_003,validation,16,2,14,0,0,0,0
validation_003,validation,16,2,15,0,0,0,0
validation_003,validation,16,3,0,0,0,0,0
validation_003,validation,16,3,1,0,0,0,0
validation_003,validation,16,3,2,0,0,0,0
validation_003,validation,16,3,3,0,0,0,0
validation_003,validation,16,3,4,67,0,0,67
validation_003,validation,16,3,5,102,3,0,99
validation_003,validation,16,3,6,222,35,0,187
validation_003,validation,16,3,7,285,149,42,178
validation_003,validation,16,3,8,156,26,8,138
validation_003,validation,16,3,9,0,0,0,0
validation_003,validation,16,3,10,0,5,5,0
validation_003,validation,16,3,11,0,0,0,0
validation_003,validation,16,3,12,0,0,0,0
validation_003,validation,16,3,13,0,0,0,0
validation_003,validation,16,3,14,0,0,0,0
validation_003,validation,16,3,15,0,0,0,0
validation_003,validation,16,4,0,0,0,0,0
validation_003,validation,16,4,1,0,0,0,0
validation_003,validation,16,4,2,0,0,0,0
validation_003,validation,16,4,3,0,15,15,0
validation_003,validation,16,4,4,216,154,154,216
validation_003,validation,16,4,5,360,37,0,323
validation_003,validation,16,4,6,158,45,24,137
validation_003,validation,16,4,7,117,492,491,116
validation_003,validation,16,4,8,92,191,191,92
validation_003,validation,16,4,9,0,189,189,0
validation_003,validation,16,4,10,0,0,0,0
validation_003,validation,16,4,11,0,0,0,0
validation_003,validation,16,4,12,0,22,22,0
validation_003,validation,16,4,13,0,39,39,0
validation_003,validation,16,4,14,0,0,0,0
validation_003,validation,16,4,15,0,0,0,0
validation_003,validation,16,5,0,0,0,0,0
validation_003,validation,16,5,1,0,0,0,0
validation_003,validation,16,5,2,0,0,0,0
validation_003,validation,16,5,3,0,282,282,0
validation_003,validation,16,5,4,0,339,339,0
validation_003,validation,16,5,5,0,570,570,0
validation_003,validation,16,5,6,5,569,569,5
validation_003,validation,16,5,7,2,693,693,2
validation_003,validation,16,5,8,6,1075,1075,6
validation_003,validation,16,5,9,0,341,341,0
validation_003,validation,16,5,10,0,257,257,0
validation_003,validation,16,5,11,0,389,389,0
validation_003,validation,16,5,12,0,232,232,0
validation_003,validation,16,5,13,0,344,344,0
validation_003,validation,16,5,14,0,0,0,0
validation_003,validation,16,5,15,0,0,0,0
validation_003,validation,16,6,0,0,0,0,0
validation_003,validation,16,6,1,0,0,0,0
validation_003,validation,16,6,2,0,1,1,0
validation_003,validation,16,6,3,0,74,74,0
validation_003,validation,16,6,4,0,20,20,0
validation_003,validation,16,6,5,0,605,605,0
validation_003,validation,16,6,6,0,566,566,0
validation_003,validation,16,6,7,0,785,785,0
validation_003,validation,16,6,8,0,741,741,0
validation_003,validation,16,6,9,0,184,184,0
validation_003,validation,16,6,10,0,627,627,0
validation_003,validation,16,6,11,0,1491,1491,0
validation_003,validation,16,6,12,0,1067,1067,0
validation_003,validation,16,6,13,0,31,31,0
validation_003,validation,16,6,14,0,0,0,0
validation_003,validation,16,6,15,0,0,0,0
validation_003,validation,16,7,0,0,0,0,0
validation_003,validation,16,7,1,0,0,0,0
validation_003,validation,16,7,2,0,0,0,0
validation_003,validation,16,7,3,0,242,242,0
validation_003,validation,16,7,4,131,265,199,65
validation_003,validation,16,7,5,8,389,389,8
validation_003,validation,16,7,6,0,83,82,0
validation_003,validation,16,7,7,0,243,241,0
validation_003,validation,16,7,8,0,180,170,0
validation_003,validation,16,7,9,0,180,180,0
validation_003,validation,16,7,10,0,112,112,0
validation_003,validation,16,7,11,0,220,220,0
validation_003,validation,16,7,12,0,659,659,0
validation_003,validation,16,7,13,0,546,546,0
validation_003,validation,16,7,14,0,59,59,0
validation_003,validation,16,7,15,0,0,0,0
validation_003,validation,16,8,0,0,0,0,0
validation_003,validation,16,8,1,0,0,0,0
validation_003,validation,16,8,2,0,3,3,0
validation_003,validation,16,8,3,0,43,43,0
validation_003,validation,16,8,4,388,390,239,237
validation_003,validation,16,8,5,424,482,200,142
validation_003,validation,16,8,6,0,3,2,0
validation_003,validation,16,8,7,0,113,99,0
validation_003,validation,16,8,8,0,40,10,0
validation_003,validation,16,8,9,0,34,34,0
validation_003,validation,16,8,10,0,216,216,0
validation_003,validation,16,8,11,0,1025,1025,0
validation_003,validation,16,8,12,0,468,468,0
validation_003,validation,16,8,13,0,245,245,0
validation_003,validation,16,8,14,0,72,72,0
validation_003,validation,16,8,15,0,18,18,0
validation_003,validation,16,9,0,0,0,0,0
validation_003,validation,16,9,1,0,0,0,0
validation_003,validation,16,9,2,0,383,383,0
validation_003,validation,16,9,3,0,28,28,0
validation_003,validation,16,9,4,0,0,0,0
validation_003,validation,16,9,5,205,156,82,131
validation_003,validation,16,9,6,588,177,71,483
validation_003,validation,16,9,7,314,189,184,309
validation_003,validation,16,9,8,65,165,164,65
validation_003,validation,16,9,9,0,83,83,0
validation_003,validation,16,9,10,0,1,1,0
validation_003,validation,16,9,11,0,179,179,0
validation_003,validation,16,9,12,0,45,45,0
validation_003,validation,16,9,13,0,161,161,0
validation_003,validation,16,9,14,0,158,158,0
validation_003,validation,16,9,15,0,1,1,0
validation_003,validation,16,10,0,0,0,0,0
validation_003,validation,16,10,1,0,0,0,0
validation_003,validation,16,10,2,0,118,118,0
validation_003,validation,16,10,3,0,14,14,0
validation_003,validation,16,10,4,0,0,0,0
validation_003,validation,16,10,5,0,0,0,0
validation_003,validation,16,10,6,38,0,0,38
validation_003,validation,16,10,7,310,1,0,309
validation_003,validation,16,10,8,48,0,0,48
validation_003,validation,16,10,9,0,0,0,0
validation_003,validation,16,10,10,0,0,0,0
validation_003,validation,16,10,11,0,98,98,0
validation_003,validation,16,10,12,0,33,33,0
validation_003,validation,16,10,13,0,0,0,0
validation_003,validation,16,10,14,0,0,0,0
validation_003,validation,16,10,15,0,1,1,0
validation_003,validation,16,11,0,0,0,0,0
validation_003,validation,16,11,1,0,0,0,0
validation_003,validation,16,11,2,0,0,0,0
validation_003,validation,16,11,3,0,12,12,0
validation_003,validation,16,11,4,0,0,0,0
validation_003,validation,16,11,5,0,0,0,0
validation_003,validation,16,11,6,0,0,0,0
validation_003,validation,16,11,7,0,0,0,0
validation_003,validation,16,11,8,0,0,0,0
validation_003,validation,16,11,9,0,0,0,0
validation_003,validation,16,11,10,0,0,0,0
validation_003,validation,16,11,11,0,0,0,0
validation_003,validation,16,11,12,0,0,0,0
validation_003,validation,16,11,13,0,0,0,0
validation_003,validation,16,11,14,0,16,16,0
validation_003,validation,16,11,15,0,0,0,0
validation_003,validation,16,12,0,0,0,0,0
validation_003,validation,16,12,1,0,0,0,0
validation_003,validation,16,12,2,0,0,0,0
validation_003,validation,16,12,3,0,0,0,0
validation_003,validation,16,12,4,0,2,2,0
validation_003,validation,16,12,5,0,79,79,0
validation_003,validation,16,12,6,0,6,6,0
validation_003,validation,16,12,7,0,0,0,0
validation_003,validation,16,12,8,0,0,0,0
validation_003,validation,16,12,9,0,0,0,0
validation_003,validation,16,12,10,0,0,0,0
validation_003,validation,16,12,11,0,0,0,0
validation_003,validation,16,12,12,0,0,0,0
validation_003,validation,16,12,13,0,0,0,0
validation_003,validation,16,12,14,0,0,0,0
validation_003,validation,16,12,15,0,0,0,0
validation_003,validation,16,13,0,0,0,0,0
validation_003,validation,16,13,1,0,0,0,0
validation_003,validation,16,13,2,0,0,0,0
validation_003,validation,16,13,3,0,0,0,0
validation_003,validation,16,13,4,0,0,0,0
validation_003,validation,16,13,5,0,0,0,0
validation_003,validation,16,13,6,0,0,0,0
validation_003,validation,16,13,7,0,0,0,0
validation_003,validation,16,13,8,0,0,0,0
validation_003,validation,16,13,9,0,0,0,0
validation_003,validation,16,13,10,0,0,0,0
validation_003,validation,16,13,11,0,0,0,0
validation_003,validation,16,13,12,0,0,0,0
validation_003,validation,16,13,13,0,0,0,0
validation_003,validation,16,13,14,0,0,0,0
validation_003,validation,16,13,15,0,0,0,0
validation_003,validation,16,14,0,0,0,0,0
validation_003,validation,16,14,1,0,0,0,0
validation_003,validation,16,14,2,0,0,0,0
validation_003,validation,16,14,3,0,0,0,0
validation_003,validation,16,14,4,0,0,0,0
validation_003,validation,16,14,5,0,0,0,0
validation_003,validation,16,14,6,0,0,0,0
validation_003,validation,16,14,7,0,0,0,0
validation_003,validation,16,14,8,0,0,0,0
validation_003,validation,16,14,9,0,0,0,0
validation_003,validation,16,14,10,0,0,0,0
validation_003,validation,16,14,11,0,0,0,0
validation_003,validation,16,14,12,0,0,0,0
validation_003,validation,16,14,13,0,0,0,0
validation_003,validation,16,14,14,0,0,0,0
validation_003,validation,16,14,15,0,0,0,0
validation_003,validation,16,15,0,0,0,0,0
validation_003,validation,16,15,1,0,0,0,0
validation_003,validation,16,15,2,0,0,0,0
validation_003,validation,16,15,3,0,0,0,0
validation_003,validation,16,15,4,0,0,0,0
validation_003,validation,16,15,5,0,0,0,0
validation_003,validation,16,15,6,0,0,0,0
validation_003,validation,16,15,7,0,0,0,0
validation_003,validation,16,15,8,0,0,0,0
validation_003,validation,16,15,9,0,0,0,0
validation_003,validation,16,15,10,0,0,0,0
validation_003,validation,16,15,11,0,0,0,0
validation_003,validation,16,15,12,0,0,0,0
validation_003,validation,16,15,13,0,0,0,0
validation_003,validation,16,15,14,0,0,0,0
validation_003,validation,16,15,15,0,0,0,0
validation_004,validation,16,0,0,0,0,0,0
validation_004,validation,16,0,1,0,0,0,0
validation_004,validation,16,0,2,0,0,0,0
validation_004,validation,16,0,3,0,0,0,0
validation_004,validation,16,0,4,0,0,0,0
validation_004,validation,16,0,5,0,0,0,0
validation_004,validation,16,0,6,0,0,0,0
validation_004,validation,16,0,7,0,0,0,0
validation_004,validation,16,0,8,0,0,0,0
validation_004,validation,16,0,9,0,0,0,0
validation_004,validation,16,0,10,0,0,0,0
validation_004,validation,16,0,11,0,0,0,0
validation_004,validation,16,0,12,0,0,0,0
validation_004,validation,16,0,13,0,0,0,0
validation_004,validation,16,0,14,0,0,0,0
validation_004,validation,16,0,15,0,0,0,0
validation_004,validation,16,1,0,0,0,0,0
validation_004,validation,16,1,1,0,0,0,0
validation_004,validation,16,1,2,0,0,0,0
validation_004,validation,16,1,3,0,5,5,0
validation_004,validation,16,1,4,0,0,0,0
validation_004,validation,16,1,5,0,19,19,0
validation_004,validation,16,1,6,0,106,106,0
validation_004,validation,16,1,7,0,109,109,0
validation_004,validation,16,1,8,0,110,110,0
validation_004,validation,16,1,9,0,26,26,0
validation_004,validation,16,1,10,0,1,1,0
validation_004,validation,16,1,11,0,4,4,0
validation_004,validation,16,1,12,0,0,0,0
validation_004,validation,16,1,13,0,18,18,0
validation_004,validation,16,1,14,0,32,32,0
validation_004,validation,16,1,15,0,0,0,0
validation_004,validation,16,2,0,0,0,0,0
validation_004,validation,16,2,1,0,4,4,0
validation_004,validation,16,2,2,0,343,343,0
validation_004,validation,16,2,3,0,349,349,0
validation_004,validation,16,2,4,0,576,576,0
validation_004,validation,16,2,5,0,415,415,0
validation_004,validation,16,2,6,0,449,449,0
validation_004,validation,16,2,7,0,385,385,0
validation_004,validation,16,2,8,0,88,88,0
validation_004,validation,16,2,9,0,112,112,0
validation_004,validation,16,2,10,0,40,40,0
validation_004,validation,16,2,11,0,76,76,0
validation_004,validation,16,2,12,0,83,83,0
validation_004,validation,16,2,13,0,66,66,0
validation_004,validation,16,2,14,0,12,12,0
validation_004,validation,16,2,15,0,0,0,0
validation_004,validation,16,3,0,0,9,9,0
validation_004,validation,16,3,1,0,288,288,0
validation_004,validation,16,3,2,0,495,495,0
validation_004,validation,16,3,3,0,517,517,0
validation_004,validation,16,3,4,0,565,565,0
validation_004,validation,16,3,5,0,610,610,0
validation_004,validation,16,3,6,0,531,531,0
validation_004,validation,16,3,7,0,232,232,0
validation_004,validation,16,3,8,0,147,147,0
validation_004,validation,16,3,9,0,169,169,0
validation_004,validation,16,3,10,0,138,138,0
validation_004,validation,16,3,11,0,109,109,0
validation_004,validation,16,3,12,0,33,33,0
validation_004,validation,16,3,13,0,3,3,0
validation_004,validation,16,3,14,0,0,0,0
validation_004,validation,16,3,15,0,0,0,0
validation_004,validation,16,4,0,0,0,0,0
validation_004,validation,16,4,1,0,100,100,0
validation_004,validation,16,4,2,0,177,177,0
validation_004,validation,16,4,3,0,149,149,0
validation_004,validation,16,4,4,0,617,617,0
validation_004,validation,16,4,5,0,1224,1224,0
validation_004,validation,16,4,6,0,1077,1077,0
validation_004,validation,16,4,7,0,1072,1072,0
validation_004,validation,16,4,8,0,958,958,0
validation_004,validation,16,4,9,0,927,927,0
validation_004,validation,16,4,10,0,295,295,0
validation_004,validation,16,4,11,0,15,15,0
validation_004,validation,16,4,12,0,4,4,0
validation_004,validation,16,4,13,0,0,0,0
validation_004,validation,16,4,14,0,0,0,0
validation_004,validation,16,4,15,0,0,0,0
validation_004,validation,16,5,0,0,0,0,0
validation_004,validation,16,5,1,0,0,0,0
validation_004,validation,16,5,2,0,3,3,0
validation_004,validation,16,5,3,0,8,8,0
validation_004,validation,16,5,4,0,85,85,0
validation_004,validation,16,5,5,0,806,806,0
validation_004,validation,16,5,6,0,922,922,0
validation_004,validation,16,5,7,0,1193,1193,0
validation_004,validation,16,5,8,0,1018,1018,0
validation_004,validation,16,5,9,0,546,546,0
validation_004,validation,16,5,10,0,81,81,0
validation_004,validation,16,5,11,0,2,2,0
validation_004,validation,16,5,12,0,1,1,0
validation_004,validation,16,5,13,0,0,0,0
validation_004,validation,16,5,14,0,0,0,0
validation_004,validation,16,5,15,0,0,0,0
validation_004,validation,16,6,0,0,0,0,0
validation_004,validation,16,6,1,0,0,0,0
validation_004,validation,16,6,2,0,0,0,0
validation_004,validation,16,6,3,0,0,0,0
validation_004,validation,16,6,4,0,18,18,0
validation_004,validation,16,6,5,0,90,90,0
validation_004,validation,16,6,6,0,137,137,0
validation_004,validation,16,6,7,0,151,151,0
validation_004,validation,16,6,8,0,140,140,0
validation_004,validation,16,6,9,0,60,60,0
validation_004,validation,16,6,10,0,48,48,0
validation_004,validation,16,6,11,0,9,9,0
validation_004,validation,16,6,12,0,0,0,0
validation_004,validation,16,6,13,0,0,0,0
validation_004,validation,16,6,14,0,0,0,0
validation_004,validation,16,6,15,0,0,0,0
validation_004,validation,16,7,0,0,0,0,0
validation_004,validation,16,7,1,0,0,0,0
validation_004,validation,16,7,2,0,0,0,0
validation_004,validation,16,7,3,0,0,0,0
validation_004,validation,16,7,4,0,3,3,0
validation_004,validation,16,7,5,0,3,3,0
validation_004,validation,16,7,6,0,0,0,0
validation_004,validation,16,7,7,0,1,1,0
validation_004,validation,16,7,8,0,10,10,0
validation_004,validation,16,7,9,0,0,0,0
validation_004,validation,16,7,10,0,0,0,0
validation_004,validation,16,7,11,0,0,0,0
validation_004,validation,16,7,12,0,0,0,0
validation_004,validation,16,7,13,0,0,0,0
validation_004,validation,16,7,14,0,1,1,0
validation_004,validation,16,7,15,0,0,0,0
validation_004,validation,16,8,0,0,0,0,0
validation_004,validation,16,8,1,0,0,0,0
validation_004,validation,16,8,2,0,0,0,0
validation_004,validation,16,8,3,0,1,1,0
validation_004,validation,16,8,4,85,1,0,84
validation_004,validation,16,8,5,583,309,0,274
validation_004,validation,16,8,6,157,24,0,133
validation_004,validation,16,8,7,0,3,3,0
validation_004,validation,16,8,8,0,0,0,0
validation_004,validation,16,8,9,0,1,1,0
validation_004,validation,16,8,10,0,2,2,0
validation_004,validation,16,8,11,0,11,11,0
validation_004,validation,16,8,12,0,0,0,0
validation_004,validation,16,8,13,0,1,1,0
validation_004,validation,16,8,14,0,0,0,0
validation_004,validation,16,8,15,0,0,0,0
validation_004,validation,16,9,0,0,0,0,0
validation_004,validation,16,9,1,0,0,0,0
validation_004,validation,16,9,2,0,0,0,0
validation_004,validation,16,9,3,0,0,0,0
validation_004,validation,16,9,4,222,0,0,222
validation_004,validation,16,9,5,1133,12,0,1121
validation_004,validation,16,9,6,374,0,0,374
validation_004,validation,16,9,7,0,11,11,0
validation_004,validation,16,9,8,0,0,0,0
validation_004,validation,16,9,9,0,72,72,0
validation_004,validation,16,9,10,0,258,258,0
validation_004,validation,16,9,11,0,11,11,0
validation_004,validation,16,9,12,0,0,0,0
validation_004,validation,16,9,13,0,0,0,0
validation_004,validation,16,9,14,0,0,0,0
validation_004,validation,16,9,15,0,0,0,0
validation_004,validation,16,10,0,0,0,0,0
validation_004,validation,16,10,1,0,0,0,0
validation_004,validation,16,10,2,0,0,0,0
validation_004,validation,16,10,3,0,0,0,0
validation_004,validation,16,10,4,0,0,0,0
validation_004,validation,16,10,5,77,0,0,77
validation_004,validation,16,10,6,101,21,21,101
validation_004,validation,16,10,7,0,3,3,0
validation_004,validation,16,10,8,0,0,0,0
validation_004,validation,16,10,9,0,0,0,0
validation_004,validation,16,10,10,0,0,0,0
validation_004,validation,16,10,11,0,0,0,0
validation_004,validation,16,10,12,0,1,1,0
validation_004,validation,16,10,13,0,3,3,0
validation_004,validation,16,10,14,0,1,1,0
validation_004,validation,16,10,15,0,0,0,0
validation_004,validation,16,11,0,0,0,0,0
validation_004,validation,16,11,1,0,0,0,0
validation_004,validation,16,11,2,0,0,0,0
validation_004,validation,16,11,3,0,0,0,0
validation_004,validation,16,11,4,68,0,0,68
validation_004,validation,16,11,5,0,0,0,0
validation_004,validation,16,11,6,0,0,0,0
validation_004,validation,16,11,7,0,0,0,0
validation_004,validation,16,11,8,0,0,0,0
validation_004,validation,16,11,9,0,0,0,0
validation_004,validation,16,11,10,0,0,0,0
validation_004,validation,16,11,11,0,0,0,0
validation_004,validation,16,11,12,0,0,0,0
validation_004,validation,16,11,13,0,1,1,0
validation_004,validation,16,11,14,0,0,0,0
validation_004,validation,16,11,15,0,0,0,0
validation_004,validation,16,12,0,0,0,0,0
validation_004,validation,16,12,1,0,0,0,0
validation_004,validation,16,12,2,0,0,0,0
validation_004,validation,16,12,3,3,0,0,3
validation_004,validation,16,12,4,483,0,0,483
validation_004,validation,16,12,5,219,0,0,219
validation_004,validation,16,12,6,0,0,0,0
validation_004,validation,16,12,7,0,0,0,0
validation_004,validation,16,12,8,0,0,0,0
validation_004,validation,16,12,9,0,0,0,0
validation_004,validation,16,12,10,0,0,0,0
validation_004,validation,16,12,11,0,0,0,0
validation_004,validation,16,12,12,0,0,0,0
validation_004,validation,16,12,13,0,0,0,0
validation_004,validation,16,12,14,0,0,0,0
validation_004,validation,16,12,15,0,0,0,0
validation_004,validation,16,13,0,0,0,0,0
validation_004,validation,16,13,1,0,0,0,0
validation_004,validation,16,13,2,0,0,0,0
validation_004,validation,16,13,3,0,0,0,0
validation_004,validation,16,13,4,2,0,0,2
validation_004,validation,16,13,5,0,0,0,0
validation_004,validation,16,13,6,0,0,0,0
validation_004,validation,16,13,7,0,0,0,0
validation_004,validation,16,13,8,0,0,0,0
validation_004,validation,16,13,9,0,0,0,0
validation_004,validation,16,13,10,0,0,0,0
validation_004,validation,16,13,11,0,0,0,0
validation_004,validation,16,13,12,0,0,0,0
validation_004,validation,16,13,13,0,0,0,0
validation_004,validation,16,13,14,0,0,0,0
validation_004,validation,16,13,15,0,0,0,0
validation_004,validation,16,14,0,0,0,0,0
validation_004,validation,16,14,1,0,0,0,0
validation_004,validation,16,14,2,0,0,0,0
validation_004,validation,16,14,3,0,0,0,0
validation_004,validation,16,14,4,0,0,0,0
validation_004,validation,16,14,5,0,0,0,0
validation_004,validation,16,14,6,0,0,0,0
validation_004,validation,16,14,7,0,0,0,0
validation_004,validation,16,14,8,0,0,0,0
validation_004,validation,16,14,9,0,0,0,0
validation_004,validation,16,14,10,0,0,0,0
validation_004,validation,16,14,11,0,0,0,0
validation_004,validation,16,14,12,0,0,0,0
validation_004,validation,16,14,13,0,0,0,0
validation_004,validation,16,14,14,0,0,0,0
validation_004,validation,16,14,15,0,0,0,0
validation_004,validation,16,15,0,0,0,0,0
validation_004,validation,16,15,1,0,0,0,0
validation_004,validation,16,15,2,0,0,0,0
validation_004,validation,16,15,3,0,0,0,0
validation_004,validation,16,15,4,0,0,0,0
validation_004,validation,16,15,5,0,0,0,0
validation_004,validation,16,15,6,0,0,0,0
validation_004,validation,16,15,7,0,0,0,0
validation_004,validation,16,15,8,0,0,0,0
validation_004,validation,16,15,9,0,0,0,0
validation_004,validation,16,15,10,0,0,0,0
validation_004,validation,16,15,11,0,0,0,0
validation_004,validation,16,15,12,0,0,0,0
validation_004,validation,16,15,13,0,0,0,0
validation_004,validation,16,15,14,0,0,0,0
validation_004,validation,16,15,15,0,0,0,0
validation_005,validation,16,0,0,0,0,0,0
validation_005,validation,16,0,1,0,0,0,0
validation_005,validation,16,0,2,0,0,0,0
validation_005,validation,16,0,3,0,0,0,0
validation_005,validation,16,0,4,0,0,0,0
validation_005,validation,16,0,5,0,0,0,0
validation_005,validation,16,0,6,0,0,0,0
validation_005,validation,16,0,7,0,0,0,0
validation_005,validation,16,0,8,0,0,0,0
validation_005,validation,16,0,9,0,0,0,0
validation_005,validation,16,0,10,0,0,0,0
validation_005,validation,16,0,11,0,0,0,0
validation_005,validation,16,0,12,0,0,0,0
validation_005,validation,16,0,13,0,0,0,0
validation_005,validation,16,0,14,0,0,0,0
validation_005,validation,16,0,15,0,0,0,0
validation_005,validation,16,1,0,0,0,0,0
validation_005,validation,16,1,1,0,0,0,0
validation_005,validation,16,1,2,0,0,0,0
validation_005,validation,16,1,3,0,0,0,0
validation_005,validation,16,1,4,0,3,3,0
validation_005,validation,16,1,5,0,0,0,0
validation_005,validation,16,1,6,0,0,0,0
validation_005,validation,16,1,7,0,41,41,0
validation_005,validation,16,1,8,0,0,0,0
validation_005,validation,16,1,9,0,0,0,0
validation_005,validation,16,1,10,0,0,0,0
validation_005,validation,16,1,11,0,0,0,0
validation_005,validation,16,1,12,0,0,0,0
validation_005,validation,16,1,13,0,0,0,0
validation_005,validation,16,1,14,0,0,0,0
validation_005,validation,16,1,15,0,0,0,0
validation_005,validation,16,2,0,0,0,0,0
validation_005,validation,16,2,1,0,0,0,0
validation_005,validation,16,2,2,0,0,0,0
validation_005,validation,16,2,3,0,0,0,0
validation_005,validation,16,2,4,0,1,1,0
validation_005,validation,16,2,5,0,6,6,0
validation_005,validation,16,2,6,0,62,62,0
validation_005,validation,16,2,7,0,126,126,0
validation_005,validation,16,2,8,0,23,23,0
validation_005,validation,16,2,9,0,21,21,0
validation_005,validation,16,2,10,0,6,6,0
validation_005,validation,16,2,11,0,67,67,0
validation_005,validation,16,2,12,0,163,163,0
validation_005,validation,16,2,13,0,53,53,0
validation_005,validation,16,2,14,0,5,5,0
validation_005,validation,16,2,15,0,0,0,0
validation_005,validation,16,3,0,0,0,0,0
validation_005,validation,16,3,1,0,0,0,0
validation_005,validation,16,3,2,0,5,5,0
validation_005,validation,16,3,3,0,207,207,0
validation_005,validation,16,3,4,0,297,297,0
validation_005,validation,16,3,5,0,231,231,0
validation_005,validation,16,3,6,0,156,156,0
validation_005,validation,16,3,7,0,47,47,0
validation_005,validation,16,3,8,0,233,233,0
validation_005,validation,16,3,9,0,731,731,0
validation_005,validation,16,3,10,0,1420,1420,0
validation_005,validation,16,3,11,0,2081,2081,0
validation_005,validation,16,3,12,0,725,725,0
validation_005,validation,16,3,13,0,329,329,0
validation_005,validation,16,3,14,0,0,0,0
validation_005,validation,16,3,15,0,0,0,0
validation_005,validation,16,4,0,0,0,0,0
validation_005,validation,16,4,1,0,149,149,0
validation_005,validation,16,4,2,0,504,504,0
validation_005,validation,16,4,3,0,1510,1510,0
validation_005,validation,16,4,4,0,2757,2757,0
validation_005,validation,16,4,5,0,2959,2959,0
validation_005,validation,16,4,6,0,2332,2332,0
validation_005,validation,16,4,7,0,196,196,0
validation_005,validation,16,4,8,0,348,348,0
validation_005,validation,16,4,9,0,222,222,0
validation_005,validation,16,4,10,0,462,462,0
validation_005,validation,16,4,11,0,614,614,0
validation_005,validation,16,4,12,0,957,957,0
validation_005,validation,16,4,13,0,604,604,0
validation_005,validation,16,4,14,0,59,59,0
validation_005,validation,16,4,15,0,3,3,0
validation_005,validation,16,5,0,0,39,39,0
validation_005,validation,16,5,1,0,395,395,0
validation_005,validation,16,5,2,0,1364,1364,0
validation_005,validation,16,5,3,0,1033,1033,0
validation_005,validation,16,5,4,0,441,441,0
validation_005,validation,16,5,5,0,145,145,0
validation_005,validation,16,5,6,0,118,118,0
validation_005,validation,16,5,7,0,43,43,0
validation_005,validation,16,5,8,0,8,8,0
validation_005,validation,16,5,9,0,183,183,0
validation_005,validation,16,5,10,0,917,917,0
validation_005,validation,16,5,11,0,1085,1085,0
validation_005,validation,16,5,12,0,660,660,0
validation_005,validation,16,5,13,0,601,601,0
validation_005,validation,16,5,14,0,155,155,0
validation_005,validation,16,5,15,0,22,22,0
validation_005,validation,16,6,0,0,0,0,0
validation_005,validation,16,6,1,0,18,18,0
validation_005,validation,16,6,2,0,101,101,0
validation_005,validation,16,6,3,0,238,238,0
validation_005,validation,16,6,4,0,27,27,0
validation_005,validation,16,6,5,0,5,5,0
validation_005,validation,16,6,6,0,2,2,0
validation_005,validation,16,6,7,0,10,10,0
validation_005,validation,16,6,8,0,15,15,0
validation_005,validation,16,6,9,0,72,72,0
validation_005,validation,16,6,10,0,76,76,0
validation_005,validation,16,6,11,0,7,7,0
validation_005,validation,16,6,12,0,29,29,0
validation_005,validation,16,6,13,0,53,53,0
validation_005,validation,16,6,14,0,13,13,0
validation_005,validation,16,6,15,0,0,0,0
validation_005,validation,16,7,0,0,0,0,0
validation_005,validation,16,7,1,0,86,86,0
validation_005,validation,16,7,2,0,34,34,0
validation_005,validation,16,7,3,0,24,24,0
validation_005,validation,16,7,4,0,110,110,0
validation_005,validation,16,7,5,0,3,3,0
validation_005,validation,16,7,6,0,106,106,0
validation_005,validation,16,7,7,0,151,151,0
validation_005,validation,16,7,8,0,0,0,0
validation_005,validation,16,7,9,0,0,0,0
validation_005,validation,16,7,10,0,1,1,0
validation_005,validation,16,7,11,0,33,33,0
validation_005,validation,16,7,12,0,0,0,0
validation_005,validation,16,7,13,2,0,0,2
validation_005,validation,16,7,14,0,0,0,0
validation_005,validation,16,7,15,0,0,0,0
validation_005,validation,16,8,0,0,0,0,0
validation_005,validation,16,8,1,0,0,0,0
validation_005,validation,16,8,2,0,36,36,0
validation_005,validation,16,8,3,0,46,46,0
validation_005,validation,16,8,4,0,97,97,0
validation_005,validation,16,8,5,0,75,75,0
validation_005,validation,16,8,6,0,111,111,0
validation_005,validation,16,8,7,0,0,0,0
validation_005,validation,16,8,8,0,38,38,0
validation_005,validation,16,8,9,0,222,222,0
validation_005,validation,16,8,10,0,219,219,0
validation_005,validation,16,8,11,290,11,9,288
validation_005,validation,16,8,12,728,82,0,646
validation_005,validation,16,8,13,1327,14,0,1313
validation_005,validation,16,8,14,5,0,0,5
validation_005,validation,16,8,15,0,0,0,0
validation_005,validation,16,9,0,0,0,0,0
validation_005,validation,16,9,1,0,0,0,0
validation_005,validation,16,9,2,0,8,8,0
validation_005,validation,16,9,3,0,10,10,0
validation_005,validation,16,9,4,0,145,145,0
validation_005,validation,16,9,5,0,1,1,0
validation_005,validation,16,9,6,0,7,7,0
validation_005,validation,16,9,7,0,238,238,0
validation_005,validation,16,9,8,0,567,567,0
validation_005,validation,16,9,9,0,333,333,0
validation_005,validation,16,9,10,0,50,50,0
validation_005,validation,16,9,11,13,0,0,13
validation_005,validation,16,9,12,92,0,0,92
validation_005,validation,16,9,13,589,4,4,589
validation_005,validation,16,9,14,0,0,0,0
validation_005,validation,16,9,15,0,0,0,0
validation_005,validation,16,10,0,0,0,0,0
validation_005,validation,16,10,1,0,0,0,0
validation_005,validation,16,10,2,0,0,0,0
validation_005,validation,16,10,3,0,125,125,0
validation_005,validation,16,10,4,0,8,8,0
validation_005,validation,16,10,5,0,4,4,0
validation_005,validation,16,10,6,0,0,0,0
validation_005,validation,16,10,7,0,0,0,0
validation_005,validation,16,10,8,0,128,128,0
validation_005,validation,16,10,9,0,118,118,0
validation_005,validation,16,10,10,0,0,0,0
validation_005,validation,16,10,11,0,0,0,0
validation_005,validation,16,10,12,0,0,0,0
validation_005,validation,16,10,13,0,0,0,0
validation_005,validation,16,10,14,0,0,0,0
validation_005,validation,16,10,15,0,0,0,0
validation_005,validation,16,11,0,0,0,0,0
validation_005,validation,16,11,1,0,0,0,0
validation_005,validation,16,11,2,0,0,0,0
validation_005,validation,16,11,3,0,0,0,0
validation_005,validation,16,11,4,0,6,6,0
validation_005,validation,16,11,5,0,0,0,0
validation_005,validation,16,11,6,0,0,0,0
validation_005,validation,16,11,7,0,0,0,0
validation_005,validation,16,11,8,0,0,0,0
validation_005,validation,16,11,9,0,0,0,0
validation_005,validation,16,11,10,0,2,2,0
validation_005,validation,16,11,11,6,0,0,6
validation_005,validation,16,11,12,1,0,0,1
validation_005,validation,16,11,13,0,0,0,0
validation_005,validation,16,11,14,0,0,0,0
validation_005,validation,16,11,15,0,0,0,0
validation_005,validation,16,12,0,0,0,0,0
validation_005,validation,16,12,1,0,0,0,0
validation_005,validation,16,12,2,0,0,0,0
validation_005,validation,16,12,3,0,0,0,0
validation_005,validation,16,12,4,0,0,0,0
validation_005,validation,16,12,5,0,0,0,0
validation_005,validation,16,12,6,0,0,0,0
validation_005,validation,16,12,7,0,0,0,0
validation_005,validation,16,12,8,0,0,0,0
validation_005,validation,16,12,9,0,0,0,0
validation_005,validation,16,12,10,0,0,0,0
validation_005,validation,16,12,11,217,0,0,217
validation_005,validation,16,12,12,295,0,0,295
validation_005,validation,16,12,13,321,0,0,321
validation_005,validation,16,12,14,3,0,0,3
validation_005,validation,16,12,15,0,0,0,0
validation_005,validation,16,13,0,0,0,0,0
validation_005,validation,16,13,1,0,0,0,0
validation_005,validation,16,13,2,0,0,0,0
validation_005,validation,16,13,3,0,0,0,0
validation_005,validation,16,13,4,0,0,0,0
validation_005,validation,16,13,5,0,0,0,0
validation_005,validation,16,13,6,0,0,0,0
validation_005,validation,16,13,7,0,0,0,0
validation_005,validation,16,13,8,0,0,0,0
validation_005,validation,16,13,9,0,0,0,0
validation_005,validation,16,13,10,0,0,0,0
validation_005,validation,16,13,11,266,0,0,266
validation_005,validation,16,13,12,808,0,0,808
validation_005,validation,16,13,13,434,0,0,434
validation_005,validation,16,13,14,0,0,0,0
validation_005,validation,16,13,15,0,0,0,0
validation_005,validation,16,14,0,0,0,0,0
validation_005,validation,16,14,1,0,0,0,0
validation_005,validation,16,14,2,0,0,0,0
validation_005,validation,16,14,3,0,0,0,0
validation_005,validation,16,14,4,0,0,0,0
validation_005,validation,16,14,5,0,0,0,0
validation_005,validation,16,14,6,0,0,0,0
validation_005,validation,16,14,7,0,0,0,0
validation_005,validation,16,14,8,0,0,0,0
validation_005,validation,16,14,9,0,0,0,0
validation_005,validation,16,14,10,0,0,0,0
validation_005,validation,16,14,11,0,0,0,0
validation_005,validation,16,14,12,0,0,0,0
validation_005,validation,16,14,13,0,0,0,0
validation_005,validation,16,14,14,0,0,0,0
validation_005,validation,16,14,15,0,0,0,0
validation_005,validation,16,15,0,0,0,0,0
validation_005,validation,16,15,1,0,0,0,0
validation_005,validation,16,15,2,0,0,0,0
validation_005,validation,16,15,3,0,0,0,0
validation_005,validation,16,15,4,0,0,0,0
validation_005,validation,16,15,5,0,0,0,0
validation_005,validation,16,15,6,0,0,0,0
validation_005,validation,16,15,7,0,0,0,0
validation_005,validation,16,15,8,0,0,0,0
validation_005,validation,16,15,9,0,0,0,0
validation_005,validation,16,15,10,0,0,0,0
validation_005,validation,16,15,11,0,0,0,0
validation_005,validation,16,15,12,0,0,0,0
validation_005,validation,16,15,13,0,0,0,0
validation_005,validation,16,15,14,0,0,0,0
validation_005,validation,16,15,15,0,0,0,0
validation_006,validation,16,0,0,0,0,0,0
validation_006,validation,16,0,1,0,0,0,0
validation_006,validation,16,0,2,0,0,0,0
validation_006,validation,16,0,3,0,0,0,0
validation_006,validation,16,0,4,0,0,0,0
validation_006,validation,16,0,5,0,0,0,0
validation_006,validation,16,0,6,0,1,1,0
validation_006,validation,16,0,7,0,1,1,0
validation_006,validation,16,0,8,0,2,2,0
validation_006,validation,16,0,9,0,0,0,0
validation_006,validation,16,0,10,0,0,0,0
validation_006,validation,16,0,11,0,0,0,0
validation_006,validation,16,0,12,0,3,3,0
validation_006,validation,16,0,13,0,0,0,0
validation_006,validation,16,0,14,0,0,0,0
validation_006,validation,16,0,15,0,0,0,0
validation_006,validation,16,1,0,0,0,0,0
validation_006,validation,16,1,1,0,0,0,0
validation_006,validation,16,1,2,0,0,0,0
validation_006,validation,16,1,3,0,0,0,0
validation_006,validation,16,1,4,53,5,1,49
validation_006,validation,16,1,5,21,93,45,10
validation_006,validation,16,1,6,0,104,90,0
validation_006,validation,16,1,7,0,40,40,0
validation_006,validation,16,1,8,0,11,11,0
validation_006,validation,16,1,9,0,1,1,0
validation_006,validation,16,1,10,0,2,2,0
validation_006,validation,16,1,11,0,1,1,0
validation_006,validation,16,1,12,0,120,120,0
validation_006,validation,16,1,13,0,98,98,0
validation_006,validation,16,1,14,0,0,0,0
validation_006,validation,16,1,15,0,0,0,0
validation_006,validation,16,2,0,0,0,0,0
validation_006,validation,16,2,1,0,0,0,0
validation_006,validation,16,2,2,0,0,0,0
validation_006,validation,16,2,3,0,53,53,0
validation_006,validation,16,2,4,11,59,58,10
validation_006,validation,16,2,5,181,201,70,50
validation_006,validation,16,2,6,263,319,205,149
validation_006,validation,16,2,7,251,233,165,183
validation_006,validation,16,2,8,163,28,26,161
validation_006,validation,16,2,9,22,8,8,22
validation_006,validation,16,2,10,0,125,125,0
validation_006,validation,16,2,11,0,213,213,0
validation_006,validation,16,2,12,0,763,763,0
validation_006,validation,16,2,13,0,38,38,0
validation_006,validation,16,2,14,0,95,95,0
validation_006,validation,16,2,15,0,3,3,0
validation_006,validation,16,3,0,0,0,0,0
validation_006,validation,16,3,1,0,0,0,0
validation_006,validation,16,3,2,0,0,0,0
validation_006,validation,16,3,3,0,11,11,0
validation_006,validation,16,3,4,0,0,0,0
validation_006,validation,16,3,5,0,0,0,0
validation_006,validation,16,3,6,0,37,37,0
validation_006,validation,16,3,7,144,164,161,141
validation_006,validation,16,3,8,137,233,233,137
validation_006,validation,16,3,9,5,1,1,5
validation_006,validation,16,3,10,0,17,17,0
validation_006,validation,16,3,11,0,235,235,0
validation_006,validation,16,3,12,0,232,232,0
validation_006,validation,16,3,13,0,160,160,0
validation_006,validation,16,3,14,0,259,259,0
validation_006,validation,16,3,15,0,61,61,0
validation_006,validation,16,4,0,0,0,0,0
validation_006,validation,16,4,1,0,0,0,0
validation_006,validation,16,4,2,0,3,3,0
validation_006,validation,16,4,3,33,89,81,25
validation_006,validation,16,4,4,16,11,2,7
validation_006,validation,16,4,5,10,8,8,10
validation_006,validation,16,4,6,0,0,0,0
validation_006,validation,16,4,7,0,0,0,0
validation_006,validation,16,4,8,0,15,15,0
validation_006,validation,16,4,9,0,0,0,0
validation_006,validation,16,4,10,0,386,386,0
validation_006,validation,16,4,11,0,329,329,0
validation_006,validation,16,4,12,0,193,193,0
validation_006,validation,16,4,13,0,598,598,0
validation_006,validation,16,4,14,0,770,770,0
validation_006,validation,16,4,15,0,400,400,0
validation_006,validation,16,5,0,0,0,0,0
validation_006,validation,16,5,1,0,18,18,0
validation_006,validation,16,5,2,0,34,34,0
validation_006,validation,16,5,3,96,68,20,57
validation_006,validation,16,5,4,324,542,211,29
validation_006,validation,16,5,5,392,444,108,87
validation_006,validation,16,5,6,59,102,20,11
validation_006,validation,16,5,7,0,24,24,0
validation_006,validation,16,5,8,0,3,3,0
validation_006,validation,16,5,9,0,4,4,0
validation_006,validation,16,5,10,0,416,416,0
validation_006,validation,16,5,11,0,96,96,0
validation_006,validation,16,5,12,0,214,214,0
validation_006,validation,16,5,13,0,648,648,0
validation_006,validation,16,5,14,0,563,563,0
validation_006,validation,16,5,15,0,72,72,0
validation_006,validation,16,6,0,0,0,0,0
validation_006,validation,16,6,1,0,56,56,0
validation_006,validation,16,6,2,0,72,72,0
validation_006,validation,16,6,3,0,91,91,0
validation_006,validation,16,6,4,0,222,219,0
validation_006,validation,16,6,5,32,195,161,0
validation_006,validation,16,6,6,84,270,173,8
validation_006,validation,16,6,7,0,192,192,0
validation_006,validation,16,6,8,0,106,106,0
validation_006,validation,16,6,9,0,1,1,0
validation_006,validation,16,6,10,0,176,176,0
validation_006,validation,16,6,11,0,52,52,0
validation_006,validation,16,6,12,0,201,201,0
validation_006,validation,16,6,13,0,336,336,0
validation_006,validation,16,6,14,0,268,268,0
validation_006,validation,16,6,15,0,169,169,0
validation_006,validation,16,7,0,0,68,68,0
validation_006,validation,16,7,1,0,279,279,0
validation_006,validation,16,7,2,0,229,229,0
validation_006,validation,16,7,3,0,280,280,0
validation_006,validation,16,7,4,0,965,965,0
validation_006,validation,16,7,5,0,1034,1034,0
validation_006,validation,16,7,6,0,1155,1155,0
validation_006,validation,16,7,7,0,1063,1063,0
validation_006,validation,16,7,8,0,387,387,0
validation_006,validation,16,7,9,0,59,59,0
validation_006,validation,16,7,10,0,312,312,0
validation_006,validation,16,7,11,0,302,302,0
validation_006,validation,16,7,12,0,310,310,0
validation_006,validation,16,7,13,0,504,504,0
validation_006,validation,16,7,14,0,435,435,0
validation_006,validation,16,7,15,0,297,297,0
validation_006,validation,16,8,0,0,410,410,0
validation_006,validation,16,8,1,0,880,880,0
validation_006,validation,16,8,2,0,536,536,0
validation_006,validation,16,8,3,0,488,488,0
validation_006,validation,16,8,4,0,1012,1012,0
validation_006,validation,16,8,5,0,850,850,0
validation_006,validation,16,8,6,0,1019,1019,0
validation_006,validation,16,8,7,0,1158,1158,0
validation_006,validation,16,8,8,0,656,656,0
validation_006,validation,16,8,9,0,518,518,0
validation_006,validation,16,8,10,0,427,427,0
validation_006,validation,16,8,11,0,229,229,0
validation_006,validation,16,8,12,0,844,844,0
validation_006,validation,16,8,13,0,602,602,0
validation_006,validation,16,8,14,0,455,455,0
validation_006,validation,16,8,15,0,362,362,0
validation_006,validation,16,9,0,0,14,14,0
validation_006,validation,16,9,1,0,476,476,0
validation_006,validation,16,9,2,0,667,667,0
validation_006,validation,16,9,3,0,789,789,0
validation_006,validation,16,9,4,0,636,636,0
validation_006,validation,16,9,5,0,899,899,0
validation_006,validation,16,9,6,0,534,534,0
validation_006,validation,16,9,7,0,608,608,0
validation_006,validation,16,9,8,0,528,528,0
validation_006,validation,16,9,9,0,541,541,0
validation_006,validation,16,9,10,0,150,150,0
validation_006,validation,16,9,11,0,101,101,0
validation_006,validation,16,9,12,0,122,122,0
validation_006,validation,16,9,13,0,66,66,0
validation_006,validation,16,9,14,0,26,26,0
validation_006,validation,16,9,15,0,0,0,0
validation_006,validation,16,10,0,0,1,1,0
validation_006,validation,16,10,1,0,22,22,0
validation_006,validation,16,10,2,0,147,147,0
validation_006,validation,16,10,3,0,489,489,0
validation_006,validation,16,10,4,0,451,451,0
validation_006,validation,16,10,5,0,258,258,0
validation_006,validation,16,10,6,0,552,552,0
validation_006,validation,16,10,7,0,523,523,0
validation_006,validation,16,10,8,0,199,199,0
validation_006,validation,16,10,9,0,75,75,0
validation_006,validation,16,10,10,0,54,54,0
validation_006,validation,16,10,11,0,0,0,0
validation_006,validation,16,10,12,0,0,0,0
validation_006,validation,16,10,13,0,0,0,0
validation_006,validation,16,10,14,0,0,0,0
validation_006,validation,16,10,15,0,0,0,0
validation_006,validation,16,11,0,0,0,0,0
validation_006,validation,16,11,1,0,3,3,0
validation_006,validation,16,11,2,0,6,6,0
validation_006,validation,16,11,3,0,14,14,0
validation_006,validation,16,11,4,0,13,13,0
validation_006,validation,16,11,5,0,10,10,0
validation_006,validation,16,11,6,0,15,15,0
validation_006,validation,16,11,7,0,32,32,0
validation_006,validation,16,11,8,0,0,0,0
validation_006,validation,16,11,9,0,0,0,0
validation_006,validation,16,11,10,0,0,0,0
validation_006,validation,16,11,11,0,0,0,0
validation_006,validation,16,11,12,0,0,0,0
validation_006,validation,16,11,13,0,0,0,0
validation_006,validation,16,11,14,0,0,0,0
validation_006,validation,16,11,15,0,0,0,0
validation_006,validation,16,12,0,0,0,0,0
validation_006,validation,16,12,1,0,0,0,0
validation_006,validation,16,12,2,0,0,0,0
validation_006,validation,16,12,3,0,0,0,0
validation_006,validation,16,12,4,0,0,0,0
validation_006,validation,16,12,5,0,2,2,0
validation_006,validation,16,12,6,0,3,3,0
validation_006,validation,16,12,7,0,0,0,0
validation_006,validation,16,12,8,0,0,0,0
validation_006,validation,16,12,9,0,0,0,0
validation_006,validation,16,12,10,0,0,0,0
validation_006,validation,16,12,11,0,0,0,0
validation_006,validation,16,12,12,0,0,0,0
validation_006,validation,16,12,13,0,0,0,0
validation_006,validation,16,12,14,0,0,0,0
validation_006,validation,16,12,15,0,0,0,0
validation_006,validation,16,13,0,0,0,0,0
validation_006,validation,16,13,1,0,0,0,0
validation_006,validation,16,13,2,0,0,0,0
validation_006,validation,16,13,3,0,0,0,0
validation_006,validation,16,13,4,0,0,0,0
validation_006,validation,16,13,5,0,0,0,0
validation_006,validation,16,13,6,0,0,0,0
validation_006,validation,16,13,7,0,0,0,0
validation_006,validation,16,13,8,0,0,0,0
validation_006,validation,16,13,9,0,0,0,0
validation_006,validation,16,13,10,0,0,0,0
validation_006,validation,16,13,11,0,0,0,0
validation_006,validation,16,13,12,0,0,0,0
validation_006,validation,16,13,13,0,0,0,0
validation_006,validation,16,13,14,0,0,0,0
validation_006,validation,16,13,15,0,0,0,0
validation_006,validation,16,14,0,0,0,0,0
validation_006,validation,16,14,1,0,0,0,0
validation_006,validation,16,14,2,0,0,0,0
validation_006,validation,16,14,3,0,0,0,0
validation_006,validation,16,14,4,0,0,0,0
validation_006,validation,16,14,5,0,0,0,0
validation_006,validation,16,14,6,0,0,0,0
validation_006,validation,16,14,7,0,0,0,0
validation_006,validation,16,14,8,0,0,0,0
validation_006,validation,16,14,9,0,0,0,0
validation_006,validation,16,14,10,0,0,0,0
validation_006,validation,16,14,11,0,0,0,0
validation_006,validation,16,14,12,0,0,0,0
validation_006,validation,16,14,13,0,0,0,0
validation_006,validation,16,14,14,0,0,0,0
validation_006,validation,16,14,15,0,0,0,0
validation_006,validation,16,15,0,0,0,0,0
validation_006,validation,16,15,1,0,0,0,0
validation_006,validation,16,15,2,0,0,0,0
validation_006,validation,16,15,3,0,0,0,0
validation_006,validation,16,15,4,0,0,0,0
validation_006,validation,16,15,5,0,0,0,0
validation_006,validation,16,15,6,0,0,0,0
validation_006,validation,16,15,7,0,0,0,0
validation_006,validation,16,15,8,0,0,0,0
validation_006,validation,16,15,9,0,0,0,0
validation_006,validation,16,15,10,0,0,0,0
validation_006,validation,16,15,11,0,0,0,0
validation_006,validation,16,15,12,0,0,0,0
validation_006,validation,16,15,13,0,0,0,0
validation_006,validation,16,15,14,0,0,0,0
validation_006,validation,16,15,15,0,0,0,0
validation_007,validation,16,0,0,0,0,0,0
validation_007,validation,16,0,1,0,0,0,0
validation_007,validation,16,0,2,0,0,0,0
validation_007,validation,16,0,3,0,0,0,0
validation_007,validation,16,0,4,0,20,20,0
validation_007,validation,16,0,5,0,284,284,0
validation_007,validation,16,0,6,0,26,26,0
validation_007,validation,16,0,7,0,13,13,0
validation_007,validation,16,0,8,0,0,0,0
validation_007,validation,16,0,9,0,0,0,0
validation_007,validation,16,0,10,0,0,0,0
validation_007,validation,16,0,11,0,0,0,0
validation_007,validation,16,0,12,0,0,0,0
validation_007,validation,16,0,13,0,0,0,0
validation_007,validation,16,0,14,0,0,0,0
validation_007,validation,16,0,15,0,0,0,0
validation_007,validation,16,1,0,0,0,0,0
validation_007,validation,16,1,1,0,0,0,0
validation_007,validation,16,1,2,0,0,0,0
validation_007,validation,16,1,3,0,0,0,0
validation_007,validation,16,1,4,0,0,0,0
validation_007,validation,16,1,5,0,22,22,0
validation_007,validation,16,1,6,0,89,89,0
validation_007,validation,16,1,7,0,84,84,0
validation_007,validation,16,1,8,0,11,11,0
validation_007,validation,16,1,9,0,0,0,0
validation_007,validation,16,1,10,0,0,0,0
validation_007,validation,16,1,11,0,0,0,0
validation_007,validation,16,1,12,0,0,0,0
validation_007,validation,16,1,13,0,0,0,0
validation_007,validation,16,1,14,0,0,0,0
validation_007,validation,16,1,15,0,0,0,0
validation_007,validation,16,2,0,0,0,0,0
validation_007,validation,16,2,1,0,12,12,0
validation_007,validation,16,2,2,0,61,61,0
validation_007,validation,16,2,3,0,0,0,0
validation_007,validation,16,2,4,0,0,0,0
validation_007,validation,16,2,5,0,10,10,0
validation_007,validation,16,2,6,0,283,283,0
validation_007,validation,16,2,7,451,181,181,451
validation_007,validation,16,2,8,1425,83,0,1342
validation_007,validation,16,2,9,994,34,0,960
validation_007,validation,16,2,10,79,0,0,79
validation_007,validation,16,2,11,0,0,0,0
validation_007,validation,16,2,12,0,0,0,0
validation_007,validation,16,2,13,0,2,2,0
validation_007,validation,16,2,14,0,0,0,0
validation_007,validation,16,2,15,0,0,0,0
validation_007,validation,16,3,0,0,0,0,0
validation_007,validation,16,3,1,0,30,30,0
validation_007,validation,16,3,2,0,31,31,0
validation_007,validation,16,3,3,0,33,33,0
validation_007,validation,16,3,4,0,128,128,0
validation_007,validation,16,3,5,0,147,147,0
validation_007,validation,16,3,6,0,20,20,0
validation_007,validation,16,3,7,6,34,34,6
validation_007,validation,16,3,8,102,0,0,102
validation_007,validation,16,3,9,114,0,0,114
validation_007,validation,16,3,10,0,2,2,0
validation_007,validation,16,3,11,0,0,0,0
validation_007,validation,16,3,12,0,0,0,0
validation_007,validation,16,3,13,0,0,0,0
validation_007,validation,16,3,14,0,0,0,0
validation_007,validation,16,3,15,0,0,0,0
validation_007,validation,16,4,0,0,0,0,0
validation_007,validation,16,4,1,0,267,267,0
validation_007,validation,16,4,2,0,88,88,0
validation_007,validation,16,4,3,0,38,38,0
validation_007,validation,16,4,4,0,80,80,0
validation_007,validation,16,4,5,0,80,80,0
validation_007,validation,16,4,6,0,30,30,0
validation_007,validation,16,4,7,0,0,0,0
validation_007,validation,16,4,8,0,2,2,0
validation_007,validation,16,4,9,0,0,0,0
validation_007,validation,16,4,10,0,4,4,0
validation_007,validation,16,4,11,0,0,0,0
validation_007,validation,16,4,12,0,0,0,0
validation_007,validation,16,4,13,0,0,0,0
validation_007,validation,16,4,14,0,0,0,0
validation_007,validation,16,4,15,0,1,1,0
validation_007,validation,16,5,0,0,11,11,0
validation_007,validation,16,5,1,0,196,196,0
validation_007,validation,16,5,2,0,191,191,0
validation_007,validation,16,5,3,0,160,160,0
validation_007,validation,16,5,4,0,347,347,0
validation_007,validation,16,5,5,0,262,262,0
validation_007,validation,16,5,6,0,173,173,0
validation_007,validation,16,5,7,20,40,40,20
validation_007,validation,16,5,8,74,40,40,74
validation_007,validation,16,5,9,147,59,59,147
validation_007,validation,16,5,10,0,11,11,0
validation_007,validation,16,5,11,0,3,3,0
validation_007,validation,16,5,12,0,109,109,0
validation_007,validation,16,5,13,0,106,106,0
validation_007,validation,16,5,14,0,8,8,0
validation_007,validation,16,5,15,0,79,79,0
validation_007,validation,16,6,0,0,107,107,0
validation_007,validation,16,6,1,0,471,471,0
validation_007,validation,16,6,2,0,1001,1001,0
validation_007,validation,16,6,3,0,854,854,0
validation_007,validation,16,6,4,0,291,291,0
validation_007,validation,16,6,5,0,346,346,0
validation_007,validation,16,6,6,0,349,349,0
validation_007,validation,16,6,7,91,203,203,91
validation_007,validation,16,6,8,633,310,306,629
validation_007,validation,16,6,9,460,517,505,448
validation_007,validation,16,6,10,0,138,138,0
validation_007,validation,16,6,11,0,372,372,0
validation_007,validation,16,6,12,0,146,146,0
validation_007,validation,16,6,13,0,60,60,0
validation_007,validation,16,6,14,0,44,44,0
validation_007,validation,16,6,15,0,193,193,0
validation_007,validation,16,7,0,0,9,9,0
validation_007,validation,16,7,1,0,132,132,0
validation_007,validation,16,7,2,0,360,360,0
validation_007,validation,16,7,3,0,766,766,0
validation_007,validation,16,7,4,0,582,582,0
validation_007,validation,16,7,5,0,1220,1220,0
validation_007,validation,16,7,6,0,1550,1550,0
validation_007,validation,16,7,7,0,943,943,0
validation_007,validation,16,7,8,0,310,310,0
validation_007,validation,16,7,9,0,474,474,0
validation_007,validation,16,7,10,0,707,707,0
validation_007,validation,16,7,11,0,234,234,0
validation_007,validation,16,7,12,0,98,98,0
validation_007,validation,16,7,13,0,18,18,0
validation_007,validation,16,7,14,0,1,1,0
validation_007,validation,16,7,15,0,0,0,0
validation_007,validation,16,8,0,0,63,63,0
validation_007,validation,16,8,1,0,191,191,0
validation_007,validation,16,8,2,0,765,765,0
validation_007,validation,16,8,3,0,1091,1091,0
validation_007,validation,16,8,4,0,1055,1055,0
validation_007,validation,16,8,5,0,921,921,0
validation_007,validation,16,8,6,0,798,798,0
validation_007,validation,16,8,7,0,920,920,0
validation_007,validation,16,8,8,0,497,497,0
validation_007,validation,16,8,9,0,378,378,0
validation_007,validation,16,8,10,0,673,673,0
validation_007,validation,16,8,11,0,190,190,0
validation_007,validation,16,8,12,0,6,6,0
validation_007,validation,16,8,13,0,0,0,0
validation_007,validation,16,8,14,0,0,0,0
validation_007,validation,16,8,15,0,4,4,0
validation_007,validation,16,9,0,0,0,0,0
validation_007,validation,16,9,1,0,239,239,0
validation_007,validation,16,9,2,0,579,579,0
validation_007,validation,16,9,3,0,376,376,0
validation_007,validation,16,9,4,0,273,273,0
validation_007,validation,16,9,5,0,261,261,0
validation_007,validation,16,9,6,0,550,550,0
validation_007,validation,16,9,7,0,604,604,0
validation_007,validation,16,9,8,0,372,372,0
validation_007,validation,16,9,9,0,124,124,0
validation_007,validation,16,9,10,0,18,18,0
validation_007,validation,16,9,11,0,5,5,0
validation_007,validation,16,9,12,0,0,0,0
validation_007,validation,16,9,13,0,0,0,0
validation_007,validation,16,9,14,0,3,3,0
validation_007,validation,16,9,15,0,68,68,0
validation_007,validation,16,10,0,0,0,0,0
validation_007,validation,16,10,1,0,5,5,0
validation_007,validation,16,10,2,0,19,19,0
validation_007,validation,16,10,3,0,7,7,0
validation_007,validation,16,10,4,0,43,43,0
validation_007,validation,16,10,5,0,163,163,0
validation_007,validation,16,10,6,0,718,718,0
validation_007,validation,16,10,7,0,122,122,0
validation_007,validation,16,10,8,0,13,13,0
validation_007,validation,16,10,9,0,0,0,0
validation_007,validation,16,10,10,0,0,0,0
validation_007,validation,16,10,11,0,0,0,0
validation_007,validation,16,10,12,0,0,0,0
validation_007,validation,16,10,13,0,0,0,0
validation_007,validation,16,10,14,0,15,15,0
validation_007,validation,16,10,15,0,26,26,0
validation_007,validation,16,11,0,0,0,0,0
validation_007,validation,16,11,1,0,19,19,0
validation_007,validation,16,11,2,0,5,5,0
validation_007,validation,16,11,3,0,23,23,0
validation_007,validation,16,11,4,0,29,29,0
validation_007,validation,16,11,5,0,1,1,0
validation_007,validation,16,11,6,0,113,113,0
validation_007,validation,16,11,7,0,40,40,0
validation_007,validation,16,11,8,0,0,0,0
validation_007,validation,16,11,9,0,0,0,0
validation_007,validation,16,11,10,0,0,0,0
validation_007,validation,16,11,11,0,0,0,0
validation_007,validation,16,11,12,0,0,0,0
validation_007,validation,16,11,13,0,0,0,0
validation_007,validation,16,11,14,0,0,0,0
validation_007,validation,16,11,15,0,0,0,0
validation_007,validation,16,12,0,0,0,0,0
validation_007,validation,16,12,1,0,0,0,0
validation_007,validation,16,12,2,0,0,0,0
validation_007,validation,16,12,3,0,0,0,0
validation_007,validation,16,12,4,0,4,4,0
validation_007,validation,16,12,5,0,1,1,0
validation_007,validation,16,12,6,0,0,0,0
validation_007,validation,16,12,7,0,0,0,0
validation_007,validation,16,12,8,0,0,0,0
validation_007,validation,16,12,9,0,0,0,0
validation_007,validation,16,12,10,0,0,0,0
validation_007,validation,16,12,11,0,0,0,0
validation_007,validation,16,12,12,0,0,0,0
validation_007,validation,16,12,13,0,0,0,0
validation_007,validation,16,12,14,0,0,0,0
validation_007,validation,16,12,15,0,0,0,0
validation_007,validation,16,13,0,0,0,0,0
validation_007,validation,16,13,1,0,0,0,0
validation_007,validation,16,13,2,0,0,0,0
validation_007,validation,16,13,3,0,0,0,0
validation_007,validation,16,13,4,0,0,0,0
validation_007,validation,16,13,5,0,0,0,0
validation_007,validation,16,13,6,0,0,0,0
validation_007,validation,16,13,7,0,0,0,0
validation_007,validation,16,13,8,0,0,0,0
validation_007,validation,16,13,9,0,0,0,0
validation_007,validation,16,13,10,0,0,0,0
validation_007,validation,16,13,11,0,0,0,0
validation_007,validation,16,13,12,0,0,0,0
validation_007,validation,16,13,13,0,0,0,0
validation_007,validation,16,13,14,0,0,0,0
validation_007,validation,16,13,15,0,0,0,0
validation_007,validation,16,14,0,0,0,0,0
validation_007,validation,16,14,1,0,0,0,0
validation_007,validation,16,14,2,0,0,0,0
validation_007,validation,16,14,3,0,0,0,0
validation_007,validation,16,14,4,0,0,0,0
validation_007,validation,16,14,5,0,0,0,0
validation_007,validation,16,14,6,0,0,0,0
validation_007,validation,16,14,7,0,0,0,0
validation_007,validation,16,14,8,0,0,0,0
validation_007,validation,16,14,9,0,0,0,0
validation_007,validation,16,14,10,0,0,0,0
validation_007,validation,16,14,11,0,0,0,0
validation_007,validation,16,14,12,0,0,0,0
validation_007,validation,16,14,13,0,0,0,0
validation_007,validation,16,14,14,0,0,0,0
validation_007,validation,16,14,15,0,0,0,0
validation_007,validation,16,15,0,0,0,0,0
validation_007,validation,16,15,1,0,0,0,0
validation_007,validation,16,15,2,0,0,0,0
validation_007,validation,16,15,3,0,0,0,0
validation_007,validation,16,15,4,0,0,0,0
validation_007,validation,16,15,5,0,0,0,0
validation_007,validation,16,15,6,0,0,0,0
validation_007,validation,16,15,7,0,0,0,0
validation_007,validation,16,15,8,0,0,0,0
validation_007,validation,16,15,9,0,0,0,0
validation_007,validation,16,15,10,0,0,0,0
validation_007,validation,16,15,11,0,0,0,0
validation_007,validation,16,15,12,0,0,0,0
validation_007,validation,16,15,13,0,0,0,0
validation_007,validation,16,15,14,0,0,0,0
validation_007,validation,16,15,15,0,0,0,0
validation_008,validation,16,0,0,0,0,0,0
validation_008,validation,16,0,1,0,0,0,0
validation_008,validation,16,0,2,0,0,0,0
validation_008,validation,16,0,3,0,0,0,0
validation_008,validation,16,0,4,0,0,0,0
validation_008,validation,16,0,5,0,0,0,0
validation_008,validation,16,0,6,0,0,0,0
validation_008,validation,16,0,7,0,0,0,0
validation_008,validation,16,0,8,0,0,0,0
validation_008,validation,16,0,9,0,0,0,0
validation_008,validation,16,0,10,0,0,0,0
validation_008,validation,16,0,11,0,0,0,0
validation_008,validation,16,0,12,0,0,0,0
validation_008,validation,16,0,13,0,0,0,0
validation_008,validation,16,0,14,0,0,0,0
validation_008,validation,16,0,15,0,0,0,0
validation_008,validation,16,1,0,0,0,0,0
validation_008,validation,16,1,1,0,0,0,0
validation_008,validation,16,1,2,0,0,0,0
validation_008,validation,16,1,3,0,0,0,0
validation_008,validation,16,1,4,0,0,0,0
validation_008,validation,16,1,5,0,19,19,0
validation_008,validation,16,1,6,0,67,67,0
validation_008,validation,16,1,7,0,96,96,0
validation_008,validation,16,1,8,0,63,63,0
validation_008,validation,16,1,9,0,22,22,0
validation_008,validation,16,1,10,0,13,13,0
validation_008,validation,16,1,11,0,0,0,0
validation_008,validation,16,1,12,0,0,0,0
validation_008,validation,16,1,13,0,0,0,0
validation_008,validation,16,1,14,0,0,0,0
validation_008,validation,16,1,15,0,0,0,0
validation_008,validation,16,2,0,0,0,0,0
validation_008,validation,16,2,1,0,4,4,0
validation_008,validation,16,2,2,0,22,22,0
validation_008,validation,16,2,3,0,187,187,0
validation_008,validation,16,2,4,0,106,106,0
validation_008,validation,16,2,5,0,267,267,0
validation_008,validation,16,2,6,0,532,532,0
validation_008,validation,16,2,7,0,230,230,0
validation_008,validation,16,2,8,0,273,273,0
validation_008,validation,16,2,9,0,144,144,0
validation_008,validation,16,2,10,0,106,106,0
validation_008,validation,16,2,11,0,1,1,0
validation_008,validation,16,2,12,0,0,0,0
validation_008,validation,16,2,13,0,0,0,0
validation_008,validation,16,2,14,0,0,0,0
validation_008,validation,16,2,15,0,0,0,0
validation_008,validation,16,3,0,0,0,0,0
validation_008,validation,16,3,1,0,85,85,0
validation_008,validation,16,3,2,0,666,666,0
validation_008,validation,16,3,3,0,1086,1086,0
validation_008,validation,16,3,4,6,1371,1371,6
validation_008,validation,16,3,5,184,1598,1558,144
validation_008,validation,16,3,6,76,1989,1977,64
validation_008,validation,16,3,7,0,1492,1492,0
validation_008,validation,16,3,8,0,1736,1736,0
validation_008,validation,16,3,9,0,1067,1067,0
validation_008,validation,16,3,10,0,293,293,0
validation_008,validation,16,3,11,0,43,43,0
validation_008,validation,16,3,12,0,4,4,0
validation_008,validation,16,3,13,0,5,5,0
validation_008,validation,16,3,14,0,0,0,0
validation_008,validation,16,3,15,0,0,0,0
validation_008,validation,16,4,0,0,5,5,0
validation_008,validation,16,4,1,0,15,15,0
validation_008,validation,16,4,2,0,83,83,0
validation_008,validation,16,4,3,0,586,586,0
validation_008,validation,16,4,4,34,1252,1252,34
validation_008,validation,16,4,5,269,2288,2227,208
validation_008,validation,16,4,6,242,2823,2760,179
validation_008,validation,16,4,7,53,2189,2170,37
validation_008,validation,16,4,8,10,2314,2304,10
validation_008,validation,16,4,9,0,1879,1879,0
validation_008,validation,16,4,10,0,1141,1141,0
validation_008,validation,16,4,11,0,813,813,0
validation_008,validation,16,4,12,0,628,628,0
validation_008,validation,16,4,13,0,113,113,0
validation_008,validation,16,4,14,0,0,0,0
validation_008,validation,16,4,15,0,0,0,0
validation_008,validation,16,5,0,0,15,15,0
validation_008,validation,16,5,1,0,65,65,0
validation_008,validation,16,5,2,0,781,781,0
validation_008,validation,16,5,3,0,1109,1101,0
validation_008,validation,16,5,4,202,1399,1334,137
validation_008,validation,16,5,5,233,1275,1162,120
validation_008,validation,16,5,6,76,2081,2051,46
validation_008,validation,16,5,7,79,2517,2497,59
validation_008,validation,16,5,8,13,3279,3279,13
validation_008,validation,16,5,9,0,3706,3706,0
validation_008,validation,16,5,10,0,3169,3169,0
validation_008,validation,16,5,11,0,1403,1403,0
validation_008,validation,16,5,12,0,717,717,0
validation_008,validation,16,5,13,0,129,129,0
validation_008,validation,16,5,14,0,6,6,0
validation_008,validation,16,5,15,0,58,58,0
validation_008,validation,16,6,0,0,43,43,0
validation_008,validation,16,6,1,0,73,73,0
validation_008,validation,16,6,2,2,239,239,2
validation_008,validation,16,6,3,306,761,706,260
validation_008,validation,16,6,4,787,1677,1230,346
validation_008,validation,16,6,5,252,1678,1496,83
validation_008,validation,16,6,6,7,2626,2624,5
validation_008,validation,16,6,7,0,3682,3682,0
validation_008,validation,16,6,8,0,3220,3220,0
validation_008,validation,16,6,9,0,2587,2587,0
validation_008,validation,16,6,10,0,1885,1885,0
validation_008,validation,16,6,11,0,1554,1554,0
validation_008,validation,16,6,12,0,67,67,0
validation_008,validation,16,6,13,0,41,41,0
validation_008,validation,16,6,14,0,39,39,0
validation_008,validation,16,6,15,0,233,233,0
validation_008,validation,16,7,0,0,0,0,0
validation_008,validation,16,7,1,10,54,54,10
validation_008,validation,16,7,2,167,629,597,138
validation_008,validation,16,7,3,800,686,375,490
validation_008,validation,16,7,4,753,925,338,172
validation_008,validation,16,7,5,114,908,806,21
validation_008,validation,16,7,6,0,942,942,0
validation_008,validation,16,7,7,0,1012,1012,0
validation_008,validation,16,7,8,0,786,786,0
validation_008,validation,16,7,9,0,1442,1442,0
validation_008,validation,16,7,10,0,770,770,0
validation_008,validation,16,7,11,0,231,231,0
validation_008,validation,16,7,12,0,60,60,0
validation_008,validation,16,7,13,0,8,8,0
validation_008,validation,16,7,14,0,3,3,0
validation_008,validation,16,7,15,0,32,32,0
validation_008,validation,16,8,0,0,0,0,0
validation_008,validation,16,8,1,83,14,14,83
validation_008,validation,16,8,2,284,80,70,274
validation_008,validation,16,8,3,508,185,78,405
validation_008,validation,16,8,4,274,40,1,235
validation_008,validation,16,8,5,11,20,20,11
validation_008,validation,16,8,6,0,14,14,0
validation_008,validation,16,8,7,0,3,3,0
validation_008,validation,16,8,8,0,64,64,0
validation_008,validation,16,8,9,0,320,320,0
validation_008,validation,16,8,10,0,377,377,0
validation_008,validation,16,8,11,0,109,109,0
validation_008,validation,16,8,12,0,95,95,0
validation_008,validation,16,8,13,0,14,14,0
validation_008,validation,16,8,14,0,0,0,0
validation_008,validation,16,8,15,0,1,1,0
validation_008,validation,16,9,0,0,0,0,0
validation_008,validation,16,9,1,51,0,0,51
validation_008,validation,16,9,2,117,2,2,117
validation_008,validation,16,9,3,79,38,38,79
validation_008,validation,16,9,4,57,0,0,57
validation_008,validation,16,9,5,0,0,0,0
validation_008,validation,16,9,6,0,0,0,0
validation_008,validation,16,9,7,0,5,5,0
validation_008,validation,16,9,8,0,11,11,0
validation_008,validation,16,9,9,0,10,10,0
validation_008,validation,16,9,10,0,60,60,0
validation_008,validation,16,9,11,0,29,29,0
validation_008,validation,16,9,12,0,1,1,0
validation_008,validation,16,9,13,0,2,2,0
validation_008,validation,16,9,14,0,0,0,0
validation_008,validation,16,9,15,0,0,0,0
validation_008,validation,16,10,0,0,0,0,0
validation_008,validation,16,10,1,0,0,0,0
validation_008,validation,16,10,2,0,0,0,0
validation_008,validation,16,10,3,0,0,0,0
validation_008,validation,16,10,4,0,0,0,0
validation_008,validation,16,10,5,0,0,0,0
validation_008,validation,16,10,6,0,0,0,0
validation_008,validation,16,10,7,0,0,0,0
validation_008,validation,16,10,8,0,13,13,0
validation_008,validation,16,10,9,0,0,0,0
validation_008,validation,16,10,10,0,0,0,0
validation_008,validation,16,10,11,0,0,0,0
validation_008,validation,16,10,12,0,5,5,0
validation_008,validation,16,10,13,0,0,0,0
validation_008,validation,16,10,14,0,0,0,0
validation_008,validation,16,10,15,0,0,0,0
validation_008,validation,16,11,0,0,0,0,0
validation_008,validation,16,11,1,0,0,0,0
validation_008,validation,16,11,2,0,0,0,0
validation_008,validation,16,11,3,0,0,0,0
validation_008,validation,16,11,4,0,0,0,0
validation_008,validation,16,11,5,0,0,0,0
validation_008,validation,16,11,6,0,0,0,0
validation_008,validation,16,11,7,0,0,0,0
validation_008,validation,16,11,8,0,0,0,0
validation_008,validation,16,11,9,0,0,0,0
validation_008,validation,16,11,10,0,0,0,0
validation_008,validation,16,11,11,0,0,0,0
validation_008,validation,16,11,12,0,0,0,0
validation_008,validation,16,11,13,0,0,0,0
validation_008,validation,16,11,14,0,0,0,0
validation_008,validation,16,11,15,0,0,0,0
validation_008,validation,16,12,0,0,0,0,0
validation_008,validation,16,12,1,0,0,0,0
validation_008,validation,16,12,2,0,0,0,0
validation_008,validation,16,12,3,0,0,0,0
validation_008,validation,16,12,4,0,0,0,0
validation_008,validation,16,12,5,0,0,0,0
validation_008,validation,16,12,6,0,0,0,0
validation_008,validation,16,12,7,0,0,0,0
validation_008,validation,16,12,8,0,0,0,0
validation_008,validation,16,12,9,0,0,0,0
validation_008,validation,16,12,10,0,0,0,0
validation_008,validation,16,12,11,0,0,0,0
validation_008,validation,16,12,12,0,0,0,0
validation_008,validation,16,12,13,0,0,0,0
validation_008,validation,16,12,14,0,0,0,0
validation_008,validation,16,12,15,0,0,0,0
validation_008,validation,16,13,0,0,0,0,0
validation_008,validation,16,13,1,0,0,0,0
validation_008,validation,16,13,2,0,0,0,0
validation_008,validation,16,13,3,0,0,0,0
validation_008,validation,16,13,4,0,0,0,0
validation_008,validation,16,13,5,0,0,0,0
validation_008,validation,16,13,6,0,0,0,0
validation_008,validation,16,13,7,0,0,0,0
validation_008,validation,16,13,8,0,0,0,0
validation_008,validation,16,13,9,0,0,0,0
validation_008,validation,16,13,10,0,0,0,0
validation_008,validation,16,13,11,0,0,0,0
validation_008,validation,16,13,12,0,0,0,0
validation_008,validation,16,13,13,0,0,0,0
validation_008,validation,16,13,14,0,0,0,0
validation_008,validation,16,13,15,0,0,0,0
validation_008,validation,16,14,0,0,0,0,0
validation_008,validation,16,14,1,0,0,0,0
validation_008,validation,16,14,2,0,0,0,0
validation_008,validation,16,14,3,0,0,0,0
validation_008,validation,16,14,4,0,0,0,0
validation_008,validation,16,14,5,0,0,0,0
validation_008,validation,16,14,6,0,0,0,0
validation_008,validation,16,14,7,0,0,0,0
validation_008,validation,16,14,8,0,0,0,0
validation_008,validation,16,14,9,0,0,0,0
validation_008,validation,16,14,10,0,0,0,0
validation_008,validation,16,14,11,0,0,0,0
validation_008,validation,16,14,12,0,0,0,0
validation_008,validation,16,14,13,0,0,0,0
validation_008,validation,16,14,14,0,0,0,0
validation_008,validation,16,14,15,0,0,0,0
validation_008,validation,16,15,0,0,0,0,0
validation_008,validation,16,15,1,0,0,0,0
validation_008,validation,16,15,2,0,0,0,0
validation_008,validation,16,15,3,0,0,0,0
validation_008,validation,16,15,4,0,0,0,0
validation_008,validation,16,15,5,0,0,0,0
validation_008,validation,16,15,6,0,0,0,0
validation_008,validation,16,15,7,0,0,0,0
validation_008,validation,16,15,8,0,0,0,0
validation_008,validation,16,15,9,0,0,0,0
validation_008,validation,16,15,10,0,0,0,0
validation_008,validation,16,15,11,0,0,0,0
validation_008,validation,16,15,12,0,0,0,0
validation_008,validation,16,15,13,0,0,0,0
validation_008,validation,16,15,14,0,0,0,0
validation_008,validation,16,15,15,0,0,0,0
validation_009,validation,16,0,0,0,0,0,0
validation_009,validation,16,0,1,0,0,0,0
validation_009,validation,16,0,2,0,0,0,0
validation_009,validation,16,0,3,0,0,0,0
validation_009,validation,16,0,4,0,0,0,0
validation_009,validation,16,0,5,0,0,0,0
validation_009,validation,16,0,6,0,0,0,0
validation_009,validation,16,0,7,0,0,0,0
validation_009,validation,16,0,8,0,0,0,0
validation_009,validation,16,0,9,0,0,0,0
validation_009,validation,16,0,10,0,0,0,0
validation_009,validation,16,0,11,0,0,0,0
validation_009,validation,16,0,12,0,0,0,0
validation_009,validation,16,0,13,0,0,0,0
validation_009,validation,16,0,14,0,0,0,0
validation_009,validation,16,0,15,0,0,0,0
validation_009,validation,16,1,0,0,0,0,0
validation_009,validation,16,1,1,0,0,0,0
validation_009,validation,16,1,2,0,0,0,0
validation_009,validation,16,1,3,0,1,1,0
validation_009,validation,16,1,4,0,0,0,0
validation_009,validation,16,1,5,0,0,0,0
validation_009,validation,16,1,6,0,0,0,0
validation_009,validation,16,1,7,0,9,9,0
validation_009,validation,16,1,8,0,36,36,0
validation_009,validation,16,1,9,0,22,22,0
validation_009,validation,16,1,10,0,6,6,0
validation_009,validation,16,1,11,0,0,0,0
validation_009,validation,16,1,12,0,0,0,0
validation_009,validation,16,1,13,0,0,0,0
validation_009,validation,16,1,14,0,0,0,0
validation_009,validation,16,1,15,0,0,0,0
validation_009,validation,16,2,0,0,0,0,0
validation_009,validation,16,2,1,0,0,0,0
validation_009,validation,16,2,2,0,0,0,0
validation_009,validation,16,2,3,0,36,36,0
validation_009,validation,16,2,4,0,104,104,0
validation_009,validation,16,2,5,0,278,278,0
validation_009,validation,16,2,6,0,368,368,0
validation_009,validation,16,2,7,0,639,639,0
validation_009,validation,16,2,8,0,690,690,0
validation_009,validation,16,2,9,0,261,261,0
validation_009,validation,16,2,10,0,154,154,0
validation_009,validation,16,2,11,0,111,111,0
validation_009,validation,16,2,12,0,79,79,0
validation_009,validation,16,2,13,0,55,55,0
validation_009,validation,16,2,14,0,0,0,0
validation_009,validation,16,2,15,0,0,0,0
validation_009,validation,16,3,0,0,0,0,0
validation_009,validation,16,3,1,0,0,0,0
validation_009,validation,16,3,2,0,0,0,0
validation_009,validation,16,3,3,0,137,137,0
validation_009,validation,16,3,4,0,581,581,0
validation_009,validation,16,3,5,0,904,904,0
validation_009,validation,16,3,6,0,994,994,0
validation_009,validation,16,3,7,0,815,815,0
validation_009,validation,16,3,8,0,1456,1456,0
validation_009,validation,16,3,9,0,1314,1314,0
validation_009,validation,16,3,10,0,1155,1155,0
validation_009,validation,16,3,11,0,949,949,0
validation_009,validation,16,3,12,0,616,616,0
validation_009,validation,16,3,13,0,336,336,0
validation_009,validation,16,3,14,0,22,22,0
validation_009,validation,16,3,15,0,0,0,0
validation_009,validation,16,4,0,0,0,0,0
validation_009,validation,16,4,1,0,0,0,0
validation_009,validation,16,4,2,0,14,14,0
validation_009,validation,16,4,3,0,121,121,0
validation_009,validation,16,4,4,0,956,956,0
validation_009,validation,16,4,5,0,1145,1145,0
validation_009,validation,16,4,6,0,448,448,0
validation_009,validation,16,4,7,0,181,181,0
validation_009,validation,16,4,8,0,506,506,0
validation_009,validation,16,4,9,0,587,587,0
validation_009,validation,16,4,10,0,888,888,0
validation_009,validation,16,4,11,0,1296,1296,0
validation_009,validation,16,4,12,0,1526,1526,0
validation_009,validation,16,4,13,0,812,812,0
validation_009,validation,16,4,14,0,270,270,0
validation_009,validation,16,4,15,0,6,6,0
validation_009,validation,16,5,0,0,0,0,0
validation_009,validation,16,5,1,0,0,0,0
validation_009,validation,16,5,2,0,1,1,0
validation_009,validation,16,5,3,0,693,693,0
validation_009,validation,16,5,4,0,1277,1277,0
validation_009,validation,16,5,5,0,1306,1306,0
validation_009,validation,16,5,6,0,450,450,0
validation_009,validation,16,5,7,0,184,184,0
validation_009,validation,16,5,8,0,319,319,0
validation_009,validation,16,5,9,0,1460,1460,0
validation_009,validation,16,5,10,0,1457,1457,0
validation_009,validation,16,5,11,0,1004,1004,0
validation_009,validation,16,5,12,0,1288,1288,0
validation_009,validation,16,5,13,0,1178,1178,0
validation_009,validation,16,5,14,0,710,710,0
validation_009,validation,16,5,15,0,272,272,0
validation_009,validation,16,6,0,0,0,0,0
validation_009,validation,16,6,1,0,8,8,0
validation_009,validation,16,6,2,0,245,245,0
validation_009,validation,16,6,3,0,588,588,0
validation_009,validation,16,6,4,0,974,974,0
validation_009,validation,16,6,5,0,626,626,0
validation_009,validation,16,6,6,0,473,473,0
validation_009,validation,16,6,7,0,1211,1211,0
validation_009,validation,16,6,8,0,1148,1148,0
validation_009,validation,16,6,9,0,2236,2236,0
validation_009,validation,16,6,10,62,2348,2286,0
validation_009,validation,16,6,11,0,3051,3051,0
validation_009,validation,16,6,12,0,2681,2681,0
validation_009,validation,16,6,13,0,2320,2320,0
validation_009,validation,16,6,14,0,1001,1001,0
validation_009,validation,16,6,15,0,328,328,0
validation_009,validation,16,7,0,0,0,0,0
validation_009,validation,16,7,1,0,1,1,0
validation_009,validation,16,7,2,0,275,275,0
validation_009,validation,16,7,3,0,90,90,0
validation_009,validation,16,7,4,0,191,191,0
validation_009,validation,16,7,5,0,169,169,0
validation_009,validation,16,7,6,0,1371,1371,0
validation_009,validation,16,7,7,0,1464,1464,0
validation_009,validation,16,7,8,0,1933,1933,0
validation_009,validation,16,7,9,15,2154,2141,8
validation_009,validation,16,7,10,343,1937,1530,10
validation_009,validation,16,7,11,293,2171,1885,30
validation_009,validation,16,7,12,53,2350,2287,13
validation_009,validation,16,7,13,0,1055,1055,0
validation_009,validation,16,7,14,2,146,146,2
validation_009,validation,16,7,15,7,15,15,7
validation_009,validation,16,8,0,0,0,0,0
validation_009,validation,16,8,1,0,2,2,0
validation_009,validation,16,8,2,0,17,17,0
validation_009,validation,16,8,3,0,216,216,0
validation_009,validation,16,8,4,0,100,100,0
validation_009,validation,16,8,5,0,8,8,0
validation_009,validation,16,8,6,0,1100,1100,0
validation_009,validation,16,8,7,0,1857,1857,0
validation_009,validation,16,8,8,0,1188,1188,0
validation_009,validation,16,8,9,2,816,804,1
validation_009,validation,16,8,10,130,466,300,48
validation_009,validation,16,8,11,434,376,128,186
validation_009,validation,16,8,12,465,658,557,364
validation_009,validation,16,8,13,226,114,113,225
validation_009,validation,16,8,14,406,5,5,406
validation_009,validation,16,8,15,588,0,0,588
validation_009,validation,16,9,0,0,0,0,0
validation_009,validation,16,9,1,0,0,0,0
validation_009,validation,16,9,2,0,10,10,0
validation_009,validation,16,9,3,0,198,198,0
validation_009,validation,16,9,4,0,100,100,0
validation_009,validation,16,9,5,0,0,0,0
validation_009,validation,16,9,6,0,51,51,0
validation_009,validation,16,9,7,0,293,293,0
validation_009,validation,16,9,8,0,508,508,0
validation_009,validation,16,9,9,0,83,83,0
validation_009,validation,16,9,10,0,25,25,0
validation_009,validation,16,9,11,32,0,0,32
validation_009,validation,16,9,12,167,25,25,167
validation_009,validation,16,9,13,0,41,41,0
validation_009,validation,16,9,14,0,1,1,0
validation_009,validation,16,9,15,0,0,0,0
validation_009,validation,16,10,0,0,0,0,0
validation_009,validation,16,10,1,0,0,0,0
validation_009,validation,16,10,2,0,39,39,0
validation_009,validation,16,10,3,0,91,91,0
validation_009,validation,16,10,4,0,205,205,0
validation_009,validation,16,10,5,0,21,21,0
validation_009,validation,16,10,6,0,6,6,0
validation_009,validation,16,10,7,0,18,18,0
validation_009,validation,16,10,8,0,101,101,0
validation_009,validation,16,10,9,0,0,0,0
validation_009,validation,16,10,10,0,0,0,0
validation_009,validation,16,10,11,0,0,0,0
validation_009,validation,16,10,12,0,1,1,0
validation_009,validation,16,10,13,0,0,0,0
validation_009,validation,16,10,14,0,0,0,0
validation_009,validation,16,10,15,0,0,0,0
validation_009,validation,16,11,0,0,0,0,0
validation_009,validation,16,11,1,0,0,0,0
validation_009,validation,16,11,2,0,1,1,0
validation_009,validation,16,11,3,0,61,61,0
validation_009,validation,16,11,4,0,76,76,0
validation_009,validation,16,11,5,0,28,28,0
validation_009,validation,16,11,6,0,0,0,0
validation_009,validation,16,11,7,0,3,3,0
validation_009,validation,16,11,8,0,2,2,0
validation_009,validation,16,11,9,0,1,1,0
validation_009,validation,16,11,10,0,0,0,0
validation_009,validation,16,11,11,0,0,0,0
validation_009,validation,16,11,12,0,0,0,0
validation_009,validation,16,11,13,0,0,0,0
validation_009,validation,16,11,14,0,0,0,0
validation_009,validation,16,11,15,0,0,0,0
validation_009,validation,16,12,0,0,0,0,0
validation_009,validation,16,12,1,0,0,0,0
validation_009,validation,16,12,2,0,0,0,0
validation_009,validation,16,12,3,0,2,2,0
validation_009,validation,16,12,4,0,75,75,0
validation_009,validation,16,12,5,0,7,7,0
validation_009,validation,16,12,6,0,0,0,0
validation_009,validation,16,12,7,0,2,2,0
validation_009,validation,16,12,8,0,0,0,0
validation_009,validation,16,12,9,0,0,0,0
validation_009,validation,16,12,10,0,0,0,0
validation_009,validation,16,12,11,0,0,0,0
validation_009,validation,16,12,12,0,0,0,0
validation_009,validation,16,12,13,0,0,0,0
validation_009,validation,16,12,14,0,0,0,0
validation_009,validation,16,12,15,0,0,0,0
validation_009,validation,16,13,0,0,0,0,0
validation_009,validation,16,13,1,0,0,0,0
validation_009,validation,16,13,2,0,0,0,0
validation_009,validation,16,13,3,0,23,23,0
validation_009,validation,16,13,4,0,17,17,0
validation_009,validation,16,13,5,0,3,3,0
validation_009,validation,16,13,6,0,0,0,0
validation_009,validation,16,13,7,0,0,0,0
validation_009,validation,16,13,8,0,0,0,0
validation_009,validation,16,13,9,0,0,0,0
validation_009,validation,16,13,10,0,0,0,0
validation_009,validation,16,13,11,0,0,0,0
validation_009,validation,16,13,12,0,0,0,0
validation_009,validation,16,13,13,0,0,0,0
validation_009,validation,16,13,14,0,0,0,0
validation_009,validation,16,13,15,0,0,0,0
validation_009,validation,16,14,0,0,0,0,0
validation_009,validation,16,14,1,0,0,0,0
validation_009,validation,16,14,2,0,0,0,0
validation_009,validation,16,14,3,0,0,0,0
validation_009,validation,16,14,4,0,0,0,0
validation_009,validation,16,14,5,0,0,0,0
validation_009,validation,16,14,6,0,0,0,0
validation_009,validation,16,14,7,0,0,0,0
validation_009,validation,16,14,8,0,0,0,0
validation_009,validation,16,14,9,0,0,0,0
validation_009,validation,16,14,10,0,0,0,0
validation_009,validation,16,14,11,0,0,0,0
validation_009,validation,16,14,12,0,0,0,0
validation_009,validation,16,14,13,0,0,0,0
validation_009,validation,16,14,14,0,0,0,0
validation_009,validation,16,14,15,0,0,0,0
validation_009,validation,16,15,0,0,0,0,0
validation_009,validation,16,15,1,0,0,0,0
validation_009,validation,16,15,2,0,0,0,0
validation_009,validation,16,15,3,0,0,0,0
validation_009,validation,16,15,4,0,0,0,0
validation_009,validation,16,15,5,0,0,0,0
validation_009,validation,16,15,6,0,0,0,0
validation_009,validation,16,15,7,0,0,0,0
validation_009,validation,16,15,8,0,0,0,0
validation_009,validation,16,15,9,0,0,0,0
validation_009,validation,16,15,10,0,0,0,0
validation_009,validation,16,15,11,0,0,0,0
validation_009,validation,16,15,12,0,0,0,0
validation_009,validation,16,15,13,0,0,0,0
validation_009,validation,16,15,14,0,0,0,0
validation_009,validation,16,15,15,0,0,0,0
validation_010,validation,16,0,0,0,0,0,0
validation_010,validation,16,0,1,0,0,0,0
validation_010,validation,16,0,2,0,0,0,0
validation_010,validation,16,0,3,0,0,0,0
validation_010,validation,16,0,4,0,0,0,0
validation_010,validation,16,0,5,0,48,48,0
validation_010,validation,16,0,6,0,387,387,0
validation_010,validation,16,0,7,0,592,592,0
validation_010,validation,16,0,8,0,836,836,0
validation_010,validation,16,0,9,0,210,210,0
validation_010,validation,16,0,10,0,0,0,0
validation_010,validation,16,0,11,0,0,0,0
validation_010,validation,16,0,12,0,14,14,0
validation_010,validation,16,0,13,0,0,0,0
validation_010,validation,16,0,14,0,0,0,0
validation_010,validation,16,0,15,0,0,0,0
validation_010,validation,16,1,0,0,0,0,0
validation_010,validation,16,1,1,0,0,0,0
validation_010,validation,16,1,2,0,0,0,0
validation_010,validation,16,1,3,0,0,0,0
validation_010,validation,16,1,4,0,0,0,0
validation_010,validation,16,1,5,0,0,0,0
validation_010,validation,16,1,6,0,10,10,0
validation_010,validation,16,1,7,0,163,163,0
validation_010,validation,16,1,8,0,935,935,0
validation_010,validation,16,1,9,0,1226,1226,0
validation_010,validation,16,1,10,0,571,571,0
validation_010,validation,16,1,11,0,12,12,0
validation_010,validation,16,1,12,0,98,98,0
validation_010,validation,16,1,13,0,6,6,0
validation_010,validation,16,1,14,0,0,0,0
validation_010,validation,16,1,15,0,0,0,0
validation_010,validation,16,2,0,0,0,0,0
validation_010,validation,16,2,1,0,0,0,0
validation_010,validation,16,2,2,0,54,54,0
validation_010,validation,16,2,3,0,146,146,0
validation_010,validation,16,2,4,0,1,1,0
validation_010,validation,16,2,5,0,0,0,0
validation_010,validation,16,2,6,0,236,236,0
validation_010,validation,16,2,7,0,848,848,0
validation_010,validation,16,2,8,0,527,527,0
validation_010,validation,16,2,9,0,509,509,0
validation_010,validation,16,2,10,0,319,319,0
validation_010,validation,16,2,11,0,128,128,0
validation_010,validation,16,2,12,0,0,0,0
validation_010,validation,16,2,13,0,0,0,0
validation_010,validation,16,2,14,0,0,0,0
validation_010,validation,16,2,15,0,0,0,0
validation_010,validation,16,3,0,0,0,0,0
validation_010,validation,16,3,1,0,0,0,0
validation_010,validation,16,3,2,0,0,0,0
validation_010,validation,16,3,3,0,0,0,0
validation_010,validation,16,3,4,0,0,0,0
validation_010,validation,16,3,5,0,168,168,0
validation_010,validation,16,3,6,0,908,908,0
validation_010,validation,16,3,7,0,245,245,0
validation_010,validation,16,3,8,0,32,32,0
validation_010,validation,16,3,9,0,19,19,0
validation_010,validation,16,3,10,0,23,23,0
validation_010,validation,16,3,11,0,6,6,0
validation_010,validation,16,3,12,0,0,0,0
validation_010,validation,16,3,13,0,0,0,0
validation_010,validation,16,3,14,0,0,0,0
validation_010,validation,16,3,15,0,0,0,0
validation_010,validation,16,4,0,0,0,0,0
validation_010,validation,16,4,1,0,0,0,0
validation_010,validation,16,4,2,0,3,3,0
validation_010,validation,16,4,3,0,88,88,0
validation_010,validation,16,4,4,0,269,269,0
validation_010,validation,16,4,5,0,218,218,0
validation_010,validation,16,4,6,0,187,187,0
validation_010,validation,16,4,7,0,97,97,0
validation_010,validation,16,4,8,0,3,3,0
validation_010,validation,16,4,9,0,9,9,0
validation_010,validation,16,4,10,0,44,44,0
validation_010,validation,16,4,11,0,242,242,0
validation_010,validation,16,4,12,0,153,153,0
validation_010,validation,16,4,13,0,0,0,0
validation_010,validation,16,4,14,0,0,0,0
validation_010,validation,16,4,15,0,0,0,0
validation_010,validation,16,5,0,0,0,0,0
validation_010,validation,16,5,1,0,29,29,0
validation_010,validation,16,5,2,0,510,510,0
validation_010,validation,16,5,3,0,1624,1624,0
validation_010,validation,16,5,4,0,826,826,0
validation_010,validation,16,5,5,0,460,460,0
validation_010,validation,16,5,6,0,81,81,0
validation_010,validation,16,5,7,0,224,224,0
validation_010,validation,16,5,8,0,118,118,0
validation_010,validation,16,5,9,0,262,262,0
validation_010,validation,16,5,10,0,1080,1080,0
validation_010,validation,16,5,11,0,858,858,0
validation_010,validation,16,5,12,0,56,56,0
validation_010,validation,16,5,13,0,25,25,0
validation_010,validation,16,5,14,0,25,25,0
validation_010,validation,16,5,15,0,0,0,0
validation_010,validation,16,6,0,0,18,18,0
validation_010,validation,16,6,1,606,94,94,606
validation_010,validation,16,6,2,1066,429,429,1066
validation_010,validation,16,6,3,131,68,68,131
validation_010,validation,16,6,4,0,327,327,0
validation_010,validation,16,6,5,0,515,515,0
validation_010,validation,16,6,6,0,1397,1397,0
validation_010,validation,16,6,7,0,2225,2225,0
validation_010,validation,16,6,8,0,2049,2049,0
validation_010,validation,16,6,9,0,1743,1743,0
validation_010,validation,16,6,10,0,920,920,0
validation_010,validation,16,6,11,0,312,312,0
validation_010,validation,16,6,12,0,449,449,0
validation_010,validation,16,6,13,0,305,305,0
validation_010,validation,16,6,14,0,89,89,0
validation_010,validation,16,6,15,0,0,0,0
validation_010,validation,16,7,0,230,0,0,230
validation_010,validation,16,7,1,936,148,148,936
validation_010,validation,16,7,2,252,507,507,252
validation_010,validation,16,7,3,0,518,518,0
validation_010,validation,16,7,4,0,377,377,0
validation_010,validation,16,7,5,0,936,936,0
validation_010,validation,16,7,6,0,967,967,0
validation_010,validation,16,7,7,0,1208,1208,0
validation_010,validation,16,7,8,0,671,671,0
validation_010,validation,16,7,9,0,425,425,0
validation_010,validation,16,7,10,0,741,741,0
validation_010,validation,16,7,11,0,984,984,0
validation_010,validation,16,7,12,0,642,642,0
validation_010,validation,16,7,13,0,157,157,0
validation_010,validation,16,7,14,0,3,3,0
validation_010,validation,16,7,15,0,0,0,0
validation_010,validation,16,8,0,112,0,0,112
validation_010,validation,16,8,1,169,14,14,169
validation_010,validation,16,8,2,6,29,29,6
validation_010,validation,16,8,3,0,86,86,0
validation_010,validation,16,8,4,0,263,263,0
validation_010,validation,16,8,5,0,1035,1035,0
validation_010,validation,16,8,6,0,909,909,0
validation_010,validation,16,8,7,0,1049,1049,0
validation_010,validation,16,8,8,0,677,677,0
validation_010,validation,16,8,9,0,342,342,0
validation_010,validation,16,8,10,0,582,582,0
validation_010,validation,16,8,11,0,1160,1160,0
validation_010,validation,16,8,12,0,662,662,0
validation_010,validation,16,8,13,0,195,195,0
validation_010,validation,16,8,14,0,457,457,0
validation_010,validation,16,8,15,0,1,1,0
validation_010,validation,16,9,0,0,0,0,0
validation_010,validation,16,9,1,0,0,0,0
validation_010,validation,16,9,2,0,8,8,0
validation_010,validation,16,9,3,0,10,10,0
validation_010,validation,16,9,4,0,18,18,0
validation_010,validation,16,9,5,0,203,203,0
validation_010,validation,16,9,6,0,183,183,0
validation_010,validation,16,9,7,0,198,198,0
validation_010,validation,16,9,8,0,354,354,0
validation_010,validation,16,9,9,0,313,313,0
validation_010,validation,16,9,10,0,553,553,0
validation_010,validation,16,9,11,0,678,678,0
validation_010,validation,16,9,12,0,309,309,0
validation_010,validation,16,9,13,0,651,651,0
validation_010,validation,16,9,14,0,315,315,0
validation_010,validation,16,9,15,0,3,3,0
validation_010,validation,16,10,0,0,0,0,0
validation_010,validation,16,10,1,0,0,0,0
validation_010,validation,16,10,2,0,0,0,0
validation_010,validation,16,10,3,0,0,0,0
validation_010,validation,16,10,4,0,0,0,0
validation_010,validation,16,10,5,0,0,0,0
validation_010,validation,16,10,6,0,4,4,0
validation_010,validation,16,10,7,0,10,10,0
validation_010,validation,16,10,8,0,0,0,0
validation_010,validation,16,10,9,0,20,20,0
validation_010,validation,16,10,10,0,145,145,0
validation_010,validation,16,10,11,0,51,51,0
validation_010,validation,16,10,12,0,80,80,0
validation_010,validation,16,10,13,0,4,4,0
validation_010,validation,16,10,14,0,1,1,0
validation_010,validation,16,10,15,0,0,0,0
validation_010,validation,16,11,0,0,0,0,0
validation_010,validation,16,11,1,0,0,0,0
validation_010,validation,16,11,2,0,0,0,0
validation_010,validation,16,11,3,0,0,0,0
validation_010,validation,16,11,4,0,0,0,0
validation_010,validation,16,11,5,0,0,0,0
validation_010,validation,16,11,6,0,0,0,0
validation_010,validation,16,11,7,0,0,0,0
validation_010,validation,16,11,8,0,0,0,0
validation_010,validation,16,11,9,0,9,9,0
validation_010,validation,16,11,10,0,4,4,0
validation_010,validation,16,11,11,0,0,0,0
validation_010,validation,16,11,12,0,33,33,0
validation_010,validation,16,11,13,0,2,2,0
validation_010,validation,16,11,14,0,0,0,0
validation_010,validation,16,11,15,0,0,0,0
validation_010,validation,16,12,0,0,0,0,0
validation_010,validation,16,12,1,0,0,0,0
validation_010,validation,16,12,2,0,0,0,0
validation_010,validation,16,12,3,0,0,0,0
validation_010,validation,16,12,4,0,0,0,0
validation_010,validation,16,12,5,0,0,0,0
validation_010,validation,16,12,6,0,0,0,0
validation_010,validation,16,12,7,0,0,0,0
validation_010,validation,16,12,8,0,0,0,0
validation_010,validation,16,12,9,0,0,0,0
validation_010,validation,16,12,10,0,0,0,0
validation_010,validation,16,12,11,0,5,5,0
validation_010,validation,16,12,12,0,4,4,0
validation_010,validation,16,12,13,0,0,0,0
validation_010,validation,16,12,14,0,0,0,0
validation_010,validation,16,12,15,0,0,0,0
validation_010,validation,16,13,0,0,0,0,0
validation_010,validation,16,13,1,0,0,0,0
validation_010,validation,16,13,2,0,0,0,0
validation_010,validation,16,13,3,0,0,0,0
validation_010,validation,16,13,4,0,0,0,0
validation_010,validation,16,13,5,0,0,0,0
validation_010,validation,16,13,6,0,0,0,0
validation_010,validation,16,13,7,0,0,0,0
validation_010,validation,16,13,8,0,0,0,0
validation_010,validation,16,13,9,0,0,0,0
validation_010,validation,16,13,10,0,0,0,0
validation_010,validation,16,13,11,0,0,0,0
validation_010,validation,16,13,12,0,0,0,0
validation_010,validation,16,13,13,0,0,0,0
validation_010,validation,16,13,14,0,0,0,0
validation_010,validation,16,13,15,0,0,0,0
validation_010,validation,16,14,0,0,0,0,0
validation_010,validation,16,14,1,0,0,0,0
validation_010,validation,16,14,2,0,0,0,0
validation_010,validation,16,14,3,0,0,0,0
validation_010,validation,16,14,4,0,0,0,0
validation_010,validation,16,14,5,0,0,0,0
validation_010,validation,16,14,6,0,0,0,0
validation_010,validation,16,14,7,0,0,0,0
validation_010,validation,16,14,8,0,0,0,0
validation_010,validation,16,14,9,0,0,0,0
validation_010,validation,16,14,10,0,0,0,0
validation_010,validation,16,14,11,0,0,0,0
validation_010,validation,16,14,12,0,0,0,0
validation_010,validation,16,14,13,0,0,0,0
validation_010,validation,16,14,14,0,0,0,0
validation_010,validation,16,14,15,0,0,0,0
validation_010,validation,16,15,0,0,0,0,0
validation_010,validation,16,15,1,0,0,0,0
validation_010,validation,16,15,2,0,0,0,0
validation_010,validation,16,15,3,0,0,0,0
validation_010,validation,16,15,4,0,0,0,0
validation_010,validation,16,15,5,0,0,0,0
validation_010,validation,16,15,6,0,0,0,0
validation_010,validation,16,15,7,0,0,0,0
validation_010,validation,16,15,8,0,0,0,0
validation_010,validation,16,15,9,0,0,0,0
validation_010,validation,16,15,10,0,0,0,0
validation_010,validation,16,15,11,0,0,0,0
validation_010,validation,16,15,12,0,0,0,0
validation_010,validation,16,15,13,0,0,0,0
validation_010,validation,16,15,14,0,0,0,0
validation_010,validation,16,15,15,0,0,0,0
validation_011,validation,16,0,0,0,0,0,0
validation_011,validation,16,0,1,0,0,0,0
validation_011,validation,16,0,2,0,0,0,0
validation_011,validation,16,0,3,0,0,0,0
validation_011,validation,16,0,4,0,0,0,0
validation_011,validation,16,0,5,0,0,0,0
validation_011,validation,16,0,6,0,0,0,0
validation_011,validation,16,0,7,0,0,0,0
validation_011,validation,16,0,8,0,0,0,0
validation_011,validation,16,0,9,0,0,0,0
validation_011,validation,16,0,10,0,0,0,0
validation_011,validation,16,0,11,0,0,0,0
validation_011,validation,16,0,12,0,0,0,0
validation_011,validation,16,0,13,0,0,0,0
validation_011,validation,16,0,14,0,0,0,0
validation_011,validation,16,0,15,0,0,0,0
validation_011,validation,16,1,0,0,0,0,0
validation_011,validation,16,1,1,0,0,0,0
validation_011,validation,16,1,2,0,0,0,0
validation_011,validation,16,1,3,0,0,0,0
validation_011,validation,16,1,4,0,3,3,0
validation_011,validation,16,1,5,0,0,0,0
validation_011,validation,16,1,6,0,0,0,0
validation_011,validation,16,1,7,0,0,0,0
validation_011,validation,16,1,8,0,0,0,0
validation_011,validation,16,1,9,0,0,0,0
validation_011,validation,16,1,10,0,0,0,0
validation_011,validation,16,1,11,0,0,0,0
validation_011,validation,16,1,12,0,0,0,0
validation_011,validation,16,1,13,0,0,0,0
validation_011,validation,16,1,14,0,0,0,0
validation_011,validation,16,1,15,0,0,0,0
validation_011,validation,16,2,0,0,0,0,0
validation_011,validation,16,2,1,0,0,0,0
validation_011,validation,16,2,2,0,0,0,0
validation_011,validation,16,2,3,0,0,0,0
validation_011,validation,16,2,4,0,2,2,0
validation_011,validation,16,2,5,0,0,0,0
validation_011,validation,16,2,6,0,0,0,0
validation_011,validation,16,2,7,0,0,0,0
validation_011,validation,16,2,8,0,0,0,0
validation_011,validation,16,2,9,0,0,0,0
validation_011,validation,16,2,10,0,0,0,0
validation_011,validation,16,2,11,0,0,0,0
validation_011,validation,16,2,12,0,0,0,0
validation_011,validation,16,2,13,0,0,0,0
validation_011,validation,16,2,14,0,0,0,0
validation_011,validation,16,2,15,0,0,0,0
validation_011,validation,16,3,0,0,0,0,0
validation_011,validation,16,3,1,0,0,0,0
validation_011,validation,16,3,2,0,2,2,0
validation_011,validation,16,3,3,0,20,20,0
validation_011,validation,16,3,4,0,17,17,0
validation_011,validation,16,3,5,0,0,0,0
validation_011,validation,16,3,6,0,14,14,0
validation_011,validation,16,3,7,0,8,8,0
validation_011,validation,16,3,8,0,0,0,0
validation_011,validation,16,3,9,0,0,0,0
validation_011,validation,16,3,10,0,0,0,0
validation_011,validation,16,3,11,0,0,0,0
validation_011,validation,16,3,12,0,8,8,0
validation_011,validation,16,3,13,0,115,115,0
validation_011,validation,16,3,14,0,83,83,0
validation_011,validation,16,3,15,0,0,0,0
validation_011,validation,16,4,0,0,0,0,0
validation_011,validation,16,4,1,0,3,3,0
validation_011,validation,16,4,2,0,111,111,0
validation_011,validation,16,4,3,0,330,330,0
validation_011,validation,16,4,4,0,160,160,0
validation_011,validation,16,4,5,0,53,53,0
validation_011,validation,16,4,6,0,47,47,0
validation_011,validation,16,4,7,0,226,226,0
validation_011,validation,16,4,8,0,76,76,0
validation_011,validation,16,4,9,0,37,37,0
validation_011,validation,16,4,10,0,51,51,0
validation_011,validation,16,4,11,0,6,6,0
validation_011,validation,16,4,12,0,12,12,0
validation_011,validation,16,4,13,0,187,187,0
validation_011,validation,16,4,14,0,67,67,0
validation_011,validation,16,4,15,0,3,3,0
validation_011,validation,16,5,0,0,0,0,0
validation_011,validation,16,5,1,51,320,251,0
validation_011,validation,16,5,2,203,1088,822,0
validation_011,validation,16,5,3,7,1259,1219,0
validation_011,validation,16,5,4,0,963,963,0
validation_011,validation,16,5,5,0,457,457,0
validation_011,validation,16,5,6,0,401,401,0
validation_011,validation,16,5,7,0,596,596,0
validation_011,validation,16,5,8,0,330,330,0
validation_011,validation,16,5,9,0,288,288,0
validation_011,validation,16,5,10,0,342,342,0
validation_011,validation,16,5,11,0,144,144,0
validation_011,validation,16,5,12,0,18,18,0
validation_011,validation,16,5,13,0,529,529,0
validation_011,validation,16,5,14,0,309,309,0
validation_011,validation,16,5,15,0,138,138,0
validation_011,validation,16,6,0,148,25,0,123
validation_011,validation,16,6,1,246,290,100,59
validation_011,validation,16,6,2,142,729,531,0
validation_011,validation,16,6,3,51,1018,962,0
validation_011,validation,16,6,4,0,817,817,0
validation_011,validation,16,6,5,0,409,409,0
validation_011,validation,16,6,6,0,55,55,0
validation_011,validation,16,6,7,0,417,417,0
validation_011,validation,16,6,8,0,524,524,0
validation_011,validation,16,6,9,0,348,348,0
validation_011,validation,16,6,10,0,298,298,0
validation_011,validation,16,6,11,0,170,170,0
validation_011,validation,16,6,12,0,130,130,0
validation_011,validation,16,6,13,0,352,352,0
validation_011,validation,16,6,14,0,233,233,0
validation_011,validation,16,6,15,0,43,43,0
validation_011,validation,16,7,0,0,0,0,0
validation_011,validation,16,7,1,0,62,62,0
validation_011,validation,16,7,2,0,371,371,0
validation_011,validation,16,7,3,0,509,509,0
validation_011,validation,16,7,4,0,611,611,0
validation_011,validation,16,7,5,0,278,278,0
validation_011,validation,16,7,6,0,79,79,0
validation_011,validation,16,7,7,0,180,180,0
validation_011,validation,16,7,8,0,412,412,0
validation_011,validation,16,7,9,0,216,216,0
validation_011,validation,16,7,10,0,531,531,0
validation_011,validation,16,7,11,0,919,919,0
validation_011,validation,16,7,12,0,812,812,0
validation_011,validation,16,7,13,0,289,289,0
validation_011,validation,16,7,14,0,66,66,0
validation_011,validation,16,7,15,0,24,24,0
validation_011,validation,16,8,0,0,0,0,0
validation_011,validation,16,8,1,0,2,2,0
validation_011,validation,16,8,2,0,189,189,0
validation_011,validation,16,8,3,0,451,451,0
validation_011,validation,16,8,4,0,272,272,0
validation_011,validation,16,8,5,0,61,61,0
validation_011,validation,16,8,6,0,32,32,0
validation_011,validation,16,8,7,0,8,8,0
validation_011,validation,16,8,8,0,45,45,0
validation_011,validation,16,8,9,0,468,468,0
validation_011,validation,16,8,10,0,1140,1140,0
validation_011,validation,16,8,11,0,1188,1188,0
validation_011,validation,16,8,12,0,601,601,0
validation_011,validation,16,8,13,0,96,96,0
validation_011,validation,16,8,14,0,33,33,0
validation_011,validation,16,8,15,0,29,29,0
validation_011,validation,16,9,0,0,0,0,0
validation_011,validation,16,9,1,0,0,0,0
validation_011,validation,16,9,2,0,2,2,0
validation_011,validation,16,9,3,0,24,24,0
validation_011,validation,16,9,4,0,4,4,0
validation_011,validation,16,9,5,0,2,2,0
validation_011,validation,16,9,6,0,0,0,0
validation_011,validation,16,9,7,0,0,0,0
validation_011,validation,16,9,8,0,148,148,0
validation_011,validation,16,9,9,0,403,403,0
validation_011,validation,16,9,10,0,403,403,0
validation_011,validation,16,9,11,0,54,54,0
validation_011,validation,16,9,12,0,0,0,0
validation_011,validation,16,9,13,0,0,0,0
validation_011,validation,16,9,14,0,0,0,0
validation_011,validation,16,9,15,0,6,6,0
validation_011,validation,16,10,0,0,0,0,0
validation_011,validation,16,10,1,0,0,0,0
validation_011,validation,16,10,2,0,6,6,0
validation_011,validation,16,10,3,0,220,220,0
validation_011,validation,16,10,4,0,702,702,0
validation_011,validation,16,10,5,0,365,365,0
validation_011,validation,16,10,6,0,0,0,0
validation_011,validation,16,10,7,0,0,0,0
validation_011,validation,16,10,8,0,92,92,0
validation_011,validation,16,10,9,0,88,88,0
validation_011,validation,16,10,10,0,2,2,0
validation_011,validation,16,10,11,0,0,0,0
validation_011,validation,16,10,12,0,0,0,0
validation_011,validation,16,10,13,0,0,0,0
validation_011,validation,16,10,14,0,0,0,0
validation_011,validation,16,10,15,0,0,0,0
validation_011,validation,16,11,0,0,0,0,0
validation_011,validation,16,11,1,0,0,0,0
validation_011,validation,16,11,2,0,0,0,0
validation_011,validation,16,11,3,0,6,6,0
validation_011,validation,16,11,4,0,302,302,0
validation_011,validation,16,11,5,0,114,114,0
validation_011,validation,16,11,6,0,0,0,0
validation_011,validation,16,11,7,0,0,0,0
validation_011,validation,16,11,8,0,24,24,0
validation_011,validation,16,11,9,0,8,8,0
validation_011,validation,16,11,10,0,0,0,0
validation_011,validation,16,11,11,0,0,0,0
validation_011,validation,16,11,12,0,0,0,0
validation_011,validation,16,11,13,0,0,0,0
validation_011,validation,16,11,14,0,0,0,0
validation_011,validation,16,11,15,0,0,0,0
validation_011,validation,16,12,0,0,0,0,0
validation_011,validation,16,12,1,0,0,0,0
validation_011,validation,16,12,2,0,0,0,0
validation_011,validation,16,12,3,0,0,0,0
validation_011,validation,16,12,4,0,4,4,0
validation_011,validation,16,12,5,0,0,0,0
validation_011,validation,16,12,6,0,0,0,0
validation_011,validation,16,12,7,0,0,0,0
validation_011,validation,16,12,8,0,0,0,0
validation_011,validation,16,12,9,0,0,0,0
validation_011,validation,16,12,10,0,0,0,0
validation_011,validation,16,12,11,0,0,0,0
validation_011,validation,16,12,12,0,0,0,0
validation_011,validation,16,12,13,0,0,0,0
validation_011,validation,16,12,14,0,0,0,0
validation_011,validation,16,12,15,0,0,0,0
validation_011,validation,16,13,0,0,0,0,0
validation_011,validation,16,13,1,0,0,0,0
validation_011,validation,16,13,2,0,0,0,0
validation_011,validation,16,13,3,0,0,0,0
validation_011,validation,16,13,4,0,0,0,0
validation_011,validation,16,13,5,0,0,0,0
validation_011,validation,16,13,6,0,0,0,0
validation_011,validation,16,13,7,0,0,0,0
validation_011,validation,16,13,8,0,0,0,0
validation_011,validation,16,13,9,0,0,0,0
validation_011,validation,16,13,10,0,0,0,0
validation_011,validation,16,13,11,0,0,0,0
validation_011,validation,16,13,12,0,0,0,0
validation_011,validation,16,13,13,0,0,0,0
validation_011,validation,16,13,14,0,0,0,0
validation_011,validation,16,13,15,0,0,0,0
validation_011,validation,16,14,0,0,0,0,0
validation_011,validation,16,14,1,0,0,0,0
validation_011,validation,16,14,2,0,0,0,0
validation_011,validation,16,14,3,0,0,0,0
validation_011,validation,16,14,4,0,0,0,0
validation_011,validation,16,14,5,0,0,0,0
validation_011,validation,16,14,6,0,0,0,0
validation_011,validation,16,14,7,0,0,0,0
validation_011,validation,16,14,8,0,0,0,0
validation_011,validation,16,14,9,0,0,0,0
validation_011,validation,16,14,10,0,0,0,0
validation_011,validation,16,14,11,0,0,0,0
validation_011,validation,16,14,12,0,0,0,0
validation_011,validation,16,14,13,0,0,0,0
validation_011,validation,16,14,14,0,0,0,0
validation_011,validation,16,14,15,0,0,0,0
validation_011,validation,16,15,0,0,0,0,0
validation_011,validation,16,15,1,0,0,0,0
validation_011,validation,16,15,2,0,0,0,0
validation_011,validation,16,15,3,0,0,0,0
validation_011,validation,16,15,4,0,0,0,0
validation_011,validation,16,15,5,0,0,0,0
validation_011,validation,16,15,6,0,0,0,0
validation_011,validation,16,15,7,0,0,0,0
validation_011,validation,16,15,8,0,0,0,0
validation_011,validation,16,15,9,0,0,0,0
validation_011,validation,16,15,10,0,0,0,0
validation_011,validation,16,15,11,0,0,0,0
validation_011,validation,16,15,12,0,0,0,0
validation_011,validation,16,15,13,0,0,0,0
validation_011,validation,16,15,14,0,0,0,0
validation_011,validation,16,15,15,0,0,0,0
validation_012,validation,16,0,0,0,0,0,0
validation_012,validation,16,0,1,0,0,0,0
validation_012,validation,16,0,2,0,0,0,0
validation_012,validation,16,0,3,0,0,0,0
validation_012,validation,16,0,4,0,0,0,0
validation_012,validation,16,0,5,0,0,0,0
validation_012,validation,16,0,6,0,0,0,0
validation_012,validation,16,0,7,0,0,0,0
validation_012,validation,16,0,8,0,0,0,0
validation_012,validation,16,0,9,0,0,0,0
validation_012,validation,16,0,10,0,0,0,0
validation_012,validation,16,0,11,0,0,0,0
validation_012,validation,16,0,12,0,0,0,0
validation_012,validation,16,0,13,0,0,0,0
validation_012,validation,16,0,14,0,0,0,0
validation_012,validation,16,0,15,0,0,0,0
validation_012,validation,16,1,0,0,0,0,0
validation_012,validation,16,1,1,0,0,0,0
validation_012,validation,16,1,2,0,7,7,0
validation_012,validation,16,1,3,0,33,33,0
validation_012,validation,16,1,4,0,15,15,0
validation_012,validation,16,1,5,0,102,102,0
validation_012,validation,16,1,6,0,247,247,0
validation_012,validation,16,1,7,0,17,17,0
validation_012,validation,16,1,8,0,7,7,0
validation_012,validation,16,1,9,0,2,2,0
validation_012,validation,16,1,10,0,0,0,0
validation_012,validation,16,1,11,0,0,0,0
validation_012,validation,16,1,12,0,0,0,0
validation_012,validation,16,1,13,0,0,0,0
validation_012,validation,16,1,14,0,0,0,0
validation_012,validation,16,1,15,0,0,0,0
validation_012,validation,16,2,0,3,0,0,3
validation_012,validation,16,2,1,338,29,0,309
validation_012,validation,16,2,2,125,108,42,59
validation_012,validation,16,2,3,2,496,495,1
validation_012,validation,16,2,4,0,1019,1019,0
validation_012,validation,16,2,5,0,195,195,0
validation_012,validation,16,2,6,0,176,176,0
validation_012,validation,16,2,7,0,9,9,0
validation_012,validation,16,2,8,0,13,13,0
validation_012,validation,16,2,9,0,42,42,0
validation_012,validation,16,2,10,0,226,226,0
validation_012,validation,16,2,11,0,157,157,0
validation_012,validation,16,2,12,0,78,78,0
validation_012,validation,16,2,13,0,1,1,0
validation_012,validation,16,2,14,0,0,0,0
validation_012,validation,16,2,15,0,0,0,0
validation_012,validation,16,3,0,1,0,0,1
validation_012,validation,16,3,1,13,135,135,13
validation_012,validation,16,3,2,384,549,271,106
validation_012,validation,16,3,3,714,1012,273,24
validation_012,validation,16,3,4,134,651,515,10
validation_012,validation,16,3,5,6,699,689,0
validation_012,validation,16,3,6,0,443,443,0
validation_012,validation,16,3,7,0,156,156,0
validation_012,validation,16,3,8,0,85,85,0
validation_012,validation,16,3,9,0,0,0,0
validation_012,validation,16,3,10,0,58,58,0
validation_012,validation,16,3,11,0,208,208,0
validation_012,validation,16,3,12,0,136,136,0
validation_012,validation,16,3,13,0,73,73,0
validation_012,validation,16,3,14,0,29,29,0
validation_012,validation,16,3,15,0,0,0,0
validation_012,validation,16,4,0,0,0,0,0
validation_012,validation,16,4,1,0,317,317,0
validation_012,validation,16,4,2,0,638,638,0
validation_012,validation,16,4,3,42,593,570,26
validation_012,validation,16,4,4,57,419,382,20
validation_012,validation,16,4,5,21,676,657,2
validation_012,validation,16,4,6,0,255,255,0
validation_012,validation,16,4,7,0,491,491,0
validation_012,validation,16,4,8,0,610,610,0
validation_012,validation,16,4,9,0,219,219,0
validation_012,validation,16,4,10,0,12,12,0
validation_012,validation,16,4,11,0,74,74,0
validation_012,validation,16,4,12,0,109,109,0
validation_012,validation,16,4,13,0,33,33,0
validation_012,validation,16,4,14,0,9,9,0
validation_012,validation,16,4,15,0,1,1,0
validation_012,validation,16,5,0,0,20,20,0
validation_012,validation,16,5,1,0,145,145,0
validation_012,validation,16,5,2,0,257,257,0
validation_012,validation,16,5,3,0,522,522,0
validation_012,validation,16,5,4,0,463,463,0
validation_012,validation,16,5,5,0,872,872,0
validation_012,validation,16,5,6,0,762,762,0
validation_012,validation,16,5,7,0,522,522,0
validation_012,validation,16,5,8,0,701,701,0
validation_012,validation,16,5,9,0,959,959,0
validation_012,validation,16,5,10,0,800,800,0
validation_012,validation,16,5,11,0,367,367,0
validation_012,validation,16,5,12,0,356,356,0
validation_012,validation,16,5,13,0,212,212,0
validation_012,validation,16,5,14,0,145,145,0
validation_012,validation,16,5,15,0,27,27,0
validation_012,validation,16,6,0,0,57,57,0
validation_012,validation,16,6,1,0,116,116,0
validation_012,validation,16,6,2,0,82,82,0
validation_012,validation,16,6,3,0,42,42,0
validation_012,validation,16,6,4,0,130,130,0
validation_012,validation,16,6,5,0,696,696,0
validation_012,validation,16,6,6,0,736,736,0
validation_012,validation,16,6,7,0,275,275,0
validation_012,validation,16,6,8,0,256,256,0
validation_012,validation,16,6,9,0,491,491,0
validation_012,validation,16,6,10,0,692,692,0
validation_012,validation,16,6,11,0,843,843,0
validation_012,validation,16,6,12,0,462,462,0
validation_012,validation,16,6,13,0,203,203,0
validation_012,validation,16,6,14,0,77,77,0
validation_012,validation,16,6,15,0,3,3,0
validation_012,validation,16,7,0,0,0,0,0
validation_012,validation,16,7,1,0,38,38,0
validation_012,validation,16,7,2,0,40,40,0
validation_012,validation,16,7,3,0,72,72,0
validation_012,validation,16,7,4,0,53,53,0
validation_012,validation,16,7,5,0,482,482,0
validation_012,validation,16,7,6,0,382,382,0
validation_012,validation,16,7,7,0,199,199,0
validation_012,validation,16,7,8,0,224,224,0
validation_012,validation,16,7,9,0,427,427,0
validation_012,validation,16,7,10,0,337,337,0
validation_012,validation,16,7,11,0,232,232,0
validation_012,validation,16,7,12,0,362,362,0
validation_012,validation,16,7,13,0,216,216,0
validation_012,validation,16,7,14,0,219,219,0
validation_012,validation,16,7,15,0,0,0,0
validation_012,validation,16,8,0,0,0,0,0
validation_012,validation,16,8,1,0,12,12,0
validation_012,validation,16,8,2,0,1,1,0
validation_012,validation,16,8,3,0,0,0,0
validation_012,validation,16,8,4,0,17,17,0
validation_012,validation,16,8,5,0,182,182,0
validation_012,validation,16,8,6,0,72,72,0
validation_012,validation,16,8,7,0,106,106,0
validation_012,validation,16,8,8,0,343,343,0
validation_012,validation,16,8,9,0,303,303,0
validation_012,validation,16,8,10,0,240,240,0
validation_012,validation,16,8,11,0,307,307,0
validation_012,validation,16,8,12,0,300,300,0
validation_012,validation,16,8,13,0,317,317,0
validation_012,validation,16,8,14,0,254,254,0
validation_012,validation,16,8,15,0,3,3,0
validation_012,validation,16,9,0,0,2,2,0
validation_012,validation,16,9,1,0,0,0,0
validation_012,validation,16,9,2,0,0,0,0
validation_012,validation,16,9,3,0,0,0,0
validation_012,validation,16,9,4,0,9,9,0
validation_012,validation,16,9,5,0,25,25,0
validation_012,validation,16,9,6,0,34,34,0
validation_012,validation,16,9,7,0,154,154,0
validation_012,validation,16,9,8,0,33,33,0
validation_012,validation,16,9,9,0,1,1,0
validation_012,validation,16,9,10,0,14,14,0
validation_012,validation,16,9,11,0,9,9,0
validation_012,validation,16,9,12,0,2,2,0
validation_012,validation,16,9,13,0,2,2,0
validation_012,validation,16,9,14,0,0,0,0
validation_012,validation,16,9,15,0,0,0,0
validation_012,validation,16,10,0,0,0,0,0
validation_012,validation,16,10,1,0,0,0,0
validation_012,validation,16,10,2,0,0,0,0
validation_012,validation,16,10,3,0,0,0,0
validation_012,validation,16,10,4,0,0,0,0
validation_012,validation,16,10,5,0,4,4,0
validation_012,validation,16,10,6,0,0,0,0
validation_012,validation,16,10,7,0,55,55,0
validation_012,validation,16,10,8,0,0,0,0
validation_012,validation,16,10,9,0,0,0,0
validation_012,validation,16,10,10,0,0,0,0
validation_012,validation,16,10,11,0,10,10,0
validation_012,validation,16,10,12,0,0,0,0
validation_012,validation,16,10,13,0,0,0,0
validation_012,validation,16,10,14,0,0,0,0
validation_012,validation,16,10,15,0,0,0,0
validation_012,validation,16,11,0,0,0,0,0
validation_012,validation,16,11,1,0,0,0,0
validation_012,validation,16,11,2,0,0,0,0
validation_012,validation,16,11,3,0,0,0,0
validation_012,validation,16,11,4,0,1,1,0
validation_012,validation,16,11,5,0,0,0,0
validation_012,validation,16,11,6,0,0,0,0
validation_012,validation,16,11,7,0,0,0,0
validation_012,validation,16,11,8,0,0,0,0
validation_012,validation,16,11,9,0,0,0,0
validation_012,validation,16,11,10,0,0,0,0
validation_012,validation,16,11,11,0,0,0,0
validation_012,validation,16,11,12,0,0,0,0
validation_012,validation,16,11,13,0,0,0,0
validation_012,validation,16,11,14,0,0,0,0
validation_012,validation,16,11,15,0,0,0,0
validation_012,validation,16,12,0,0,0,0,0
validation_012,validation,16,12,1,0,0,0,0
validation_012,validation,16,12,2,0,0,0,0
validation_012,validation,16,12,3,0,0,0,0
validation_012,validation,16,12,4,0,1,1,0
validation_012,validation,16,12,5,0,44,44,0
validation_012,validation,16,12,6,0,38,38,0
validation_012,validation,16,12,7,0,1,1,0
validation_012,validation,16,12,8,0,0,0,0
validation_012,validation,16,12,9,0,0,0,0
validation_012,validation,16,12,10,0,0,0,0
validation_012,validation,16,12,11,0,0,0,0
validation_012,validation,16,12,12,0,0,0,0
validation_012,validation,16,12,13,0,0,0,0
validation_012,validation,16,12,14,0,0,0,0
validation_012,validation,16,12,15,0,0,0,0
validation_012,validation,16,13,0,0,0,0,0
validation_012,validation,16,13,1,0,0,0,0
validation_012,validation,16,13,2,0,0,0,0
validation_012,validation,16,13,3,0,0,0,0
validation_012,validation,16,13,4,0,0,0,0
validation_012,validation,16,13,5,0,0,0,0
validation_012,validation,16,13,6,0,0,0,0
validation_012,validation,16,13,7,0,0,0,0
validation_012,validation,16,13,8,0,0,0,0
validation_012,validation,16,13,9,0,0,0,0
validation_012,validation,16,13,10,0,0,0,0
validation_012,validation,16,13,11,0,0,0,0
validation_012,validation,16,13,12,0,0,0,0
validation_012,validation,16,13,13,0,0,0,0
validation_012,validation,16,13,14,0,0,0,0
validation_012,validation,16,13,15,0,0,0,0
validation_012,validation,16,14,0,0,0,0,0
validation_012,validation,16,14,1,0,0,0,0
validation_012,validation,16,14,2,0,0,0,0
validation_012,validation,16,14,3,0,0,0,0
validation_012,validation,16,14,4,0,0,0,0
validation_012,validation,16,14,5,0,0,0,0
validation_012,validation,16,14,6,0,0,0,0
validation_012,validation,16,14,7,0,0,0,0
validation_012,validation,16,14,8,0,0,0,0
validation_012,validation,16,14,9,0,0,0,0
validation_012,validation,16,14,10,0,0,0,0
validation_012,validation,16,14,11,0,0,0,0
validation_012,validation,16,14,12,0,0,0,0
validation_012,validation,16,14,13,0,0,0,0
validation_012,validation,16,14,14,0,0,0,0
validation_012,validation,16,14,15,0,0,0,0
validation_012,validation,16,15,0,0,0,0,0
validation_012,validation,16,15,1,0,0,0,0
validation_012,validation,16,15,2,0,0,0,0
validation_012,validation,16,15,3,0,0,0,0
validation_012,validation,16,15,4,0,0,0,0
validation_012,validation,16,15,5,0,0,0,0
validation_012,validation,16,15,6,0,0,0,0
validation_012,validation,16,15,7,0,0,0,0
validation_012,validation,16,15,8,0,0,0,0
validation_012,validation,16,15,9,0,0,0,0
validation_012,validation,16,15,10,0,0,0,0
validation_012,validation,16,15,11,0,0,0,0
validation_012,validation,16,15,12,0,0,0,0
validation_012,validation,16,15,13,0,0,0,0
validation_012,validation,16,15,14,0,0,0,0
validation_012,validation,16,15,15,0,0,0,0
validation_013,validation,16,0,0,0,0,0,0
validation_013,validation,16,0,1,0,0,0,0
validation_013,validation,16,0,2,0,0,0,0
validation_013,validation,16,0,3,0,0,0,0
validation_013,validation,16,0,4,0,0,0,0
validation_013,validation,16,0,5,0,0,0,0
validation_013,validation,16,0,6,0,0,0,0
validation_013,validation,16,0,7,0,0,0,0
validation_013,validation,16,0,8,0,0,0,0
validation_013,validation,16,0,9,0,0,0,0
validation_013,validation,16,0,10,0,0,0,0
validation_013,validation,16,0,11,0,0,0,0
validation_013,validation,16,0,12,0,0,0,0
validation_013,validation,16,0,13,0,0,0,0
validation_013,validation,16,0,14,0,0,0,0
validation_013,validation,16,0,15,0,0,0,0
validation_013,validation,16,1,0,0,0,0,0
validation_013,validation,16,1,1,0,0,0,0
validation_013,validation,16,1,2,0,0,0,0
validation_013,validation,16,1,3,0,8,8,0
validation_013,validation,16,1,4,0,36,36,0
validation_013,validation,16,1,5,0,65,65,0
validation_013,validation,16,1,6,0,25,25,0
validation_013,validation,16,1,7,0,43,43,0
validation_013,validation,16,1,8,0,0,0,0
validation_013,validation,16,1,9,0,0,0,0
validation_013,validation,16,1,10,0,0,0,0
validation_013,validation,16,1,11,0,0,0,0
validation_013,validation,16,1,12,0,0,0,0
validation_013,validation,16,1,13,0,0,0,0
validation_013,validation,16,1,14,0,0,0,0
validation_013,validation,16,1,15,0,0,0,0
validation_013,validation,16,2,0,0,0,0,0
validation_013,validation,16,2,1,0,0,0,0
validation_013,validation,16,2,2,0,16,16,0
validation_013,validation,16,2,3,0,171,171,0
validation_013,validation,16,2,4,0,264,264,0
validation_013,validation,16,2,5,0,518,518,0
validation_013,validation,16,2,6,0,579,579,0
validation_013,validation,16,2,7,0,1735,1735,0
validation_013,validation,16,2,8,0,1586,1586,0
validation_013,validation,16,2,9,0,375,375,0
validation_013,validation,16,2,10,0,17,17,0
validation_013,validation,16,2,11,0,0,0,0
validation_013,validation,16,2,12,0,0,0,0
validation_013,validation,16,2,13,0,0,0,0
validation_013,validation,16,2,14,0,0,0,0
validation_013,validation,16,2,15,0,0,0,0
validation_013,validation,16,3,0,0,0,0,0
validation_013,validation,16,3,1,0,0,0,0
validation_013,validation,16,3,2,0,49,49,0
validation_013,validation,16,3,3,0,120,120,0
validation_013,validation,16,3,4,0,99,99,0
validation_013,validation,16,3,5,0,3,3,0
validation_013,validation,16,3,6,0,128,128,0
validation_013,validation,16,3,7,0,754,754,0
validation_013,validation,16,3,8,0,1564,1564,0
validation_013,validation,16,3,9,0,1902,1902,0
validation_013,validation,16,3,10,0,338,338,0
validation_013,validation,16,3,11,0,27,27,0
validation_013,validation,16,3,12,0,0,0,0
validation_013,validation,16,3,13,0,0,0,0
validation_013,validation,16,3,14,0,0,0,0
validation_013,validation,16,3,15,0,0,0,0
validation_013,validation,16,4,0,0,0,0,0
validation_013,validation,16,4,1,0,0,0,0
validation_013,validation,16,4,2,0,44,44,0
validation_013,validation,16,4,3,0,151,151,0
validation_013,validation,16,4,4,0,7,7,0
validation_013,validation,16,4,5,0,67,67,0
validation_013,validation,16,4,6,0,26,26,0
validation_013,validation,16,4,7,0,84,84,0
validation_013,validation,16,4,8,0,131,131,0
validation_013,validation,16,4,9,0,788,788,0
validation_013,validation,16,4,10,0,1102,1102,0
validation_013,validation,16,4,11,0,262,262,0
validation_013,validation,16,4,12,0,14,14,0
validation_013,validation,16,4,13,0,0,0,0
validation_013,validation,16,4,14,0,0,0,0
validation_013,validation,16,4,15,0,0,0,0
validation_013,validation,16,5,0,0,9,9,0
validation_013,validation,16,5,1,0,0,0,0
validation_013,validation,16,5,2,0,28,28,0
validation_013,validation,16,5,3,0,342,342,0
validation_013,validation,16,5,4,0,119,119,0
validation_013,validation,16,5,5,0,427,427,0
validation_013,validation,16,5,6,0,51,51,0
validation_013,validation,16,5,7,0,47,47,0
validation_013,validation,16,5,8,0,109,109,0
validation_013,validation,16,5,9,0,535,535,0
validation_013,validation,16,5,10,0,1468,1468,0
validation_013,validation,16,5,11,0,284,284,0
validation_013,validation,16,5,12,0,50,50,0
validation_013,validation,16,5,13,0,0,0,0
validation_013,validation,16,5,14,0,0,0,0
validation_013,validation,16,5,15,0,0,0,0
validation_013,validation,16,6,0,0,125,125,0
validation_013,validation,16,6,1,0,1,1,0
validation_013,validation,16,6,2,0,4,4,0
validation_013,validation,16,6,3,0,104,104,0
validation_013,validation,16,6,4,0,145,145,0
validation_013,validation,16,6,5,0,227,227,0
validation_013,validation,16,6,6,0,120,120,0
validation_013,validation,16,6,7,0,170,170,0
validation_013,validation,16,6,8,0,352,352,0
validation_013,validation,16,6,9,0,867,867,0
validation_013,validation,16,6,10,0,1325,1325,0
validation_013,validation,16,6,11,0,487,487,0
validation_013,validation,16,6,12,0,130,130,0
validation_013,validation,16,6,13,0,28,28,0
validation_013,validation,16,6,14,0,0,0,0
validation_013,validation,16,6,15,0,0,0,0
validation_013,validation,16,7,0,0,42,42,0
validation_013,validation,16,7,1,0,0,0,0
validation_013,validation,16,7,2,0,43,43,0
validation_013,validation,16,7,3,0,167,167,0
validation_013,validation,16,7,4,0,148,148,0
validation_013,validation,16,7,5,0,98,98,0
validation_013,validation,16,7,6,0,11,11,0
validation_013,validation,16,7,7,0,159,159,0
validation_013,validation,16,7,8,0,259,259,0
validation_013,validation,16,7,9,0,1090,1090,0
validation_013,validation,16,7,10,0,1459,1459,0
validation_013,validation,16,7,11,0,1449,1449,0
validation_013,validation,16,7,12,0,825,825,0
validation_013,validation,16,7,13,0,19,19,0
validation_013,validation,16,7,14,0,34,34,0
validation_013,validation,16,7,15,0,0,0,0
validation_013,validation,16,8,0,0,5,5,0
validation_013,validation,16,8,1,0,0,0,0
validation_013,validation,16,8,2,0,6,6,0
validation_013,validation,16,8,3,0,41,41,0
validation_013,validation,16,8,4,0,214,214,0
validation_013,validation,16,8,5,0,190,190,0
validation_013,validation,16,8,6,0,3,3,0
validation_013,validation,16,8,7,0,72,72,0
validation_013,validation,16,8,8,0,172,172,0
validation_013,validation,16,8,9,0,637,637,0
validation_013,validation,16,8,10,0,343,343,0
validation_013,validation,16,8,11,0,844,844,0
validation_013,validation,16,8,12,0,996,996,0
validation_013,validation,16,8,13,0,15,15,0
validation_013,validation,16,8,14,0,0,0,0
validation_013,validation,16,8,15,0,0,0,0
validation_013,validation,16,9,0,0,8,8,0
validation_013,validation,16,9,1,0,3,3,0
validation_013,validation,16,9,2,0,3,3,0
validation_013,validation,16,9,3,79,128,125,76
validation_013,validation,16,9,4,220,352,317,185
validation_013,validation,16,9,5,104,183,183,104
validation_013,validation,16,9,6,0,1,1,0
validation_013,validation,16,9,7,0,4,4,0
validation_013,validation,16,9,8,0,22,22,0
validation_013,validation,16,9,9,0,161,161,0
validation_013,validation,16,9,10,0,83,83,0
validation_013,validation,16,9,11,0,629,629,0
validation_013,validation,16,9,12,0,683,683,0
validation_013,validation,16,9,13,0,14,14,0
validation_013,validation,16,9,14,0,0,0,0
validation_013,validation,16,9,15,0,0,0,0
validation_013,validation,16,10,0,0,38,38,0
validation_013,validation,16,10,1,28,179,179,28
validation_013,validation,16,10,2,132,60,2,74
validation_013,validation,16,10,3,710,354,24,381
validation_013,validation,16,10,4,333,344,142,131
validation_013,validation,16,10,5,39,24,24,39
validation_013,validation,16,10,6,0,23,23,0
validation_013,validation,16,10,7,0,0,0,0
validation_013,validation,16,10,8,0,13,13,0
validation_013,validation,16,10,9,0,46,46,0
validation_013,validation,16,10,10,0,1,1,0
validation_013,validation,16,10,11,0,173,173,0
validation_013,validation,16,10,12,0,99,99,0
validation_013,validation,16,10,13,0,0,0,0
validation_013,validation,16,10,14,0,0,0,0
validation_013,validation,16,10,15,0,0,0,0
validation_013,validation,16,11,0,0,0,0,0
validation_013,validation,16,11,1,20,25,25,20
validation_013,validation,16,11,2,245,80,21,186
validation_013,validation,16,11,3,236,50,7,193
validation_013,validation,16,11,4,1,1,1,1
validation_013,validation,16,11,5,0,0,0,0
validation_013,validation,16,11,6,0,0,0,0
validation_013,validation,16,11,7,0,0,0,0
validation_013,validation,16,11,8,0,0,0,0
validation_013,validation,16,11,9,0,0,0,0
validation_013,validation,16,11,10,0,0,0,0
validation_013,validation,16,11,11,0,0,0,0
validation_013,validation,16,11,12,0,0,0,0
validation_013,validation,16,11,13,0,0,0,0
validation_013,validation,16,11,14,0,0,0,0
validation_013,validation,16,11,15,0,0,0,0
validation_013,validation,16,12,0,0,0,0,0
validation_013,validation,16,12,1,0,0,0,0
validation_013,validation,16,12,2,0,0,0,0
validation_013,validation,16,12,3,0,0,0,0
validation_013,validation,16,12,4,0,0,0,0
validation_013,validation,16,12,5,0,0,0,0
validation_013,validation,16,12,6,0,0,0,0
validation_013,validation,16,12,7,0,0,0,0
validation_013,validation,16,12,8,0,0,0,0
validation_013,validation,16,12,9,0,0,0,0
validation_013,validation,16,12,10,0,0,0,0
validation_013,validation,16,12,11,0,0,0,0
validation_013,validation,16,12,12,0,0,0,0
validation_013,validation,16,12,13,0,0,0,0
validation_013,validation,16,12,14,0,0,0,0
validation_013,validation,16,12,15,0,0,0,0
validation_013,validation,16,13,0,0,0,0,0
validation_013,validation,16,13,1,0,0,0,0
validation_013,validation,16,13,2,0,0,0,0
validation_013,validation,16,13,3,0,0,0,0
validation_013,validation,16,13,4,0,0,0,0
validation_013,validation,16,13,5,0,0,0,0
validation_013,validation,16,13,6,0,0,0,0
validation_013,validation,16,13,7,0,0,0,0
validation_013,validation,16,13,8,0,0,0,0
validation_013,validation,16,13,9,0,0,0,0
validation_013,validation,16,13,10,0,0,0,0
validation_013,validation,16,13,11,0,0,0,0
validation_013,validation,16,13,12,0,0,0,0
validation_013,validation,16,13,13,0,0,0,0
validation_013,validation,16,13,14,0,0,0,0
validation_013,validation,16,13,15,0,0,0,0
validation_013,validation,16,14,0,0,0,0,0
validation_013,validation,16,14,1,0,0,0,0
validation_013,validation,16,14,2,0,0,0,0
validation_013,validation,16,14,3,0,0,0,0
validation_013,validation,16,14,4,0,0,0,0
validation_013,validation,16,14,5,0,0,0,0
validation_013,validation,16,14,6,0,0,0,0
validation_013,validation,16,14,7,0,0,0,0
validation_013,validation,16,14,8,0,0,0,0
validation_013,validation,16,14,9,0,0,0,0
validation_013,validation,16,14,10,0,0,0,0
validation_013,validation,16,14,11,0,0,0,0
validation_013,validation,16,14,12,0,0,0,0
validation_013,validation,16,14,13,0,0,0,0
validation_013,validation,16,14,14,0,0,0,0
validation_013,validation,16,14,15,0,0,0,0
validation_013,validation,16,15,0,0,0,0,0
validation_013,validation,16,15,1,0,0,0,0
validation_013,validation,16,15,2,0,0,0,0
validation_013,validation,16,15,3,0,0,0,0
validation_013,validation,16,15,4,0,0,0,0
validation_013,validation,16,15,5,0,0,0,0
validation_013,validation,16,15,6,0,0,0,0
validation_013,validation,16,15,7,0,0,0,0
validation_013,validation,16,15,8,0,0,0,0
validation_013,validation,16,15,9,0,0,0,0
validation_013,validation,16,15,10,0,0,0,0
validation_013,validation,16,15,11,0,0,0,0
validation_013,validation,16,15,12,0,0,0,0
validation_013,validation,16,15,13,0,0,0,0
validation_013,validation,16,15,14,0,0,0,0
validation_013,validation,16,15,15,0,0,0,0
validation_014,validation,16,0,0,0,0,0,0
validation_014,validation,16,0,1,0,0,0,0
validation_014,validation,16,0,2,0,0,0,0
validation_014,validation,16,0,3,0,0,0,0
validation_014,validation,16,0,4,0,0,0,0
validation_014,validation,16,0,5,0,0,0,0
validation_014,validation,16,0,6,0,0,0,0
validation_014,validation,16,0,7,0,0,0,0
validation_014,validation,16,0,8,0,0,0,0
validation_014,validation,16,0,9,0,0,0,0
validation_014,validation,16,0,10,0,0,0,0
validation_014,validation,16,0,11,0,0,0,0
validation_014,validation,16,0,12,0,0,0,0
validation_014,validation,16,0,13,0,0,0,0
validation_014,validation,16,0,14,0,0,0,0
validation_014,validation,16,0,15,0,0,0,0
validation_014,validation,16,1,0,0,0,0,0
validation_014,validation,16,1,1,0,0,0,0
validation_014,validation,16,1,2,0,0,0,0
validation_014,validation,16,1,3,0,0,0,0
validation_014,validation,16,1,4,0,0,0,0
validation_014,validation,16,1,5,0,0,0,0
validation_014,validation,16,1,6,0,0,0,0
validation_014,validation,16,1,7,0,0,0,0
validation_014,validation,16,1,8,0,61,61,0
validation_014,validation,16,1,9,0,148,148,0
validation_014,validation,16,1,10,0,211,211,0
validation_014,validation,16,1,11,0,349,349,0
validation_014,validation,16,1,12,0,645,645,0
validation_014,validation,16,1,13,0,376,376,0
validation_014,validation,16,1,14,0,0,0,0
validation_014,validation,16,1,15,0,0,0,0
validation_014,validation,16,2,0,0,0,0,0
validation_014,validation,16,2,1,0,0,0,0
validation_014,validation,16,2,2,0,0,0,0
validation_014,validation,16,2,3,0,11,11,0
validation_014,validation,16,2,4,0,90,90,0
validation_014,validation,16,2,5,0,121,121,0
validation_014,validation,16,2,6,0,296,296,0
validation_014,validation,16,2,7,0,473,473,0
validation_014,validation,16,2,8,0,403,403,0
validation_014,validation,16,2,9,0,287,287,0
validation_014,validation,16,2,10,0,236,236,0
validation_014,validation,16,2,11,0,348,348,0
validation_014,validation,16,2,12,0,555,555,0
validation_014,validation,16,2,13,0,842,842,0
validation_014,validation,16,2,14,0,341,341,0
validation_014,validation,16,2,15,0,0,0,0
validation_014,validation,16,3,0,0,0,0,0
validation_014,validation,16,3,1,153,0,0,153
validation_014,validation,16,3,2,221,35,24,210
validation_014,validation,16,3,3,194,519,432,107
validation_014,validation,16,3,4,532,966,491,57
validation_014,validation,16,3,5,327,973,620,21
validation_014,validation,16,3,6,20,394,391,17
validation_014,validation,16,3,7,0,266,266,0
validation_014,validation,16,3,8,0,182,182,0
validation_014,validation,16,3,9,0,124,124,0
validation_014,validation,16,3,10,0,173,173,0
validation_014,validation,16,3,11,0,345,345,0
validation_014,validation,16,3,12,0,535,535,0
validation_014,validation,16,3,13,0,1567,1567,0
validation_014,validation,16,3,14,0,1368,1368,0
validation_014,validation,16,3,15,0,116,116,0
validation_014,validation,16,4,0,0,0,0,0
validation_014,validation,16,4,1,0,3,3,0
validation_014,validation,16,4,2,44,63,63,44
validation_014,validation,16,4,3,255,194,96,160
validation_014,validation,16,4,4,407,599,216,38
validation_014,validation,16,4,5,461,570,266,160
validation_014,validation,16,4,6,14,112,106,8
validation_014,validation,16,4,7,0,10,10,0
validation_014,validation,16,4,8,0,768,768,0
validation_014,validation,16,4,9,0,1014,1014,0
validation_014,validation,16,4,10,0,338,338,0
validation_014,validation,16,4,11,0,194,194,0
validation_014,validation,16,4,12,0,1027,1027,0
validation_014,validation,16,4,13,0,1565,1565,0
validation_014,validation,16,4,14,0,1077,1077,0
validation_014,validation,16,4,15,0,156,156,0
validation_014,validation,16,5,0,0,0,0,0
validation_014,validation,16,5,1,0,5,5,0
validation_014,validation,16,5,2,0,10,10,0
validation_014,validation,16,5,3,0,18,18,0
validation_014,validation,16,5,4,0,240,240,0
validation_014,validation,16,5,5,0,349,349,0
validation_014,validation,16,5,6,0,40,40,0
validation_014,validation,16,5,7,0,27,27,0
validation_014,validation,16,5,8,0,413,413,0
validation_014,validation,16,5,9,0,285,285,0
validation_014,validation,16,5,10,0,200,200,0
validation_014,validation,16,5,11,0,757,757,0
validation_014,validation,16,5,12,0,1571,1571,0
validation_014,validation,16,5,13,0,1682,1682,0
validation_014,validation,16,5,14,0,2248,2248,0
validation_014,validation,16,5,15,0,547,547,0
validation_014,validation,16,6,0,0,0,0,0
validation_014,validation,16,6,1,0,1,1,0
validation_014,validation,16,6,2,0,24,24,0
validation_014,validation,16,6,3,0,37,37,0
validation_014,validation,16,6,4,0,123,123,0
validation_014,validation,16,6,5,0,322,322,0
validation_014,validation,16,6,6,0,101,101,0
validation_014,validation,16,6,7,0,98,98,0
validation_014,validation,16,6,8,0,266,266,0
validation_014,validation,16,6,9,0,387,387,0
validation_014,validation,16,6,10,0,561,561,0
validation_014,validation,16,6,11,0,820,820,0
validation_014,validation,16,6,12,0,1253,1253,0
validation_014,validation,16,6,13,0,1516,1516,0
validation_014,validation,16,6,14,0,815,815,0
validation_014,validation,16,6,15,0,303,303,0
validation_014,validation,16,7,0,0,0,0,0
validation_014,validation,16,7,1,0,41,41,0
validation_014,validation,16,7,2,0,116,116,0
validation_014,validation,16,7,3,0,116,116,0
validation_014,validation,16,7,4,0,475,475,0
validation_014,validation,16,7,5,0,1170,1170,0
validation_014,validation,16,7,6,0,255,255,0
validation_014,validation,16,7,7,0,175,175,0
validation_014,validation,16,7,8,0,192,192,0
validation_014,validation,16,7,9,0,115,115,0
validation_014,validation,16,7,10,0,359,359,0
validation_014,validation,16,7,11,0,1437,1437,0
validation_014,validation,16,7,12,0,971,971,0
validation_014,validation,16,7,13,0,289,289,0
validation_014,validation,16,7,14,0,200,200,0
validation_014,validation,16,7,15,0,20,20,0
validation_014,validation,16,8,0,4,0,0,4
validation_014,validation,16,8,1,0,18,18,0
validation_014,validation,16,8,2,0,772,724,0
validation_014,validation,16,8,3,1,448,447,1
validation_014,validation,16,8,4,26,295,285,16
validation_014,validation,16,8,5,0,312,312,0
validation_014,validation,16,8,6,0,177,177,0
validation_014,validation,16,8,7,0,245,245,0
validation_014,validation,16,8,8,0,56,56,0
validation_014,validation,16,8,9,0,196,196,0
validation_014,validation,16,8,10,0,234,234,0
validation_014,validation,16,8,11,0,294,294,0
validation_014,validation,16,8,12,0,280,280,0
validation_014,validation,16,8,13,0,66,66,0
validation_014,validation,16,8,14,0,18,18,0
validation_014,validation,16,8,15,0,1,1,0
validation_014,validation,16,9,0,1027,5,0,1022
validation_014,validation,16,9,1,1414,424,0,990
validation_014,validation,16,9,2,434,474,137,178
validation_014,validation,16,9,3,444,1387,741,292
validation_014,validation,16,9,4,501,482,211,416
validation_014,validation,16,9,5,45,34,32,43
validation_014,validation,16,9,6,0,84,84,0
validation_014,validation,16,9,7,0,355,355,0
validation_014,validation,16,9,8,0,659,659,0
validation_014,validation,16,9,9,0,0,0,0
validation_014,validation,16,9,10,0,57,57,0
validation_014,validation,16,9,11,0,51,51,0
validation_014,validation,16,9,12,0,104,104,0
validation_014,validation,16,9,13,0,11,11,0
validation_014,validation,16,9,14,0,0,0,0
validation_014,validation,16,9,15,0,0,0,0
validation_014,validation,16,10,0,111,0,0,111
validation_014,validation,16,10,1,779,204,0,575
validation_014,validation,16,10,2,2225,1466,7,777
validation_014,validation,16,10,3,1867,906,11,978
validation_014,validation,16,10,4,925,210,14,736
validation_014,validation,16,10,5,18,12,11,18
validation_014,validation,16,10,6,0,4,4,0
validation_014,validation,16,10,7,0,34,34,0
validation_014,validation,16,10,8,0,6,6,0
validation_014,validation,16,10,9,0,0,0,0
validation_014,validation,16,10,10,0,0,0,0
validation_014,validation,16,10,11,0,0,0,0
validation_014,validation,16,10,12,0,0,0,0
validation_014,validation,16,10,13,0,0,0,0
validation_014,validation,16,10,14,0,0,0,0
validation_014,validation,16,10,15,0,0,0,0
validation_014,validation,16,11,0,0,0,0,0
validation_014,validation,16,11,1,0,0,0,0
validation_014,validation,16,11,2,0,0,0,0
validation_014,validation,16,11,3,0,0,0,0
validation_014,validation,16,11,4,70,0,0,70
validation_014,validation,16,11,5,0,0,0,0
validation_014,validation,16,11,6,0,0,0,0
validation_014,validation,16,11,7,0,0,0,0
validation_014,validation,16,11,8,0,0,0,0
validation_014,validation,16,11,9,0,0,0,0
validation_014,validation,16,11,10,0,0,0,0
validation_014,validation,16,11,11,0,0,0,0
validation_014,validation,16,11,12,0,0,0,0
validation_014,validation,16,11,13,0,0,0,0
validation_014,validation,16,11,14,0,0,0,0
validation_014,validation,16,11,15,0,0,0,0
validation_014,validation,16,12,0,0,0,0,0
validation_014,validation,16,12,1,0,0,0,0
validation_014,validation,16,12,2,0,0,0,0
validation_014,validation,16,12,3,0,0,0,0
validation_014,validation,16,12,4,0,0,0,0
validation_014,validation,16,12,5,0,0,0,0
validation_014,validation,16,12,6,0,0,0,0
validation_014,validation,16,12,7,0,0,0,0
validation_014,validation,16,12,8,0,0,0,0
validation_014,validation,16,12,9,0,0,0,0
validation_014,validation,16,12,10,0,0,0,0
validation_014,validation,16,12,11,0,0,0,0
validation_014,validation,16,12,12,0,0,0,0
validation_014,validation,16,12,13,0,0,0,0
validation_014,validation,16,12,14,0,0,0,0
validation_014,validation,16,12,15,0,0,0,0
validation_014,validation,16,13,0,0,0,0,0
validation_014,validation,16,13,1,0,0,0,0
validation_014,validation,16,13,2,0,0,0,0
validation_014,validation,16,13,3,0,0,0,0
validation_014,validation,16,13,4,0,0,0,0
validation_014,validation,16,13,5,0,0,0,0
validation_014,validation,16,13,6,0,0,0,0
validation_014,validation,16,13,7,0,0,0,0
validation_014,validation,16,13,8,0,0,0,0
validation_014,validation,16,13,9,0,0,0,0
validation_014,validation,16,13,10,0,0,0,0
validation_014,validation,16,13,11,0,0,0,0
validation_014,validation,16,13,12,0,0,0,0
validation_014,validation,16,13,13,0,0,0,0
validation_014,validation,16,13,14,0,0,0,0
validation_014,validation,16,13,15,0,0,0,0
validation_014,validation,16,14,0,0,0,0,0
validation_014,validation,16,14,1,0,0,0,0
validation_014,validation,16,14,2,0,0,0,0
validation_014,validation,16,14,3,0,0,0,0
validation_014,validation,16,14,4,0,0,0,0
validation_014,validation,16,14,5,0,0,0,0
validation_014,validation,16,14,6,0,0,0,0
validation_014,validation,16,14,7,0,0,0,0
validation_014,validation,16,14,8,0,0,0,0
validation_014,validation,16,14,9,0,0,0,0
validation_014,validation,16,14,10,0,0,0,0
validation_014,validation,16,14,11,0,0,0,0
validation_014,validation,16,14,12,0,0,0,0
validation_014,validation,16,14,13,0,0,0,0
validation_014,validation,16,14,14,0,0,0,0
validation_014,validation,16,14,15,0,0,0,0
validation_014,validation,16,15,0,0,0,0,0
validation_014,validation,16,15,1,0,0,0,0
validation_014,validation,16,15,2,0,0,0,0
validation_014,validation,16,15,3,0,0,0,0
validation_014,validation,16,15,4,0,0,0,0
validation_014,validation,16,15,5,0,0,0,0
validation_014,validation,16,15,6,0,0,0,0
validation_014,validation,16,15,7,0,0,0,0
validation_014,validation,16,15,8,0,0,0,0
validation_014,validation,16,15,9,0,0,0,0
validation_014,validation,16,15,10,0,0,0,0
validation_014,validation,16,15,11,0,0,0,0
validation_014,validation,16,15,12,0,0,0,0
validation_014,validation,16,15,13,0,0,0,0
validation_014,validation,16,15,14,0,0,0,0
validation_014,validation,16,15,15,0,0,0,0
validation_015,validation,16,0,0,0,0,0,0
validation_015,validation,16,0,1,0,0,0,0
validation_015,validation,16,0,2,0,0,0,0
validation_015,validation,16,0,3,0,0,0,0
validation_015,validation,16,0,4,0,0,0,0
validation_015,validation,16,0,5,0,0,0,0
validation_015,validation,16,0,6,0,0,0,0
validation_015,validation,16,0,7,0,0,0,0
validation_015,validation,16,0,8,0,0,0,0
validation_015,validation,16,0,9,0,0,0,0
validation_015,validation,16,0,10,0,0,0,0
validation_015,validation,16,0,11,0,0,0,0
validation_015,validation,16,0,12,0,0,0,0
validation_015,validation,16,0,13,0,0,0,0
validation_015,validation,16,0,14,0,0,0,0
validation_015,validation,16,0,15,0,0,0,0
validation_015,validation,16,1,0,0,0,0,0
validation_015,validation,16,1,1,0,0,0,0
validation_015,validation,16,1,2,0,0,0,0
validation_015,validation,16,1,3,0,0,0,0
validation_015,validation,16,1,4,0,0,0,0
validation_015,validation,16,1,5,0,0,0,0
validation_015,validation,16,1,6,0,0,0,0
validation_015,validation,16,1,7,0,0,0,0
validation_015,validation,16,1,8,0,0,0,0
validation_015,validation,16,1,9,0,0,0,0
validation_015,validation,16,1,10,0,0,0,0
validation_015,validation,16,1,11,0,0,0,0
validation_015,validation,16,1,12,0,0,0,0
validation_015,validation,16,1,13,0,0,0,0
validation_015,validation,16,1,14,0,0,0,0
validation_015,validation,16,1,15,0,0,0,0
validation_015,validation,16,2,0,0,0,0,0
validation_015,validation,16,2,1,0,0,0,0
validation_015,validation,16,2,2,0,0,0,0
validation_015,validation,16,2,3,0,8,8,0
validation_015,validation,16,2,4,9,65,65,9
validation_015,validation,16,2,5,85,9,9,85
validation_015,validation,16,2,6,0,0,0,0
validation_015,validation,16,2,7,0,0,0,0
validation_015,validation,16,2,8,0,0,0,0
validation_015,validation,16,2,9,0,0,0,0
validation_015,validation,16,2,10,0,0,0,0
validation_015,validation,16,2,11,0,0,0,0
validation_015,validation,16,2,12,0,0,0,0
validation_015,validation,16,2,13,0,0,0,0
validation_015,validation,16,2,14,0,0,0,0
validation_015,validation,16,2,15,0,0,0,0
validation_015,validation,16,3,0,0,0,0,0
validation_015,validation,16,3,1,0,0,0,0
validation_015,validation,16,3,2,0,4,4,0
validation_015,validation,16,3,3,0,365,365,0
validation_015,validation,16,3,4,107,663,656,101
validation_015,validation,16,3,5,834,1029,562,367
validation_015,validation,16,3,6,152,86,19,85
validation_015,validation,16,3,7,0,15,15,0
validation_015,validation,16,3,8,0,44,44,0
validation_015,validation,16,3,9,0,100,100,0
validation_015,validation,16,3,10,0,93,93,0
validation_015,validation,16,3,11,0,151,151,0
validation_015,validation,16,3,12,0,0,0,0
validation_015,validation,16,3,13,0,0,0,0
validation_015,validation,16,3,14,0,0,0,0
validation_015,validation,16,3,15,0,0,0,0
validation_015,validation,16,4,0,0,0,0,0
validation_015,validation,16,4,1,0,0,0,0
validation_015,validation,16,4,2,0,114,114,0
validation_015,validation,16,4,3,0,708,708,0
validation_015,validation,16,4,4,10,421,421,10
validation_015,validation,16,4,5,49,372,343,23
validation_015,validation,16,4,6,6,351,347,6
validation_015,validation,16,4,7,0,74,74,0
validation_015,validation,16,4,8,0,83,83,0
validation_015,validation,16,4,9,0,94,94,0
validation_015,validation,16,4,10,0,83,83,0
validation_015,validation,16,4,11,0,86,86,0
validation_015,validation,16,4,12,0,259,259,0
validation_015,validation,16,4,13,0,20,20,0
validation_015,validation,16,4,14,0,0,0,0
validation_015,validation,16,4,15,0,0,0,0
validation_015,validation,16,5,0,0,0,0,0
validation_015,validation,16,5,1,0,0,0,0
validation_015,validation,16,5,2,0,133,133,0
validation_015,validation,16,5,3,0,616,616,0
validation_015,validation,16,5,4,0,584,584,0
validation_015,validation,16,5,5,0,490,490,0
validation_015,validation,16,5,6,0,371,371,0
validation_015,validation,16,5,7,0,157,157,0
validation_015,validation,16,5,8,0,0,0,0
validation_015,validation,16,5,9,0,38,38,0
validation_015,validation,16,5,10,0,143,143,0
validation_015,validation,16,5,11,0,313,313,0
validation_015,validation,16,5,12,0,209,209,0
validation_015,validation,16,5,13,0,304,304,0
validation_015,validation,16,5,14,0,1,1,0
validation_015,validation,16,5,15,0,0,0,0
validation_015,validation,16,6,0,0,0,0,0
validation_015,validation,16,6,1,0,29,29,0
validation_015,validation,16,6,2,0,461,461,0
validation_015,validation,16,6,3,0,350,350,0
validation_015,validation,16,6,4,53,237,230,46
validation_015,validation,16,6,5,507,811,483,180
validation_015,validation,16,6,6,610,437,145,318
validation_015,validation,16,6,7,370,186,58,242
validation_015,validation,16,6,8,0,7,7,0
validation_015,validation,16,6,9,0,51,51,0
validation_015,validation,16,6,10,0,171,171,0
validation_015,validation,16,6,11,0,320,320,0
validation_015,validation,16,6,12,0,620,620,0
validation_015,validation,16,6,13,0,172,172,0
validation_015,validation,16,6,14,0,296,296,0
validation_015,validation,16,6,15,0,0,0,0
validation_015,validation,16,7,0,0,2,2,0
validation_015,validation,16,7,1,0,314,314,0
validation_015,validation,16,7,2,0,608,608,0
validation_015,validation,16,7,3,0,168,168,0
validation_015,validation,16,7,4,0,173,173,0
validation_015,validation,16,7,5,6,264,264,6
validation_015,validation,16,7,6,6,381,381,6
validation_015,validation,16,7,7,11,93,93,11
validation_015,validation,16,7,8,0,16,16,0
validation_015,validation,16,7,9,0,353,353,0
validation_015,validation,16,7,10,0,407,407,0
validation_015,validation,16,7,11,0,420,420,0
validation_015,validation,16,7,12,0,449,449,0
validation_015,validation,16,7,13,0,701,701,0
validation_015,validation,16,7,14,0,331,331,0
validation_015,validation,16,7,15,0,1,1,0
validation_015,validation,16,8,0,0,0,0,0
validation_015,validation,16,8,1,0,8,8,0
validation_015,validation,16,8,2,0,0,0,0
validation_015,validation,16,8,3,0,91,91,0
validation_015,validation,16,8,4,0,271,271,0
validation_015,validation,16,8,5,0,232,232,0
validation_015,validation,16,8,6,0,489,489,0
validation_015,validation,16,8,7,0,708,708,0
validation_015,validation,16,8,8,0,699,699,0
validation_015,validation,16,8,9,0,429,429,0
validation_015,validation,16,8,10,0,483,483,0
validation_015,validation,16,8,11,0,533,533,0
validation_015,validation,16,8,12,0,695,695,0
validation_015,validation,16,8,13,0,461,461,0
validation_015,validation,16,8,14,0,60,60,0
validation_015,validation,16,8,15,0,0,0,0
validation_015,validation,16,9,0,0,0,0,0
validation_015,validation,16,9,1,0,0,0,0
validation_015,validation,16,9,2,0,0,0,0
validation_015,validation,16,9,3,0,7,7,0
validation_015,validation,16,9,4,0,26,26,0
validation_015,validation,16,9,5,0,175,175,0
validation_015,validation,16,9,6,0,543,543,0
validation_015,validation,16,9,7,0,719,719,0
validation_015,validation,16,9,8,0,324,324,0
validation_015,validation,16,9,9,0,612,612,0
validation_015,validation,16,9,10,0,1044,1044,0
validation_015,validation,16,9,11,0,811,811,0
validation_015,validation,16,9,12,0,268,268,0
validation_015,validation,16,9,13,0,3,3,0
validation_015,validation,16,9,14,0,0,0,0
validation_015,validation,16,9,15,0,0,0,0
validation_015,validation,16,10,0,0,0,0,0
validation_015,validation,16,10,1,0,0,0,0
validation_015,validation,16,10,2,0,0,0,0
validation_015,validation,16,10,3,0,1,1,0
validation_015,validation,16,10,4,0,27,27,0
validation_015,validation,16,10,5,0,14,14,0
validation_015,validation,16,10,6,0,131,131,0
validation_015,validation,16,10,7,0,489,489,0
validation_015,validation,16,10,8,0,375,375,0
validation_015,validation,16,10,9,0,589,589,0
validation_015,validation,16,10,10,0,315,315,0
validation_015,validation,16,10,11,0,1,1,0
validation_015,validation,16,10,12,0,0,0,0
validation_015,validation,16,10,13,0,0,0,0
validation_015,validation,16,10,14,0,0,0,0
validation_015,validation,16,10,15,0,0,0,0
validation_015,validation,16,11,0,0,0,0,0
validation_015,validation,16,11,1,0,0,0,0
validation_015,validation,16,11,2,0,5,5,0
validation_015,validation,16,11,3,0,13,13,0
validation_015,validation,16,11,4,0,2,2,0
validation_015,validation,16,11,5,0,0,0,0
validation_015,validation,16,11,6,0,10,10,0
validation_015,validation,16,11,7,0,0,0,0
validation_015,validation,16,11,8,0,0,0,0
validation_015,validation,16,11,9,0,0,0,0
validation_015,validation,16,11,10,0,0,0,0
validation_015,validation,16,11,11,0,0,0,0
validation_015,validation,16,11,12,0,0,0,0
validation_015,validation,16,11,13,0,0,0,0
validation_015,validation,16,11,14,0,0,0,0
validation_015,validation,16,11,15,0,0,0,0
validation_015,validation,16,12,0,0,0,0,0
validation_015,validation,16,12,1,0,0,0,0
validation_015,validation,16,12,2,0,0,0,0
validation_015,validation,16,12,3,0,0,0,0
validation_015,validation,16,12,4,0,0,0,0
validation_015,validation,16,12,5,0,0,0,0
validation_015,validation,16,12,6,0,1,1,0
validation_015,validation,16,12,7,0,0,0,0
validation_015,validation,16,12,8,0,0,0,0
validation_015,validation,16,12,9,0,0,0,0
validation_015,validation,16,12,10,0,0,0,0
validation_015,validation,16,12,11,0,0,0,0
validation_015,validation,16,12,12,0,0,0,0
validation_015,validation,16,12,13,0,0,0,0
validation_015,validation,16,12,14,0,0,0,0
validation_015,validation,16,12,15,0,0,0,0
validation_015,validation,16,13,0,0,0,0,0
validation_015,validation,16,13,1,0,0,0,0
validation_015,validation,16,13,2,0,0,0,0
validation_015,validation,16,13,3,0,0,0,0
validation_015,validation,16,13,4,0,0,0,0
validation_015,validation,16,13,5,0,0,0,0
validation_015,validation,16,13,6,0,0,0,0
validation_015,validation,16,13,7,0,0,0,0
validation_015,validation,16,13,8,0,0,0,0
validation_015,validation,16,13,9,0,0,0,0
validation_015,validation,16,13,10,0,0,0,0
validation_015,validation,16,13,11,0,0,0,0
validation_015,validation,16,13,12,0,0,0,0
validation_015,validation,16,13,13,0,0,0,0
validation_015,validation,16,13,14,0,0,0,0
validation_015,validation,16,13,15,0,0,0,0
validation_015,validation,16,14,0,0,0,0,0
validation_015,validation,16,14,1,0,0,0,0
validation_015,validation,16,14,2,0,0,0,0
validation_015,validation,16,14,3,0,0,0,0
validation_015,validation,16,14,4,0,0,0,0
validation_015,validation,16,14,5,0,0,0,0
validation_015,validation,16,14,6,0,0,0,0
validation_015,validation,16,14,7,0,0,0,0
validation_015,validation,16,14,8,0,0,0,0
validation_015,validation,16,14,9,0,0,0,0
validation_015,validation,16,14,10,0,0,0,0
validation_015,validation,16,14,11,0,0,0,0
validation_015,validation,16,14,12,0,0,0,0
validation_015,validation,16,14,13,0,0,0,0
validation_015,validation,16,14,14,0,0,0,0
validation_015,validation,16,14,15,0,0,0,0
validation_015,validation,16,15,0,0,0,0,0
validation_015,validation,16,15,1,0,0,0,0
validation_015,validation,16,15,2,0,0,0,0
validation_015,validation,16,15,3,0,0,0,0
validation_015,validation,16,15,4,0,0,0,0
validation_015,validation,16,15,5,0,0,0,0
validation_015,validation,16,15,6,0,0,0,0
validation_015,validation,16,15,7,0,0,0,0
validation_015,validation,16,15,8,0,0,0,0
validation_015,validation,16,15,9,0,0,0,0
validation_015,validation,16,15,10,0,0,0,0
validation_015,validation,16,15,11,0,0,0,0
validation_015,validation,16,15,12,0,0,0,0
validation_015,validation,16,15,13,0,0,0,0
validation_015,validation,16,15,14,0,0,0,0
validation_015,validation,16,15,15,0,0,0,0
validation_016,validation,16,0,0,0,0,0,0
validation_016,validation,16,0,1,0,0,0,0
validation_016,validation,16,0,2,0,0,0,0
validation_016,validation,16,0,3,0,0,0,0
validation_016,validation,16,0,4,0,0,0,0
validation_016,validation,16,0,5,0,0,0,0
validation_016,validation,16,0,6,0,0,0,0
validation_016,validation,16,0,7,0,0,0,0
validation_016,validation,16,0,8,0,0,0,0
validation_016,validation,16,0,9,0,0,0,0
validation_016,validation,16,0,10,0,0,0,0
validation_016,validation,16,0,11,0,0,0,0
validation_016,validation,16,0,12,0,0,0,0
validation_016,validation,16,0,13,0,0,0,0
validation_016,validation,16,0,14,0,0,0,0
validation_016,validation,16,0,15,0,0,0,0
validation_016,validation,16,1,0,0,0,0,0
validation_016,validation,16,1,1,0,0,0,0
validation_016,validation,16,1,2,0,0,0,0
validation_016,validation,16,1,3,0,0,0,0
validation_016,validation,16,1,4,0,0,0,0
validation_016,validation,16,1,5,0,0,0,0
validation_016,validation,16,1,6,0,0,0,0
validation_016,validation,16,1,7,0,0,0,0
validation_016,validation,16,1,8,0,0,0,0
validation_016,validation,16,1,9,0,0,0,0
validation_016,validation,16,1,10,0,0,0,0
validation_016,validation,16,1,11,0,0,0,0
validation_016,validation,16,1,12,0,0,0,0
validation_016,validation,16,1,13,0,0,0,0
validation_016,validation,16,1,14,0,0,0,0
validation_016,validation,16,1,15,0,0,0,0
validation_016,validation,16,2,0,0,0,0,0
validation_016,validation,16,2,1,0,0,0,0
validation_016,validation,16,2,2,0,0,0,0
validation_016,validation,16,2,3,0,0,0,0
validation_016,validation,16,2,4,0,1,1,0
validation_016,validation,16,2,5,0,0,0,0
validation_016,validation,16,2,6,0,0,0,0
validation_016,validation,16,2,7,0,0,0,0
validation_016,validation,16,2,8,0,0,0,0
validation_016,validation,16,2,9,0,0,0,0
validation_016,validation,16,2,10,0,0,0,0
validation_016,validation,16,2,11,0,0,0,0
validation_016,validation,16,2,12,0,0,0,0
validation_016,validation,16,2,13,0,0,0,0
validation_016,validation,16,2,14,0,0,0,0
validation_016,validation,16,2,15,0,0,0,0
validation_016,validation,16,3,0,0,0,0,0
validation_016,validation,16,3,1,0,0,0,0
validation_016,validation,16,3,2,0,0,0,0
validation_016,validation,16,3,3,0,0,0,0
validation_016,validation,16,3,4,0,0,0,0
validation_016,validation,16,3,5,0,0,0,0
validation_016,validation,16,3,6,0,0,0,0
validation_016,validation,16,3,7,0,0,0,0
validation_016,validation,16,3,8,0,1,1,0
validation_016,validation,16,3,9,0,0,0,0
validation_016,validation,16,3,10,0,1,1,0
validation_016,validation,16,3,11,0,165,165,0
validation_016,validation,16,3,12,0,357,357,0
validation_016,validation,16,3,13,0,11,11,0
validation_016,validation,16,3,14,0,0,0,0
validation_016,validation,16,3,15,0,0,0,0
validation_016,validation,16,4,0,0,0,0,0
validation_016,validation,16,4,1,0,0,0,0
validation_016,validation,16,4,2,0,0,0,0
validation_016,validation,16,4,3,0,2,2,0
validation_016,validation,16,4,4,0,259,259,0
validation_016,validation,16,4,5,0,690,690,0
validation_016,validation,16,4,6,0,429,429,0
validation_016,validation,16,4,7,0,611,611,0
validation_016,validation,16,4,8,0,1587,1587,0
validation_016,validation,16,4,9,0,863,863,0
validation_016,validation,16,4,10,0,548,548,0
validation_016,validation,16,4,11,0,1157,1157,0
validation_016,validation,16,4,12,0,1892,1892,0
validation_016,validation,16,4,13,0,129,129,0
validation_016,validation,16,4,14,0,0,0,0
validation_016,validation,16,4,15,0,0,0,0
validation_016,validation,16,5,0,0,0,0,0
validation_016,validation,16,5,1,0,0,0,0
validation_016,validation,16,5,2,0,0,0,0
validation_016,validation,16,5,3,0,282,282,0
validation_016,validation,16,5,4,0,596,596,0
validation_016,validation,16,5,5,0,172,172,0
validation_016,validation,16,5,6,0,494,494,0
validation_016,validation,16,5,7,0,927,927,0
validation_016,validation,16,5,8,0,2003,2003,0
validation_016,validation,16,5,9,36,1997,1903,0
validation_016,validation,16,5,10,453,2500,1773,0
validation_016,validation,16,5,11,131,1492,1276,0
validation_016,validation,16,5,12,0,866,866,0
validation_016,validation,16,5,13,0,5,5,0
validation_016,validation,16,5,14,0,0,0,0
validation_016,validation,16,5,15,0,0,0,0
validation_016,validation,16,6,0,0,0,0,0
validation_016,validation,16,6,1,0,0,0,0
validation_016,validation,16,6,2,0,1,1,0
validation_016,validation,16,6,3,0,136,136,0
validation_016,validation,16,6,4,0,197,197,0
validation_016,validation,16,6,5,0,58,58,0
validation_016,validation,16,6,6,0,312,312,0
validation_016,validation,16,6,7,0,978,978,0
validation_016,validation,16,6,8,0,787,787,0
validation_016,validation,16,6,9,261,1222,775,0
validation_016,validation,16,6,10,612,2362,1277,0
validation_016,validation,16,6,11,19,1038,954,1
validation_016,validation,16,6,12,0,600,600,0
validation_016,validation,16,6,13,0,0,0,0
validation_016,validation,16,6,14,0,0,0,0
validation_016,validation,16,6,15,0,0,0,0
validation_016,validation,16,7,0,0,0,0,0
validation_016,validation,16,7,1,0,0,0,0
validation_016,validation,16,7,2,0,0,0,0
validation_016,validation,16,7,3,0,0,0,0
validation_016,validation,16,7,4,0,0,0,0
validation_016,validation,16,7,5,0,3,3,0
validation_016,validation,16,7,6,0,178,178,0
validation_016,validation,16,7,7,0,432,432,0
validation_016,validation,16,7,8,0,594,594,0
validation_016,validation,16,7,9,0,351,336,0
validation_016,validation,16,7,10,7,338,299,1
validation_016,validation,16,7,11,93,659,577,12
validation_016,validation,16,7,12,0,327,327,0
validation_016,validation,16,7,13,0,23,23,0
validation_016,validation,16,7,14,0,0,0,0
validation_016,validation,16,7,15,0,0,0,0
validation_016,validation,16,8,0,0,0,0,0
validation_016,validation,16,8,1,0,0,0,0
validation_016,validation,16,8,2,0,0,0,0
validation_016,validation,16,8,3,0,0,0,0
validation_016,validation,16,8,4,0,0,0,0
validation_016,validation,16,8,5,0,7,7,0
validation_016,validation,16,8,6,0,69,69,0
validation_016,validation,16,8,7,0,69,69,0
validation_016,validation,16,8,8,0,106,106,0
validation_016,validation,16,8,9,0,30,30,0
validation_016,validation,16,8,10,0,235,235,0
validation_016,validation,16,8,11,0,273,273,0
validation_016,validation,16,8,12,0,97,97,0
validation_016,validation,16,8,13,0,3,3,0
validation_016,validation,16,8,14,0,0,0,0
validation_016,validation,16,8,15,0,0,0,0
validation_016,validation,16,9,0,0,0,0,0
validation_016,validation,16,9,1,0,0,0,0
validation_016,validation,16,9,2,0,0,0,0
validation_016,validation,16,9,3,0,107,107,0
validation_016,validation,16,9,4,0,99,99,0
validation_016,validation,16,9,5,0,62,62,0
validation_016,validation,16,9,6,0,4,4,0
validation_016,validation,16,9,7,0,13,13,0
validation_016,validation,16,9,8,0,189,189,0
validation_016,validation,16,9,9,0,758,758,0
validation_016,validation,16,9,10,0,187,187,0
validation_016,validation,16,9,11,0,176,176,0
validation_016,validation,16,9,12,0,3,3,0
validation_016,validation,16,9,13,0,0,0,0
validation_016,validation,16,9,14,0,0,0,0
validation_016,validation,16,9,15,0,0,0,0
validation_016,validation,16,10,0,0,0,0,0
validation_016,validation,16,10,1,0,0,0,0
validation_016,validation,16,10,2,0,0,0,0
validation_016,validation,16,10,3,0,133,133,0
validation_016,validation,16,10,4,0,415,415,0
validation_016,validation,16,10,5,0,40,40,0
validation_016,validation,16,10,6,0,681,681,0
validation_016,validation,16,10,7,0,651,651,0
validation_016,validation,16,10,8,0,81,81,0
validation_016,validation,16,10,9,0,18,18,0
validation_016,validation,16,10,10,0,29,29,0
validation_016,validation,16,10,11,0,15,15,0
validation_016,validation,16,10,12,0,0,0,0
validation_016,validation,16,10,13,0,0,0,0
validation_016,validation,16,10,14,0,0,0,0
validation_016,validation,16,10,15,0,0,0,0
validation_016,validation,16,11,0,0,0,0,0
validation_016,validation,16,11,1,0,0,0,0
validation_016,validation,16,11,2,0,0,0,0
validation_016,validation,16,11,3,0,0,0,0
validation_016,validation,16,11,4,0,0,0,0
validation_016,validation,16,11,5,0,0,0,0
validation_016,validation,16,11,6,0,0,0,0
validation_016,validation,16,11,7,0,0,0,0
validation_016,validation,16,11,8,0,0,0,0
validation_016,validation,16,11,9,0,12,12,0
validation_016,validation,16,11,10,0,0,0,0
validation_016,validation,16,11,11,0,0,0,0
validation_016,validation,16,11,12,0,0,0,0
validation_016,validation,16,11,13,0,0,0,0
validation_016,validation,16,11,14,0,0,0,0
validation_016,validation,16,11,15,0,0,0,0
validation_016,validation,16,12,0,0,0,0,0
validation_016,validation,16,12,1,0,0,0,0
validation_016,validation,16,12,2,0,0,0,0
validation_016,validation,16,12,3,0,4,4,0
validation_016,validation,16,12,4,0,3,3,0
validation_016,validation,16,12,5,0,2,2,0
validation_016,validation,16,12,6,0,1,1,0
validation_016,validation,16,12,7,0,44,44,0
validation_016,validation,16,12,8,0,101,101,0
validation_016,validation,16,12,9,0,0,0,0
validation_016,validation,16,12,10,0,0,0,0
validation_016,validation,16,12,11,0,0,0,0
validation_016,validation,16,12,12,0,0,0,0
validation_016,validation,16,12,13,0,0,0,0
validation_016,validation,16,12,14,0,0,0,0
validation_016,validation,16,12,15,0,0,0,0
validation_016,validation,16,13,0,0,0,0,0
validation_016,validation,16,13,1,0,0,0,0
validation_016,validation,16,13,2,0,0,0,0
validation_016,validation,16,13,3,0,0,0,0
validation_016,validation,16,13,4,0,3,3,0
validation_016,validation,16,13,5,0,1,1,0
validation_016,validation,16,13,6,0,20,20,0
validation_016,validation,16,13,7,0,0,0,0
validation_016,validation,16,13,8,0,0,0,0
validation_016,validation,16,13,9,0,0,0,0
validation_016,validation,16,13,10,0,0,0,0
validation_016,validation,16,13,11,0,0,0,0
validation_016,validation,16,13,12,0,0,0,0
validation_016,validation,16,13,13,0,0,0,0
validation_016,validation,16,13,14,0,0,0,0
validation_016,validation,16,13,15,0,0,0,0
validation_016,validation,16,14,0,0,0,0,0
validation_016,validation,16,14,1,0,0,0,0
validation_016,validation,16,14,2,0,0,0,0
validation_016,validation,16,14,3,0,0,0,0
validation_016,validation,16,14,4,0,0,0,0
validation_016,validation,16,14,5,0,0,0,0
validation_016,validation,16,14,6,0,0,0,0
validation_016,validation,16,14,7,0,0,0,0
validation_016,validation,16,14,8,0,0,0,0
validation_016,validation,16,14,9,0,0,0,0
validation_016,validation,16,14,10,0,0,0,0
validation_016,validation,16,14,11,0,0,0,0
validation_016,validation,16,14,12,0,0,0,0
validation_016,validation,16,14,13,0,0,0,0
validation_016,validation,16,14,14,0,0,0,0
validation_016,validation,16,14,15,0,0,0,0
validation_016,validation,16,15,0,0,0,0,0
validation_016,validation,16,15,1,0,0,0,0
validation_016,validation,16,15,2,0,0,0,0
validation_016,validation,16,15,3,0,0,0,0
validation_016,validation,16,15,4,0,0,0,0
validation_016,validation,16,15,5,0,0,0,0
validation_016,validation,16,15,6,0,0,0,0
validation_016,validation,16,15,7,0,0,0,0
validation_016,validation,16,15,8,0,0,0,0
validation_016,validation,16,15,9,0,0,0,0
validation_016,validation,16,15,10,0,0,0,0
validation_016,validation,16,15,11,0,0,0,0
validation_016,validation,16,15,12,0,0,0,0
validation_016,validation,16,15,13,0,0,0,0
validation_016,validation,16,15,14,0,0,0,0
validation_016,validation,16,15,15,0,0,0,0
validation_017,validation,16,0,0,0,0,0,0
validation_017,validation,16,0,1,0,0,0,0
validation_017,validation,16,0,2,0,0,0,0
validation_017,validation,16,0,3,0,0,0,0
validation_017,validation,16,0,4,0,0,0,0
validation_017,validation,16,0,5,0,0,0,0
validation_017,validation,16,0,6,0,0,0,0
validation_017,validation,16,0,7,0,0,0,0
validation_017,validation,16,0,8,0,0,0,0
validation_017,validation,16,0,9,0,0,0,0
validation_017,validation,16,0,10,0,0,0,0
validation_017,validation,16,0,11,0,0,0,0
validation_017,validation,16,0,12,0,0,0,0
validation_017,validation,16,0,13,0,0,0,0
validation_017,validation,16,0,14,0,0,0,0
validation_017,validation,16,0,15,0,0,0,0
validation_017,validation,16,1,0,0,0,0,0
validation_017,validation,16,1,1,0,0,0,0
validation_017,validation,16,1,2,0,0,0,0
validation_017,validation,16,1,3,0,0,0,0
validation_017,validation,16,1,4,0,0,0,0
validation_017,validation,16,1,5,0,0,0,0
validation_017,validation,16,1,6,0,0,0,0
validation_017,validation,16,1,7,0,0,0,0
validation_017,validation,16,1,8,0,0,0,0
validation_017,validation,16,1,9,0,0,0,0
validation_017,validation,16,1,10,0,0,0,0
validation_017,validation,16,1,11,0,0,0,0
validation_017,validation,16,1,12,0,0,0,0
validation_017,validation,16,1,13,0,0,0,0
validation_017,validation,16,1,14,0,0,0,0
validation_017,validation,16,1,15,0,0,0,0
validation_017,validation,16,2,0,0,0,0,0
validation_017,validation,16,2,1,0,0,0,0
validation_017,validation,16,2,2,0,0,0,0
validation_017,validation,16,2,3,0,0,0,0
validation_017,validation,16,2,4,0,0,0,0
validation_017,validation,16,2,5,0,0,0,0
validation_017,validation,16,2,6,0,0,0,0
validation_017,validation,16,2,7,0,0,0,0
validation_017,validation,16,2,8,0,0,0,0
validation_017,validation,16,2,9,0,0,0,0
validation_017,validation,16,2,10,0,0,0,0
validation_017,validation,16,2,11,0,0,0,0
validation_017,validation,16,2,12,0,0,0,0
validation_017,validation,16,2,13,0,0,0,0
validation_017,validation,16,2,14,0,0,0,0
validation_017,validation,16,2,15,0,0,0,0
validation_017,validation,16,3,0,0,0,0,0
validation_017,validation,16,3,1,0,0,0,0
validation_017,validation,16,3,2,0,0,0,0
validation_017,validation,16,3,3,0,728,728,0
validation_017,validation,16,3,4,0,770,770,0
validation_017,validation,16,3,5,0,420,420,0
validation_017,validation,16,3,6,0,68,68,0
validation_017,validation,16,3,7,0,49,49,0
validation_017,validation,16,3,8,0,146,146,0
validation_017,validation,16,3,9,0,34,34,0
validation_017,validation,16,3,10,0,0,0,0
validation_017,validation,16,3,11,0,169,169,0
validation_017,validation,16,3,12,0,11,11,0
validation_017,validation,16,3,13,0,0,0,0
validation_017,validation,16,3,14,0,0,0,0
validation_017,validation,16,3,15,0,0,0,0
validation_017,validation,16,4,0,0,0,0,0
validation_017,validation,16,4,1,0,0,0,0
validation_017,validation,16,4,2,0,10,10,0
validation_017,validation,16,4,3,0,1378,1378,0
validation_017,validation,16,4,4,0,2213,2213,0
validation_017,validation,16,4,5,0,2156,2156,0
validation_017,validation,16,4,6,32,2655,2473,0
validation_017,validation,16,4,7,69,3021,2814,2
validation_017,validation,16,4,8,1,2454,2448,1
validation_017,validation,16,4,9,0,705,705,0
validation_017,validation,16,4,10,0,30,30,0
validation_017,validation,16,4,11,0,416,416,0
validation_017,validation,16,4,12,0,62,62,0
validation_017,validation,16,4,13,0,1,1,0
validation_017,validation,16,4,14,0,0,0,0
validation_017,validation,16,4,15,0,0,0,0
validation_017,validation,16,5,0,0,0,0,0
validation_017,validation,16,5,1,0,15,15,0
validation_017,validation,16,5,2,0,1140,1140,0
validation_017,validation,16,5,3,0,3093,3093,0
validation_017,validation,16,5,4,0,3461,3461,0
validation_017,validation,16,5,5,0,4399,4399,0
validation_017,validation,16,5,6,375,6084,5112,0
validation_017,validation,16,5,7,1245,8105,5414,0
validation_017,validation,16,5,8,219,6136,5376,0
validation_017,validation,16,5,9,0,2150,2150,0
validation_017,validation,16,5,10,0,391,391,0
validation_017,validation,16,5,11,0,158,158,0
validation_017,validation,16,5,12,0,164,164,0
validation_017,validation,16,5,13,0,41,41,0
validation_017,validation,16,5,14,0,0,0,0
validation_017,validation,16,5,15,0,0,0,0
validation_017,validation,16,6,0,0,0,0,0
validation_017,validation,16,6,1,0,31,31,0
validation_017,validation,16,6,2,0,742,742,0
validation_017,validation,16,6,3,0,2106,2106,0
validation_017,validation,16,6,4,0,2875,2875,0
validation_017,validation,16,6,5,0,1947,1947,0
validation_017,validation,16,6,6,0,2193,2147,0
validation_017,validation,16,6,7,54,3955,3577,0
validation_017,validation,16,6,8,53,2436,2278,0
validation_017,validation,16,6,9,0,661,661,0
validation_017,validation,16,6,10,0,505,505,0
validation_017,validation,16,6,11,0,132,132,0
validation_017,validation,16,6,12,0,433,433,0
validation_017,validation,16,6,13,0,163,163,0
validation_017,validation,16,6,14,0,0,0,0
validation_017,validation,16,6,15,0,0,0,0
validation_017,validation,16,7,0,0,0,0,0
validation_017,validation,16,7,1,0,31,31,0
validation_017,validation,16,7,2,0,98,98,0
validation_017,validation,16,7,3,0,683,683,0
validation_017,validation,16,7,4,0,2572,2572,0
validation_017,validation,16,7,5,0,2478,2478,0
validation_017,validation,16,7,6,0,1360,1360,0
validation_017,validation,16,7,7,0,446,446,0
validation_017,validation,16,7,8,0,1471,1471,0
validation_017,validation,16,7,9,0,877,877,0
validation_017,validation,16,7,10,0,466,466,0
validation_017,validation,16,7,11,0,155,155,0
validation_017,validation,16,7,12,0,23,23,0
validation_017,validation,16,7,13,0,0,0,0
validation_017,validation,16,7,14,0,0,0,0
validation_017,validation,16,7,15,0,0,0,0
validation_017,validation,16,8,0,0,0,0,0
validation_017,validation,16,8,1,0,15,15,0
validation_017,validation,16,8,2,0,139,139,0
validation_017,validation,16,8,3,0,180,180,0
validation_017,validation,16,8,4,0,196,196,0
validation_017,validation,16,8,5,0,1074,1074,0
validation_017,validation,16,8,6,0,591,591,0
validation_017,validation,16,8,7,0,1625,1625,0
validation_017,validation,16,8,8,0,1447,1447,0
validation_017,validation,16,8,9,0,1266,1266,0
validation_017,validation,16,8,10,0,367,367,0
validation_017,validation,16,8,11,0,99,99,0
validation_017,validation,16,8,12,0,5,5,0
validation_017,validation,16,8,13,0,0,0,0
validation_017,validation,16,8,14,0,0,0,0
validation_017,validation,16,8,15,0,0,0,0
validation_017,validation,16,9,0,0,0,0,0
validation_017,validation,16,9,1,0,1,1,0
validation_017,validation,16,9,2,0,7,7,0
validation_017,validation,16,9,3,0,228,228,0
validation_017,validation,16,9,4,0,341,341,0
validation_017,validation,16,9,5,0,319,319,0
validation_017,validation,16,9,6,0,595,595,0
validation_017,validation,16,9,7,0,292,292,0
validation_017,validation,16,9,8,0,1095,1095,0
validation_017,validation,16,9,9,0,514,514,0
validation_017,validation,16,9,10,0,45,45,0
validation_017,validation,16,9,11,0,1,1,0
validation_017,validation,16,9,12,0,0,0,0
validation_017,validation,16,9,13,0,0,0,0
validation_017,validation,16,9,14,0,0,0,0
validation_017,validation,16,9,15,0,0,0,0
validation_017,validation,16,10,0,0,0,0,0
validation_017,validation,16,10,1,0,0,0,0
validation_017,validation,16,10,2,0,35,35,0
validation_017,validation,16,10,3,0,47,47,0
validation_017,validation,16,10,4,0,0,0,0
validation_017,validation,16,10,5,0,0,0,0
validation_017,validation,16,10,6,0,0,0,0
validation_017,validation,16,10,7,0,0,0,0
validation_017,validation,16,10,8,0,66,66,0
validation_017,validation,16,10,9,0,56,56,0
validation_017,validation,16,10,10,0,0,0,0
validation_017,validation,16,10,11,0,0,0,0
validation_017,validation,16,10,12,0,0,0,0
validation_017,validation,16,10,13,0,0,0,0
validation_017,validation,16,10,14,0,0,0,0
validation_017,validation,16,10,15,0,0,0,0
validation_017,validation,16,11,0,0,0,0,0
validation_017,validation,16,11,1,0,0,0,0
validation_017,validation,16,11,2,0,6,6,0
validation_017,validation,16,11,3,0,0,0,0
validation_017,validation,16,11,4,0,0,0,0
validation_017,validation,16,11,5,0,0,0,0
validation_017,validation,16,11,6,0,0,0,0
validation_017,validation,16,11,7,0,0,0,0
validation_017,validation,16,11,8,0,2,2,0
validation_017,validation,16,11,9,0,1,1,0
validation_017,validation,16,11,10,0,0,0,0
validation_017,validation,16,11,11,0,0,0,0
validation_017,validation,16,11,12,0,0,0,0
validation_017,validation,16,11,13,0,0,0,0
validation_017,validation,16,11,14,0,0,0,0
validation_017,validation,16,11,15,0,0,0,0
validation_017,validation,16,12,0,0,0,0,0
validation_017,validation,16,12,1,0,0,0,0
validation_017,validation,16,12,2,0,2,2,0
validation_017,validation,16,12,3,0,6,6,0
validation_017,validation,16,12,4,0,3,3,0
validation_017,validation,16,12,5,0,18,18,0
validation_017,validation,16,12,6,0,262,262,0
validation_017,validation,16,12,7,0,86,86,0
validation_017,validation,16,12,8,0,0,0,0
validation_017,validation,16,12,9,0,0,0,0
validation_017,validation,16,12,10,0,0,0,0
validation_017,validation,16,12,11,0,0,0,0
validation_017,validation,16,12,12,0,0,0,0
validation_017,validation,16,12,13,0,0,0,0
validation_017,validation,16,12,14,0,0,0,0
validation_017,validation,16,12,15,0,0,0,0
validation_017,validation,16,13,0,0,0,0,0
validation_017,validation,16,13,1,0,0,0,0
validation_017,validation,16,13,2,0,0,0,0
validation_017,validation,16,13,3,0,0,0,0
validation_017,validation,16,13,4,0,1,1,0
validation_017,validation,16,13,5,0,5,5,0
validation_017,validation,16,13,6,0,1,1,0
validation_017,validation,16,13,7,0,0,0,0
validation_017,validation,16,13,8,0,0,0,0
validation_017,validation,16,13,9,0,0,0,0
validation_017,validation,16,13,10,0,0,0,0
validation_017,validation,16,13,11,0,0,0,0
validation_017,validation,16,13,12,0,0,0,0
validation_017,validation,16,13,13,0,0,0,0
validation_017,validation,16,13,14,0,0,0,0
validation_017,validation,16,13,15,0,0,0,0
validation_017,validation,16,14,0,0,0,0,0
validation_017,validation,16,14,1,0,0,0,0
validation_017,validation,16,14,2,0,0,0,0
validation_017,validation,16,14,3,0,0,0,0
validation_017,validation,16,14,4,0,0,0,0
validation_017,validation,16,14,5,0,0,0,0
validation_017,validation,16,14,6,0,0,0,0
validation_017,validation,16,14,7,0,0,0,0
validation_017,validation,16,14,8,0,0,0,0
validation_017,validation,16,14,9,0,0,0,0
validation_017,validation,16,14,10,0,0,0,0
validation_017,validation,16,14,11,0,0,0,0
validation_017,validation,16,14,12,0,0,0,0
validation_017,validation,16,14,13,0,0,0,0
validation_017,validation,16,14,14,0,0,0,0
validation_017,validation,16,14,15,0,0,0,0
validation_017,validation,16,15,0,0,0,0,0
validation_017,validation,16,15,1,0,0,0,0
validation_017,validation,16,15,2,0,0,0,0
validation_017,validation,16,15,3,0,0,0,0
validation_017,validation,16,15,4,0,0,0,0
validation_017,validation,16,15,5,0,0,0,0
validation_017,validation,16,15,6,0,0,0,0
validation_017,validation,16,15,7,0,0,0,0
validation_017,validation,16,15,8,0,0,0,0
validation_017,validation,16,15,9,0,0,0,0
validation_017,validation,16,15,10,0,0,0,0
validation_017,validation,16,15,11,0,0,0,0
validation_017,validation,16,15,12,0,0,0,0
validation_017,validation,16,15,13,0,0,0,0
validation_017,validation,16,15,14,0,0,0,0
validation_017,validation,16,15,15,0,0,0,0
train_sanity_000,train_sanity,8,0,0,0,0,0,0
train_sanity_000,train_sanity,8,0,1,0,70,70,0
train_sanity_000,train_sanity,8,0,2,1,53,53,1
train_sanity_000,train_sanity,8,0,3,21,170,159,10
train_sanity_000,train_sanity,8,0,4,0,178,178,0
train_sanity_000,train_sanity,8,0,5,0,0,0,0
train_sanity_000,train_sanity,8,0,6,0,0,0,0
train_sanity_000,train_sanity,8,0,7,0,0,0,0
train_sanity_000,train_sanity,8,1,0,331,1,0,330
train_sanity_000,train_sanity,8,1,1,426,324,284,386
train_sanity_000,train_sanity,8,1,2,525,2154,1837,213
train_sanity_000,train_sanity,8,1,3,357,2195,2022,189
train_sanity_000,train_sanity,8,1,4,0,1930,1930,0
train_sanity_000,train_sanity,8,1,5,0,258,258,0
train_sanity_000,train_sanity,8,1,6,0,30,30,0
train_sanity_000,train_sanity,8,1,7,0,18,18,0
train_sanity_000,train_sanity,8,2,0,0,0,0,0
train_sanity_000,train_sanity,8,2,1,0,273,273,0
train_sanity_000,train_sanity,8,2,2,0,937,937,0
train_sanity_000,train_sanity,8,2,3,0,2088,2088,0
train_sanity_000,train_sanity,8,2,4,0,1533,1533,0
train_sanity_000,train_sanity,8,2,5,0,2578,2578,0
train_sanity_000,train_sanity,8,2,6,0,2844,2844,0
train_sanity_000,train_sanity,8,2,7,0,1370,1370,0
train_sanity_000,train_sanity,8,3,0,0,22,22,0
train_sanity_000,train_sanity,8,3,1,0,119,119,0
train_sanity_000,train_sanity,8,3,2,0,674,674,0
train_sanity_000,train_sanity,8,3,3,0,426,426,0
train_sanity_000,train_sanity,8,3,4,0,128,128,0
train_sanity_000,train_sanity,8,3,5,0,4533,4533,0
train_sanity_000,train_sanity,8,3,6,0,2507,2507,0
train_sanity_000,train_sanity,8,3,7,0,623,623,0
train_sanity_000,train_sanity,8,4,0,0,22,22,0
train_sanity_000,train_sanity,8,4,1,0,55,55,0
train_sanity_000,train_sanity,8,4,2,0,161,161,0
train_sanity_000,train_sanity,8,4,3,0,35,35,0
train_sanity_000,train_sanity,8,4,4,0,4,4,0
train_sanity_000,train_sanity,8,4,5,0,546,546,0
train_sanity_000,train_sanity,8,4,6,0,9,9,0
train_sanity_000,train_sanity,8,4,7,0,0,0,0
train_sanity_000,train_sanity,8,5,0,0,0,0,0
train_sanity_000,train_sanity,8,5,1,0,7,7,0
train_sanity_000,train_sanity,8,5,2,0,18,18,0
train_sanity_000,train_sanity,8,5,3,0,0,0,0
train_sanity_000,train_sanity,8,5,4,0,0,0,0
train_sanity_000,train_sanity,8,5,5,0,0,0,0
train_sanity_000,train_sanity,8,5,6,0,0,0,0
train_sanity_000,train_sanity,8,5,7,0,0,0,0
train_sanity_000,train_sanity,8,6,0,0,0,0,0
train_sanity_000,train_sanity,8,6,1,0,1,1,0
train_sanity_000,train_sanity,8,6,2,0,0,0,0
train_sanity_000,train_sanity,8,6,3,0,0,0,0
train_sanity_000,train_sanity,8,6,4,0,0,0,0
train_sanity_000,train_sanity,8,6,5,0,0,0,0
train_sanity_000,train_sanity,8,6,6,0,0,0,0
train_sanity_000,train_sanity,8,6,7,0,0,0,0
train_sanity_000,train_sanity,8,7,0,0,0,0,0
train_sanity_000,train_sanity,8,7,1,0,0,0,0
train_sanity_000,train_sanity,8,7,2,0,0,0,0
train_sanity_000,train_sanity,8,7,3,0,0,0,0
train_sanity_000,train_sanity,8,7,4,0,0,0,0
train_sanity_000,train_sanity,8,7,5,0,0,0,0
train_sanity_000,train_sanity,8,7,6,0,0,0,0
train_sanity_000,train_sanity,8,7,7,0,0,0,0
train_sanity_001,train_sanity,8,0,0,0,0,0,0
train_sanity_001,train_sanity,8,0,1,0,0,0,0
train_sanity_001,train_sanity,8,0,2,0,0,0,0
train_sanity_001,train_sanity,8,0,3,0,0,0,0
train_sanity_001,train_sanity,8,0,4,0,0,0,0
train_sanity_001,train_sanity,8,0,5,0,0,0,0
train_sanity_001,train_sanity,8,0,6,0,0,0,0
train_sanity_001,train_sanity,8,0,7,0,0,0,0
train_sanity_001,train_sanity,8,1,0,0,0,0,0
train_sanity_001,train_sanity,8,1,1,0,0,0,0
train_sanity_001,train_sanity,8,1,2,0,44,44,0
train_sanity_001,train_sanity,8,1,3,0,157,157,0
train_sanity_001,train_sanity,8,1,4,0,53,53,0
train_sanity_001,train_sanity,8,1,5,0,0,0,0
train_sanity_001,train_sanity,8,1,6,0,1,1,0
train_sanity_001,train_sanity,8,1,7,0,0,0,0
train_sanity_001,train_sanity,8,2,0,0,0,0,0
train_sanity_001,train_sanity,8,2,1,0,156,156,0
train_sanity_001,train_sanity,8,2,2,66,2396,2342,24
train_sanity_001,train_sanity,8,2,3,451,3012,2557,104
train_sanity_001,train_sanity,8,2,4,6,3088,2671,0
train_sanity_001,train_sanity,8,2,5,0,1573,1509,0
train_sanity_001,train_sanity,8,2,6,0,506,506,0
train_sanity_001,train_sanity,8,2,7,0,1,1,0
train_sanity_001,train_sanity,8,3,0,0,0,0,0
train_sanity_001,train_sanity,8,3,1,0,517,517,0
train_sanity_001,train_sanity,8,3,2,0,1135,1135,0
train_sanity_001,train_sanity,8,3,3,122,1132,1061,55
train_sanity_001,train_sanity,8,3,4,943,2843,2431,698
train_sanity_001,train_sanity,8,3,5,64,3077,2682,56
train_sanity_001,train_sanity,8,3,6,0,206,206,0
train_sanity_001,train_sanity,8,3,7,0,32,32,0
train_sanity_001,train_sanity,8,4,0,0,0,0,0
train_sanity_001,train_sanity,8,4,1,0,22,22,0
train_sanity_001,train_sanity,8,4,2,0,976,976,0
train_sanity_001,train_sanity,8,4,3,0,822,822,0
train_sanity_001,train_sanity,8,4,4,9,275,275,9
train_sanity_001,train_sanity,8,4,5,198,993,988,198
train_sanity_001,train_sanity,8,4,6,0,28,28,0
train_sanity_001,train_sanity,8,4,7,0,23,23,0
train_sanity_001,train_sanity,8,5,0,0,0,0,0
train_sanity_001,train_sanity,8,5,1,0,0,0,0
train_sanity_001,train_sanity,8,5,2,0,453,453,0
train_sanity_001,train_sanity,8,5,3,0,891,891,0
train_sanity_001,train_sanity,8,5,4,0,18,18,0
train_sanity_001,train_sanity,8,5,5,0,31,31,0
train_sanity_001,train_sanity,8,5,6,0,1,1,0
train_sanity_001,train_sanity,8,5,7,0,0,0,0
train_sanity_001,train_sanity,8,6,0,0,0,0,0
train_sanity_001,train_sanity,8,6,1,0,0,0,0
train_sanity_001,train_sanity,8,6,2,0,0,0,0
train_sanity_001,train_sanity,8,6,3,0,0,0,0
train_sanity_001,train_sanity,8,6,4,0,0,0,0
train_sanity_001,train_sanity,8,6,5,0,0,0,0
train_sanity_001,train_sanity,8,6,6,0,0,0,0
train_sanity_001,train_sanity,8,6,7,0,0,0,0
train_sanity_001,train_sanity,8,7,0,0,0,0,0
train_sanity_001,train_sanity,8,7,1,0,3,3,0
train_sanity_001,train_sanity,8,7,2,0,0,0,0
train_sanity_001,train_sanity,8,7,3,0,0,0,0
train_sanity_001,train_sanity,8,7,4,0,0,0,0
train_sanity_001,train_sanity,8,7,5,0,0,0,0
train_sanity_001,train_sanity,8,7,6,0,0,0,0
train_sanity_001,train_sanity,8,7,7,0,0,0,0
train_sanity_002,train_sanity,8,0,0,0,0,0,0
train_sanity_002,train_sanity,8,0,1,0,0,0,0
train_sanity_002,train_sanity,8,0,2,0,0,0,0
train_sanity_002,train_sanity,8,0,3,0,0,0,0
train_sanity_002,train_sanity,8,0,4,0,0,0,0
train_sanity_002,train_sanity,8,0,5,0,0,0,0
train_sanity_002,train_sanity,8,0,6,0,0,0,0
train_sanity_002,train_sanity,8,0,7,0,0,0,0
train_sanity_002,train_sanity,8,1,0,0,0,0,0
train_sanity_002,train_sanity,8,1,1,0,0,0,0
train_sanity_002,train_sanity,8,1,2,0,0,0,0
train_sanity_002,train_sanity,8,1,3,0,0,0,0
train_sanity_002,train_sanity,8,1,4,0,7,7,0
train_sanity_002,train_sanity,8,1,5,0,253,253,0
train_sanity_002,train_sanity,8,1,6,0,10,10,0
train_sanity_002,train_sanity,8,1,7,0,0,0,0
train_sanity_002,train_sanity,8,2,0,46,0,0,46
train_sanity_002,train_sanity,8,2,1,487,2510,2037,234
train_sanity_002,train_sanity,8,2,2,352,5441,4879,54
train_sanity_002,train_sanity,8,2,3,1108,5445,4206,67
train_sanity_002,train_sanity,8,2,4,54,4211,4171,20
train_sanity_002,train_sanity,8,2,5,0,1373,1373,0
train_sanity_002,train_sanity,8,2,6,0,726,726,0
train_sanity_002,train_sanity,8,2,7,0,0,0,0
train_sanity_002,train_sanity,8,3,0,588,0,0,588
train_sanity_002,train_sanity,8,3,1,1602,3424,2483,701
train_sanity_002,train_sanity,8,3,2,1337,6902,5426,49
train_sanity_002,train_sanity,8,3,3,655,3075,2339,36
train_sanity_002,train_sanity,8,3,4,7,1396,1394,6
train_sanity_002,train_sanity,8,3,5,0,1151,1151,0
train_sanity_002,train_sanity,8,3,6,0,809,809,0
train_sanity_002,train_sanity,8,3,7,0,0,0,0
train_sanity_002,train_sanity,8,4,0,0,1,1,0
train_sanity_002,train_sanity,8,4,1,0,407,407,0
train_sanity_002,train_sanity,8,4,2,0,78,78,0
train_sanity_002,train_sanity,8,4,3,0,6,6,0
train_sanity_002,train_sanity,8,4,4,0,8,8,0
train_sanity_002,train_sanity,8,4,5,0,26,26,0
train_sanity_002,train_sanity,8,4,6,0,167,167,0
train_sanity_002,train_sanity,8,4,7,0,0,0,0
train_sanity_002,train_sanity,8,5,0,0,0,0,0
train_sanity_002,train_sanity,8,5,1,0,0,0,0
train_sanity_002,train_sanity,8,5,2,0,0,0,0
train_sanity_002,train_sanity,8,5,3,0,0,0,0
train_sanity_002,train_sanity,8,5,4,0,0,0,0
train_sanity_002,train_sanity,8,5,5,0,0,0,0
train_sanity_002,train_sanity,8,5,6,0,0,0,0
train_sanity_002,train_sanity,8,5,7,0,0,0,0
train_sanity_002,train_sanity,8,6,0,0,0,0,0
train_sanity_002,train_sanity,8,6,1,0,0,0,0
train_sanity_002,train_sanity,8,6,2,0,0,0,0
train_sanity_002,train_sanity,8,6,3,0,0,0,0
train_sanity_002,train_sanity,8,6,4,0,0,0,0
train_sanity_002,train_sanity,8,6,5,0,0,0,0
train_sanity_002,train_sanity,8,6,6,0,0,0,0
train_sanity_002,train_sanity,8,6,7,0,0,0,0
train_sanity_002,train_sanity,8,7,0,0,0,0,0
train_sanity_002,train_sanity,8,7,1,0,0,0,0
train_sanity_002,train_sanity,8,7,2,0,0,0,0
train_sanity_002,train_sanity,8,7,3,0,0,0,0
train_sanity_002,train_sanity,8,7,4,0,0,0,0
train_sanity_002,train_sanity,8,7,5,0,0,0,0
train_sanity_002,train_sanity,8,7,6,0,0,0,0
train_sanity_002,train_sanity,8,7,7,0,0,0,0
validation_000,validation,8,0,0,0,0,0,0
validation_000,validation,8,0,1,0,0,0,0
validation_000,validation,8,0,2,0,0,0,0
validation_000,validation,8,0,3,0,3,3,0
validation_000,validation,8,0,4,0,2,2,0
validation_000,validation,8,0,5,0,0,0,0
validation_000,validation,8,0,6,0,0,0,0
validation_000,validation,8,0,7,0,0,0,0
validation_000,validation,8,1,0,0,0,0,0
validation_000,validation,8,1,1,0,29,29,0
validation_000,validation,8,1,2,0,1558,1553,0
validation_000,validation,8,1,3,0,2192,2192,0
validation_000,validation,8,1,4,0,1704,1704,0
validation_000,validation,8,1,5,0,1953,1953,0
validation_000,validation,8,1,6,0,585,585,0
validation_000,validation,8,1,7,0,0,0,0
validation_000,validation,8,2,0,0,0,0,0
validation_000,validation,8,2,1,83,61,59,81
validation_000,validation,8,2,2,6640,16007,9343,970
validation_000,validation,8,2,3,283,27383,26778,31
validation_000,validation,8,2,4,49,13753,13685,0
validation_000,validation,8,2,5,0,4068,4068,0
validation_000,validation,8,2,6,0,955,955,0
validation_000,validation,8,2,7,0,0,0,0
validation_000,validation,8,3,0,0,0,0,0
validation_000,validation,8,3,1,0,4420,4420,0
validation_000,validation,8,3,2,155,18085,17535,3
validation_000,validation,8,3,3,2302,22202,19198,100
validation_000,validation,8,3,4,128,17417,17040,0
validation_000,validation,8,3,5,0,14692,14692,0
validation_000,validation,8,3,6,0,82,82,0
validation_000,validation,8,3,7,0,0,0,0
validation_000,validation,8,4,0,0,0,0,0
validation_000,validation,8,4,1,0,5,5,0
validation_000,validation,8,4,2,0,729,729,0
validation_000,validation,8,4,3,0,2190,2190,0
validation_000,validation,8,4,4,0,4856,4856,0
validation_000,validation,8,4,5,0,1686,1686,0
validation_000,validation,8,4,6,0,0,0,0
validation_000,validation,8,4,7,0,0,0,0
validation_000,validation,8,5,0,0,0,0,0
validation_000,validation,8,5,1,0,0,0,0
validation_000,validation,8,5,2,0,0,0,0
validation_000,validation,8,5,3,0,0,0,0
validation_000,validation,8,5,4,0,0,0,0
validation_000,validation,8,5,5,0,0,0,0
validation_000,validation,8,5,6,0,0,0,0
validation_000,validation,8,5,7,0,0,0,0
validation_000,validation,8,6,0,0,0,0,0
validation_000,validation,8,6,1,0,0,0,0
validation_000,validation,8,6,2,0,0,0,0
validation_000,validation,8,6,3,0,0,0,0
validation_000,validation,8,6,4,0,0,0,0
validation_000,validation,8,6,5,0,0,0,0
validation_000,validation,8,6,6,0,0,0,0
validation_000,validation,8,6,7,0,0,0,0
validation_000,validation,8,7,0,0,0,0,0
validation_000,validation,8,7,1,0,0,0,0
validation_000,validation,8,7,2,0,0,0,0
validation_000,validation,8,7,3,0,0,0,0
validation_000,validation,8,7,4,0,0,0,0
validation_000,validation,8,7,5,0,0,0,0
validation_000,validation,8,7,6,0,0,0,0
validation_000,validation,8,7,7,0,0,0,0
validation_001,validation,8,0,0,0,0,0,0
validation_001,validation,8,0,1,0,0,0,0
validation_001,validation,8,0,2,0,0,0,0
validation_001,validation,8,0,3,0,0,0,0
validation_001,validation,8,0,4,0,0,0,0
validation_001,validation,8,0,5,0,0,0,0
validation_001,validation,8,0,6,0,0,0,0
validation_001,validation,8,0,7,0,0,0,0
validation_001,validation,8,1,0,0,0,0,0
validation_001,validation,8,1,1,0,347,347,0
validation_001,validation,8,1,2,0,1218,1218,0
validation_001,validation,8,1,3,114,218,169,65
validation_001,validation,8,1,4,0,34,34,0
validation_001,validation,8,1,5,0,0,0,0
validation_001,validation,8,1,6,0,0,0,0
validation_001,validation,8,1,7,0,0,0,0
validation_001,validation,8,2,0,0,21,21,0
validation_001,validation,8,2,1,0,1638,1638,0
validation_001,validation,8,2,2,0,3575,3575,0
validation_001,validation,8,2,3,305,1403,1221,175
validation_001,validation,8,2,4,710,1393,871,225
validation_001,validation,8,2,5,116,625,615,106
validation_001,validation,8,2,6,0,15,15,0
validation_001,validation,8,2,7,0,44,44,0
validation_001,validation,8,3,0,0,3,3,0
validation_001,validation,8,3,1,0,791,791,0
validation_001,validation,8,3,2,402,1232,1044,214
validation_001,validation,8,3,3,132,495,347,39
validation_001,validation,8,3,4,26,1781,1697,10
validation_001,validation,8,3,5,3,37,37,3
validation_001,validation,8,3,6,0,539,539,0
validation_001,validation,8,3,7,0,290,290,0
validation_001,validation,8,4,0,0,290,290,0
validation_001,validation,8,4,1,0,17,17,0
validation_001,validation,8,4,2,123,417,361,67
validation_001,validation,8,4,3,1118,1134,217,271
validation_001,validation,8,4,4,56,995,887,0
validation_001,validation,8,4,5,0,1189,1189,0
validation_001,validation,8,4,6,0,2499,2499,0
validation_001,validation,8,4,7,0,0,0,0
validation_001,validation,8,5,0,0,6,6,0
validation_001,validation,8,5,1,0,76,76,0
validation_001,validation,8,5,2,0,237,237,0
validation_001,validation,8,5,3,0,2094,2094,0
validation_001,validation,8,5,4,0,1379,1379,0
validation_001,validation,8,5,5,0,642,642,0
validation_001,validation,8,5,6,0,0,0,0
validation_001,validation,8,5,7,0,0,0,0
validation_001,validation,8,6,0,0,0,0,0
validation_001,validation,8,6,1,0,0,0,0
validation_001,validation,8,6,2,0,0,0,0
validation_001,validation,8,6,3,0,41,41,0
validation_001,validation,8,6,4,0,0,0,0
validation_001,validation,8,6,5,0,0,0,0
validation_001,validation,8,6,6,0,0,0,0
validation_001,validation,8,6,7,0,0,0,0
validation_001,validation,8,7,0,0,0,0,0
validation_001,validation,8,7,1,0,0,0,0
validation_001,validation,8,7,2,0,0,0,0
validation_001,validation,8,7,3,0,0,0,0
validation_001,validation,8,7,4,0,0,0,0
validation_001,validation,8,7,5,0,0,0,0
validation_001,validation,8,7,6,0,0,0,0
validation_001,validation,8,7,7,0,0,0,0
validation_002,validation,8,0,0,0,0,0,0
validation_002,validation,8,0,1,0,0,0,0
validation_002,validation,8,0,2,0,1,1,0
validation_002,validation,8,0,3,0,0,0,0
validation_002,validation,8,0,4,0,0,0,0
validation_002,validation,8,0,5,0,0,0,0
validation_002,validation,8,0,6,0,0,0,0
validation_002,validation,8,0,7,0,0,0,0
validation_002,validation,8,1,0,0,0,0,0
validation_002,validation,8,1,1,0,0,0,0
validation_002,validation,8,1,2,0,0,0,0
validation_002,validation,8,1,3,0,0,0,0
validation_002,validation,8,1,4,0,128,128,0
validation_002,validation,8,1,5,0,501,501,0
validation_002,validation,8,1,6,0,103,103,0
validation_002,validation,8,1,7,0,0,0,0
validation_002,validation,8,2,0,0,0,0,0
validation_002,validation,8,2,1,0,0,0,0
validation_002,validation,8,2,2,0,1177,1177,0
validation_002,validation,8,2,3,49,10728,10676,14
validation_002,validation,8,2,4,2781,12367,9675,238
validation_002,validation,8,2,5,1686,9442,8067,398
validation_002,validation,8,2,6,636,1802,1529,370
validation_002,validation,8,2,7,70,0,0,70
validation_002,validation,8,3,0,0,0,0,0
validation_002,validation,8,3,1,0,5,5,0
validation_002,validation,8,3,2,0,1316,1316,0
validation_002,validation,8,3,3,2,3220,3212,0
validation_002,validation,8,3,4,140,755,666,80
validation_002,validation,8,3,5,119,302,301,118
validation_002,validation,8,3,6,0,236,236,0
validation_002,validation,8,3,7,0,1,1,0
validation_002,validation,8,4,0,0,0,0,0
validation_002,validation,8,4,1,0,1,1,0
validation_002,validation,8,4,2,0,10,10,0
validation_002,validation,8,4,3,0,256,256,0
validation_002,validation,8,4,4,0,41,41,0
validation_002,validation,8,4,5,0,0,0,0
validation_002,validation,8,4,6,0,0,0,0
validation_002,validation,8,4,7,0,0,0,0
validation_002,validation,8,5,0,0,0,0,0
validation_002,validation,8,5,1,0,0,0,0
validation_002,validation,8,5,2,0,0,0,0
validation_002,validation,8,5,3,0,0,0,0
validation_002,validation,8,5,4,0,0,0,0
validation_002,validation,8,5,5,0,0,0,0
validation_002,validation,8,5,6,0,0,0,0
validation_002,validation,8,5,7,0,0,0,0
validation_002,validation,8,6,0,0,0,0,0
validation_002,validation,8,6,1,0,0,0,0
validation_002,validation,8,6,2,0,0,0,0
validation_002,validation,8,6,3,0,0,0,0
validation_002,validation,8,6,4,0,0,0,0
validation_002,validation,8,6,5,0,0,0,0
validation_002,validation,8,6,6,0,0,0,0
validation_002,validation,8,6,7,0,0,0,0
validation_002,validation,8,7,0,0,0,0,0
validation_002,validation,8,7,1,0,0,0,0
validation_002,validation,8,7,2,0,0,0,0
validation_002,validation,8,7,3,0,0,0,0
validation_002,validation,8,7,4,0,0,0,0
validation_002,validation,8,7,5,0,0,0,0
validation_002,validation,8,7,6,0,0,0,0
validation_002,validation,8,7,7,0,0,0,0
validation_003,validation,8,0,0,0,0,0,0
validation_003,validation,8,0,1,0,0,0,0
validation_003,validation,8,0,2,0,0,0,0
validation_003,validation,8,0,3,0,0,0,0
validation_003,validation,8,0,4,0,0,0,0
validation_003,validation,8,0,5,0,0,0,0
validation_003,validation,8,0,6,0,0,0,0
validation_003,validation,8,0,7,0,0,0,0
validation_003,validation,8,1,0,0,0,0,0
validation_003,validation,8,1,1,0,0,0,0
validation_003,validation,8,1,2,169,3,0,166
validation_003,validation,8,1,3,507,184,42,365
validation_003,validation,8,1,4,156,26,8,138
validation_003,validation,8,1,5,0,5,5,0
validation_003,validation,8,1,6,0,0,0,0
validation_003,validation,8,1,7,0,0,0,0
validation_003,validation,8,2,0,0,0,0,0
validation_003,validation,8,2,1,0,297,297,0
validation_003,validation,8,2,2,576,1100,1063,539
validation_003,validation,8,2,3,282,1799,1777,260
validation_003,validation,8,2,4,98,1796,1796,98
validation_003,validation,8,2,5,0,646,646,0
validation_003,validation,8,2,6,0,637,637,0
validation_003,validation,8,2,7,0,0,0,0
validation_003,validation,8,3,0,0,0,0,0
validation_003,validation,8,3,1,0,317,317,0
validation_003,validation,8,3,2,139,1279,1213,73
validation_003,validation,8,3,3,0,1677,1674,0
validation_003,validation,8,3,4,0,1285,1275,0
validation_003,validation,8,3,5,0,2450,2450,0
validation_003,validation,8,3,6,0,2303,2303,0
validation_003,validation,8,3,7,0,59,59,0
validation_003,validation,8,4,0,0,0,0,0
validation_003,validation,8,4,1,0,457,457,0
validation_003,validation,8,4,2,1017,1028,521,510
validation_003,validation,8,4,3,902,482,356,792
validation_003,validation,8,4,4,65,322,291,65
validation_003,validation,8,4,5,0,1421,1421,0
validation_003,validation,8,4,6,0,919,919,0
validation_003,validation,8,4,7,0,249,249,0
validation_003,validation,8,5,0,0,0,0,0
validation_003,validation,8,5,1,0,144,144,0
validation_003,validation,8,5,2,0,0,0,0
validation_003,validation,8,5,3,348,1,0,347
validation_003,validation,8,5,4,48,0,0,48
validation_003,validation,8,5,5,0,98,98,0
validation_003,validation,8,5,6,0,33,33,0
validation_003,validation,8,5,7,0,17,17,0
validation_003,validation,8,6,0,0,0,0,0
validation_003,validation,8,6,1,0,0,0,0
validation_003,validation,8,6,2,0,81,81,0
validation_003,validation,8,6,3,0,6,6,0
validation_003,validation,8,6,4,0,0,0,0
validation_003,validation,8,6,5,0,0,0,0
validation_003,validation,8,6,6,0,0,0,0
validation_003,validation,8,6,7,0,0,0,0
validation_003,validation,8,7,0,0,0,0,0
validation_003,validation,8,7,1,0,0,0,0
validation_003,validation,8,7,2,0,0,0,0
validation_003,validation,8,7,3,0,0,0,0
validation_003,validation,8,7,4,0,0,0,0
validation_003,validation,8,7,5,0,0,0,0
validation_003,validation,8,7,6,0,0,0,0
validation_003,validation,8,7,7,0,0,0,0
validation_004,validation,8,0,0,0,0,0,0
validation_004,validation,8,0,1,0,5,5,0
validation_004,validation,8,0,2,0,19,19,0
validation_004,validation,8,0,3,0,215,215,0
validation_004,validation,8,0,4,0,136,136,0
validation_004,validation,8,0,5,0,5,5,0
validation_004,validation,8,0,6,0,18,18,0
validation_004,validation,8,0,7,0,32,32,0
validation_004,validation,8,1,0,0,301,301,0
validation_004,validation,8,1,1,0,1704,1704,0
validation_004,validation,8,1,2,0,2166,2166,0
validation_004,validation,8,1,3,0,1597,1597,0
validation_004,validation,8,1,4,0,516,516,0
validation_004,validation,8,1,5,0,363,363,0
validation_004,validation,8,1,6,0,185,185,0
validation_004,validation,8,1,7,0,12,12,0
validation_004,validation,8,2,0,0,100,100,0
validation_004,validation,8,2,1,0,337,337,0
validation_004,validation,8,2,2,0,2732,2732,0
validation_004,validation,8,2,3,0,4264,4264,0
validation_004,validation,8,2,4,0,3449,3449,0
validation_004,validation,8,2,5,0,393,393,0
validation_004,validation,8,2,6,0,5,5,0
validation_004,validation,8,2,7,0,0,0,0
validation_004,validation,8,3,0,0,0,0,0
validation_004,validation,8,3,1,0,0,0,0
validation_004,validation,8,3,2,0,114,114,0
validation_004,validation,8,3,3,0,289,289,0
validation_004,validation,8,3,4,0,210,210,0
validation_004,validation,8,3,5,0,57,57,0
validation_004,validation,8,3,6,0,0,0,0
validation_004,validation,8,3,7,0,1,1,0
validation_004,validation,8,4,0,0,0,0,0
validation_004,validation,8,4,1,0,1,1,0
validation_004,validation,8,4,2,2023,322,0,1701
validation_004,validation,8,4,3,531,38,14,507
validation_004,validation,8,4,4,0,73,73,0
validation_004,validation,8,4,5,0,282,282,0
validation_004,validation,8,4,6,0,1,1,0
validation_004,validation,8,4,7,0,0,0,0
validation_004,validation,8,5,0,0,0,0,0
validation_004,validation,8,5,1,0,0,0,0
validation_004,validation,8,5,2,145,0,0,145
validation_004,validation,8,5,3,101,24,24,101
validation_004,validation,8,5,4,0,0,0,0
validation_004,validation,8,5,5,0,0,0,0
validation_004,validation,8,5,6,0,5,5,0
validation_004,validation,8,5,7,0,1,1,0
validation_004,validation,8,6,0,0,0,0,0
validation_004,validation,8,6,1,3,0,0,3
validation_004,validation,8,6,2,704,0,0,704
validation_004,validation,8,6,3,0,0,0,0
validation_004,validation,8,6,4,0,0,0,0
validation_004,validation,8,6,5,0,0,0,0
validation_004,validation,8,6,6,0,0,0,0
validation_004,validation,8,6,7,0,0,0,0
validation_004,validation,8,7,0,0,0,0,0
validation_004,validation,8,7,1,0,0,0,0
validation_004,validation,8,7,2,0,0,0,0
validation_004,validation,8,7,3,0,0,0,0
validation_004,validation,8,7,4,0,0,0,0
validation_004,validation,8,7,5,0,0,0,0
validation_004,validation,8,7,6,0,0,0,0
validation_004,validation,8,7,7,0,0,0,0
validation_005,validation,8,0,0,0,0,0,0
validation_005,validation,8,0,1,0,0,0,0
validation_005,validation,8,0,2,0,3,3,0
validation_005,validation,8,0,3,0,41,41,0
validation_005,validation,8,0,4,0,0,0,0
validation_005,validation,8,0,5,0,0,0,0
validation_005,validation,8,0,6,0,0,0,0
validation_005,validation,8,0,7,0,0,0,0
validation_005,validation,8,1,0,0,0,0,0
validation_005,validation,8,1,1,0,212,212,0
validation_005,validation,8,1,2,0,535,535,0
validation_005,validation,8,1,3,0,391,391,0
validation_005,validation,8,1,4,0,1008,1008,0
validation_005,validation,8,1,5,0,3574,3574,0
validation_005,validation,8,1,6,0,1270,1270,0
validation_005,validation,8,1,7,0,5,5,0
validation_005,validation,8,2,0,0,583,583,0
validation_005,validation,8,2,1,0,4411,4411,0
validation_005,validation,8,2,2,0,6302,6302,0
validation_005,validation,8,2,3,0,2689,2689,0
validation_005,validation,8,2,4,0,761,761,0
validation_005,validation,8,2,5,0,3078,3078,0
validation_005,validation,8,2,6,0,2822,2822,0
validation_005,validation,8,2,7,0,239,239,0
validation_005,validation,8,3,0,0,104,104,0
validation_005,validation,8,3,1,0,397,397,0
validation_005,validation,8,3,2,0,145,145,0
validation_005,validation,8,3,3,0,269,269,0
validation_005,validation,8,3,4,0,87,87,0
validation_005,validation,8,3,5,0,117,117,0
validation_005,validation,8,3,6,2,82,82,2
validation_005,validation,8,3,7,0,13,13,0
validation_005,validation,8,4,0,0,0,0,0
validation_005,validation,8,4,1,0,100,100,0
validation_005,validation,8,4,2,0,318,318,0
validation_005,validation,8,4,3,0,356,356,0
validation_005,validation,8,4,4,0,1160,1160,0
validation_005,validation,8,4,5,303,280,278,301
validation_005,validation,8,4,6,2736,100,4,2640
validation_005,validation,8,4,7,5,0,0,5
validation_005,validation,8,5,0,0,0,0,0
validation_005,validation,8,5,1,0,125,125,0
validation_005,validation,8,5,2,0,18,18,0
validation_005,validation,8,5,3,0,0,0,0
validation_005,validation,8,5,4,0,246,246,0
validation_005,validation,8,5,5,6,2,2,6
validation_005,validation,8,5,6,1,0,0,1
validation_005,validation,8,5,7,0,0,0,0
validation_005,validation,8,6,0,0,0,0,0
validation_005,validation,8,6,1,0,0,0,0
validation_005,validation,8,6,2,0,0,0,0
validation_005,validation,8,6,3,0,0,0,0
validation_005,validation,8,6,4,0,0,0,0
validation_005,validation,8,6,5,483,0,0,483
validation_005,validation,8,6,6,1858,0,0,1858
validation_005,validation,8,6,7,3,0,0,3
validation_005,validation,8,7,0,0,0,0,0
validation_005,validation,8,7,1,0,0,0,0
validation_005,validation,8,7,2,0,0,0,0
validation_005,validation,8,7,3,0,0,0,0
validation_005,validation,8,7,4,0,0,0,0
validation_005,validation,8,7,5,0,0,0,0
validation_005,validation,8,7,6,0,0,0,0
validation_005,validation,8,7,7,0,0,0,0
validation_006,validation,8,0,0,0,0,0,0
validation_006,validation,8,0,1,0,0,0,0
validation_006,validation,8,0,2,74,98,46,59
validation_006,validation,8,0,3,0,146,132,0
validation_006,validation,8,0,4,0,14,14,0
validation_006,validation,8,0,5,0,3,3,0
validation_006,validation,8,0,6,0,221,221,0
validation_006,validation,8,0,7,0,0,0,0
validation_006,validation,8,1,0,0,0,0,0
validation_006,validation,8,1,1,0,64,64,0
validation_006,validation,8,1,2,192,260,128,60
validation_006,validation,8,1,3,658,753,568,473
validation_006,validation,8,1,4,327,270,268,325
validation_006,validation,8,1,5,0,590,590,0
validation_006,validation,8,1,6,0,1193,1193,0
validation_006,validation,8,1,7,0,418,418,0
validation_006,validation,8,2,0,0,18,18,0
validation_006,validation,8,2,1,129,194,138,82
validation_006,validation,8,2,2,742,1005,329,133
validation_006,validation,8,2,3,59,126,44,11
validation_006,validation,8,2,4,0,22,22,0
validation_006,validation,8,2,5,0,1227,1227,0
validation_006,validation,8,2,6,0,1653,1653,0
validation_006,validation,8,2,7,0,1805,1805,0
validation_006,validation,8,3,0,0,403,403,0
validation_006,validation,8,3,1,0,672,672,0
validation_006,validation,8,3,2,32,2416,2379,0
validation_006,validation,8,3,3,84,2680,2583,8
validation_006,validation,8,3,4,0,553,553,0
validation_006,validation,8,3,5,0,842,842,0
validation_006,validation,8,3,6,0,1351,1351,0
validation_006,validation,8,3,7,0,1169,1169,0
validation_006,validation,8,4,0,0,1780,1780,0
validation_006,validation,8,4,1,0,2480,2480,0
validation_006,validation,8,4,2,0,3397,3397,0
validation_006,validation,8,4,3,0,3319,3319,0
validation_006,validation,8,4,4,0,2243,2243,0
validation_006,validation,8,4,5,0,907,907,0
validation_006,validation,8,4,6,0,1634,1634,0
validation_006,validation,8,4,7,0,843,843,0
validation_006,validation,8,5,0,0,26,26,0
validation_006,validation,8,5,1,0,656,656,0
validation_006,validation,8,5,2,0,732,732,0
validation_006,validation,8,5,3,0,1122,1122,0
validation_006,validation,8,5,4,0,274,274,0
validation_006,validation,8,5,5,0,54,54,0
validation_006,validation,8,5,6,0,0,0,0
validation_006,validation,8,5,7,0,0,0,0
validation_006,validation,8,6,0,0,0,0,0
validation_006,validation,8,6,1,0,0,0,0
validation_006,validation,8,6,2,0,2,2,0
validation_006,validation,8,6,3,0,3,3,0
validation_006,validation,8,6,4,0,0,0,0
validation_006,validation,8,6,5,0,0,0,0
validation_006,validation,8,6,6,0,0,0,0
validation_006,validation,8,6,7,0,0,0,0
validation_006,validation,8,7,0,0,0,0,0
validation_006,validation,8,7,1,0,0,0,0
validation_006,validation,8,7,2,0,0,0,0
validation_006,validation,8,7,3,0,0,0,0
validation_006,validation,8,7,4,0,0,0,0
validation_006,validation,8,7,5,0,0,0,0
validation_006,validation,8,7,6,0,0,0,0
validation_006,validation,8,7,7,0,0,0,0
validation_007,validation,8,0,0,0,0,0,0
validation_007,validation,8,0,1,0,0,0,0
validation_007,validation,8,0,2,0,326,326,0
validation_007,validation,8,0,3,0,212,212,0
validation_007,validation,8,0,4,0,11,11,0
validation_007,validation,8,0,5,0,0,0,0
validation_007,validation,8,0,6,0,0,0,0
validation_007,validation,8,0,7,0,0,0,0
validation_007,validation,8,1,0,0,42,42,0
validation_007,validation,8,1,1,0,125,125,0
validation_007,validation,8,1,2,0,285,285,0
validation_007,validation,8,1,3,457,518,518,457
validation_007,validation,8,1,4,2635,117,0,2518
validation_007,validation,8,1,5,79,2,2,79
validation_007,validation,8,1,6,0,2,2,0
validation_007,validation,8,1,7,0,0,0,0
validation_007,validation,8,2,0,0,474,474,0
validation_007,validation,8,2,1,0,477,477,0
validation_007,validation,8,2,2,0,769,769,0
validation_007,validation,8,2,3,20,243,243,20
validation_007,validation,8,2,4,221,101,101,221
validation_007,validation,8,2,5,0,18,18,0
validation_007,validation,8,2,6,0,215,215,0
validation_007,validation,8,2,7,0,88,88,0
validation_007,validation,8,3,0,0,719,719,0
validation_007,validation,8,3,1,0,2981,2981,0
validation_007,validation,8,3,2,0,2439,2439,0
validation_007,validation,8,3,3,91,3045,3045,91
validation_007,validation,8,3,4,1093,1611,1595,1077
validation_007,validation,8,3,5,0,1451,1451,0
validation_007,validation,8,3,6,0,322,322,0
validation_007,validation,8,3,7,0,238,238,0
validation_007,validation,8,4,0,0,493,493,0
validation_007,validation,8,4,1,0,2811,2811,0
validation_007,validation,8,4,2,0,2510,2510,0
validation_007,validation,8,4,3,0,2872,2872,0
validation_007,validation,8,4,4,0,1371,1371,0
validation_007,validation,8,4,5,0,886,886,0
validation_007,validation,8,4,6,0,6,6,0
validation_007,validation,8,4,7,0,75,75,0
validation_007,validation,8,5,0,0,24,24,0
validation_007,validation,8,5,1,0,54,54,0
validation_007,validation,8,5,2,0,236,236,0
validation_007,validation,8,5,3,0,993,993,0
validation_007,validation,8,5,4,0,13,13,0
validation_007,validation,8,5,5,0,0,0,0
validation_007,validation,8,5,6,0,0,0,0
validation_007,validation,8,5,7,0,41,41,0
validation_007,validation,8,6,0,0,0,0,0
validation_007,validation,8,6,1,0,0,0,0
validation_007,validation,8,6,2,0,5,5,0
validation_007,validation,8,6,3,0,0,0,0
validation_007,validation,8,6,4,0,0,0,0
validation_007,validation,8,6,5,0,0,0,0
validation_007,validation,8,6,6,0,0,0,0
validation_007,validation,8,6,7,0,0,0,0
validation_007,validation,8,7,0,0,0,0,0
validation_007,validation,8,7,1,0,0,0,0
validation_007,validation,8,7,2,0,0,0,0
validation_007,validation,8,7,3,0,0,0,0
validation_007,validation,8,7,4,0,0,0,0
validation_007,validation,8,7,5,0,0,0,0
validation_007,validation,8,7,6,0,0,0,0
validation_007,validation,8,7,7,0,0,0,0
validation_008,validation,8,0,0,0,0,0,0
validation_008,validation,8,0,1,0,0,0,0
validation_008,validation,8,0,2,0,19,19,0
validation_008,validation,8,0,3,0,163,163,0
validation_008,validation,8,0,4,0,85,85,0
validation_008,validation,8,0,5,0,13,13,0
validation_008,validation,8,0,6,0,0,0,0
validation_008,validation,8,0,7,0,0,0,0
validation_008,validation,8,1,0,0,89,89,0
validation_008,validation,8,1,1,0,1961,1961,0
validation_008,validation,8,1,2,190,3342,3302,150
validation_008,validation,8,1,3,76,4243,4231,64
validation_008,validation,8,1,4,0,3220,3220,0
validation_008,validation,8,1,5,0,443,443,0
validation_008,validation,8,1,6,0,9,9,0
validation_008,validation,8,1,7,0,0,0,0
validation_008,validation,8,2,0,0,100,100,0
validation_008,validation,8,2,1,0,2559,2551,0
validation_008,validation,8,2,2,738,6214,5975,499
validation_008,validation,8,2,3,450,9610,9478,321
validation_008,validation,8,2,4,23,11178,11168,23
validation_008,validation,8,2,5,0,6526,6526,0
validation_008,validation,8,2,6,0,1587,1587,0
validation_008,validation,8,2,7,0,64,64,0
validation_008,validation,8,3,0,10,170,170,10
validation_008,validation,8,3,1,1275,2315,1917,890
validation_008,validation,8,3,2,1906,5188,3870,622
validation_008,validation,8,3,3,7,8262,8260,5
validation_008,validation,8,3,4,0,8035,8035,0
validation_008,validation,8,3,5,0,4440,4440,0
validation_008,validation,8,3,6,0,176,176,0
validation_008,validation,8,3,7,0,307,307,0
validation_008,validation,8,4,0,134,14,14,134
validation_008,validation,8,4,1,988,305,188,875
validation_008,validation,8,4,2,342,60,21,303
validation_008,validation,8,4,3,0,22,22,0
validation_008,validation,8,4,4,0,405,405,0
validation_008,validation,8,4,5,0,575,575,0
validation_008,validation,8,4,6,0,112,112,0
validation_008,validation,8,4,7,0,1,1,0
validation_008,validation,8,5,0,0,0,0,0
validation_008,validation,8,5,1,0,0,0,0
validation_008,validation,8,5,2,0,0,0,0
validation_008,validation,8,5,3,0,0,0,0
validation_008,validation,8,5,4,0,13,13,0
validation_008,validation,8,5,5,0,0,0,0
validation_008,validation,8,5,6,0,5,5,0
validation_008,validation,8,5,7,0,0,0,0
validation_008,validation,8,6,0,0,0,0,0
validation_008,validation,8,6,1,0,0,0,0
validation_008,validation,8,6,2,0,0,0,0
validation_008,validation,8,6,3,0,0,0,0
validation_008,validation,8,6,4,0,0,0,0
validation_008,validation,8,6,5,0,0,0,0
validation_008,validation,8,6,6,0,0,0,0
validation_008,validation,8,6,7,0,0,0,0
validation_008,validation,8,7,0,0,0,0,0
validation_008,validation,8,7,1,0,0,0,0
validation_008,validation,8,7,2,0,0,0,0
validation_008,validation,8,7,3,0,0,0,0
validation_008,validation,8,7,4,0,0,0,0
validation_008,validation,8,7,5,0,0,0,0
validation_008,validation,8,7,6,0,0,0,0
validation_008,validation,8,7,7,0,0,0,0
validation_009,validation,8,0,0,0,0,0,0
validation_009,validation,8,0,1,0,1,1,0
validation_009,validation,8,0,2,0,0,0,0
validation_009,validation,8,0,3,0,9,9,0
validation_009,validation,8,0,4,0,58,58,0
validation_009,validation,8,0,5,0,6,6,0
validation_009,validation,8,0,6,0,0,0,0
validation_009,validation,8,0,7,0,0,0,0
validation_009,validation,8,1,0,0,0,0,0
validation_009,validation,8,1,1,0,173,173,0
validation_009,validation,8,1,2,0,1867,1867,0
validation_009,validation,8,1,3,0,2816,2816,0
validation_009,validation,8,1,4,0,3721,3721,0
validation_009,validation,8,1,5,0,2369,2369,0
validation_009,validation,8,1,6,0,1086,1086,0
validation_009,validation,8,1,7,0,22,22,0
validation_009,validation,8,2,0,0,0,0,0
validation_009,validation,8,2,1,0,829,829,0
validation_009,validation,8,2,2,0,4684,4684,0
validation_009,validation,8,2,3,0,1263,1263,0
validation_009,validation,8,2,4,0,2872,2872,0
validation_009,validation,8,2,5,0,4645,4645,0
validation_009,validation,8,2,6,0,4804,4804,0
validation_009,validation,8,2,7,0,1258,1258,0
validation_009,validation,8,3,0,0,9,9,0
validation_009,validation,8,3,1,0,1198,1198,0
validation_009,validation,8,3,2,0,1960,1960,0
validation_009,validation,8,3,3,0,4519,4519,0
validation_009,validation,8,3,4,15,7471,7458,8
validation_009,validation,8,3,5,698,9507,8752,40
validation_009,validation,8,3,6,53,8406,8343,13
validation_009,validation,8,3,7,9,1490,1490,9
validation_009,validation,8,4,0,0,2,2,0
validation_009,validation,8,4,1,0,441,441,0
validation_009,validation,8,4,2,0,208,208,0
validation_009,validation,8,4,3,0,3301,3301,0
validation_009,validation,8,4,4,2,2595,2583,1
validation_009,validation,8,4,5,596,867,453,266
validation_009,validation,8,4,6,858,838,736,756
validation_009,validation,8,4,7,994,6,6,994
validation_009,validation,8,5,0,0,0,0,0
validation_009,validation,8,5,1,0,192,192,0
validation_009,validation,8,5,2,0,330,330,0
validation_009,validation,8,5,3,0,27,27,0
validation_009,validation,8,5,4,0,104,104,0
validation_009,validation,8,5,5,0,0,0,0
validation_009,validation,8,5,6,0,1,1,0
validation_009,validation,8,5,7,0,0,0,0
validation_009,validation,8,6,0,0,0,0,0
validation_009,validation,8,6,1,0,25,25,0
validation_009,validation,8,6,2,0,102,102,0
validation_009,validation,8,6,3,0,2,2,0
validation_009,validation,8,6,4,0,0,0,0
validation_009,validation,8,6,5,0,0,0,0
validation_009,validation,8,6,6,0,0,0,0
validation_009,validation,8,6,7,0,0,0,0
validation_009,validation,8,7,0,0,0,0,0
validation_009,validation,8,7,1,0,0,0,0
validation_009,validation,8,7,2,0,0,0,0
validation_009,validation,8,7,3,0,0,0,0
validation_009,validation,8,7,4,0,0,0,0
validation_009,validation,8,7,5,0,0,0,0
validation_009,validation,8,7,6,0,0,0,0
validation_009,validation,8,7,7,0,0,0,0
validation_010,validation,8,0,0,0,0,0,0
validation_010,validation,8,0,1,0,0,0,0
validation_010,validation,8,0,2,0,48,48,0
validation_010,validation,8,0,3,0,1152,1152,0
validation_010,validation,8,0,4,0,3207,3207,0
validation_010,validation,8,0,5,0,583,583,0
validation_010,validation,8,0,6,0,118,118,0
validation_010,validation,8,0,7,0,0,0,0
validation_010,validation,8,1,0,0,0,0,0
validation_010,validation,8,1,1,0,200,200,0
validation_010,validation,8,1,2,0,169,169,0
validation_010,validation,8,1,3,0,2237,2237,0
validation_010,validation,8,1,4,0,1087,1087,0
validation_010,validation,8,1,5,0,476,476,0
validation_010,validation,8,1,6,0,0,0,0
validation_010,validation,8,1,7,0,0,0,0
validation_010,validation,8,2,0,0,29,29,0
validation_010,validation,8,2,1,0,2225,2225,0
validation_010,validation,8,2,2,0,1773,1773,0
validation_010,validation,8,2,3,0,589,589,0
validation_010,validation,8,2,4,0,392,392,0
validation_010,validation,8,2,5,0,2224,2224,0
validation_010,validation,8,2,6,0,234,234,0
validation_010,validation,8,2,7,0,25,25,0
validation_010,validation,8,3,0,1772,260,260,1772
validation_010,validation,8,3,1,1449,1522,1522,1449
validation_010,validation,8,3,2,0,2155,2155,0
validation_010,validation,8,3,3,0,5797,5797,0
validation_010,validation,8,3,4,0,4888,4888,0
validation_010,validation,8,3,5,0,2957,2957,0
validation_010,validation,8,3,6,0,1553,1553,0
validation_010,validation,8,3,7,0,92,92,0
validation_010,validation,8,4,0,281,14,14,281
validation_010,validation,8,4,1,6,133,133,6
validation_010,validation,8,4,2,0,1519,1519,0
validation_010,validation,8,4,3,0,2339,2339,0
validation_010,validation,8,4,4,0,1686,1686,0
validation_010,validation,8,4,5,0,2973,2973,0
validation_010,validation,8,4,6,0,1817,1817,0
validation_010,validation,8,4,7,0,776,776,0
validation_010,validation,8,5,0,0,0,0,0
validation_010,validation,8,5,1,0,0,0,0
validation_010,validation,8,5,2,0,0,0,0
validation_010,validation,8,5,3,0,14,14,0
validation_010,validation,8,5,4,0,29,29,0
validation_010,validation,8,5,5,0,200,200,0
validation_010,validation,8,5,6,0,119,119,0
validation_010,validation,8,5,7,0,1,1,0
validation_010,validation,8,6,0,0,0,0,0
validation_010,validation,8,6,1,0,0,0,0
validation_010,validation,8,6,2,0,0,0,0
validation_010,validation,8,6,3,0,0,0,0
validation_010,validation,8,6,4,0,0,0,0
validation_010,validation,8,6,5,0,5,5,0
validation_010,validation,8,6,6,0,4,4,0
validation_010,validation,8,6,7,0,0,0,0
validation_010,validation,8,7,0,0,0,0,0
validation_010,validation,8,7,1,0,0,0,0
validation_010,validation,8,7,2,0,0,0,0
validation_010,validation,8,7,3,0,0,0,0
validation_010,validation,8,7,4,0,0,0,0
validation_010,validation,8,7,5,0,0,0,0
validation_010,validation,8,7,6,0,0,0,0
validation_010,validation,8,7,7,0,0,0,0
validation_011,validation,8,0,0,0,0,0,0
validation_011,validation,8,0,1,0,0,0,0
validation_011,validation,8,0,2,0,3,3,0
validation_011,validation,8,0,3,0,0,0,0
validation_011,validation,8,0,4,0,0,0,0
validation_011,validation,8,0,5,0,0,0,0
validation_011,validation,8,0,6,0,0,0,0
validation_011,validation,8,0,7,0,0,0,0
validation_011,validation,8,1,0,0,0,0,0
validation_011,validation,8,1,1,0,22,22,0
validation_011,validation,8,1,2,0,19,19,0
validation_011,validation,8,1,3,0,22,22,0
validation_011,validation,8,1,4,0,0,0,0
validation_011,validation,8,1,5,0,0,0,0
validation_011,validation,8,1,6,0,123,123,0
validation_011,validation,8,1,7,0,83,83,0
validation_011,validation,8,2,0,51,323,254,0
validation_011,validation,8,2,1,210,2788,2482,0
validation_011,validation,8,2,2,0,1633,1633,0
validation_011,validation,8,2,3,0,1270,1270,0
validation_011,validation,8,2,4,0,731,731,0
validation_011,validation,8,2,5,0,543,543,0
validation_011,validation,8,2,6,0,746,746,0
validation_011,validation,8,2,7,0,517,517,0
validation_011,validation,8,3,0,394,377,162,182
validation_011,validation,8,3,1,193,2627,2373,0
validation_011,validation,8,3,2,0,2115,2115,0
validation_011,validation,8,3,3,0,731,731,0
validation_011,validation,8,3,4,0,1500,1500,0
validation_011,validation,8,3,5,0,1918,1918,0
validation_011,validation,8,3,6,0,1583,1583,0
validation_011,validation,8,3,7,0,366,366,0
validation_011,validation,8,4,0,0,2,2,0
validation_011,validation,8,4,1,0,666,666,0
validation_011,validation,8,4,2,0,339,339,0
validation_011,validation,8,4,3,0,40,40,0
validation_011,validation,8,4,4,0,1064,1064,0
validation_011,validation,8,4,5,0,2785,2785,0
validation_011,validation,8,4,6,0,697,697,0
validation_011,validation,8,4,7,0,68,68,0
validation_011,validation,8,5,0,0,0,0,0
validation_011,validation,8,5,1,0,232,232,0
validation_011,validation,8,5,2,0,1483,1483,0
validation_011,validation,8,5,3,0,0,0,0
validation_011,validation,8,5,4,0,212,212,0
validation_011,validation,8,5,5,0,2,2,0
validation_011,validation,8,5,6,0,0,0,0
validation_011,validation,8,5,7,0,0,0,0
validation_011,validation,8,6,0,0,0,0,0
validation_011,validation,8,6,1,0,0,0,0
validation_011,validation,8,6,2,0,4,4,0
validation_011,validation,8,6,3,0,0,0,0
validation_011,validation,8,6,4,0,0,0,0
validation_011,validation,8,6,5,0,0,0,0
validation_011,validation,8,6,6,0,0,0,0
validation_011,validation,8,6,7,0,0,0,0
validation_011,validation,8,7,0,0,0,0,0
validation_011,validation,8,7,1,0,0,0,0
validation_011,validation,8,7,2,0,0,0,0
validation_011,validation,8,7,3,0,0,0,0
validation_011,validation,8,7,4,0,0,0,0
validation_011,validation,8,7,5,0,0,0,0
validation_011,validation,8,7,6,0,0,0,0
validation_011,validation,8,7,7,0,0,0,0
validation_012,validation,8,0,0,0,0,0,0
validation_012,validation,8,0,1,0,40,40,0
validation_012,validation,8,0,2,0,117,117,0
validation_012,validation,8,0,3,0,264,264,0
validation_012,validation,8,0,4,0,9,9,0
validation_012,validation,8,0,5,0,0,0,0
validation_012,validation,8,0,6,0,0,0,0
validation_012,validation,8,0,7,0,0,0,0
validation_012,validation,8,1,0,355,164,135,326
validation_012,validation,8,1,1,1225,2165,1081,190
validation_012,validation,8,1,2,140,2564,2418,10
validation_012,validation,8,1,3,0,784,784,0
validation_012,validation,8,1,4,0,140,140,0
validation_012,validation,8,1,5,0,649,649,0
validation_012,validation,8,1,6,0,288,288,0
validation_012,validation,8,1,7,0,29,29,0
validation_012,validation,8,2,0,0,482,482,0
validation_012,validation,8,2,1,42,2010,1987,26
validation_012,validation,8,2,2,78,2430,2374,22
validation_012,validation,8,2,3,0,2030,2030,0
validation_012,validation,8,2,4,0,2489,2489,0
validation_012,validation,8,2,5,0,1253,1253,0
validation_012,validation,8,2,6,0,710,710,0
validation_012,validation,8,2,7,0,182,182,0
validation_012,validation,8,3,0,0,211,211,0
validation_012,validation,8,3,1,0,236,236,0
validation_012,validation,8,3,2,0,1361,1361,0
validation_012,validation,8,3,3,0,1592,1592,0
validation_012,validation,8,3,4,0,1398,1398,0
validation_012,validation,8,3,5,0,2104,2104,0
validation_012,validation,8,3,6,0,1243,1243,0
validation_012,validation,8,3,7,0,299,299,0
validation_012,validation,8,4,0,0,14,14,0
validation_012,validation,8,4,1,0,1,1,0
validation_012,validation,8,4,2,0,233,233,0
validation_012,validation,8,4,3,0,366,366,0
validation_012,validation,8,4,4,0,680,680,0
validation_012,validation,8,4,5,0,570,570,0
validation_012,validation,8,4,6,0,621,621,0
validation_012,validation,8,4,7,0,257,257,0
validation_012,validation,8,5,0,0,0,0,0
validation_012,validation,8,5,1,0,0,0,0
validation_012,validation,8,5,2,0,5,5,0
validation_012,validation,8,5,3,0,55,55,0
validation_012,validation,8,5,4,0,0,0,0
validation_012,validation,8,5,5,0,10,10,0
validation_012,validation,8,5,6,0,0,0,0
validation_012,validation,8,5,7,0,0,0,0
validation_012,validation,8,6,0,0,0,0,0
validation_012,validation,8,6,1,0,0,0,0
validation_012,validation,8,6,2,0,45,45,0
validation_012,validation,8,6,3,0,39,39,0
validation_012,validation,8,6,4,0,0,0,0
validation_012,validation,8,6,5,0,0,0,0
validation_012,validation,8,6,6,0,0,0,0
validation_012,validation,8,6,7,0,0,0,0
validation_012,validation,8,7,0,0,0,0,0
validation_012,validation,8,7,1,0,0,0,0
validation_012,validation,8,7,2,0,0,0,0
validation_012,validation,8,7,3,0,0,0,0
validation_012,validation,8,7,4,0,0,0,0
validation_012,validation,8,7,5,0,0,0,0
validation_012,validation,8,7,6,0,0,0,0
validation_012,validation,8,7,7,0,0,0,0
validation_013,validation,8,0,0,0,0,0,0
validation_013,validation,8,0,1,0,8,8,0
validation_013,validation,8,0,2,0,101,101,0
validation_013,validation,8,0,3,0,68,68,0
validation_013,validation,8,0,4,0,0,0,0
validation_013,validation,8,0,5,0,0,0,0
validation_013,validation,8,0,6,0,0,0,0
validation_013,validation,8,0,7,0,0,0,0
validation_013,validation,8,1,0,0,0,0,0
validation_013,validation,8,1,1,0,356,356,0
validation_013,validation,8,1,2,0,884,884,0
validation_013,validation,8,1,3,0,3196,3196,0
validation_013,validation,8,1,4,0,5427,5427,0
validation_013,validation,8,1,5,0,382,382,0
validation_013,validation,8,1,6,0,0,0,0
validation_013,validation,8,1,7,0,0,0,0
validation_013,validation,8,2,0,0,9,9,0
validation_013,validation,8,2,1,0,565,565,0
validation_013,validation,8,2,2,0,620,620,0
validation_013,validation,8,2,3,0,208,208,0
validation_013,validation,8,2,4,0,1563,1563,0
validation_013,validation,8,2,5,0,3116,3116,0
validation_013,validation,8,2,6,0,64,64,0
validation_013,validation,8,2,7,0,0,0,0
validation_013,validation,8,3,0,0,168,168,0
validation_013,validation,8,3,1,0,318,318,0
validation_013,validation,8,3,2,0,618,618,0
validation_013,validation,8,3,3,0,460,460,0
validation_013,validation,8,3,4,0,2568,2568,0
validation_013,validation,8,3,5,0,4720,4720,0
validation_013,validation,8,3,6,0,1002,1002,0
validation_013,validation,8,3,7,0,34,34,0
validation_013,validation,8,4,0,0,16,16,0
validation_013,validation,8,4,1,79,178,175,76
validation_013,validation,8,4,2,324,939,904,289
validation_013,validation,8,4,3,0,80,80,0
validation_013,validation,8,4,4,0,992,992,0
validation_013,validation,8,4,5,0,1899,1899,0
validation_013,validation,8,4,6,0,1708,1708,0
validation_013,validation,8,4,7,0,0,0,0
validation_013,validation,8,5,0,48,242,242,48
validation_013,validation,8,5,1,1323,544,54,834
validation_013,validation,8,5,2,373,369,167,171
validation_013,validation,8,5,3,0,23,23,0
validation_013,validation,8,5,4,0,59,59,0
validation_013,validation,8,5,5,0,174,174,0
validation_013,validation,8,5,6,0,99,99,0
validation_013,validation,8,5,7,0,0,0,0
validation_013,validation,8,6,0,0,0,0,0
validation_013,validation,8,6,1,0,0,0,0
validation_013,validation,8,6,2,0,0,0,0
validation_013,validation,8,6,3,0,0,0,0
validation_013,validation,8,6,4,0,0,0,0
validation_013,validation,8,6,5,0,0,0,0
validation_013,validation,8,6,6,0,0,0,0
validation_013,validation,8,6,7,0,0,0,0
validation_013,validation,8,7,0,0,0,0,0
validation_013,validation,8,7,1,0,0,0,0
validation_013,validation,8,7,2,0,0,0,0
validation_013,validation,8,7,3,0,0,0,0
validation_013,validation,8,7,4,0,0,0,0
validation_013,validation,8,7,5,0,0,0,0
validation_013,validation,8,7,6,0,0,0,0
validation_013,validation,8,7,7,0,0,0,0
validation_014,validation,8,0,0,0,0,0,0
validation_014,validation,8,0,1,0,0,0,0
validation_014,validation,8,0,2,0,0,0,0
validation_014,validation,8,0,3,0,0,0,0
validation_014,validation,8,0,4,0,209,209,0
validation_014,validation,8,0,5,0,560,560,0
validation_014,validation,8,0,6,0,1021,1021,0
validation_014,validation,8,0,7,0,0,0,0
validation_014,validation,8,1,0,153,0,0,153
validation_014,validation,8,1,1,415,565,467,317
validation_014,validation,8,1,2,859,2150,1322,78
validation_014,validation,8,1,3,20,1429,1426,17
validation_014,validation,8,1,4,0,996,996,0
validation_014,validation,8,1,5,0,1102,1102,0
validation_014,validation,8,1,6,0,3499,3499,0
validation_014,validation,8,1,7,0,1825,1825,0
validation_014,validation,8,2,0,0,8,8,0
validation_014,validation,8,2,1,299,285,187,204
validation_014,validation,8,2,2,868,1758,1071,198
validation_014,validation,8,2,3,14,189,183,8
validation_014,validation,8,2,4,0,2480,2480,0
validation_014,validation,8,2,5,0,1489,1489,0
validation_014,validation,8,2,6,0,5845,5845,0
validation_014,validation,8,2,7,0,4028,4028,0
validation_014,validation,8,3,0,0,42,42,0
validation_014,validation,8,3,1,0,293,293,0
validation_014,validation,8,3,2,0,2090,2090,0
validation_014,validation,8,3,3,0,629,629,0
validation_014,validation,8,3,4,0,960,960,0
validation_014,validation,8,3,5,0,3177,3177,0
validation_014,validation,8,3,6,0,4029,4029,0
validation_014,validation,8,3,7,0,1338,1338,0
validation_014,validation,8,4,0,2445,447,18,2016
validation_014,validation,8,4,1,879,3081,2049,471
validation_014,validation,8,4,2,572,1123,840,475
validation_014,validation,8,4,3,0,861,861,0
validation_014,validation,8,4,4,0,911,911,0
validation_014,validation,8,4,5,0,636,636,0
validation_014,validation,8,4,6,0,461,461,0
validation_014,validation,8,4,7,0,19,19,0
validation_014,validation,8,5,0,890,204,0,686
validation_014,validation,8,5,1,4092,2372,18,1755
validation_014,validation,8,5,2,1013,222,25,824
validation_014,validation,8,5,3,0,38,38,0
validation_014,validation,8,5,4,0,6,6,0
validation_014,validation,8,5,5,0,0,0,0
validation_014,validation,8,5,6,0,0,0,0
validation_014,validation,8,5,7,0,0,0,0
validation_014,validation,8,6,0,0,0,0,0
validation_014,validation,8,6,1,0,0,0,0
validation_014,validation,8,6,2,0,0,0,0
validation_014,validation,8,6,3,0,0,0,0
validation_014,validation,8,6,4,0,0,0,0
validation_014,validation,8,6,5,0,0,0,0
validation_014,validation,8,6,6,0,0,0,0
validation_014,validation,8,6,7,0,0,0,0
validation_014,validation,8,7,0,0,0,0,0
validation_014,validation,8,7,1,0,0,0,0
validation_014,validation,8,7,2,0,0,0,0
validation_014,validation,8,7,3,0,0,0,0
validation_014,validation,8,7,4,0,0,0,0
validation_014,validation,8,7,5,0,0,0,0
validation_014,validation,8,7,6,0,0,0,0
validation_014,validation,8,7,7,0,0,0,0
validation_015,validation,8,0,0,0,0,0,0
validation_015,validation,8,0,1,0,0,0,0
validation_015,validation,8,0,2,0,0,0,0
validation_015,validation,8,0,3,0,0,0,0
validation_015,validation,8,0,4,0,0,0,0
validation_015,validation,8,0,5,0,0,0,0
validation_015,validation,8,0,6,0,0,0,0
validation_015,validation,8,0,7,0,0,0,0
validation_015,validation,8,1,0,0,0,0,0
validation_015,validation,8,1,1,0,377,377,0
validation_015,validation,8,1,2,1035,1766,1292,562
validation_015,validation,8,1,3,152,101,34,85
validation_015,validation,8,1,4,0,144,144,0
validation_015,validation,8,1,5,0,244,244,0
validation_015,validation,8,1,6,0,0,0,0
validation_015,validation,8,1,7,0,0,0,0
validation_015,validation,8,2,0,0,0,0,0
validation_015,validation,8,2,1,0,1571,1571,0
validation_015,validation,8,2,2,59,1867,1838,33
validation_015,validation,8,2,3,6,953,949,6
validation_015,validation,8,2,4,0,215,215,0
validation_015,validation,8,2,5,0,625,625,0
validation_015,validation,8,2,6,0,792,792,0
validation_015,validation,8,2,7,0,1,1,0
validation_015,validation,8,3,0,0,345,345,0
validation_015,validation,8,3,1,0,1587,1587,0
validation_015,validation,8,3,2,566,1485,1150,232
validation_015,validation,8,3,3,997,1097,677,577
validation_015,validation,8,3,4,0,427,427,0
validation_015,validation,8,3,5,0,1318,1318,0
validation_015,validation,8,3,6,0,1942,1942,0
validation_015,validation,8,3,7,0,628,628,0
validation_015,validation,8,4,0,0,8,8,0
validation_015,validation,8,4,1,0,98,98,0
validation_015,validation,8,4,2,0,704,704,0
validation_015,validation,8,4,3,0,2459,2459,0
validation_015,validation,8,4,4,0,2064,2064,0
validation_015,validation,8,4,5,0,2871,2871,0
validation_015,validation,8,4,6,0,1427,1427,0
validation_015,validation,8,4,7,0,60,60,0
validation_015,validation,8,5,0,0,0,0,0
validation_015,validation,8,5,1,0,19,19,0
validation_015,validation,8,5,2,0,43,43,0
validation_015,validation,8,5,3,0,630,630,0
validation_015,validation,8,5,4,0,964,964,0
validation_015,validation,8,5,5,0,316,316,0
validation_015,validation,8,5,6,0,0,0,0
validation_015,validation,8,5,7,0,0,0,0
validation_015,validation,8,6,0,0,0,0,0
validation_015,validation,8,6,1,0,0,0,0
validation_015,validation,8,6,2,0,0,0,0
validation_015,validation,8,6,3,0,1,1,0
validation_015,validation,8,6,4,0,0,0,0
validation_015,validation,8,6,5,0,0,0,0
validation_015,validation,8,6,6,0,0,0,0
validation_015,validation,8,6,7,0,0,0,0
validation_015,validation,8,7,0,0,0,0,0
validation_015,validation,8,7,1,0,0,0,0
validation_015,validation,8,7,2,0,0,0,0
validation_015,validation,8,7,3,0,0,0,0
validation_015,validation,8,7,4,0,0,0,0
validation_015,validation,8,7,5,0,0,0,0
validation_015,validation,8,7,6,0,0,0,0
validation_015,validation,8,7,7,0,0,0,0
validation_016,validation,8,0,0,0,0,0,0
validation_016,validation,8,0,1,0,0,0,0
validation_016,validation,8,0,2,0,0,0,0
validation_016,validation,8,0,3,0,0,0,0
validation_016,validation,8,0,4,0,0,0,0
validation_016,validation,8,0,5,0,0,0,0
validation_016,validation,8,0,6,0,0,0,0
validation_016,validation,8,0,7,0,0,0,0
validation_016,validation,8,1,0,0,0,0,0
validation_016,validation,8,1,1,0,0,0,0
validation_016,validation,8,1,2,0,1,1,0
validation_016,validation,8,1,3,0,0,0,0
validation_016,validation,8,1,4,0,1,1,0
validation_016,validation,8,1,5,0,166,166,0
validation_016,validation,8,1,6,0,368,368,0
validation_016,validation,8,1,7,0,0,0,0
validation_016,validation,8,2,0,0,0,0,0
validation_016,validation,8,2,1,0,284,284,0
validation_016,validation,8,2,2,0,1717,1717,0
validation_016,validation,8,2,3,0,2461,2461,0
validation_016,validation,8,2,4,36,6450,6356,0
validation_016,validation,8,2,5,584,5697,4754,0
validation_016,validation,8,2,6,0,2892,2892,0
validation_016,validation,8,2,7,0,0,0,0
validation_016,validation,8,3,0,0,0,0,0
validation_016,validation,8,3,1,0,137,137,0
validation_016,validation,8,3,2,0,258,258,0
validation_016,validation,8,3,3,0,1900,1900,0
validation_016,validation,8,3,4,261,2954,2492,0
validation_016,validation,8,3,5,731,4397,3107,14
validation_016,validation,8,3,6,0,950,950,0
validation_016,validation,8,3,7,0,0,0,0
validation_016,validation,8,4,0,0,0,0,0
validation_016,validation,8,4,1,0,107,107,0
validation_016,validation,8,4,2,0,168,168,0
validation_016,validation,8,4,3,0,155,155,0
validation_016,validation,8,4,4,0,1083,1083,0
validation_016,validation,8,4,5,0,871,871,0
validation_016,validation,8,4,6,0,103,103,0
validation_016,validation,8,4,7,0,0,0,0
validation_016,validation,8,5,0,0,0,0,0
validation_016,validation,8,5,1,0,133,133,0
validation_016,validation,8,5,2,0,455,455,0
validation_016,validation,8,5,3,0,1332,1332,0
validation_016,validation,8,5,4,0,111,111,0
validation_016,validation,8,5,5,0,44,44,0
validation_016,validation,8,5,6,0,0,0,0
validation_016,validation,8,5,7,0,0,0,0
validation_016,validation,8,6,0,0,0,0,0
validation_016,validation,8,6,1,0,4,4,0
validation_016,validation,8,6,2,0,9,9,0
validation_016,validation,8,6,3,0,65,65,0
validation_016,validation,8,6,4,0,101,101,0
validation_016,validation,8,6,5,0,0,0,0
validation_016,validation,8,6,6,0,0,0,0
validation_016,validation,8,6,7,0,0,0,0
validation_016,validation,8,7,0,0,0,0,0
validation_016,validation,8,7,1,0,0,0,0
validation_016,validation,8,7,2,0,0,0,0
validation_016,validation,8,7,3,0,0,0,0
validation_016,validation,8,7,4,0,0,0,0
validation_016,validation,8,7,5,0,0,0,0
validation_016,validation,8,7,6,0,0,0,0
validation_016,validation,8,7,7,0,0,0,0
validation_017,validation,8,0,0,0,0,0,0
validation_017,validation,8,0,1,0,0,0,0
validation_017,validation,8,0,2,0,0,0,0
validation_017,validation,8,0,3,0,0,0,0
validation_017,validation,8,0,4,0,0,0,0
validation_017,validation,8,0,5,0,0,0,0
validation_017,validation,8,0,6,0,0,0,0
validation_017,validation,8,0,7,0,0,0,0
validation_017,validation,8,1,0,0,0,0,0
validation_017,validation,8,1,1,0,728,728,0
validation_017,validation,8,1,2,0,1190,1190,0
validation_017,validation,8,1,3,0,117,117,0
validation_017,validation,8,1,4,0,180,180,0
validation_017,validation,8,1,5,0,169,169,0
validation_017,validation,8,1,6,0,11,11,0
validation_017,validation,8,1,7,0,0,0,0
validation_017,validation,8,2,0,0,15,15,0
validation_017,validation,8,2,1,0,5621,5621,0
validation_017,validation,8,2,2,0,12229,12229,0
validation_017,validation,8,2,3,1721,19865,15813,2
validation_017,validation,8,2,4,220,11445,10679,1
validation_017,validation,8,2,5,0,995,995,0
validation_017,validation,8,2,6,0,268,268,0
validation_017,validation,8,2,7,0,0,0,0
validation_017,validation,8,3,0,0,62,62,0
validation_017,validation,8,3,1,0,3629,3629,0
validation_017,validation,8,3,2,0,9872,9872,0
validation_017,validation,8,3,3,54,7954,7530,0
validation_017,validation,8,3,4,53,5445,5287,0
validation_017,validation,8,3,5,0,1258,1258,0
validation_017,validation,8,3,6,0,619,619,0
validation_017,validation,8,3,7,0,0,0,0
validation_017,validation,8,4,0,0,16,16,0
validation_017,validation,8,4,1,0,554,554,0
validation_017,validation,8,4,2,0,1930,1930,0
validation_017,validation,8,4,3,0,3103,3103,0
validation_017,validation,8,4,4,0,4322,4322,0
validation_017,validation,8,4,5,0,512,512,0
validation_017,validation,8,4,6,0,5,5,0
validation_017,validation,8,4,7,0,0,0,0
validation_017,validation,8,5,0,0,0,0,0
validation_017,validation,8,5,1,0,88,88,0
validation_017,validation,8,5,2,0,0,0,0
validation_017,validation,8,5,3,0,0,0,0
validation_017,validation,8,5,4,0,125,125,0
validation_017,validation,8,5,5,0,0,0,0
validation_017,validation,8,5,6,0,0,0,0
validation_017,validation,8,5,7,0,0,0,0
validation_017,validation,8,6,0,0,0,0,0
validation_017,validation,8,6,1,0,8,8,0
validation_017,validation,8,6,2,0,27,27,0
validation_017,validation,8,6,3,0,349,349,0
validation_017,validation,8,6,4,0,0,0,0
validation_017,validation,8,6,5,0,0,0,0
validation_017,validation,8,6,6,0,0,0,0
validation_017,validation,8,6,7,0,0,0,0
validation_017,validation,8,7,0,0,0,0,0
validation_017,validation,8,7,1,0,0,0,0
validation_017,validation,8,7,2,0,0,0,0
validation_017,validation,8,7,3,0,0,0,0
validation_017,validation,8,7,4,0,0,0,0
validation_017,validation,8,7,5,0,0,0,0
validation_017,validation,8,7,6,0,0,0,0
validation_017,validation,8,7,7,0,0,0,0
