video_alias,split,frame,true_positive_count,false_positive_count,true_negative_count,false_negative_count,ignore_count,precision,recall,f1,iou_femur,false_positive_rate,false_negative_rate,gt_positive_count,predicted_positive_count,valid_count,prob_positive_mean,prob_background_mean,prob_ignore_mean,gt_centroid_x,gt_centroid_y,predicted_centroid_x,predicted_centroid_y,centroid_distance,centroid_distance_available,is_no_gt_frame,no_gt_frame_fp_count,no_gt_frame_background_prob_mean,distance_to_nearest_gt_positive_frame,relative_frame_decile,gt_interval_position
train_sanity_000,train_sanity,0,0,1313,8116,0,0,0.0,,0.0,0.0,0.1392512461554778,,0,1313,9429,,0.2239732981552502,,,,174.9344940185547,97.07616424560547,,False,True,1313,0.2239732981552502,7,0,before
train_sanity_000,train_sanity,1,0,1191,8108,0,0,0.0,,0.0,0.0,0.1280782879879557,,0,1191,9299,,0.22250429043142303,,,,174.69100952148438,97.4424819946289,,False,True,1191,0.22250429043142303,6,0,before
train_sanity_000,train_sanity,2,0,1402,8267,0,0,0.0,,0.0,0.0,0.14499948288344192,,0,1402,9669,,0.2026483173000903,,,,173.56918334960938,91.55135345458984,,False,True,1402,0.2026483173000903,5,1,before
train_sanity_000,train_sanity,3,0,1589,7958,0,0,0.0,,0.0,0.0,0.16643971928354456,,0,1589,9547,,0.21251068540479656,,,,159.75331115722656,82.4946517944336,,False,True,1589,0.21251068540479656,4,1,before
train_sanity_000,train_sanity,4,0,1766,7740,0,0,0.0,,0.0,0.0,0.18577740374500315,,0,1766,9506,,0.23214746532546227,,,,155.57814025878906,83.1517562866211,,False,True,1766,0.23214746532546227,3,2,before
train_sanity_000,train_sanity,5,0,1743,6792,0,0,0.0,,0.0,0.0,0.20421792618629173,,0,1743,8535,,0.26798017183642,,,,145.60585021972656,80.44520568847656,,False,True,1743,0.26798017183642,2,2,before
train_sanity_000,train_sanity,6,0,1863,5573,0,0,0.0,,0.0,0.0,0.25053792361484667,,0,1863,7436,,0.3078612091394921,,,,156.472900390625,83.50456237792969,,False,True,1863,0.3078612091394921,1,3,before
train_sanity_000,train_sanity,7,59,1877,5594,113,0,0.030475206611570247,0.3430232558139535,0.055977229601518026,0.02879453391898487,0.2512381207335029,0.6569767441860465,172,1936,7643,0.4630799286587294,0.29546756219235887,,102.99418640136719,38.622093200683594,163.73191833496094,84.8817138671875,76.3480453491211,True,False,,,0,3,inside
train_sanity_000,train_sanity,8,153,1412,6214,56,43,0.09776357827476038,0.7320574162679426,0.17249154453213078,0.09438618136952498,0.18515604510883818,0.2679425837320574,209,1571,7835,0.5403732817138781,0.2700890675621264,0.3944098703389944,94.82775115966797,38.6363639831543,169.1763153076172,89.73710632324219,90.21637725830078,True,False,,,0,4,inside
train_sanity_000,train_sanity,9,240,1132,5318,194,63,0.1749271137026239,0.5529953917050692,0.26578073089701,0.1532567049808429,0.17550387596899225,0.4470046082949309,434,1376,6884,0.4783409703437084,0.26386342123973855,0.398076072808296,83.84101104736328,41.582950592041016,176.3531951904297,89.68677520751953,104.27119445800781,True,False,,,0,4,inside
train_sanity_000,train_sanity,10,80,1496,5688,485,0,0.050761421319796954,0.1415929203539823,0.07473143390938813,0.038816108685104316,0.20824053452115812,0.8584070796460177,565,1576,7749,0.33614535723376066,0.24919065198887508,,48.10442352294922,48.29380416870117,173.04885864257812,90.95431518554688,132.02662658691406,True,False,,,0,5,inside
train_sanity_000,train_sanity,11,0,1616,7108,281,0,0.0,0.0,0.0,0.0,0.18523613021549748,1.0,281,1616,9005,0.16953907222934464,0.2285281598061628,,26.20284652709961,49.558719635009766,165.2803192138672,91.60272216796875,145.29364013671875,True,False,,,0,5,inside
train_sanity_000,train_sanity,12,0,1629,7669,0,0,0.0,,0.0,0.0,0.17519896751989675,,0,1629,9298,,0.2197853532808533,,,,157.74156188964844,81.51380920410156,,False,True,1629,0.2197853532808533,1,6,after
train_sanity_000,train_sanity,13,0,1498,8567,0,0,0.0,,0.0,0.0,0.14883258817685047,,0,1498,10065,,0.20760708870523517,,,,166.8504638671875,77.56275177001953,,False,True,1498,0.20760708870523517,2,6,after
train_sanity_000,train_sanity,14,0,1338,9019,0,0,0.0,,0.0,0.0,0.12918798879984553,,0,1338,10357,,0.19303080692511523,,,,164.6442413330078,70.62107849121094,,False,True,1338,0.19303080692511523,3,7,after
train_sanity_000,train_sanity,15,0,1112,9656,0,0,0.0,,0.0,0.0,0.10326894502228826,,0,1112,10768,,0.1794241904084748,,,,152.0341796875,63.505393981933594,,False,True,1112,0.1794241904084748,4,7,after
train_sanity_000,train_sanity,16,0,993,10021,0,0,0.0,,0.0,0.0,0.09015798075177048,,0,993,11014,,0.17789905735916256,,,,99.04934692382812,69.29003143310547,,False,True,993,0.17789905735916256,5,8,after
train_sanity_000,train_sanity,17,0,1294,10540,0,0,0.0,,0.0,0.0,0.1093459523407132,,0,1294,11834,,0.17474923043422327,,,,88.6383285522461,83.62828063964844,,False,True,1294,0.17474923043422327,6,8,after
train_sanity_000,train_sanity,18,0,1207,10052,0,0,0.0,,0.0,0.0,0.10720312638777867,,0,1207,11259,,0.17959371415670894,,,,101.01905822753906,73.8177261352539,,False,True,1207,0.17959371415670894,7,9,after
train_sanity_000,train_sanity,19,0,881,10182,0,0,0.0,,0.0,0.0,0.07963481876525355,,0,881,11063,,0.16779256255926064,,,,105.28150177001953,72.91600799560547,,False,True,881,0.16779256255926064,8,9,after
train_sanity_001,train_sanity,0,0,799,9552,0,0,0.0,,0.0,0.0,0.07719060960293692,,0,799,10351,,0.19724425019278155,,,,146.4505615234375,96.24906158447266,,False,True,799,0.19724425019278155,7,0,before
train_sanity_001,train_sanity,1,0,842,9133,0,0,0.0,,0.0,0.0,0.08441102756892231,,0,842,9975,,0.1878877517726403,,,,132.22447204589844,89.50593566894531,,False,True,842,0.1878877517726403,6,0,before
train_sanity_001,train_sanity,2,0,952,8935,0,0,0.0,,0.0,0.0,0.09628805502174573,,0,952,9887,,0.18468775962826245,,,,127.95903015136719,86.85713958740234,,False,True,952,0.18468775962826245,5,1,before
train_sanity_001,train_sanity,3,0,1056,8567,0,0,0.0,,0.0,0.0,0.10973708822612491,,0,1056,9623,,0.1853977412507627,,,,128.1780242919922,83.5890121459961,,False,True,1056,0.1853977412507627,4,1,before
train_sanity_001,train_sanity,4,0,1193,8431,0,0,0.0,,0.0,0.0,0.12396093100581879,,0,1193,9624,,0.18845257235258192,,,,125.22967529296875,83.3017578125,,False,True,1193,0.18845257235258192,3,2,before
train_sanity_001,train_sanity,5,0,1373,9358,0,0,0.0,,0.0,0.0,0.12794706923865437,,0,1373,10731,,0.183919385673669,,,,129.01092529296875,88.54843139648438,,False,True,1373,0.183919385673669,2,2,before
train_sanity_001,train_sanity,6,0,1240,9736,0,0,0.0,,0.0,0.0,0.1129737609329446,,0,1240,10976,,0.17920332485146814,,,,128.56289672851562,87.82742309570312,,False,True,1240,0.17920332485146814,1,3,before
train_sanity_001,train_sanity,7,358,520,9396,77,424,0.40774487471526194,0.8229885057471265,0.5453160700685453,0.374869109947644,0.05244050020169423,0.17701149425287357,435,1133,10351,0.5584984851637106,0.14685677488052432,0.4853548087741969,116.0988540649414,87.3862075805664,128.10768127441406,86.53486633300781,12.038966178894043,True,False,,,0,3,inside
train_sanity_001,train_sanity,8,286,418,9118,317,1349,0.40625,0.47429519071310117,0.43764345830145374,0.2801175318315377,0.04383389261744967,0.5257048092868989,603,1127,10139,0.4361381140069582,0.1386186975720901,0.3813313955898149,131.0066375732422,100.17412567138672,118.9795913696289,95.5048828125,12.901615142822266,True,False,,,0,4,inside
train_sanity_001,train_sanity,9,63,978,9529,306,445,0.06051873198847262,0.17073170731707318,0.08936170212765958,0.0467706013363029,0.0930808032740078,0.8292682926829268,369,1232,10876,0.34992095254624117,0.1880115231204708,0.364988378410259,147.0623321533203,114.45257568359375,108.8685073852539,97.25080871582031,41.888771057128906,True,False,,,0,4,inside
train_sanity_001,train_sanity,10,8,1467,9310,255,165,0.005423728813559322,0.030418250950570342,0.009205983889528193,0.004624277456647399,0.1361232253873991,0.9695817490494296,263,1536,11040,0.2997923529929988,0.20968135816315678,0.3355669769373807,152.87452697753906,123.75665283203125,103.91536712646484,103.86197662353516,52.846923828125,True,False,,,0,5,inside
train_sanity_001,train_sanity,11,0,1466,9313,158,213,0.0,0.0,0.0,0.0,0.1360051952871324,1.0,158,1533,10937,0.27432935222794735,0.21003723470569752,0.338957043740671,136.8734130859375,116.08860778808594,110.2785415649414,105.72994232177734,28.54100799560547,True,False,,,0,5,inside
train_sanity_001,train_sanity,12,0,1201,8612,31,283,0.0,0.0,0.0,0.0,0.12238866809334556,1.0,31,1362,9844,0.3753983051546158,0.21662737487571504,0.4532811289435983,144.25807189941406,120.45161437988281,122.59691619873047,102.88326263427734,27.890010833740234,True,False,,,0,6,inside
train_sanity_001,train_sanity,13,0,1343,9120,0,0,0.0,,0.0,0.0,0.12835706776259198,,0,1343,10463,,0.2256584704779181,,,,134.64854431152344,106.07967376708984,,False,True,1343,0.2256584704779181,1,6,after
train_sanity_001,train_sanity,14,0,1356,9240,0,0,0.0,,0.0,0.0,0.12797281993204984,,0,1356,10596,,0.22954142990326698,,,,134.8045654296875,112.45648956298828,,False,True,1356,0.22954142990326698,2,7,after
train_sanity_001,train_sanity,15,0,1389,9460,0,0,0.0,,0.0,0.0,0.1280302332012167,,0,1389,10849,,0.228703724169511,,,,133.4463653564453,118.19078826904297,,False,True,1389,0.228703724169511,3,7,after
train_sanity_001,train_sanity,16,0,1191,9501,0,0,0.0,,0.0,0.0,0.11139169472502806,,0,1191,10692,,0.21862864173854954,,,,147.4920196533203,124.01091766357422,,False,True,1191,0.21862864173854954,4,8,after
train_sanity_001,train_sanity,17,0,1195,9468,0,0,0.0,,0.0,0.0,0.11206977398480727,,0,1195,10663,,0.21390154454518226,,,,141.63096618652344,131.59498596191406,,False,True,1195,0.21390154454518226,5,8,after
train_sanity_001,train_sanity,18,0,1229,9134,0,0,0.0,,0.0,0.0,0.1185950014474573,,0,1229,10363,,0.2170104430148596,,,,141.87632751464844,130.5191192626953,,False,True,1229,0.2170104430148596,6,9,after
train_sanity_001,train_sanity,19,0,1384,8496,0,0,0.0,,0.0,0.0,0.14008097165991903,,0,1384,9880,,0.22340889902943784,,,,143.56646728515625,123.35260009765625,,False,True,1384,0.22340889902943784,7,9,after
train_sanity_002,train_sanity,0,0,1848,7114,0,0,0.0,,0.0,0.0,0.20620397232760546,,0,1848,8962,,0.2408086819941279,,,,118.22294616699219,97.23538970947266,,False,True,1848,0.2408086819941279,6,0,before
train_sanity_002,train_sanity,1,0,2018,7626,0,0,0.0,,0.0,0.0,0.20924927416009956,,0,2018,9644,,0.2385213900931498,,,,112.4846420288086,96.57582092285156,,False,True,2018,0.2385213900931498,5,0,before
train_sanity_002,train_sanity,2,0,1949,7883,0,0,0.0,,0.0,0.0,0.19823026851098455,,0,1949,9832,,0.23187726762998648,,,,109.24320220947266,95.641357421875,,False,True,1949,0.23187726762998648,4,0,before
train_sanity_002,train_sanity,3,0,1946,7599,0,0,0.0,,0.0,0.0,0.20387637506547931,,0,1946,9545,,0.23512518005689528,,,,108.57759857177734,94.42908477783203,,False,True,1946,0.23512518005689528,3,1,before
train_sanity_002,train_sanity,4,0,1857,7692,0,0,0.0,,0.0,0.0,0.19447062519635563,,0,1857,9549,,0.23326632598474414,,,,106.45719146728516,94.05331420898438,,False,True,1857,0.23326632598474414,2,1,before
train_sanity_002,train_sanity,5,0,1797,7849,0,0,0.0,,0.0,0.0,0.18629483723823345,,0,1797,9646,,0.22341036961216765,,,,104.29549407958984,94.79243469238281,,False,True,1797,0.22341036961216765,1,2,before
train_sanity_002,train_sanity,6,230,1562,8046,45,0,0.12834821428571427,0.8363636363636363,0.22254475084663763,0.12520413718018508,0.1625728559533722,0.16363636363636364,275,1792,9883,0.584503482688557,0.2087998042870315,,108.52363586425781,94.32363891601562,97.49609375,96.65290069580078,11.270853996276855,True,False,,,0,2,inside
train_sanity_002,train_sanity,7,291,1339,8336,40,0,0.1785276073619632,0.879154078549849,0.296787353391127,0.17425149700598802,0.13839793281653748,0.12084592145015106,331,1630,10006,0.6082965897289287,0.19275411866277994,,108.32628631591797,94.41993713378906,97.22576904296875,96.83251190185547,11.359664916992188,True,False,,,0,3,inside
train_sanity_002,train_sanity,8,229,1267,8494,0,178,0.15307486631016043,1.0,0.2655072463768116,0.15307486631016043,0.12980227435713554,0.0,229,1650,9990,0.6833207479730964,0.1931108269329449,0.5770620514502686,106.36244201660156,95.47161865234375,99.0860595703125,93.5309066772461,7.530743598937988,True,False,,,0,3,inside
train_sanity_002,train_sanity,9,264,1300,7791,0,187,0.16879795396419436,1.0,0.2888402625820569,0.16879795396419436,0.14299857001429986,0.0,264,1726,9355,0.6786259652087183,0.20144496895583902,0.5763664271104783,100.64393615722656,95.45833587646484,100.00057983398438,93.77346801757812,1.803520679473877,True,False,,,0,3,inside
train_sanity_002,train_sanity,10,786,996,7597,186,2,0.44107744107744107,0.808641975308642,0.5708061002178649,0.39939024390243905,0.11590829745141394,0.19135802469135801,972,1784,9565,0.5849052896347556,0.18199611643601735,0.6153784394264221,77.31378936767578,92.75411224365234,100.84080505371094,92.37051391601562,23.530141830444336,True,False,,,0,4,inside
train_sanity_002,train_sanity,11,504,865,7630,215,595,0.3681519357195033,0.7009735744089013,0.4827586206896552,0.3181818181818182,0.10182460270747498,0.29902642559109877,719,1635,9214,0.5525065138521545,0.16678097542477283,0.442663817470815,66.05424499511719,103.52294921875,102.27217102050781,89.12355041503906,38.97538757324219,True,False,,,0,4,inside
train_sanity_002,train_sanity,12,543,713,8055,124,715,0.4323248407643312,0.8140929535232384,0.5647425897035881,0.3934782608695652,0.08131843065693431,0.18590704647676162,667,1597,9435,0.59236045758138,0.15475011969802657,0.4585747323461346,71.44677734375,102.04197692871094,100.09956359863281,90.17595672607422,31.012651443481445,True,False,,,0,5,inside
train_sanity_002,train_sanity,13,981,714,8481,484,15,0.5787610619469027,0.6696245733788396,0.6208860759493671,0.45020651675080314,0.07765089722675367,0.33037542662116043,1465,1695,10660,0.5269717434262253,0.15488105000216004,0.3634549707174301,69.10853576660156,97.9651870727539,101.20294952392578,90.89498901367188,32.863948822021484,True,False,,,0,5,inside
train_sanity_002,train_sanity,14,270,1371,8672,127,140,0.16453382084095064,0.6801007556675063,0.2649656526005888,0.15271493212669685,0.13651299412526138,0.3198992443324937,397,1683,10440,0.5314490219732977,0.19499145955770775,0.3787842020392418,50.458438873291016,106.5944595336914,101.76529693603516,90.82530975341797,53.675506591796875,True,False,,,0,6,inside
train_sanity_002,train_sanity,15,221,1393,8580,123,43,0.1369268897149938,0.6424418604651163,0.2257405515832482,0.12723085780080598,0.1396771282462649,0.35755813953488375,344,1635,10317,0.5072471027067581,0.20199039919785786,0.4234973673903665,46.38372039794922,107.60174560546875,100.50152587890625,91.11192321777344,56.57429885864258,True,False,,,0,6,inside
train_sanity_002,train_sanity,16,45,1569,7429,189,106,0.027881040892193308,0.19230769230769232,0.048701298701298704,0.024958402662229616,0.17437208268504112,0.8076923076923077,234,1660,9232,0.38651217638045293,0.22434985452719947,0.46962571115988605,37.61111068725586,109.67093658447266,106.47289276123047,90.53253173828125,71.47183990478516,True,False,,,0,6,inside
train_sanity_002,train_sanity,17,71,1366,7627,268,0,0.049408489909533754,0.20943952802359883,0.07995495495495496,0.04164222873900293,0.15189591904814856,0.7905604719764012,339,1437,9332,0.4120542071210248,0.20685665030200684,,48.713863372802734,111.14454650878906,101.68406677246094,92.62491607666016,56.114341735839844,True,False,,,0,7,inside
train_sanity_002,train_sanity,18,0,1119,7851,0,0,0.0,,0.0,0.0,0.12474916387959867,,0,1119,8970,,0.20731700079042129,,,,90.45308685302734,95.8829345703125,,False,True,1119,0.20731700079042129,1,7,after
train_sanity_002,train_sanity,19,0,922,8467,0,0,0.0,,0.0,0.0,0.09820002130152305,,0,922,9389,,0.19808066976830996,,,,90.72342681884766,98.90672302246094,,False,True,922,0.19808066976830996,2,8,after
train_sanity_002,train_sanity,20,0,1054,8298,0,0,0.0,,0.0,0.0,0.11270316509837468,,0,1054,9352,,0.21557947914663306,,,,103.73814392089844,100.9867172241211,,False,True,1054,0.21557947914663306,3,8,after
train_sanity_002,train_sanity,21,0,1010,8427,0,0,0.0,,0.0,0.0,0.10702553777683586,,0,1010,9437,,0.20606231142354156,,,,113.13069152832031,103.84950256347656,,False,True,1010,0.20606231142354156,4,9,after
train_sanity_002,train_sanity,22,0,987,8919,0,0,0.0,,0.0,0.0,0.0996365838885524,,0,987,9906,,0.19077569648198797,,,,120.42249298095703,105.49240112304688,,False,True,987,0.19077569648198797,5,9,after
train_sanity_002,train_sanity,23,0,995,8623,0,0,0.0,,0.0,0.0,0.10345186109378249,,0,995,9618,,0.19114842540452814,,,,126.7406997680664,104.68944549560547,,False,True,995,0.19114842540452814,6,9,after
validation_000,validation,0,0,801,6102,0,0,0.0,,0.0,0.0,0.11603650586701435,,0,801,6903,,0.19759316927571657,,,,124.0374526977539,83.48564147949219,,False,True,801,0.19759316927571657,32,0,before
validation_000,validation,1,0,711,6156,0,0,0.0,,0.0,0.0,0.10353866317169069,,0,711,6867,,0.20041932091091136,,,,122.38115692138672,82.63150787353516,,False,True,711,0.20041932091091136,31,0,before
validation_000,validation,2,0,801,5888,0,0,0.0,,0.0,0.0,0.1197488413813724,,0,801,6689,,0.20579933575092063,,,,121.37702941894531,87.27216339111328,,False,True,801,0.20579933575092063,30,0,before
validation_000,validation,3,0,1033,6410,0,0,0.0,,0.0,0.0,0.13878812306865512,,0,1033,7443,,0.1981680832676433,,,,120.67376708984375,90.96224212646484,,False,True,1033,0.1981680832676433,29,0,before
validation_000,validation,4,0,1118,6406,0,0,0.0,,0.0,0.0,0.14859117490696439,,0,1118,7524,,0.20389938443669667,,,,119.23255920410156,92.3497314453125,,False,True,1118,0.20389938443669667,28,0,before
validation_000,validation,5,0,971,6281,0,0,0.0,,0.0,0.0,0.13389409817981246,,0,971,7252,,0.20888017967327405,,,,122.74356079101562,95.19155883789062,,False,True,971,0.20888017967327405,27,0,before
validation_000,validation,6,0,844,5988,0,0,0.0,,0.0,0.0,0.12353629976580796,,0,844,6832,,0.21416317756967707,,,,126.82938385009766,95.45260620117188,,False,True,844,0.21416317756967707,26,0,before
validation_000,validation,7,0,775,6306,0,0,0.0,,0.0,0.0,0.10944781810478746,,0,775,7081,,0.2202622109298147,,,,128.47225952148438,91.66451263427734,,False,True,775,0.2202622109298147,25,0,before
validation_000,validation,8,0,549,6198,0,0,0.0,,0.0,0.0,0.08136949755446865,,0,549,6747,,0.21152872657139013,,,,136.20947265625,92.814208984375,,False,True,549,0.21152872657139013,24,0,before
validation_000,validation,9,0,648,6815,0,0,0.0,,0.0,0.0,0.08682835320916521,,0,648,7463,,0.19266462697692813,,,,132.05709838867188,92.25154113769531,,False,True,648,0.19266462697692813,23,0,before
validation_000,validation,10,0,756,6653,0,0,0.0,,0.0,0.0,0.10203806181670941,,0,756,7409,,0.20161483580619147,,,,131.57672119140625,90.79762268066406,,False,True,756,0.20161483580619147,22,0,before
validation_000,validation,11,0,882,6700,0,0,0.0,,0.0,0.0,0.11632814560801899,,0,882,7582,,0.20116817117790292,,,,125.43083953857422,91.25170135498047,,False,True,882,0.20116817117790292,21,0,before
validation_000,validation,12,0,973,7068,0,0,0.0,,0.0,0.0,0.12100485014301704,,0,973,8041,,0.20938587605534173,,,,126.09969329833984,92.46248626708984,,False,True,973,0.20938587605534173,20,0,before
validation_000,validation,13,0,1105,7334,0,0,0.0,,0.0,0.0,0.13093968479677687,,0,1105,8439,,0.21040263910395912,,,,125.95294189453125,94.29049682617188,,False,True,1105,0.21040263910395912,19,1,before
validation_000,validation,14,0,1388,7838,0,0,0.0,,0.0,0.0,0.1504443962714069,,0,1388,9226,,0.2170059990355151,,,,118.9546127319336,96.92578887939453,,False,True,1388,0.2170059990355151,18,1,before
validation_000,validation,15,0,1448,8230,0,0,0.0,,0.0,0.0,0.14961768960529034,,0,1448,9678,,0.21522641035696496,,,,119.8487548828125,97.1346664428711,,False,True,1448,0.21522641035696496,17,1,before
validation_000,validation,16,0,1846,7708,0,0,0.0,,0.0,0.0,0.193217500523341,,0,1846,9554,,0.22690981961212592,,,,112.99945831298828,100.79956817626953,,False,True,1846,0.22690981961212592,16,1,before
validation_000,validation,17,0,1858,7913,0,0,0.0,,0.0,0.0,0.19015453894176645,,0,1858,9771,,0.22332064103976232,,,,112.54036712646484,100.61894226074219,,False,True,1858,0.22332064103976232,15,1,before
validation_000,validation,18,0,1797,7937,0,0,0.0,,0.0,0.0,0.18461064310663652,,0,1797,9734,,0.22072074865086685,,,,112.97663116455078,99.84418487548828,,False,True,1797,0.22072074865086685,14,1,before
validation_000,validation,19,0,1727,7985,0,0,0.0,,0.0,0.0,0.17782125205930807,,0,1727,9712,,0.22009496905650489,,,,114.83960723876953,98.84944915771484,,False,True,1727,0.22009496905650489,13,1,before
validation_000,validation,20,0,1704,7839,0,0,0.0,,0.0,0.0,0.1785602011945929,,0,1704,9543,,0.2212901477797895,,,,117.65258026123047,97.24589538574219,,False,True,1704,0.2212901477797895,12,1,before
validation_000,validation,21,0,1688,8134,0,0,0.0,,0.0,0.0,0.1718590918346569,,0,1688,9822,,0.2125459410635346,,,,119.11196899414062,95.87381744384766,,False,True,1688,0.2125459410635346,11,1,before
validation_000,validation,22,0,1662,8196,0,0,0.0,,0.0,0.0,0.16859403530127814,,0,1662,9858,,0.20790825359490042,,,,121.43983459472656,95.02346801757812,,False,True,1662,0.20790825359490042,10,1,before
validation_000,validation,23,0,1577,8351,0,0,0.0,,0.0,0.0,0.1588436744560838,,0,1577,9928,,0.20790727569214704,,,,123.00126647949219,94.87127685546875,,False,True,1577,0.20790727569214704,9,1,before
validation_000,validation,24,0,1636,8113,0,0,0.0,,0.0,0.0,0.1678120832905939,,0,1636,9749,,0.20508052810485108,,,,112.21149444580078,96.3997573852539,,False,True,1636,0.20508052810485108,8,1,before
validation_000,validation,25,0,1479,8429,0,0,0.0,,0.0,0.0,0.14927331449333872,,0,1479,9908,,0.19587065160539954,,,,109.6463851928711,96.30223083496094,,False,True,1479,0.19587065160539954,7,1,before
validation_000,validation,26,0,1437,7529,0,0,0.0,,0.0,0.0,0.16027213919250502,,0,1437,8966,,0.20353332609724534,,,,106.85873413085938,96.87334442138672,,False,True,1437,0.20353332609724534,6,2,before
validation_000,validation,27,0,1576,6643,0,0,0.0,,0.0,0.0,0.19175082126779414,,0,1576,8219,,0.2389512249690797,,,,112.2633285522461,99.30329895019531,,False,True,1576,0.2389512249690797,5,2,before
validation_000,validation,28,0,1655,6989,0,0,0.0,,0.0,0.0,0.19146228597871356,,0,1655,8644,,0.22878893631577668,,,,111.65860748291016,101.91963958740234,,False,True,1655,0.22878893631577668,4,2,before
validation_000,validation,29,0,1279,7258,0,0,0.0,,0.0,0.0,0.1498184373901839,,0,1279,8537,,0.23294345752020917,,,,108.7185287475586,103.61376190185547,,False,True,1279,0.23294345752020917,3,2,before
validation_000,validation,30,0,1131,7623,0,0,0.0,,0.0,0.0,0.12919808087731321,,0,1131,8754,,0.2326311764822984,,,,112.62510681152344,105.6878890991211,,False,True,1131,0.2326311764822984,2,2,before
validation_000,validation,31,0,1190,7421,0,0,0.0,,0.0,0.0,0.1381953315526652,,0,1190,8611,,0.21607105961542536,,,,111.9697494506836,104.84957885742188,,False,True,1190,0.21607105961542536,1,2,before
validation_000,validation,32,217,1176,6145,7,156,0.15577889447236182,0.96875,0.2683982683982684,0.155,0.1606337931976506,0.03125,224,1506,7545,0.6419102483029876,0.20741194156711554,0.5465295379742597,124.69196319580078,98.83482360839844,116.37251281738281,101.29349517822266,8.675155639648438,True,False,,,0,2,inside
validation_000,validation,33,212,1258,6003,13,138,0.14421768707482993,0.9422222222222222,0.25014749262536873,0.14295347269049224,0.17325437267593996,0.057777777777777775,225,1568,7486,0.6381369641092088,0.20755362065804994,0.552423660305963,122.50666809082031,101.45777893066406,116.52104949951172,101.3233413696289,5.987128257751465,True,False,,,0,2,inside
validation_000,validation,34,149,1565,6933,6,81,0.08693115519253208,0.9612903225806452,0.15944355270197966,0.08662790697674419,0.18416097905389503,0.03870967741935484,155,1753,8653,0.6457193603438716,0.20635778204873065,0.5123710499869453,121.14193725585938,103.09677124023438,121.588134765625,102.53223419189453,0.71957927942276,True,False,,,0,2,inside
validation_000,validation,35,119,1623,7564,5,94,0.06831228473019518,0.9596774193548387,0.12754555198285103,0.06811677160847167,0.17666267551975617,0.04032258064516129,124,1806,9311,0.6581510598621061,0.19754173744771367,0.5481123255288347,119.4758071899414,104.43548583984375,122.48726654052734,103.1611328125,3.2699944972991943,True,False,,,0,2,inside
validation_000,validation,36,112,1759,7835,2,43,0.05986103687867451,0.9824561403508771,0.1128463476070529,0.0597971169247197,0.18334375651448823,0.017543859649122806,114,1890,9708,0.6620514037316305,0.2014662868507639,0.5045297776543817,118.02631378173828,104.2368392944336,122.05132293701172,104.37354278564453,4.027329921722412,True,False,,,0,2,inside
validation_000,validation,37,113,1804,8094,3,98,0.05894627021387585,0.9741379310344828,0.11116576487948844,0.058854166666666666,0.18225904223075368,0.02586206896551724,116,1973,10014,0.655558513156299,0.19780599057530823,0.5462847455423705,117.43103790283203,103.8362045288086,122.87683868408203,105.1099853515625,5.59278678894043,True,False,,,0,2,inside
validation_000,validation,38,105,1895,8256,0,59,0.0525,1.0,0.0997624703087886,0.0525,0.18668111516106786,0.0,105,2033,10256,0.655042823155721,0.19905933943226545,0.5326085413916636,117.13333129882812,104.0857162475586,122.90752410888672,105.80619812011719,6.025060653686523,True,False,,,0,2,inside
validation_000,validation,39,113,1885,7835,5,83,0.05655655655655656,0.9576271186440678,0.10680529300567108,0.056415376934598103,0.19393004115226337,0.0423728813559322,118,2049,9838,0.637293484756502,0.20265751680341998,0.5393721019647207,115.61016845703125,104.65254211425781,123.26891326904297,106.58467864990234,7.8987040519714355,True,False,,,0,3,inside
validation_000,validation,40,102,1489,8099,12,62,0.06411062225015714,0.8947368421052632,0.11964809384164223,0.06363069245165315,0.15529828952857738,0.10526315789473684,114,1614,9702,0.6009728801355028,0.20025301547062457,0.46480753969761635,114.42105102539062,103.99122619628906,118.9411392211914,103.65242004394531,4.532768249511719,True,False,,,0,3,inside
validation_000,validation,41,97,1538,8131,8,95,0.05932721712538226,0.9238095238095239,0.11149425287356322,0.05903834449178332,0.1590650532630055,0.0761904761904762,105,1675,9774,0.6069137121949877,0.2012004561592535,0.4744360161455054,112.5999984741211,103.70476531982422,119.8077621459961,103.48059844970703,7.211248874664307,True,False,,,0,3,inside
validation_000,validation,42,95,1632,8284,9,93,0.05500868558193399,0.9134615384615384,0.10376843255051885,0.054723502304147464,0.1645824929407019,0.08653846153846154,104,1778,10020,0.6016296847508504,0.19792701889562242,0.49699672159328256,111.67308044433594,103.67308044433594,119.392578125,103.69010162353516,7.719516277313232,True,False,,,0,3,inside
validation_000,validation,43,76,1652,7729,0,130,0.04398148148148148,1.0,0.08425720620842572,0.04398148148148148,0.1761006289308176,0.0,76,1789,9457,0.6355690430653723,0.2057400896528063,0.4825580718425604,109.59210205078125,102.67105102539062,119.68753814697266,103.57462310791016,10.135791778564453,True,False,,,0,3,inside
validation_000,validation,44,84,1695,8099,8,35,0.047217537942664416,0.9130434782608695,0.08979155531801176,0.047006155567991044,0.1730651419236267,0.08695652173913043,92,1796,9886,0.613589580292287,0.2032580864595294,0.4873052443776812,109.61956787109375,100.89130401611328,119.21714782714844,103.69989013671875,10.00008487701416,True,False,,,0,3,inside
validation_000,validation,45,89,1693,7829,10,138,0.04994388327721661,0.898989898989899,0.09463051568314726,0.04966517857142857,0.17779878176853603,0.10101010101010101,99,1840,9621,0.6128334520441113,0.20404885412875357,0.48289802022602246,107.14141082763672,101.22222137451172,119.30924224853516,104.20869445800781,12.528972625732422,True,False,,,0,3,inside
validation_000,validation,46,87,1748,7630,14,113,0.04741144414168937,0.8613861386138614,0.08987603305785125,0.04705246078961601,0.18639368735338024,0.13861386138613863,101,1897,9479,0.5993388988594017,0.2074529795576142,0.5056447476412342,105.49504852294922,100.0,117.76963806152344,104.5698471069336,13.097673416137695,True,False,,,0,3,inside
validation_000,validation,47,105,1709,7630,4,127,0.057883131201764054,0.963302752293578,0.10920436817472699,0.057755775577557754,0.18299603811971304,0.03669724770642202,109,1878,9448,0.6181430696347437,0.20775754701104626,0.4859991181553818,105.99082946777344,100.26605224609375,116.38871002197266,104.40947723388672,11.193028450012207,True,False,,,0,3,inside
validation_000,validation,48,122,1532,8454,1,114,0.07376058041112454,0.991869918699187,0.1373100731570062,0.07371601208459215,0.15341478069297015,0.008130081300813009,123,1725,10109,0.6565960752285593,0.1958433617267425,0.5287081371796759,104.71544647216797,99.27642059326172,103.49043273925781,106.05564880371094,6.889019966125488,True,False,,,0,3,inside
validation_000,validation,49,131,1551,8508,4,121,0.07788347205707491,0.9703703703703703,0.1441937259218492,0.07769869513641756,0.15419027736355503,0.02962962962962963,135,1759,10194,0.6521579223650473,0.19912947861994176,0.5369340373464853,103.88888549804688,98.21481323242188,102.83172607421875,105.4991455078125,7.3606438636779785,True,False,,,0,3,inside
validation_000,validation,50,97,1553,8758,0,179,0.058787878787878785,1.0,0.1110475100171723,0.058787878787878785,0.15061584715352536,0.0,97,1789,10408,0.678237868952997,0.1940984119604339,0.5671809590395602,102.6185531616211,97.41236877441406,102.03968811035156,104.99329376220703,7.602993488311768,True,False,,,0,3,inside
validation_000,validation,51,129,1532,8646,2,121,0.07766405779650813,0.9847328244274809,0.14397321428571427,0.07757065544197234,0.15052073098840638,0.015267175572519083,131,1755,10309,0.6591310328199663,0.1936433822857968,0.5648681789882912,98.80152893066406,96.99236297607422,101.20911407470703,104.94187927246094,8.306098937988281,True,False,,,0,4,inside
validation_000,validation,52,109,1559,8758,2,143,0.06534772182254196,0.9819819819819819,0.1225407532321529,0.06526946107784432,0.15110981874575943,0.018018018018018018,111,1778,10428,0.6600358043168042,0.19633713178918866,0.5528318825718406,98.25225067138672,95.74774932861328,100.23228454589844,104.63385772705078,9.104035377502441,True,False,,,0,4,inside
validation_000,validation,53,122,1466,8599,5,120,0.07682619647355164,0.9606299212598425,0.1422740524781341,0.07658505963590709,0.14565325384997516,0.03937007874015748,127,1668,10192,0.6495567398277793,0.19429845850816635,0.5287178327639898,96.62992095947266,95.70079040527344,100.756591796875,104.08153533935547,9.341643333435059,True,False,,,0,4,inside
validation_000,validation,54,139,1504,8426,6,99,0.08460133901399879,0.9586206896551724,0.15548098434004473,0.08429351121892056,0.151460221550856,0.041379310344827586,145,1703,10075,0.6400641850356398,0.1996453221608094,0.5168195749172056,95.35172271728516,95.87586212158203,99.74163055419922,104.66177368164062,9.821585655212402,True,False,,,0,4,inside
validation_000,validation,55,108,1436,8137,6,101,0.06994818652849741,0.9473684210526315,0.13027744270205066,0.0696774193548387,0.15000522302308575,0.05263157894736842,114,1612,9687,0.6399183485068773,0.2053330606175533,0.5396215411105959,92.71929931640625,93.95613861083984,99.57009887695312,103.05955505371094,11.393228530883789,True,False,,,0,4,inside
validation_000,validation,56,116,1530,8117,2,101,0.07047387606318348,0.9830508474576272,0.13151927437641722,0.0703883495145631,0.15859852803980512,0.01694915254237288,118,1715,9765,0.6600078488305464,0.2134369017128251,0.542674736221238,90.1440658569336,92.7033920288086,105.20758056640625,102.39825439453125,17.913677215576172,True,False,,,0,4,inside
validation_000,validation,57,130,1524,7816,3,87,0.07859733978234583,0.9774436090225563,0.1454952434247342,0.07845503922751962,0.163169164882227,0.022556390977443608,133,1718,9473,0.6546456240173569,0.21659283527453296,0.532978166108844,89.28571319580078,91.9774398803711,107.94877624511719,102.53376007080078,21.44168472290039,True,False,,,0,4,inside
validation_000,validation,58,135,1452,7977,2,107,0.08506616257088846,0.9854014598540146,0.15661252900232017,0.08495909376966645,0.15399300031816734,0.014598540145985401,137,1655,9566,0.660085037241887,0.21094660085758005,0.533266314836306,89.16788482666016,92.44525909423828,108.61268615722656,103.05558776855469,22.151283264160156,True,False,,,0,4,inside
validation_000,validation,59,136,1502,8047,1,89,0.08302808302808302,0.9927007299270073,0.1532394366197183,0.08297742525930446,0.1572939574824589,0.0072992700729927005,137,1690,9686,0.6642781617867686,0.21349919720630203,0.526144461015637,87.24087524414062,91.48175048828125,107.97396087646484,103.5573959350586,23.993375778198242,True,False,,,0,4,inside
validation_000,validation,60,143,1534,7985,4,60,0.08527131782945736,0.9727891156462585,0.15679824561403508,0.08506841165972635,0.16115138144763105,0.027210884353741496,147,1714,9666,0.6598710113642167,0.21128119399521314,0.5329656938711802,86.98639678955078,90.50340270996094,108.01866912841797,103.54608917236328,24.74809455871582,True,False,,,0,4,inside
validation_000,validation,61,124,1481,7732,5,102,0.07725856697819315,0.9612403100775194,0.14302191464821223,0.07701863354037267,0.16075111255834149,0.03875968992248062,129,1670,9342,0.6624384046524994,0.20984329921872732,0.530133607340794,84.13178253173828,90.55813598632812,108.58023834228516,103.37364959716797,27.603702545166016,True,False,,,0,4,inside
validation_000,validation,62,113,1459,7634,5,71,0.07188295165394402,0.9576271186440678,0.13372781065088757,0.07165504121750159,0.16045309578796876,0.0423728813559322,118,1616,9211,0.6572715124841464,0.21531574466259285,0.5398056087359576,82.95762634277344,89.44068145751953,109.92079162597656,103.5340347290039,30.42424774169922,True,False,,,0,4,inside
validation_000,validation,63,118,1356,7503,3,76,0.08005427408412483,0.9752066115702479,0.14796238244514107,0.07989167230873392,0.15306467998645445,0.024793388429752067,121,1511,8980,0.6575061011412913,0.22112887378356058,0.5007414649191656,84.2727279663086,88.8843002319336,110.65519714355469,104.6187973022461,30.718219757080078,True,False,,,0,4,inside
validation_000,validation,64,112,1503,6967,0,64,0.0693498452012384,1.0,0.12970469021424436,0.0693498452012384,0.17744982290436837,0.0,112,1648,8582,0.6832700983754226,0.2360371480413043,0.5130660575814545,83.66963958740234,87.9375,121.77912902832031,102.2117691040039,40.69506072998047,True,False,,,0,5,inside
validation_000,validation,65,134,1478,6632,0,102,0.08312655086848635,1.0,0.15349369988545247,0.08312655086848635,0.18224414303329223,0.0,134,1654,8244,0.6576303176915468,0.23919808947838356,0.47421028801039156,82.6119384765625,86.52985382080078,125.38633728027344,104.1668701171875,46.267845153808594,True,False,,,0,5,inside
validation_000,validation,66,139,1465,6719,10,79,0.08665835411471322,0.9328859060402684,0.15858528237307473,0.08612143742255267,0.1790078201368524,0.06711409395973154,149,1638,8333,0.6301550805168664,0.236305963404572,0.4743871843513054,82.44966125488281,85.2684555053711,125.93406677246094,105.67216491699219,48.03337097167969,True,False,,,0,5,inside
validation_000,validation,67,123,1466,6385,17,101,0.07740717432347388,0.8785714285714286,0.14227877385772122,0.07658779576587796,0.18672780537511144,0.12142857142857143,140,1628,7991,0.607330590060779,0.23190341520502428,0.45968800060229725,81.53571319580078,83.67142486572266,126.87223815917969,107.70945739746094,51.31498336791992,True,False,,,0,5,inside
validation_000,validation,68,95,1412,6743,5,139,0.0630391506303915,0.95,0.11823273179838208,0.06283068783068783,0.1731453096259963,0.05,100,1551,8255,0.6145527935028077,0.22178288629443563,0.46027291700136747,82.5,82.27999877929688,128.141845703125,108.10380554199219,52.440887451171875,True,False,,,0,5,inside
validation_000,validation,69,79,1417,6650,3,116,0.052807486631016046,0.9634146341463414,0.10012674271229405,0.052701801200800535,0.17565389859923144,0.036585365853658534,82,1533,8149,0.6111038712466635,0.2225606721590729,0.46913155373828164,82.01219177246094,80.82926940917969,129.1024169921875,109.0280532836914,54.88771057128906,True,False,,,0,5,inside
validation_000,validation,70,113,1366,6810,41,83,0.07640297498309669,0.7337662337662337,0.1383955909369259,0.07434210526315789,0.1670743639921722,0.2662337662337662,154,1486,8330,0.550140222365206,0.20620846479964614,0.36841361278510953,81.13636016845703,79.78571319580078,130.73486328125,109.00740051269531,57.56664276123047,True,False,,,0,5,inside
validation_000,validation,71,125,1322,6782,70,104,0.08638562543192813,0.6410256410256411,0.15225334957369063,0.08239947264337508,0.16312931885488646,0.358974358974359,195,1457,8299,0.5262903905067688,0.20081340721850321,0.3494546407690415,81.19999694824219,78.75384521484375,131.28689575195312,108.44062805175781,58.22372817993164,True,False,,,0,5,inside
validation_000,validation,72,175,1379,6854,29,112,0.11261261261261261,0.8578431372549019,0.19908987485779295,0.11054958938723942,0.1674966597837969,0.14215686274509803,204,1576,8437,0.5946425298849741,0.2122803100093882,0.4058726674744061,79.74019622802734,77.3186264038086,132.2017822265625,108.39594268798828,60.975547790527344,True,False,,,0,5,inside
validation_000,validation,73,169,1374,6782,51,100,0.10952689565780946,0.7681818181818182,0.19171866137266025,0.10602258469259725,0.16846493379107405,0.2318181818181818,220,1560,8376,0.5778646516528997,0.21150806735758682,0.3273252089321613,80.06818389892578,75.49545288085938,132.6826934814453,108.48782348632812,62.103004455566406,True,False,,,0,5,inside
validation_000,validation,74,183,1374,6891,31,69,0.11753371868978806,0.8551401869158879,0.20666290231507622,0.11523929471032746,0.16624319419237749,0.14485981308411214,214,1562,8479,0.5920070920870683,0.209522139293993,0.3479632618634597,80.09346008300781,76.2196273803711,132.91806030273438,108.7099838256836,62.016624450683594,True,False,,,0,5,inside
validation_000,validation,75,156,1398,6815,43,128,0.10038610038610038,0.7839195979899497,0.1779806046776954,0.09768315591734503,0.1702179471569463,0.21608040201005024,199,1584,8412,0.5801788897969615,0.2104944292772627,0.39377064479049295,78.74372100830078,74.9145736694336,132.5315704345703,108.64141082763672,63.48726272583008,True,False,,,0,5,inside
validation_000,validation,76,167,1334,6785,36,90,0.11125916055962691,0.8226600985221675,0.1960093896713615,0.10865322055953155,0.1643059490084986,0.17733990147783252,203,1508,8322,0.5826892315460543,0.20854455198069882,0.3837259468105104,77.4581298828125,76.17241668701172,132.30172729492188,108.94164276123047,63.88772964477539,True,False,,,0,5,inside
validation_000,validation,77,149,1332,6623,45,117,0.10060769750168805,0.7680412371134021,0.17791044776119402,0.09764089121887287,0.16744186046511628,0.23195876288659795,194,1501,8149,0.5798299610614777,0.21013694871392624,0.3945607041191851,77.03092956542969,75.28865814208984,132.52964782714844,108.97468566894531,64.92192077636719,True,False,,,0,6,inside
validation_000,validation,78,134,1314,6599,41,184,0.0925414364640884,0.7657142857142857,0.16512630930375846,0.08999328408327736,0.1660558574497662,0.2342857142857143,175,1491,8088,0.5820528168337685,0.20762477808354313,0.398751642069091,75.5142822265625,74.54856872558594,131.18443298339844,108.47015380859375,65.1907958984375,True,False,,,0,6,inside
validation_000,validation,79,132,1294,6819,44,152,0.09256661991584852,0.75,0.1647940074906367,0.08979591836734693,0.1594971034142734,0.25,176,1457,8289,0.568212917921218,0.20459970709253972,0.3906062956115133,74.70454406738281,74.98295593261719,132.4701385498047,108.52024841308594,66.79531860351562,True,False,,,0,6,inside
validation_000,validation,80,145,1072,7065,22,74,0.11914543960558752,0.8682634730538922,0.20953757225433525,0.11702986279257466,0.13174388595305395,0.1317365269461078,167,1236,8304,0.5961495379130998,0.20479312354707477,0.40063829115919164,74.10179901123047,74.86227416992188,127.64077758789062,98.4822006225586,58.51771545410156,True,False,,,0,6,inside
validation_000,validation,81,147,1088,6902,24,74,0.11902834008097166,0.8596491228070176,0.20910384068278806,0.11675933280381255,0.13617021276595745,0.14035087719298245,171,1255,8161,0.5945267881217756,0.21014741995285624,0.40180438877762975,74.13450622558594,73.95321655273438,127.56255340576172,98.68207550048828,58.87336349487305,True,False,,,0,6,inside
validation_000,validation,82,160,1054,7162,35,106,0.13179571663920922,0.8205128205128205,0.22711142654364797,0.12810248198558846,0.12828627069133397,0.1794871794871795,195,1264,8411,0.5777830549539664,0.20130087363945381,0.446117954152935,73.68205261230469,73.19999694824219,126.48971557617188,98.85126495361328,58.708065032958984,True,False,,,0,6,inside
validation_000,validation,83,154,1018,7217,27,113,0.13139931740614336,0.850828729281768,0.22764227642276422,0.12844036697247707,0.123618700667881,0.14917127071823205,181,1223,8416,0.5829999602466657,0.20206321979017333,0.45319974883995223,72.89502716064453,73.149169921875,125.39820098876953,97.8487319946289,58.02285385131836,True,False,,,0,6,inside
validation_000,validation,84,148,1095,6843,23,88,0.11906677393403058,0.8654970760233918,0.20933521923620935,0.11690363349131122,0.1379440665154951,0.13450292397660818,171,1271,8109,0.5915898807913239,0.21073980240964815,0.41345346973023633,72.5730972290039,73.64327239990234,126.8607406616211,99.0833969116211,59.952880859375,True,False,,,0,6,inside
validation_000,validation,85,162,1071,7316,28,114,0.13138686131386862,0.8526315789473684,0.22768798313422348,0.12846946867565423,0.12769762728031478,0.14736842105263157,190,1276,8577,0.5881783402279803,0.20189130292577206,0.42534347336020384,74.01052856445312,73.02631378173828,126.4757080078125,100.25234985351562,59.10881423950195,True,False,,,0,6,inside
validation_000,validation,86,158,1119,7049,20,98,0.12372748629600626,0.8876404494382022,0.21718213058419245,0.1218195836545875,0.13699804113614103,0.11235955056179775,178,1319,8346,0.5982401561871004,0.20714766211926539,0.4426462015479195,73.92134857177734,73.93258666992188,127.41091918945312,100.58984375,59.76406478881836,True,False,,,0,6,inside
validation_000,validation,87,172,1092,7038,40,86,0.1360759493670886,0.8113207547169812,0.23306233062330622,0.13190184049079753,0.13431734317343175,0.18867924528301888,212,1282,8342,0.5826820781770742,0.2084577025912661,0.39079217664724175,76.02830505371094,74.83018493652344,127.7184066772461,101.52262115478516,58.17518997192383,True,False,,,0,6,inside
validation_000,validation,88,159,1151,7354,53,53,0.12137404580152672,0.75,0.20893561103810776,0.11665443873807776,0.13533215755437977,0.25,212,1324,8717,0.5725067321140811,0.19681192139245193,0.39624709087722704,76.67924499511719,75.36792755126953,129.40634155273438,90.90785217285156,54.96940994262695,True,False,,,0,6,inside
validation_000,validation,89,151,1159,7712,18,88,0.11526717557251909,0.893491124260355,0.2041920216362407,0.11370481927710843,0.13065043399842183,0.10650887573964497,169,1326,9040,0.6083021923987824,0.1893879465400854,0.3787673241882162,75.16567993164062,75.86981964111328,127.97662353515625,91.28356170654297,55.01435470581055,True,False,,,0,7,inside
validation_000,validation,90,153,1016,7757,29,107,0.13088109495295125,0.8406593406593407,0.22649888971132495,0.12771285475792987,0.11580987119571412,0.15934065934065933,182,1193,8955,0.6011534873600844,0.1843924000190997,0.39554836482645195,75.76923370361328,76.26373291015625,125.9446792602539,90.25482177734375,52.089595794677734,True,False,,,0,7,inside
validation_000,validation,91,146,981,7532,35,77,0.129547471162378,0.8066298342541437,0.22324159021406728,0.12564543889845095,0.11523552214260542,0.19337016574585636,181,1143,8694,0.6004297456688644,0.19142241450568162,0.4078733690760352,78.58010864257812,76.15469360351562,124.43306732177734,88.97724914550781,47.612098693847656,True,False,,,0,7,inside
validation_000,validation,92,142,889,7180,34,81,0.13773035887487875,0.8068181818181818,0.23529411764705882,0.13333333333333333,0.1101747428429793,0.19318181818181818,176,1059,8245,0.5960220184854486,0.19820339713331733,0.4282802994604464,78.14204406738281,76.34658813476562,121.66950225830078,90.17185974121094,45.670318603515625,True,False,,,0,7,inside
validation_000,validation,93,151,988,6957,58,45,0.13257243195785778,0.722488038277512,0.22403560830860533,0.1261487050960735,0.12435494021397105,0.27751196172248804,209,1152,8154,0.563609464459442,0.20868486808088377,0.39927912652492525,74.4928207397461,77.30143737792969,126.84982299804688,89.39236450195312,53.734962463378906,True,False,,,0,7,inside
validation_000,validation,94,145,960,6810,53,70,0.13122171945701358,0.7323232323232324,0.22256331542594013,0.12521588946459414,0.12355212355212356,0.2676767676767677,198,1123,7968,0.5436106784777208,0.2143570569947966,0.4062760661755289,72.17171478271484,78.59091186523438,127.3348159790039,90.6411361694336,56.463932037353516,True,False,,,0,7,inside
validation_000,validation,95,130,933,6856,63,73,0.12229539040451552,0.6735751295336787,0.2070063694267516,0.11545293072824156,0.119784311208114,0.32642487046632124,193,1078,7982,0.5309711703210297,0.21084638943938502,0.4096510075543025,71.72020721435547,79.01554107666016,127.03803253173828,88.7912826538086,56.17496871948242,True,False,,,0,7,inside
validation_000,validation,96,0,933,7622,0,0,0.0,,0.0,0.0,0.10905902980713034,,0,933,8555,,0.2015991956331402,,,,123.63665771484375,92.55948638916016,,False,True,933,0.2015991956331402,1,7,after
validation_000,validation,97,0,877,7176,0,0,0.0,,0.0,0.0,0.10890351421830374,,0,877,8053,,0.20480015362144177,,,,126.29646301269531,94.90193939208984,,False,True,877,0.20480015362144177,2,7,after
validation_000,validation,98,0,935,6501,0,0,0.0,,0.0,0.0,0.1257396449704142,,0,935,7436,,0.21031202419010714,,,,127.02566528320312,90.08128356933594,,False,True,935,0.21031202419010714,3,7,after
validation_000,validation,99,0,857,6306,0,0,0.0,,0.0,0.0,0.11964260784587463,,0,857,7163,,0.1996847337192312,,,,129.91482543945312,85.8576431274414,,False,True,857,0.1996847337192312,4,7,after
validation_000,validation,100,0,886,5869,0,0,0.0,,0.0,0.0,0.1311621021465581,,0,886,6755,,0.21441180834775553,,,,126.72122192382812,80.3431167602539,,False,True,886,0.21441180834775553,5,7,after
validation_000,validation,101,0,789,5396,0,0,0.0,,0.0,0.0,0.12756669361358125,,0,789,6185,,0.22536317057720864,,,,127.4271240234375,75.65145874023438,,False,True,789,0.22536317057720864,6,7,after
validation_000,validation,102,0,823,6408,0,0,0.0,,0.0,0.0,0.11381551652606832,,0,823,7231,,0.20038859201868234,,,,127.52247619628906,76.85783386230469,,False,True,823,0.20038859201868234,7,8,after
validation_000,validation,103,0,802,5980,0,0,0.0,,0.0,0.0,0.11825420230020643,,0,802,6782,,0.21347600380948845,,,,123.74563598632812,77.58977508544922,,False,True,802,0.21347600380948845,8,8,after
validation_000,validation,104,0,655,5318,0,0,0.0,,0.0,0.0,0.10966013728444668,,0,655,5973,,0.23107356698257406,,,,132.47633361816406,70.31603240966797,,False,True,655,0.23107356698257406,9,8,after
validation_000,validation,105,0,698,5375,0,0,0.0,,0.0,0.0,0.11493495801086777,,0,698,6073,,0.23547122812434718,,,,134.2965545654297,70.79226684570312,,False,True,698,0.23547122812434718,10,8,after
validation_000,validation,106,0,649,5197,0,0,0.0,,0.0,0.0,0.11101607937050975,,0,649,5846,,0.23569358656089848,,,,131.21725463867188,72.3297348022461,,False,True,649,0.23569358656089848,11,8,after
validation_000,validation,107,0,595,5528,0,0,0.0,,0.0,0.0,0.09717458762044749,,0,595,6123,,0.21104749138063184,,,,126.35125732421875,75.33445739746094,,False,True,595,0.21104749138063184,12,8,after
validation_000,validation,108,0,657,6075,0,0,0.0,,0.0,0.0,0.09759358288770054,,0,657,6732,,0.19928656067472728,,,,129.23287963867188,72.04566192626953,,False,True,657,0.19928656067472728,13,8,after
validation_000,validation,109,0,636,6134,0,0,0.0,,0.0,0.0,0.09394387001477104,,0,636,6770,,0.19827337527133118,,,,124.06131744384766,73.67610168457031,,False,True,636,0.19827337527133118,14,8,after
validation_000,validation,110,0,605,5971,0,0,0.0,,0.0,0.0,0.09200121654501217,,0,605,6576,,0.19904265525893006,,,,122.49586486816406,76.16693878173828,,False,True,605,0.19904265525893006,15,8,after
validation_000,validation,111,0,674,5639,0,0,0.0,,0.0,0.0,0.1067638206874703,,0,674,6313,,0.22039940712892928,,,,128.30712890625,75.0459976196289,,False,True,674,0.22039940712892928,16,8,after
validation_000,validation,112,0,1217,5393,0,0,0.0,,0.0,0.0,0.18411497730711043,,0,1217,6610,,0.23913398446929438,,,,134.3212890625,59.700904846191406,,False,True,1217,0.23913398446929438,17,8,after
validation_000,validation,113,0,897,4858,0,0,0.0,,0.0,0.0,0.15586446568201565,,0,897,5755,,0.240789475252724,,,,138.06019592285156,57.97435760498047,,False,True,897,0.240789475252724,18,8,after
validation_000,validation,114,0,499,5128,0,0,0.0,,0.0,0.0,0.08867958059356673,,0,499,5627,,0.24165933563768557,,,,144.96392822265625,57.1683349609375,,False,True,499,0.24165933563768557,19,8,after
validation_000,validation,115,0,243,5716,0,0,0.0,,0.0,0.0,0.040778654136600104,,0,243,5959,,0.20129826490850602,,,,133.6954803466797,59.04115295410156,,False,True,243,0.20129826490850602,20,9,after
validation_000,validation,116,0,264,5428,0,0,0.0,,0.0,0.0,0.046380885453267746,,0,264,5692,,0.2083410711234824,,,,116.53408813476562,63.871212005615234,,False,True,264,0.2083410711234824,21,9,after
validation_000,validation,117,0,185,4435,0,0,0.0,,0.0,0.0,0.04004329004329004,,0,185,4620,,0.20060071085279332,,,,100.72432708740234,65.21621704101562,,False,True,185,0.20060071085279332,22,9,after
validation_000,validation,118,0,0,3835,0,0,,,,,0.0,,0,0,3835,,0.14570382926928796,,,,,,,False,True,0,0.14570382926928796,23,9,after
validation_000,validation,119,0,0,3666,0,0,,,,,0.0,,0,0,3666,,0.1231987122636831,,,,,,,False,True,0,0.1231987122636831,24,9,after
validation_000,validation,120,0,1,3627,0,0,0.0,,0.0,0.0,0.0002756339581036384,,0,1,3628,,0.12269171402926218,,,,128.0,29.0,,False,True,1,0.12269171402926218,25,9,after
validation_000,validation,121,0,1,3626,0,0,0.0,,0.0,0.0,0.00027570995312930797,,0,1,3627,,0.119434301569703,,,,129.0,29.0,,False,True,1,0.119434301569703,26,9,after
validation_000,validation,122,0,1,3578,0,0,0.0,,0.0,0.0,0.0002794076557697681,,0,1,3579,,0.1232623297481226,,,,126.0,27.0,,False,True,1,0.1232623297481226,27,9,after
validation_000,validation,123,0,1,3666,0,0,0.0,,0.0,0.0,0.0002727024815925825,,0,1,3667,,0.12683136089306699,,,,126.0,27.0,,False,True,1,0.12683136089306699,28,9,after
validation_000,validation,124,0,1,3595,0,0,0.0,,0.0,0.0,0.00027808676307007786,,0,1,3596,,0.1290892229301651,,,,126.0,27.0,,False,True,1,0.1290892229301651,29,9,after
validation_000,validation,125,0,1,3645,0,0,0.0,,0.0,0.0,0.00027427317608337906,,0,1,3646,,0.13293216247645423,,,,82.0,58.0,,False,True,1,0.13293216247645423,30,9,after
validation_000,validation,126,0,317,4177,0,0,0.0,,0.0,0.0,0.07053849577214064,,0,317,4494,,0.17473482029656762,,,,88.0567855834961,62.76340866088867,,False,True,317,0.17473482029656762,31,9,after
validation_000,validation,127,0,592,4742,0,0,0.0,,0.0,0.0,0.11098612673415822,,0,592,5334,,0.18269589631620936,,,,87.33952331542969,62.890201568603516,,False,True,592,0.18269589631620936,32,9,after
validation_001,validation,0,0,2140,7615,0,0,0.0,,0.0,0.0,0.2193746796514608,,0,2140,9755,,0.281500019217058,,,,131.48831176757812,127.4831771850586,,False,True,2140,0.281500019217058,5,0,before
validation_001,validation,1,0,1854,7728,0,0,0.0,,0.0,0.0,0.19348778960551033,,0,1854,9582,,0.27236941536130166,,,,126.15480041503906,123.40237426757812,,False,True,1854,0.27236941536130166,4,0,before
validation_001,validation,2,0,1553,7713,0,0,0.0,,0.0,0.0,0.16760198575437082,,0,1553,9266,,0.26261422569985515,,,,138.83065795898438,124.49903106689453,,False,True,1553,0.26261422569985515,3,1,before
validation_001,validation,3,0,1658,7522,0,0,0.0,,0.0,0.0,0.18061002178649238,,0,1658,9180,,0.2661457368029659,,,,133.74969482421875,126.69783020019531,,False,True,1658,0.2661457368029659,2,1,before
validation_001,validation,4,0,1800,7278,0,0,0.0,,0.0,0.0,0.1982815598149372,,0,1800,9078,,0.26219201355555577,,,,129.66278076171875,128.70166015625,,False,True,1800,0.26219201355555577,1,2,before
validation_001,validation,5,22,1868,7472,118,0,0.01164021164021164,0.15714285714285714,0.02167487684729064,0.010956175298804782,0.2,0.8428571428571429,140,1890,9480,0.34544401754226,0.24971556492876243,,90.45714569091797,122.21428680419922,122.33438873291016,126.46508026123047,32.1594123840332,True,False,,,0,2,inside
validation_001,validation,6,269,1791,7650,159,103,0.13058252427184466,0.6285046728971962,0.2162379421221865,0.12122577737719693,0.18970448045757865,0.37149532710280375,428,2087,9869,0.5247227434660787,0.22623117046520277,0.39064837630512644,109.12850189208984,130.25933837890625,120.0819320678711,121.17872619628906,14.227971076965332,True,False,,,0,3,inside
validation_001,validation,7,215,1683,7809,119,161,0.11327713382507903,0.6437125748502994,0.19265232974910393,0.1065939514129896,0.17730720606826803,0.3562874251497006,334,2000,9826,0.5559349519139278,0.2173889448968142,0.4804571563412684,106.0898208618164,132.9580841064453,123.21150207519531,120.71700286865234,21.047470092773438,True,False,,,0,3,inside
validation_001,validation,8,289,1807,7963,40,78,0.13788167938931298,0.878419452887538,0.23835051546391753,0.1352996254681648,0.1849539406345957,0.12158054711246201,329,2134,10099,0.6050364076185372,0.23173613702804957,0.41285881094443494,107.41033172607422,133.47113037109375,132.98406982421875,121.50562286376953,28.234542846679688,True,False,,,0,4,inside
validation_001,validation,9,303,1605,8155,43,132,0.15880503144654087,0.8757225433526011,0.2688553682342502,0.15530497180932856,0.16444672131147542,0.12427745664739884,346,1959,10106,0.5948365931910586,0.22170922915512298,0.3604339241529956,109.06647491455078,133.94508361816406,135.07656860351562,120.97651672363281,29.063873291015625,True,False,,,0,4,inside
validation_001,validation,10,239,1197,8145,214,40,0.16643454038997216,0.5275938189845475,0.25304393859184754,0.14484848484848484,0.128131021194605,0.47240618101545256,453,1439,9795,0.48837696200043423,0.21026351680046812,0.3546603938564658,108.36644744873047,105.25607299804688,123.00138854980469,106.54135131835938,14.69127082824707,True,False,,,0,5,inside
validation_001,validation,11,157,582,8085,76,206,0.2124492557510149,0.6738197424892703,0.3230452674897119,0.19263803680981595,0.06715126341294565,0.3261802575107296,233,764,8900,0.5354011784039854,0.18909303729107113,0.42363318193306043,124.66523742675781,71.01287841796875,109.91230010986328,81.7696304321289,18.2580623626709,True,False,,,0,5,inside
validation_001,validation,12,277,539,8223,252,15,0.3394607843137255,0.5236294896030246,0.41189591078066917,0.25936329588014984,0.06151563569961196,0.4763705103969754,529,820,9291,0.5072247822027801,0.15918174538291782,0.47686785062154136,143.19659423828125,81.83175659179688,103.65853881835938,77.90853881835938,39.73221969604492,True,False,,,0,6,inside
validation_001,validation,13,159,617,8772,154,101,0.20489690721649484,0.5079872204472844,0.29201101928374656,0.17096774193548386,0.06571519863670253,0.49201277955271566,313,860,9702,0.49889097179467684,0.14904831960779058,0.5772966739564839,149.3514404296875,84.04792022705078,99.10813903808594,82.4220962524414,50.26959991455078,True,False,,,0,6,inside
validation_001,validation,14,0,784,9133,0,0,0.0,,0.0,0.0,0.0790561661792881,,0,784,9917,,0.1662742822582038,,,,99.88520050048828,90.44770050048828,,False,True,784,0.1662742822582038,1,7,after
validation_001,validation,15,0,558,9512,0,0,0.0,,0.0,0.0,0.05541211519364449,,0,558,10070,,0.15329034675304365,,,,95.94623565673828,92.94085693359375,,False,True,558,0.15329034675304365,2,7,after
validation_001,validation,16,0,612,9607,0,0,0.0,,0.0,0.0,0.059888443096193365,,0,612,10219,,0.161813113170997,,,,91.12908172607422,95.6405258178711,,False,True,612,0.161813113170997,3,8,after
validation_001,validation,17,0,577,9425,0,0,0.0,,0.0,0.0,0.05768846230753849,,0,577,10002,,0.15747920430066198,,,,86.21490478515625,99.80416107177734,,False,True,577,0.15747920430066198,4,8,after
validation_001,validation,18,0,637,9548,0,0,0.0,,0.0,0.0,0.06254295532646048,,0,637,10185,,0.15475521529732097,,,,81.23076629638672,99.99214935302734,,False,True,637,0.15475521529732097,5,9,after
validation_001,validation,19,0,589,9615,0,0,0.0,,0.0,0.0,0.057722461779694235,,0,589,10204,,0.15398162860744688,,,,80.06961059570312,100.00849151611328,,False,True,589,0.15398162860744688,6,9,after
validation_002,validation,0,0,1450,7058,0,0,0.0,,0.0,0.0,0.17042783262811473,,0,1450,8508,,0.2157453674088321,,,,130.54483032226562,79.5806884765625,,False,True,1450,0.2157453674088321,7,0,before
validation_002,validation,1,0,1578,6340,0,0,0.0,,0.0,0.0,0.19929275069461985,,0,1578,7918,,0.23553695620579143,,,,133.2769317626953,80.08935546875,,False,True,1578,0.23553695620579143,6,0,before
validation_002,validation,2,0,1595,6368,0,0,0.0,,0.0,0.0,0.20030139394700489,,0,1595,7963,,0.23850932144427758,,,,135.2689666748047,80.01818084716797,,False,True,1595,0.23850932144427758,5,0,before
validation_002,validation,3,0,1664,7292,0,0,0.0,,0.0,0.0,0.18579723090665476,,0,1664,8956,,0.22791025731744816,,,,138.24578857421875,79.85276794433594,,False,True,1664,0.22791025731744816,4,1,before
validation_002,validation,4,0,1634,7550,0,0,0.0,,0.0,0.0,0.17791811846689895,,0,1634,9184,,0.22622829340825742,,,,140.590576171875,79.51897430419922,,False,True,1634,0.22622829340825742,3,1,before
validation_002,validation,5,0,1627,7280,0,0,0.0,,0.0,0.0,0.18266531941169867,,0,1627,8907,,0.22477598240317978,,,,141.74000549316406,78.70928192138672,,False,True,1627,0.22477598240317978,2,1,before
validation_002,validation,6,0,1583,6946,0,0,0.0,,0.0,0.0,0.1856020635478954,,0,1583,8529,,0.23080986182144012,,,,141.30575561523438,78.89387512207031,,False,True,1583,0.23080986182144012,1,2,before
validation_002,validation,7,114,1650,6190,218,57,0.06462585034013606,0.3433734939759036,0.10877862595419847,0.05751765893037336,0.21045918367346939,0.6566265060240963,332,1786,8172,0.40751555859369326,0.24398525142035452,0.4803057260680617,203.95782470703125,88.5813217163086,141.98992919921875,81.0,62.429931640625,True,False,,,0,2,inside
validation_002,validation,8,426,1243,6271,132,203,0.25524266027561415,0.7634408602150538,0.38257745846430175,0.23653525818989452,0.16542454085706682,0.23655913978494625,558,1762,8072,0.5551665064922157,0.22112609138950262,0.47964775921969577,178.1774139404297,90.80465698242188,145.1089630126953,80.86209106445312,34.53081512451172,True,False,,,0,2,inside
validation_002,validation,9,458,1152,6444,110,213,0.284472049689441,0.8063380281690141,0.42056932966023874,0.26627906976744187,0.15165876777251186,0.1936619718309859,568,1706,8164,0.5868158492351502,0.20907987350784463,0.4985485597395561,176.56338500976562,89.841552734375,145.1195831298828,80.41735076904297,32.82572555541992,True,False,,,0,3,inside
validation_002,validation,10,426,1119,6878,25,214,0.2757281553398058,0.9445676274944568,0.42685370741482964,0.2713375796178344,0.13992747280230086,0.05543237250554324,451,1629,8448,0.6333756873057845,0.20532047112577284,0.48445809904102966,165.98448181152344,89.52106475830078,144.8287353515625,80.0638427734375,23.17336082458496,True,False,,,0,3,inside
validation_002,validation,11,428,1123,6767,128,0,0.2759509993552547,0.7697841726618705,0.40626483151400095,0.2549136390708755,0.1423320659062104,0.2302158273381295,556,1551,8446,0.5899839535784378,0.20571978151360326,,158.21762084960938,88.92266082763672,143.87362670898438,79.84590911865234,16.9746150970459,True,False,,,0,4,inside
validation_002,validation,12,364,1134,7316,103,0,0.24299065420560748,0.7794432548179872,0.3704834605597964,0.2273579013116802,0.13420118343195267,0.22055674518201285,467,1498,8917,0.5886543243804376,0.1980649426962475,,154.99143981933594,88.52676391601562,141.35714721679688,79.7490005493164,16.215518951416016,True,False,,,0,4,inside
validation_002,validation,13,324,1088,7515,94,0,0.22946175637393768,0.7751196172248804,0.3540983606557377,0.2151394422310757,0.12646751133325584,0.22488038277511962,418,1412,9021,0.5830798422890987,0.19401520953235898,,152.39952087402344,88.39713287353516,139.10623168945312,79.79178619384766,15.835514068603516,True,False,,,0,4,inside
validation_002,validation,14,314,1008,7802,100,0,0.23751891074130105,0.7584541062801933,0.3617511520737327,0.22081575246132207,0.11441543700340522,0.24154589371980675,414,1322,9224,0.5806840980686427,0.18815836474121306,,151.9396209716797,87.58454132080078,138.3192138671875,79.61195373535156,15.782193183898926,True,False,,,0,5,inside
validation_002,validation,15,277,1040,7842,122,0,0.21032649962034927,0.6942355889724311,0.32284382284382285,0.19249478804725503,0.1170907453276289,0.3057644110275689,399,1317,9281,0.5682983941452247,0.18729874929642307,,154.0726776123047,88.94235229492188,137.2255096435547,79.66362762451172,19.23335075378418,True,False,,,0,5,inside
validation_002,validation,16,226,1060,7796,46,0,0.17573872472783825,0.8308823529411765,0.2901155327342747,0.16966966966966968,0.11969286359530262,0.16911764705882354,272,1286,9128,0.6064951211652335,0.1946516227399444,,148.95220947265625,87.85662078857422,142.82582092285156,79.37635803222656,10.461715698242188,True,False,,,0,5,inside
validation_002,validation,17,252,1049,7772,79,0,0.19369715603382015,0.7613293051359517,0.3088235294117647,0.1826086956521739,0.11892075728375467,0.23867069486404835,331,1301,9152,0.5811886774809338,0.19424830508697008,,150.88217163085938,87.39878845214844,141.39892578125,79.14373779296875,12.57289981842041,True,False,,,0,6,inside
validation_002,validation,18,272,1081,8024,82,0,0.2010347376201035,0.768361581920904,0.3186877562975981,0.18954703832752615,0.1187259747391543,0.23163841807909605,354,1353,9459,0.5779384895738235,0.19556668698613802,,147.70338439941406,88.02259826660156,141.26385498046875,79.56171417236328,10.6326904296875,True,False,,,0,6,inside
validation_002,validation,19,164,1182,8388,26,0,0.12184249628528974,0.8631578947368421,0.21354166666666666,0.119533527696793,0.12351097178683386,0.1368421052631579,190,1346,9760,0.5993190271289726,0.19892893612716647,,142.42105102539062,86.18421173095703,139.2236328125,79.5965805053711,7.3225932121276855,True,False,,,0,7,inside
validation_002,validation,20,150,1170,8262,23,0,0.11363636363636363,0.8670520231213873,0.20093770931011387,0.11169024571854058,0.12404580152671756,0.1329479768786127,173,1320,9605,0.5824723853541247,0.2046698038046133,,140.0924835205078,85.12716674804688,140.6287841796875,79.49545288085938,5.657191753387451,True,False,,,0,7,inside
validation_002,validation,21,0,1350,7945,0,0,0.0,,0.0,0.0,0.14523937600860679,,0,1350,9295,,0.21906657162397467,,,,141.56593322753906,81.6281509399414,,False,True,1350,0.21906657162397467,1,7,after
validation_002,validation,22,0,1506,7867,0,0,0.0,,0.0,0.0,0.16067427717913155,,0,1506,9373,,0.22749726522714298,,,,136.43692016601562,85.92695617675781,,False,True,1506,0.22749726522714298,2,8,after
validation_002,validation,23,0,1506,7514,0,0,0.0,,0.0,0.0,0.16696230598669623,,0,1506,9020,,0.2270379290614275,,,,130.66998291015625,89.1135482788086,,False,True,1506,0.2270379290614275,3,8,after
validation_002,validation,24,0,1682,6844,0,0,0.0,,0.0,0.0,0.19727891156462585,,0,1682,8526,,0.23550742811824535,,,,135.1195068359375,90.12782287597656,,False,True,1682,0.23550742811824535,4,8,after
validation_002,validation,25,0,1804,6659,0,0,0.0,,0.0,0.0,0.21316318090511638,,0,1804,8463,,0.24434226719548868,,,,135.79933166503906,90.65576171875,,False,True,1804,0.24434226719548868,5,9,after
validation_002,validation,26,0,1548,6550,0,0,0.0,,0.0,0.0,0.19115831069399852,,0,1548,8098,,0.24037617709846268,,,,141.552978515625,88.49483489990234,,False,True,1548,0.24037617709846268,6,9,after
validation_002,validation,27,0,1276,7111,0,0,0.0,,0.0,0.0,0.15214021700250388,,0,1276,8387,,0.20114691923609526,,,,138.9302520751953,84.6489028930664,,False,True,1276,0.20114691923609526,7,9,after
validation_003,validation,0,0,1795,8298,0,0,0.0,,0.0,0.0,0.1778460319032993,,0,1795,10093,,0.2509154912740779,,,,136.8986053466797,109.1816177368164,,False,True,1795,0.2509154912740779,6,0,before
validation_003,validation,1,0,1771,8273,0,0,0.0,,0.0,0.0,0.17632417363600159,,0,1771,10044,,0.2546618105855254,,,,136.89328002929688,111.3918685913086,,False,True,1771,0.2546618105855254,5,0,before
validation_003,validation,2,0,1822,8422,0,0,0.0,,0.0,0.0,0.1778602108551347,,0,1822,10244,,0.258997196424807,,,,137.90943908691406,113.30186462402344,,False,True,1822,0.258997196424807,4,1,before
validation_003,validation,3,0,1607,7983,0,0,0.0,,0.0,0.0,0.167570385818561,,0,1607,9590,,0.2457048188403105,,,,138.0865020751953,108.88923645019531,,False,True,1607,0.2457048188403105,3,1,before
validation_003,validation,4,0,1588,7979,0,0,0.0,,0.0,0.0,0.16598724783108604,,0,1588,9567,,0.24123385098087316,,,,141.10643005371094,106.48299407958984,,False,True,1588,0.24123385098087316,2,2,before
validation_003,validation,5,0,1363,9054,0,0,0.0,,0.0,0.0,0.13084381299798406,,0,1363,10417,,0.21433467049442848,,,,136.7813720703125,101.52677917480469,,False,True,1363,0.21433467049442848,1,2,before
validation_003,validation,6,88,888,9264,478,7,0.09016393442622951,0.15547703180212014,0.11413748378728923,0.06052269601100413,0.08747044917257683,0.8445229681978799,566,976,10718,0.3453073846966081,0.17419514163381475,0.2539362332650593,117.4894027709961,61.58127212524414,141.5860595703125,97.47950744628906,43.235774993896484,True,False,,,0,3,inside
validation_003,validation,7,113,684,8829,659,0,0.14178168130489335,0.14637305699481865,0.14404079031230083,0.07760989010989011,0.07190160832544938,0.8536269430051814,772,797,10285,0.32196025745798423,0.1648093703512316,,100.67487335205078,63.47020721435547,161.1593475341797,95.94479370117188,68.65107727050781,True,False,,,0,3,inside
validation_003,validation,8,21,899,8742,635,286,0.02282608695652174,0.03201219512195122,0.0266497461928934,0.013504823151125401,0.0932475884244373,0.9679878048780488,656,920,10297,0.28583679149472496,0.18769293854772556,0.27429136383783564,91.58079528808594,115.8094482421875,157.63804626464844,102.34674072265625,67.41516876220703,True,False,,,0,4,inside
validation_003,validation,9,123,913,8181,601,360,0.11872586872586872,0.16988950276243095,0.13977272727272727,0.07513744654856444,0.10039586540576204,0.830110497237569,724,1048,9818,0.3754465692774367,0.18711378153566946,0.3580204551625583,94.3729248046875,126.93646240234375,150.53244018554688,109.1135482788086,58.919837951660156,True,False,,,0,4,inside
validation_003,validation,10,210,893,8626,344,244,0.19038984587488667,0.37906137184115524,0.25347012673506336,0.14512785072563925,0.09381237524950099,0.6209386281588448,554,1121,10073,0.45250960797179046,0.19123577838607053,0.38860753050348795,98.39530944824219,146.270751953125,139.39785766601562,111.3826904296875,53.8366584777832,True,False,,,0,5,inside
validation_003,validation,11,199,852,9216,311,215,0.18934348239771645,0.39019607843137255,0.2549647661755285,0.1461086637298091,0.08462455303933254,0.6098039215686275,510,1066,10578,0.4544580645420972,0.18808995093595285,0.38598703541034873,100.06078338623047,146.27255249023438,141.5150146484375,111.53752136230469,54.08304214477539,True,False,,,0,5,inside
validation_003,validation,12,152,768,9313,373,206,0.16521739130434782,0.2895238095238095,0.21038062283737025,0.11755607115235886,0.07618291836127368,0.7104761904761905,525,935,10606,0.4228707534074783,0.1859174825610199,0.363565011311648,99.51809692382812,145.92381286621094,144.26524353027344,111.29946899414062,56.57872772216797,True,False,,,0,6,inside
validation_003,validation,13,0,680,10322,0,0,0.0,,0.0,0.0,0.0618069441919651,,0,680,11002,,0.1954599593311377,,,,146.46029663085938,108.57499694824219,,False,True,680,0.1954599593311377,1,6,after
validation_003,validation,14,0,546,10278,0,0,0.0,,0.0,0.0,0.05044345898004435,,0,546,10824,,0.1859837069092203,,,,144.07142639160156,110.76556396484375,,False,True,546,0.1859837069092203,2,7,after
validation_003,validation,15,0,475,10678,0,0,0.0,,0.0,0.0,0.04258943781942078,,0,475,11153,,0.18069034952831584,,,,132.14736938476562,109.02104949951172,,False,True,475,0.18069034952831584,3,7,after
validation_003,validation,16,0,810,10292,0,0,0.0,,0.0,0.0,0.07295982705818771,,0,810,11102,,0.18305887087753103,,,,123.97160339355469,123.46295928955078,,False,True,810,0.18305887087753103,4,8,after
validation_003,validation,17,0,585,10538,0,0,0.0,,0.0,0.0,0.05259372471455542,,0,585,11123,,0.17728525141138438,,,,133.86837768554688,128.85812377929688,,False,True,585,0.17728525141138438,5,8,after
validation_003,validation,18,0,553,10478,0,0,0.0,,0.0,0.0,0.050131447738192364,,0,553,11031,,0.17606088980204895,,,,150.51898193359375,132.106689453125,,False,True,553,0.17606088980204895,6,9,after
validation_003,validation,19,0,663,9953,0,0,0.0,,0.0,0.0,0.06245290128108515,,0,663,10616,,0.1811869016901536,,,,166.39215087890625,121.38612365722656,,False,True,663,0.1811869016901536,7,9,after
validation_004,validation,0,0,405,6956,0,0,0.0,,0.0,0.0,0.055019698410542044,,0,405,7361,,0.1440198940880705,,,,51.12592697143555,47.05185317993164,,False,True,405,0.1440198940880705,5,0,before
validation_004,validation,1,0,299,7034,0,0,0.0,,0.0,0.0,0.040774580662757395,,0,299,7333,,0.13022157198745166,,,,48.36454772949219,46.481605529785156,,False,True,299,0.13022157198745166,4,0,before
validation_004,validation,2,0,270,7900,0,0,0.0,,0.0,0.0,0.033047735618115054,,0,270,8170,,0.12425907049624471,,,,65.11851501464844,44.900001525878906,,False,True,270,0.12425907049624471,3,0,before
validation_004,validation,3,0,152,8206,0,0,0.0,,0.0,0.0,0.018186168939937783,,0,152,8358,,0.11637418717778279,,,,73.84210205078125,44.31578826904297,,False,True,152,0.11637418717778279,2,1,before
validation_004,validation,4,0,76,8202,0,0,0.0,,0.0,0.0,0.009180961584923895,,0,76,8278,,0.12185059073165677,,,,66.56578826904297,47.26315689086914,,False,True,76,0.12185059073165677,1,1,before
validation_004,validation,5,0,307,9550,308,0,0.0,0.0,0.0,0.0,0.03114537891853505,1.0,308,307,10165,0.1274679923889699,0.13703801853833966,,75.57467651367188,196.4642791748047,66.99022674560547,55.42996597290039,141.2953338623047,True,False,,,0,2,inside
validation_004,validation,6,90,599,9466,458,10,0.13062409288824384,0.16423357664233576,0.14551333872271624,0.07846556233653008,0.05951316443119722,0.8357664233576643,548,689,10613,0.2525921310128195,0.1503275731586103,0.15209685042500495,83.65145874023438,168.34854125976562,78.09724426269531,65.56023406982422,102.93826293945312,True,False,,,0,2,inside
validation_004,validation,7,121,924,9119,222,192,0.11578947368421053,0.35276967930029157,0.17435158501440923,0.09550118389897395,0.09200438116100766,0.6472303206997084,343,1045,10386,0.2875544719571796,0.16648784722469295,0.24306189839262515,80.20700073242188,175.2244873046875,86.5464096069336,65.04689025878906,110.35982513427734,True,False,,,0,3,inside
validation_004,validation,8,117,143,9723,176,61,0.45,0.3993174061433447,0.4231464737793852,0.268348623853211,0.014494222582606932,0.6006825938566553,293,260,10159,0.39515115422396935,0.1656598043122068,0.1182281394473842,88.59385681152344,139.29351806640625,110.20769500732422,100.19615173339844,44.6739501953125,True,False,,,0,3,inside
validation_004,validation,9,12,666,9069,322,0,0.017699115044247787,0.03592814371257485,0.023715415019762844,0.012,0.06841294298921417,0.9640718562874252,334,678,10069,0.25968541732492917,0.1883965747282636,,88.05389404296875,143.38323974609375,123.9468994140625,71.56047058105469,80.29208374023438,True,False,,,0,4,inside
validation_004,validation,10,0,1031,9022,291,0,0.0,0.0,0.0,0.0,0.10255645081070328,1.0,291,1031,10344,0.2404719671791362,0.19867605402452673,,90.92440032958984,146.7628936767578,119.15906524658203,71.61105346679688,80.28073120117188,True,False,,,0,4,inside
validation_004,validation,11,0,1232,8123,282,0,0.0,0.0,0.0,0.0,0.1316942811330839,1.0,282,1232,9637,0.2254611739347167,0.2286023858780084,,92.38298034667969,150.44680786132812,118.83441925048828,75.48944854736328,79.48764038085938,True,False,,,0,5,inside
validation_004,validation,12,0,1326,7815,292,15,0.0,0.0,0.0,0.0,0.14506071545782737,1.0,292,1326,9433,0.18835150371369433,0.24205754928711828,0.14892916480700175,92.03767395019531,157.6609649658203,117.12066650390625,72.01885223388672,89.2397232055664,True,False,,,0,5,inside
validation_004,validation,13,4,1443,8199,302,0,0.0027643400138217,0.013071895424836602,0.004563605248146035,0.002287021154945683,0.14965774735532048,0.9869281045751634,306,1447,9948,0.21701988755585322,0.23874645576494738,,89.31045532226562,154.66339111328125,112.40843200683594,75.60124206542969,82.36710357666016,True,False,,,0,6,inside
validation_004,validation,14,1,1591,8305,309,0,0.000628140703517588,0.0032258064516129032,0.0010515247108307045,0.0005260389268805891,0.16077202910266775,0.9967741935483871,310,1592,10206,0.21925217648667675,0.247431913268129,,86.95484161376953,154.49032592773438,110.12374114990234,69.44284057617188,88.14688110351562,True,False,,,0,6,inside
validation_004,validation,15,1,1587,8140,199,0,0.0006297229219143577,0.005,0.0011185682326621924,0.0005595970900951316,0.16315410712449882,0.995,200,1588,9927,0.23548210598528385,0.251706069550124,,85.20999908447266,151.27000427246094,105.93450927734375,67.35516357421875,86.43614196777344,True,False,,,0,7,inside
validation_004,validation,16,0,1108,8647,0,0,0.0,,0.0,0.0,0.11358277806253203,,0,1108,9755,,0.1999940696293784,,,,116.48646545410156,76.31137084960938,,False,True,1108,0.1999940696293784,1,7,after
validation_004,validation,17,0,1138,8186,0,0,0.0,,0.0,0.0,0.12205062205062205,,0,1138,9324,,0.1985140937568625,,,,115.03602600097656,72.9947280883789,,False,True,1138,0.1985140937568625,2,8,after
validation_004,validation,18,0,1221,7797,0,0,0.0,,0.0,0.0,0.135395874916833,,0,1221,9018,,0.20369747653448644,,,,110.79443359375,73.3357925415039,,False,True,1221,0.20369747653448644,3,8,after
validation_004,validation,19,0,1427,7906,0,0,0.0,,0.0,0.0,0.15289831779706417,,0,1427,9333,,0.20640037944396186,,,,108.697265625,71.93132781982422,,False,True,1427,0.20640037944396186,4,9,after
validation_004,validation,20,0,1326,7909,0,0,0.0,,0.0,0.0,0.14358419057931782,,0,1326,9235,,0.1990219016593962,,,,109.11463165283203,68.81598663330078,,False,True,1326,0.1990219016593962,5,9,after
validation_004,validation,21,0,1355,8298,0,0,0.0,,0.0,0.0,0.14037086915984667,,0,1355,9653,,0.19447515351030353,,,,112.44796752929688,69.35867309570312,,False,True,1355,0.19447515351030353,6,9,after
validation_005,validation,0,0,1656,9144,0,0,0.0,,0.0,0.0,0.15333333333333332,,0,1656,10800,,0.24348636654893333,,,,133.7204132080078,85.68296813964844,,False,True,1656,0.24348636654893333,9,0,before
validation_005,validation,1,0,1487,9554,0,0,0.0,,0.0,0.0,0.13467982972556833,,0,1487,11041,,0.23004882772654603,,,,134.33624267578125,86.33960723876953,,False,True,1487,0.23004882772654603,8,0,before
validation_005,validation,2,0,1405,9430,0,0,0.0,,0.0,0.0,0.12967235809875405,,0,1405,10835,,0.22702186620492534,,,,138.9807891845703,84.01494598388672,,False,True,1405,0.22702186620492534,7,0,before
validation_005,validation,3,0,1344,9315,0,0,0.0,,0.0,0.0,0.12609062763861525,,0,1344,10659,,0.22940246155120722,,,,135.96652221679688,83.91889953613281,,False,True,1344,0.22940246155120722,6,0,before
validation_005,validation,4,0,1434,9285,0,0,0.0,,0.0,0.0,0.133781136300028,,0,1434,10719,,0.2315572568744387,,,,130.3144989013672,88.20641326904297,,False,True,1434,0.2315572568744387,5,1,before
validation_005,validation,5,0,1237,9114,0,0,0.0,,0.0,0.0,0.1195053618007922,,0,1237,10351,,0.2258417337976798,,,,133.7914276123047,83.51899719238281,,False,True,1237,0.2258417337976798,4,1,before
validation_005,validation,6,0,1318,9529,0,0,0.0,,0.0,0.0,0.12150825112934452,,0,1318,10847,,0.21491835124010975,,,,130.55235290527344,84.802734375,,False,True,1318,0.21491835124010975,3,1,before
validation_005,validation,7,0,1067,9193,0,0,0.0,,0.0,0.0,0.10399610136452242,,0,1067,10260,,0.19913774885325267,,,,128.9737548828125,81.1012191772461,,False,True,1067,0.19913774885325267,2,2,before
validation_005,validation,8,0,444,8678,0,0,0.0,,0.0,0.0,0.04867353650515238,,0,444,9122,,0.1833266939501699,,,,105.23648834228516,84.0360336303711,,False,True,444,0.1833266939501699,1,2,before
validation_005,validation,9,0,439,8199,265,0,0.0,0.0,0.0,0.0,0.05082194952535309,1.0,265,439,8903,0.05871567930674778,0.19674830853549946,,189.9811248779297,202.82264709472656,101.43963623046875,79.3826904296875,151.9112091064453,True,False,,,0,2,inside
validation_005,validation,10,0,487,8185,130,124,0.0,0.0,0.0,0.0,0.05615774907749078,1.0,130,487,8802,0.1598364694760396,0.1815749584011797,0.04532305308948121,190.38461303710938,208.22308349609375,95.52156066894531,80.2279281616211,159.3165283203125,True,False,,,0,2,inside
validation_005,validation,11,0,389,8621,134,128,0.0,0.0,0.0,0.0,0.04317425083240844,1.0,134,389,9144,0.1571261640638113,0.1743902096583753,0.04679532915179152,190.17164611816406,208.59701538085938,103.17994689941406,72.9048843383789,161.182861328125,True,False,,,0,3,inside
validation_005,validation,12,0,467,8342,249,285,0.0,0.0,0.0,0.0,0.053013962992394144,1.0,249,467,9058,0.2332999463750416,0.1672302938186367,0.06506210088468435,189.64256286621094,171.96385192871094,84.44539642333984,75.97216033935547,142.4108428955078,True,False,,,0,3,inside
validation_005,validation,13,2,560,8410,203,189,0.0035587188612099642,0.00975609756097561,0.005215123859191656,0.00261437908496732,0.06243032329988852,0.9902439024390244,205,562,9175,0.24570727333789918,0.1730356126587107,0.06420481996364379,190.6243896484375,173.84878540039062,84.2597885131836,76.34163665771484,144.2950897216797,True,False,,,0,3,inside
validation_005,validation,14,0,587,8339,422,0,0.0,0.0,0.0,0.0,0.06576293972664127,1.0,422,587,9348,0.12903970306942247,0.1792692028697062,,195.0687255859375,175.29620361328125,87.0306625366211,74.5468521118164,147.7249298095703,True,False,,,0,4,inside
validation_005,validation,15,43,630,8145,337,72,0.0638930163447251,0.11315789473684211,0.08167141500474834,0.04257425742574258,0.07179487179487179,0.8868421052631579,380,673,9155,0.2355468982340474,0.18239191417383332,0.0469384903812574,199.92893981933594,165.80789184570312,97.62258911132812,77.90193176269531,134.88531494140625,True,False,,,0,4,inside
validation_005,validation,16,53,297,8393,310,112,0.15142857142857144,0.14600550964187328,0.14866760168302945,0.0803030303030303,0.03417721518987342,0.8539944903581267,363,350,9053,0.2345132679773428,0.16497566075893752,0.13191230708201016,207.31680297851562,186.82920837402344,102.53713989257812,82.93142700195312,147.55856323242188,True,False,,,0,4,inside
validation_005,validation,17,0,290,8364,457,0,0.0,0.0,0.0,0.0,0.03351051536861567,1.0,457,290,9111,0.1584321579995771,0.16322939938724407,,206.44639587402344,173.22976684570312,92.55862426757812,72.24827575683594,152.2093505859375,True,False,,,0,4,inside
validation_005,validation,18,0,348,8536,553,0,0.0,0.0,0.0,0.0,0.039171544349392164,1.0,553,348,9437,0.15601142872441526,0.17174214597700022,,209.2423095703125,176.0162811279297,85.2701187133789,74.16091918945312,160.44818115234375,True,False,,,0,5,inside
validation_005,validation,19,0,659,8380,439,1,0.0,0.0,0.0,0.0,0.07290629494413099,1.0,439,659,9478,0.16758783097996255,0.19112641448571302,0.03671690449118614,211.69931030273438,179.67881774902344,98.62974548339844,72.99848175048828,155.4523162841797,True,False,,,0,5,inside
validation_005,validation,20,0,701,8635,396,1,0.0,0.0,0.0,0.0,0.07508568980291346,1.0,396,701,9732,0.13386042066614587,0.19376125801064356,0.03109385073184967,214.64646911621094,168.43434143066406,100.18972778320312,74.33951568603516,148.16943359375,True,False,,,0,5,inside
validation_005,validation,21,0,820,8275,193,0,0.0,0.0,0.0,0.0,0.09015942825728422,1.0,193,820,9288,0.18860476054830255,0.19896361226187287,,216.34715270996094,141.7979278564453,95.78048706054688,75.71829223632812,137.4875946044922,True,False,,,0,6,inside
validation_005,validation,22,0,1041,7727,210,0,0.0,0.0,0.0,0.0,0.1187271897810219,1.0,210,1041,8978,0.18599497317558245,0.21408939067549226,,214.3380889892578,142.3380889892578,89.97310638427734,75.01824951171875,141.41644287109375,True,False,,,0,6,inside
validation_005,validation,23,0,1116,7522,285,0,0.0,0.0,0.0,0.0,0.12919657328085205,1.0,285,1116,8923,0.1643147169890111,0.2183424544782779,,213.61753845214844,141.396484375,89.18548583984375,75.05914306640625,141.01055908203125,True,False,,,0,6,inside
validation_005,validation,24,0,531,8333,237,0,0.0,0.0,0.0,0.0,0.05990523465703971,1.0,237,531,9101,0.1733642077615744,0.17759917200506634,,212.4725799560547,139.85653686523438,85.95103454589844,69.90583801269531,144.5710906982422,True,False,,,0,6,inside
validation_005,validation,25,0,702,7914,247,0,0.0,0.0,0.0,0.0,0.08147632311977716,1.0,247,702,8863,0.17555733003958998,0.19325626120110173,,211.46963500976562,142.24696350097656,103.02136993408203,70.79914855957031,129.8684539794922,True,False,,,0,7,inside
validation_005,validation,26,0,912,7792,232,0,0.0,0.0,0.0,0.0,0.10477941176470588,1.0,232,912,8936,0.1395276291135313,0.20334557726308797,,211.11207580566406,143.46121215820312,127.5734634399414,73.49451446533203,108.96806335449219,True,False,,,0,7,inside
validation_005,validation,27,0,1010,6869,0,0,0.0,,0.0,0.0,0.1281888564538647,,0,1010,7879,,0.22514510828870637,,,,133.20791625976562,76.2306900024414,,False,True,1010,0.22514510828870637,1,7,after
validation_005,validation,28,0,1010,7047,0,0,0.0,,0.0,0.0,0.12535683256795332,,0,1010,8057,,0.2189988530761347,,,,131.375244140625,75.44752502441406,,False,True,1010,0.2189988530761347,2,8,after
validation_005,validation,29,0,932,7608,0,0,0.0,,0.0,0.0,0.10913348946135831,,0,932,8540,,0.20806234703667514,,,,131.81008911132812,75.0,,False,True,932,0.20806234703667514,3,8,after
validation_005,validation,30,0,995,6972,0,0,0.0,,0.0,0.0,0.12489017195933225,,0,995,7967,,0.22480154895398205,,,,134.88241577148438,75.2793960571289,,False,True,995,0.22480154895398205,4,8,after
validation_005,validation,31,0,1362,6530,0,0,0.0,,0.0,0.0,0.1725798276735935,,0,1362,7892,,0.254766619758781,,,,135.7657928466797,84.35169219970703,,False,True,1362,0.254766619758781,5,8,after
validation_005,validation,32,0,1124,6234,0,0,0.0,,0.0,0.0,0.15275890187550964,,0,1124,7358,,0.22724576140928912,,,,142.40391540527344,75.89768981933594,,False,True,1124,0.22724576140928912,6,9,after
validation_005,validation,33,0,1091,7125,0,0,0.0,,0.0,0.0,0.1327896786757546,,0,1091,8216,,0.21189738529267121,,,,147.44638061523438,77.20714569091797,,False,True,1091,0.21189738529267121,7,9,after
validation_005,validation,34,0,915,7544,0,0,0.0,,0.0,0.0,0.10816881428064783,,0,915,8459,,0.19867508774100032,,,,160.99671936035156,79.03060150146484,,False,True,915,0.19867508774100032,8,9,after
validation_005,validation,35,0,938,7815,0,0,0.0,,0.0,0.0,0.10716325831143608,,0,938,8753,,0.1952697820794161,,,,160.4093780517578,81.0287857055664,,False,True,938,0.1952697820794161,9,9,after
validation_006,validation,0,196,1136,8694,0,227,0.14714714714714713,1.0,0.25654450261780104,0.14714714714714713,0.1155645981688708,0.0,196,1376,10026,0.7190858989345784,0.1969715422487866,0.374137526960625,92.14286041259766,93.91836547851562,104.91787719726562,129.68894958496094,37.983360290527344,True,False,,,0,0,inside
validation_006,validation,1,164,1079,9115,0,321,0.13193885760257443,1.0,0.23312011371712865,0.13193885760257443,0.10584657641750049,0.0,164,1334,10358,0.7321482162650038,0.18496217822817926,0.4255623434005868,86.15243530273438,92.29878234863281,107.85082244873047,132.1671600341797,45.39060974121094,True,False,,,0,0,inside
validation_006,validation,2,267,1183,8917,320,42,0.18413793103448275,0.454855195911414,0.2621502209131075,0.15084745762711865,0.11712871287128714,0.545144804088586,587,1450,10687,0.47134614061862484,0.1872105380184349,0.3009368461512384,96.99829864501953,72.33731079101562,105.0413818359375,129.94000244140625,58.1615104675293,True,False,,,0,0,inside
validation_006,validation,3,216,1095,9104,431,2,0.16475972540045766,0.33384853168469864,0.22063329928498468,0.12399540757749714,0.10736346700656928,0.6661514683153014,647,1312,10846,0.4186736364522157,0.19605761359720883,0.5118565708398819,98.93045043945312,64.52086639404297,102.05487823486328,124.46493530273438,60.02544021606445,True,False,,,0,0,inside
validation_006,validation,4,188,815,9474,256,118,0.18743768693918245,0.42342342342342343,0.2598479612992398,0.14932486100079428,0.07921080765866459,0.5765765765765766,444,1027,10733,0.45308474535206417,0.17016102864162339,0.36609744255320503,108.29955291748047,42.17116928100586,105.13826751708984,108.4079818725586,66.31221008300781,True,False,,,0,0,inside
validation_006,validation,5,115,869,8683,144,111,0.11686991869918699,0.444015444015444,0.1850362027353178,0.10195035460992907,0.09097571189279732,0.555984555984556,259,1011,9811,0.46821973953237866,0.16647054992873675,0.40518558414669725,93.93436431884766,36.77992248535156,112.25420379638672,117.98615264892578,83.24703216552734,True,False,,,0,1,inside
validation_006,validation,6,0,875,8714,0,0,0.0,,0.0,0.0,0.0912503910731046,,0,875,9589,,0.17460815711001307,,,,106.1520004272461,126.73257446289062,,False,True,875,0.17460815711001307,1,1,after
validation_006,validation,7,0,894,7875,0,0,0.0,,0.0,0.0,0.10195005131713993,,0,894,8769,,0.18394356252814525,,,,97.94071960449219,124.25950622558594,,False,True,894,0.18394356252814525,2,1,after
validation_006,validation,8,0,565,8364,0,0,0.0,,0.0,0.0,0.06327696270579013,,0,565,8929,,0.17937368111847526,,,,102.11858367919922,124.43717193603516,,False,True,565,0.17937368111847526,3,1,after
validation_006,validation,9,0,495,8312,0,0,0.0,,0.0,0.0,0.05620529124560009,,0,495,8807,,0.18073267143658986,,,,100.4000015258789,128.19393920898438,,False,True,495,0.18073267143658986,4,1,after
validation_006,validation,10,0,309,8522,0,0,0.0,,0.0,0.0,0.03499037481598913,,0,309,8831,,0.16447497168863273,,,,115.94498443603516,130.5533905029297,,False,True,309,0.16447497168863273,5,2,after
validation_006,validation,11,0,407,8888,0,0,0.0,,0.0,0.0,0.04378698224852071,,0,407,9295,,0.15805392611549887,,,,104.62407684326172,126.49140167236328,,False,True,407,0.15805392611549887,6,2,after
validation_006,validation,12,0,377,8780,0,0,0.0,,0.0,0.0,0.04117068909031342,,0,377,9157,,0.1591343990638665,,,,96.94960021972656,119.05304718017578,,False,True,377,0.1591343990638665,7,2,after
validation_006,validation,13,0,610,9075,0,0,0.0,,0.0,0.0,0.06298399586990192,,0,610,9685,,0.1745095023453605,,,,97.68032836914062,122.39508056640625,,False,True,610,0.1745095023453605,8,2,after
validation_006,validation,14,0,738,8845,0,0,0.0,,0.0,0.0,0.07701137430867161,,0,738,9583,,0.1798087265418278,,,,80.19512176513672,113.22764587402344,,False,True,738,0.1798087265418278,9,2,after
validation_006,validation,15,0,866,10015,0,0,0.0,,0.0,0.0,0.07958827313666024,,0,866,10881,,0.19491659633876657,,,,78.82101440429688,110.53002166748047,,False,True,866,0.19491659633876657,10,3,after
validation_006,validation,16,0,1301,9592,0,0,0.0,,0.0,0.0,0.11943449921968237,,0,1301,10893,,0.20840968833527063,,,,138.74327087402344,99.76863861083984,,False,True,1301,0.20840968833527063,11,3,after
validation_006,validation,17,0,847,9232,0,0,0.0,,0.0,0.0,0.08403611469391804,,0,847,10079,,0.19940578956332072,,,,137.65879821777344,82.22313690185547,,False,True,847,0.19940578956332072,12,3,after
validation_006,validation,18,0,498,9445,0,0,0.0,,0.0,0.0,0.05008548727748165,,0,498,9943,,0.17394671923774851,,,,122.02008056640625,88.62650299072266,,False,True,498,0.17394671923774851,13,3,after
validation_006,validation,19,0,619,8404,0,0,0.0,,0.0,0.0,0.06860246037903137,,0,619,9023,,0.18694401233581714,,,,125.57673645019531,93.27625274658203,,False,True,619,0.18694401233581714,14,3,after
validation_006,validation,20,0,576,9144,0,0,0.0,,0.0,0.0,0.05925925925925926,,0,576,9720,,0.2004719929996717,,,,152.22743225097656,113.36631774902344,,False,True,576,0.2004719929996717,15,4,after
validation_006,validation,21,0,714,8939,0,0,0.0,,0.0,0.0,0.07396664249456128,,0,714,9653,,0.2234407308304293,,,,158.32493591308594,135.65966796875,,False,True,714,0.2234407308304293,16,4,after
validation_006,validation,22,0,1004,9160,0,0,0.0,,0.0,0.0,0.09878000787091697,,0,1004,10164,,0.23800477527654376,,,,170.2978057861328,134.20318603515625,,False,True,1004,0.23800477527654376,17,4,after
validation_006,validation,23,0,1074,8608,0,0,0.0,,0.0,0.0,0.1109274943193555,,0,1074,9682,,0.23656536928613522,,,,184.2309112548828,125.09217834472656,,False,True,1074,0.23656536928613522,18,4,after
validation_006,validation,24,0,881,9091,0,0,0.0,,0.0,0.0,0.08834737264340152,,0,881,9972,,0.20548041855400473,,,,192.43359375,113.52440643310547,,False,True,881,0.20548041855400473,19,5,after
validation_006,validation,25,0,1110,8767,0,0,0.0,,0.0,0.0,0.11238230231851777,,0,1110,9877,,0.1992473116123935,,,,186.229736328125,103.45945739746094,,False,True,1110,0.1992473116123935,20,5,after
validation_006,validation,26,0,1283,8248,0,0,0.0,,0.0,0.0,0.13461336690798448,,0,1283,9531,,0.20855737769389088,,,,177.06703186035156,98.21746063232422,,False,True,1283,0.20855737769389088,21,5,after
validation_006,validation,27,0,1466,7814,0,0,0.0,,0.0,0.0,0.1579741379310345,,0,1466,9280,,0.2209083428161554,,,,162.82469177246094,101.81241607666016,,False,True,1466,0.2209083428161554,22,5,after
validation_006,validation,28,0,1180,7527,0,0,0.0,,0.0,0.0,0.1355231422992994,,0,1180,8707,,0.2224571711993286,,,,155.17881774902344,98.79915618896484,,False,True,1180,0.2224571711993286,23,5,after
validation_006,validation,29,0,378,9056,0,0,0.0,,0.0,0.0,0.040067839728641086,,0,378,9434,,0.17039902176071636,,,,162.7936553955078,71.08995056152344,,False,True,378,0.17039902176071636,24,6,after
validation_006,validation,30,0,69,9406,0,0,0.0,,0.0,0.0,0.007282321899736148,,0,69,9475,,0.14953502254931644,,,,116.4202880859375,77.86956787109375,,False,True,69,0.14953502254931644,25,6,after
validation_006,validation,31,0,37,8985,0,0,0.0,,0.0,0.0,0.004101086233651075,,0,37,9022,,0.13580051569567572,,,,100.9459457397461,24.08108139038086,,False,True,37,0.13580051569567572,26,6,after
validation_006,validation,32,0,0,9705,0,0,,,,,0.0,,0,0,9705,,0.10004003946527854,,,,,,,False,True,0,0.10004003946527854,27,6,after
validation_006,validation,33,0,43,9476,0,0,0.0,,0.0,0.0,0.004517281227019645,,0,43,9519,,0.13022566134030258,,,,137.8372039794922,96.6744155883789,,False,True,43,0.13022566134030258,28,6,after
validation_006,validation,34,0,577,8605,0,0,0.0,,0.0,0.0,0.06284033979525158,,0,577,9182,,0.19463083950946308,,,,158.63084411621094,95.21144104003906,,False,True,577,0.19463083950946308,29,7,after
validation_006,validation,35,0,681,9163,0,0,0.0,,0.0,0.0,0.06917919544900447,,0,681,9844,,0.19817090183516342,,,,156.36123657226562,114.41116333007812,,False,True,681,0.19817090183516342,30,7,after
validation_006,validation,36,0,818,9202,0,0,0.0,,0.0,0.0,0.0816367265469062,,0,818,10020,,0.22246325724528632,,,,129.29095458984375,123.70048522949219,,False,True,818,0.22246325724528632,31,7,after
validation_006,validation,37,0,974,8417,0,0,0.0,,0.0,0.0,0.10371632414013417,,0,974,9391,,0.23296700318079844,,,,117.21150207519531,127.0420913696289,,False,True,974,0.23296700318079844,32,7,after
validation_006,validation,38,0,1097,8429,0,0,0.0,,0.0,0.0,0.11515851354188536,,0,1097,9526,,0.2334901719721108,,,,104.35186767578125,130.84230041503906,,False,True,1097,0.2334901719721108,33,7,after
validation_006,validation,39,0,1395,8027,0,0,0.0,,0.0,0.0,0.14805773721078327,,0,1395,9422,,0.2502690772216333,,,,92.38566589355469,129.34336853027344,,False,True,1395,0.2502690772216333,34,8,after
validation_006,validation,40,0,662,8909,0,0,0.0,,0.0,0.0,0.06916727614669313,,0,662,9571,,0.19005590321737886,,,,108.30060577392578,128.50302124023438,,False,True,662,0.19005590321737886,35,8,after
validation_006,validation,41,0,471,9125,0,0,0.0,,0.0,0.0,0.04908295122967903,,0,471,9596,,0.18678460189754176,,,,146.88746643066406,110.89808654785156,,False,True,471,0.18678460189754176,36,8,after
validation_006,validation,42,0,491,9030,0,0,0.0,,0.0,0.0,0.05157021321289781,,0,491,9521,,0.18939951143771433,,,,150.6517333984375,106.41751861572266,,False,True,491,0.18939951143771433,37,8,after
validation_006,validation,43,0,495,8458,0,0,0.0,,0.0,0.0,0.05528873003462526,,0,495,8953,,0.20155654952831306,,,,136.3030242919922,107.60807800292969,,False,True,495,0.20155654952831306,38,8,after
validation_006,validation,44,0,572,8068,0,0,0.0,,0.0,0.0,0.06620370370370371,,0,572,8640,,0.21190309507480748,,,,131.49301147460938,113.05769348144531,,False,True,572,0.21190309507480748,39,9,after
validation_006,validation,45,0,730,7799,0,0,0.0,,0.0,0.0,0.0855903388439442,,0,730,8529,,0.22648634887764238,,,,119.03424835205078,125.47122955322266,,False,True,730,0.22648634887764238,40,9,after
validation_006,validation,46,0,746,7823,0,0,0.0,,0.0,0.0,0.08705799976660053,,0,746,8569,,0.22782044092617715,,,,121.16220092773438,125.6581802368164,,False,True,746,0.22782044092617715,41,9,after
validation_006,validation,47,0,1312,7530,0,0,0.0,,0.0,0.0,0.14838271884189097,,0,1312,8842,,0.24844540927036282,,,,137.75990295410156,126.14481353759766,,False,True,1312,0.24844540927036282,42,9,after
validation_006,validation,48,0,1891,6965,0,0,0.0,,0.0,0.0,0.2135275519421861,,0,1891,8856,,0.2658080157696009,,,,142.80062866210938,130.53517150878906,,False,True,1891,0.2658080157696009,43,9,after
validation_007,validation,0,0,1214,8341,0,0,0.0,,0.0,0.0,0.12705389848246992,,0,1214,9555,,0.21305650173399396,,,,114.15321350097656,118.00164794921875,,False,True,1214,0.21305650173399396,7,0,before
validation_007,validation,1,0,1282,8436,0,0,0.0,,0.0,0.0,0.1319201481786376,,0,1282,9718,,0.22018934593651057,,,,113.90249633789062,124.72542572021484,,False,True,1282,0.22018934593651057,6,0,before
validation_007,validation,2,0,1185,8304,0,0,0.0,,0.0,0.0,0.12488144166930129,,0,1185,9489,,0.2182657457151774,,,,109.58565521240234,126.77130889892578,,False,True,1185,0.2182657457151774,5,0,before
validation_007,validation,3,0,1201,9118,0,0,0.0,,0.0,0.0,0.11638724682624285,,0,1201,10319,,0.2192247538547665,,,,94.90174865722656,131.94004821777344,,False,True,1201,0.2192247538547665,4,1,before
validation_007,validation,4,0,1121,9608,0,0,0.0,,0.0,0.0,0.10448317643769224,,0,1121,10729,,0.2142664425351135,,,,85.86441040039062,133.7546844482422,,False,True,1121,0.2142664425351135,3,1,before
validation_007,validation,5,0,915,8824,0,0,0.0,,0.0,0.0,0.09395215114488141,,0,915,9739,,0.20073433653065642,,,,75.33333587646484,131.5661163330078,,False,True,915,0.20073433653065642,2,1,before
validation_007,validation,6,0,650,9207,0,0,0.0,,0.0,0.0,0.0659429846809374,,0,650,9857,,0.17468428991585602,,,,82.4153823852539,136.43692016601562,,False,True,650,0.17468428991585602,1,2,before
validation_007,validation,7,3,834,9211,201,0,0.0035842293906810036,0.014705882352941176,0.005763688760806916,0.002890173410404624,0.083026381284221,0.9852941176470589,204,837,10249,0.25070807279324997,0.18143055859736212,,150.14215087890625,44.8774528503418,86.79928588867188,137.43011474609375,112.153076171875,True,False,,,0,2,inside
validation_007,validation,8,9,631,9140,241,30,0.0140625,0.036,0.020224719101123594,0.01021566401816118,0.06457885579776891,0.964,250,640,10021,0.2914364969432354,0.1673864211349354,0.1373106909294923,148.1320037841797,44.36399841308594,90.97343444824219,139.24063110351562,110.7640609741211,True,False,,,0,2,inside
validation_007,validation,9,14,835,9054,258,0,0.016489988221436984,0.051470588235294115,0.024977698483496878,0.012646793134598013,0.08443725351400547,0.9485294117647058,272,849,10161,0.3181841747068307,0.16797001532888095,,146.31985473632812,42.97793960571289,85.6678466796875,139.4511260986328,113.95500183105469,True,False,,,0,3,inside
validation_007,validation,10,13,713,8592,298,0,0.01790633608815427,0.04180064308681672,0.02507232401157184,0.0126953125,0.07662547017732402,0.9581993569131833,311,726,9616,0.2881221863713678,0.1688040487537804,,146.47267150878906,43.31511306762695,85.38705444335938,135.5826416015625,110.65599822998047,True,False,,,0,3,inside
validation_007,validation,11,7,840,9318,268,0,0.008264462809917356,0.025454545454545455,0.012477718360071301,0.006278026905829596,0.08269344359125812,0.9745454545454545,275,847,10433,0.2828153941035271,0.17620415073024745,,142.63272094726562,43.13818359375,87.75560760498047,132.85714721679688,105.1712417602539,True,False,,,0,4,inside
validation_007,validation,12,6,781,9611,282,0,0.007623888182973317,0.020833333333333332,0.011162790697674419,0.005612722170252572,0.07515396458814473,0.9791666666666666,288,787,10680,0.2804363668999738,0.17574613939847417,,141.52430725097656,42.45486068725586,96.03430938720703,126.73697662353516,95.77481842041016,True,False,,,0,4,inside
validation_007,validation,13,15,561,10005,473,0,0.026041666666666668,0.030737704918032786,0.02819548872180451,0.014299332697807437,0.05309483248154458,0.9692622950819673,488,576,11054,0.29147229464266633,0.16461899239767697,,143.0041046142578,73.46106719970703,100.47222137451172,122.40972137451172,64.84544372558594,True,False,,,0,4,inside
validation_007,validation,14,7,621,10041,474,0,0.011146496815286623,0.014553014553014554,0.012623985572587917,0.006352087114337568,0.058244231851435,0.9854469854469855,481,628,11143,0.2683322972883306,0.17289981315123126,,139.6673583984375,69.19542694091797,99.11783599853516,122.60191345214844,67.05606842041016,True,False,,,0,5,inside
validation_007,validation,15,6,686,10265,492,0,0.008670520231213872,0.012048192771084338,0.010084033613445379,0.005067567567567568,0.06264268103369555,0.9879518072289156,498,692,11449,0.25190589876179714,0.17613325815772177,,137.5060272216797,72.69678497314453,84.94942474365234,119.25578308105469,70.21350860595703,True,False,,,0,5,inside
validation_007,validation,16,1,986,10021,480,18,0.0010131712259371835,0.002079002079002079,0.0013623978201634877,0.0006816632583503749,0.0895793585899882,0.997920997920998,481,987,11488,0.2490765508225579,0.17731249789293865,0.3374209851026535,137.56756591796875,71.40540313720703,83.48530578613281,118.84498596191406,71.9402847290039,True,False,,,0,5,inside
validation_007,validation,17,12,974,10348,393,0,0.012170385395537525,0.02962962962962963,0.017253774263120056,0.00870195794053662,0.0860272036742625,0.9703703703703703,405,986,11727,0.26945398378151436,0.17518432258903543,,134.5037078857422,71.5851821899414,94.93610382080078,124.04462432861328,65.70835876464844,True,False,,,0,6,inside
validation_007,validation,18,12,845,10202,388,0,0.014002333722287048,0.03,0.01909307875894988,0.00963855421686747,0.07649135511903685,0.97,400,857,11447,0.2732205374911427,0.16577536504981413,,131.65499877929688,73.0,108.72811889648438,117.94749450683594,50.45709991455078,True,False,,,0,6,inside
validation_007,validation,19,18,1167,9821,137,0,0.015189873417721518,0.11612903225806452,0.026865671641791045,0.01361573373676248,0.1062067710229341,0.8838709677419355,155,1185,11143,0.37953357110100405,0.19537622729997978,,129.72903442382812,39.11613082885742,114.19662475585938,116.4059066772461,78.83505249023438,True,False,,,0,7,inside
validation_007,validation,20,10,1647,9284,78,0,0.006035003017501509,0.11363636363636363,0.011461318051575931,0.005763688760806916,0.15067239959747508,0.8863636363636364,88,1657,11019,0.3679163469509645,0.21738328560968678,,132.69317626953125,38.272727966308594,102.1502685546875,114.86300659179688,82.4556884765625,True,False,,,0,7,inside
validation_007,validation,21,0,1687,8835,0,0,0.0,,0.0,0.0,0.16033073560159666,,0,1687,10522,,0.2216007211030955,,,,105.47421264648438,108.12210845947266,,False,True,1687,0.2216007211030955,1,7,after
validation_007,validation,22,0,1734,8740,0,0,0.0,,0.0,0.0,0.16555279740309337,,0,1734,10474,,0.2178774589706429,,,,105.94579315185547,102.66262817382812,,False,True,1734,0.2178774589706429,2,8,after
validation_007,validation,23,0,1436,8015,0,0,0.0,,0.0,0.0,0.1519415934821712,,0,1436,9451,,0.22456232312710098,,,,121.74024963378906,96.67131042480469,,False,True,1436,0.22456232312710098,3,8,after
validation_007,validation,24,0,934,8527,0,0,0.0,,0.0,0.0,0.09872106542648769,,0,934,9461,,0.18819561545372768,,,,108.42505645751953,80.1680908203125,,False,True,934,0.18819561545372768,4,8,after
validation_007,validation,25,0,1033,7874,0,0,0.0,,0.0,0.0,0.11597619849556529,,0,1033,8907,,0.2079132696523172,,,,83.94385528564453,110.19747924804688,,False,True,1033,0.2079132696523172,5,9,after
validation_007,validation,26,0,1239,7233,0,0,0.0,,0.0,0.0,0.14624645892351273,,0,1239,8472,,0.23538331191553016,,,,79.8506851196289,109.41404724121094,,False,True,1239,0.23538331191553016,6,9,after
validation_007,validation,27,0,1336,7620,0,0,0.0,,0.0,0.0,0.14917373827601607,,0,1336,8956,,0.23406950900430032,,,,66.94910430908203,109.04865264892578,,False,True,1336,0.23406950900430032,7,9,after
validation_008,validation,0,0,596,9814,0,0,0.0,,0.0,0.0,0.05725264169068204,,0,596,10410,,0.14304545179484046,,,,154.59396362304688,74.14261627197266,,False,True,596,0.14304545179484046,35,0,before
validation_008,validation,1,0,707,10125,0,0,0.0,,0.0,0.0,0.06526957163958641,,0,707,10832,,0.14510500730226245,,,,155.7171173095703,80.04950714111328,,False,True,707,0.14510500730226245,34,0,before
validation_008,validation,2,0,702,10141,0,0,0.0,,0.0,0.0,0.0647422300101448,,0,702,10843,,0.1449612832898019,,,,154.8148193359375,79.33903503417969,,False,True,702,0.1449612832898019,33,0,before
validation_008,validation,3,0,972,9914,0,0,0.0,,0.0,0.0,0.08928899503950027,,0,972,10886,,0.15177491536008403,,,,147.35597229003906,78.83641815185547,,False,True,972,0.15177491536008403,32,0,before
validation_008,validation,4,0,1614,9479,0,0,0.0,,0.0,0.0,0.1454971603714054,,0,1614,11093,,0.17214801613662306,,,,143.72491455078125,79.8426284790039,,False,True,1614,0.17214801613662306,31,0,before
validation_008,validation,5,0,1976,6823,0,0,0.0,,0.0,0.0,0.22457097397431527,,0,1976,8799,,0.2204103950600119,,,,130.10577392578125,77.57337951660156,,False,True,1976,0.2204103950600119,30,0,before
validation_008,validation,6,0,2103,5490,0,0,0.0,,0.0,0.0,0.27696562623468984,,0,2103,7593,,0.25999561770469926,,,,126.97003936767578,79.09034729003906,,False,True,2103,0.25999561770469926,29,0,before
validation_008,validation,7,0,2221,5458,0,0,0.0,,0.0,0.0,0.28923036853757,,0,2221,7679,,0.26795777512239694,,,,124.7483139038086,80.0,,False,True,2221,0.26795777512239694,28,1,before
validation_008,validation,8,0,2152,5902,0,0,0.0,,0.0,0.0,0.26719642413707473,,0,2152,8054,,0.2602102974638621,,,,122.68727111816406,82.92936706542969,,False,True,2152,0.2602102974638621,27,1,before
validation_008,validation,9,0,2268,6572,0,0,0.0,,0.0,0.0,0.25656108597285066,,0,2268,8840,,0.25871827849197493,,,,120.02468872070312,84.0820083618164,,False,True,2268,0.25871827849197493,26,1,before
validation_008,validation,10,0,2252,6064,0,0,0.0,,0.0,0.0,0.2708032708032708,,0,2252,8316,,0.27055129358837693,,,,118.50310516357422,83.64165496826172,,False,True,2252,0.27055129358837693,25,1,before
validation_008,validation,11,0,2260,6465,0,0,0.0,,0.0,0.0,0.25902578796561604,,0,2260,8725,,0.2639147189486889,,,,118.14911651611328,82.85486602783203,,False,True,2260,0.2639147189486889,24,1,before
validation_008,validation,12,0,2253,6506,0,0,0.0,,0.0,0.0,0.2572211439662062,,0,2253,8759,,0.2651060470457508,,,,115.52374267578125,82.31735229492188,,False,True,2253,0.2651060470457508,23,1,before
validation_008,validation,13,0,2079,5918,0,0,0.0,,0.0,0.0,0.25997248968363135,,0,2079,7997,,0.2936818043667461,,,,107.13130950927734,77.48196411132812,,False,True,2079,0.2936818043667461,22,2,before
validation_008,validation,14,0,1407,5210,0,0,0.0,,0.0,0.0,0.21263412422547984,,0,1407,6617,,0.2915964975247749,,,,91.66098022460938,72.40512084960938,,False,True,1407,0.2915964975247749,21,2,before
validation_008,validation,15,0,1448,5814,0,0,0.0,,0.0,0.0,0.19939410630680254,,0,1448,7262,,0.2528204804493991,,,,90.96892547607422,76.20442199707031,,False,True,1448,0.2528204804493991,20,2,before
validation_008,validation,16,0,664,6920,0,0,0.0,,0.0,0.0,0.08755274261603375,,0,664,7584,,0.19636326031391593,,,,117.15813446044922,87.08734893798828,,False,True,664,0.19636326031391593,19,2,before
validation_008,validation,17,0,550,6446,0,0,0.0,,0.0,0.0,0.07861635220125786,,0,550,6996,,0.19181648925131958,,,,125.54181671142578,86.40363311767578,,False,True,550,0.19181648925131958,18,2,before
validation_008,validation,18,0,232,6494,0,0,0.0,,0.0,0.0,0.03449301219149569,,0,232,6726,,0.18016627549068903,,,,131.1163787841797,77.5301742553711,,False,True,232,0.18016627549068903,17,2,before
validation_008,validation,19,0,128,6787,0,0,0.0,,0.0,0.0,0.018510484454085322,,0,128,6915,,0.17082948688918015,,,,120.515625,64.71875,,False,True,128,0.17082948688918015,16,2,before
validation_008,validation,20,0,384,7266,0,0,0.0,,0.0,0.0,0.05019607843137255,,0,384,7650,,0.18715804103220163,,,,112.09114837646484,80.91927337646484,,False,True,384,0.18715804103220163,15,3,before
validation_008,validation,21,0,699,6550,0,0,0.0,,0.0,0.0,0.09642709339219202,,0,699,7249,,0.21359213530824075,,,,117.94420623779297,86.7153091430664,,False,True,699,0.21359213530824075,14,3,before
validation_008,validation,22,0,819,6318,0,0,0.0,,0.0,0.0,0.11475409836065574,,0,819,7137,,0.235487193210717,,,,124.54945373535156,85.22222137451172,,False,True,819,0.235487193210717,13,3,before
validation_008,validation,23,0,867,7536,0,0,0.0,,0.0,0.0,0.10317743662977508,,0,867,8403,,0.221635513020248,,,,124.32872009277344,85.246826171875,,False,True,867,0.221635513020248,12,3,before
validation_008,validation,24,0,1280,6613,0,0,0.0,,0.0,0.0,0.16216901051564678,,0,1280,7893,,0.20611807997864134,,,,131.58358764648438,94.78593444824219,,False,True,1280,0.20611807997864134,11,3,before
validation_008,validation,25,0,1548,6977,0,0,0.0,,0.0,0.0,0.18158357771260997,,0,1548,8525,,0.2362785778182922,,,,119.364990234375,99.47997283935547,,False,True,1548,0.2362785778182922,10,3,before
validation_008,validation,26,0,1419,8466,0,0,0.0,,0.0,0.0,0.14355083459787557,,0,1419,9885,,0.2100639663165959,,,,125.86469268798828,99.10359191894531,,False,True,1419,0.2100639663165959,9,4,before
validation_008,validation,27,0,1522,8119,0,0,0.0,,0.0,0.0,0.15786744113681153,,0,1522,9641,,0.23932898458882726,,,,128.0092010498047,99.30026245117188,,False,True,1522,0.23932898458882726,8,4,before
validation_008,validation,28,0,1461,7919,0,0,0.0,,0.0,0.0,0.15575692963752666,,0,1461,9380,,0.2343895619992278,,,,131.06297302246094,99.75907135009766,,False,True,1461,0.2343895619992278,7,4,before
validation_008,validation,29,0,1188,7564,0,0,0.0,,0.0,0.0,0.13574040219378428,,0,1188,8752,,0.23359593786431712,,,,131.7340087890625,100.79376983642578,,False,True,1188,0.23359593786431712,6,4,before
validation_008,validation,30,0,1174,7386,0,0,0.0,,0.0,0.0,0.13714953271028038,,0,1174,8560,,0.23713812623918273,,,,131.3228302001953,100.61073303222656,,False,True,1174,0.23713812623918273,5,4,before
validation_008,validation,31,0,1138,8123,0,0,0.0,,0.0,0.0,0.12288089839110247,,0,1138,9261,,0.2232580448549284,,,,137.0026397705078,101.08611297607422,,False,True,1138,0.2232580448549284,4,4,before
validation_008,validation,32,0,716,8760,0,0,0.0,,0.0,0.0,0.07555930772477838,,0,716,9476,,0.19963026184583954,,,,128.43576049804688,101.63268280029297,,False,True,716,0.19963026184583954,3,4,before
validation_008,validation,33,0,671,9519,0,0,0.0,,0.0,0.0,0.06584887144259077,,0,671,10190,,0.1996145491587328,,,,131.1311492919922,103.44709014892578,,False,True,671,0.1996145491587328,2,5,before
validation_008,validation,34,0,886,9106,0,0,0.0,,0.0,0.0,0.08867093674939952,,0,886,9992,,0.2063062312856937,,,,115.6320571899414,104.09819793701172,,False,True,886,0.2063062312856937,1,5,before
validation_008,validation,35,0,759,8945,111,46,0.0,0.0,0.0,0.0,0.0782151690024732,1.0,111,759,9815,0.28379223361477124,0.21632562581871692,0.18276130367556345,40.702701568603516,147.47747802734375,110.37417602539062,105.66930389404297,81.2529296875,True,False,,,0,5,inside
validation_008,validation,36,8,621,8683,182,175,0.012718600953895072,0.042105263157894736,0.019536019536019536,0.009864364981504316,0.06674548581255374,0.9578947368421052,190,634,9494,0.3844702653979,0.2086549385231363,0.3026642744456019,57.5947380065918,141.03158569335938,107.58201599121094,110.75552368164062,58.4411506652832,True,False,,,0,5,inside
validation_008,validation,37,38,657,9085,277,190,0.05467625899280575,0.12063492063492064,0.07524752475247524,0.03909465020576132,0.06743995072880311,0.8793650793650793,315,698,10057,0.41441290274498954,0.21973761244813905,0.3136075358641775,53.003173828125,134.75872802734375,101.1260757446289,108.56160736083984,54.791446685791016,True,False,,,0,5,inside
validation_008,validation,38,28,1222,8739,286,160,0.0224,0.08917197452229299,0.03580562659846547,0.018229166666666668,0.12267844593916273,0.910828025477707,314,1250,10275,0.41735698486779144,0.24541349649109467,0.31067501548677684,51.57643127441406,130.85031127929688,111.55840301513672,106.57839965820312,64.70674133300781,True,False,,,0,5,inside
validation_008,validation,39,28,1412,8792,456,182,0.019444444444444445,0.05785123966942149,0.029106029106029108,0.014767932489451477,0.13837710701685613,0.9421487603305785,484,1440,10688,0.344585225140014,0.24828101323482102,0.2222472170142682,44.71074295043945,133.99172973632812,116.14653015136719,109.58541870117188,75.48999786376953,True,False,,,0,6,inside
validation_008,validation,40,217,1270,8904,211,5,0.14593140551445863,0.5070093457943925,0.22663185378590078,0.12779740871613662,0.12482799292313741,0.4929906542056075,428,1487,10602,0.4600351609150383,0.23755359196841047,0.3057918310165405,60.021026611328125,128.03038024902344,94.96099853515625,105.41223907470703,41.621891021728516,True,False,,,0,6,inside
validation_008,validation,41,272,1192,8722,196,0,0.18579234972677597,0.5811965811965812,0.2815734989648033,0.163855421686747,0.12023401250756506,0.4188034188034188,468,1464,10382,0.46908498087372535,0.21739139732041798,,65.56837463378906,120.75640869140625,90.0321044921875,103.01980590820312,30.216901779174805,True,False,,,0,6,inside
validation_008,validation,42,286,931,8673,199,0,0.23500410846343467,0.5896907216494846,0.33607520564042304,0.2019774011299435,0.09693877551020408,0.41030927835051545,485,1217,10089,0.4828784374846626,0.21954167332024666,,68.01237487792969,115.87010192871094,88.6483154296875,99.77403259277344,26.17108154296875,True,False,,,0,6,inside
validation_008,validation,43,295,916,8690,50,138,0.24360033030553263,0.855072463768116,0.3791773778920309,0.23394131641554322,0.09535706849885488,0.14492753623188406,345,1257,9951,0.5579012508841529,0.21521981946544763,0.4212877058248589,71.86087036132812,112.3391342163086,88.33810424804688,95.44789123535156,23.596893310546875,True,False,,,0,6,inside
validation_008,validation,44,147,1079,9063,147,0,0.1199021207177814,0.5,0.19342105263157894,0.10706482155863073,0.1063892723328732,0.5,294,1226,10436,0.4698370758976255,0.2263497119383821,,61.52381134033203,114.24149322509766,87.07259368896484,92.84420776367188,33.3254280090332,True,False,,,0,6,inside
validation_008,validation,45,70,1101,8803,164,0,0.059777967549103334,0.29914529914529914,0.099644128113879,0.052434456928838954,0.11116720516962843,0.7008547008547008,234,1171,10138,0.4440795056458212,0.22501902235710666,,59.28632354736328,113.97863006591797,95.11785125732422,87.4355239868164,44.59186935424805,True,False,,,0,6,inside
validation_008,validation,46,86,1020,9268,76,44,0.07775768535262206,0.5308641975308642,0.13564668769716087,0.0727580372250423,0.09914463452566097,0.4691358024691358,162,1106,10450,0.48897174644617386,0.21173335131700938,0.3411743034693328,65.4691390991211,110.86419677734375,99.91410827636719,84.42314910888672,43.42332458496094,True,False,,,0,7,inside
validation_008,validation,47,80,1051,9642,102,21,0.07073386383731212,0.43956043956043955,0.12185833968012186,0.064882400648824,0.09828860001870382,0.5604395604395604,182,1131,10875,0.4610785827204421,0.20465230701609383,0.26623317954086123,68.80769348144531,107.61538696289062,107.0247573852539,81.93722534179688,46.04249954223633,True,False,,,0,7,inside
validation_008,validation,48,102,1674,8876,80,20,0.057432432432432436,0.5604395604395604,0.1041879468845761,0.05495689655172414,0.15867298578199052,0.43956043956043955,182,1776,10732,0.5146628069681126,0.22616104766015863,0.27197559699416163,68.71977996826172,107.61538696289062,130.47804260253906,82.86936950683594,66.53155517578125,True,False,,,0,7,inside
validation_008,validation,49,60,1751,8841,127,9,0.03313086692435119,0.32085561497326204,0.06006006006006006,0.030959752321981424,0.16531344410876134,0.679144385026738,187,1815,10779,0.4398817032336551,0.22643251630777086,0.4347911708884769,71.8663101196289,104.48128509521484,128.4931182861328,80.62864685058594,61.44545364379883,True,False,,,0,7,inside
validation_008,validation,50,83,1718,7328,102,14,0.04608550805108273,0.4486486486486487,0.08358509566968782,0.043615344193378876,0.18991819588768516,0.5513513513513514,185,1802,9231,0.4918600869339866,0.2541696374472047,0.4146583655050823,76.58378601074219,100.03243255615234,130.18812561035156,78.2203140258789,57.87221908569336,True,False,,,0,7,inside
validation_008,validation,51,111,1757,7425,130,1,0.059421841541755886,0.4605809128630705,0.10526315789473684,0.05555555555555555,0.19135264648224787,0.5394190871369294,241,1868,9423,0.4730797387752296,0.2538849057648875,0.3017200231552124,79.45228576660156,95.4066390991211,137.60438537597656,78.5069580078125,60.557952880859375,True,False,,,0,7,inside
validation_008,validation,52,90,1570,8166,148,2,0.05421686746987952,0.37815126050420167,0.09483667017913593,0.049778761061946904,0.16125718981101067,0.6218487394957983,238,1660,9974,0.4603921100497246,0.23267033467359208,0.2966868579387665,81.57142639160156,86.2016830444336,135.8849334716797,79.0650634765625,54.780364990234375,True,False,,,0,8,inside
validation_008,validation,53,173,1273,8716,366,21,0.11964038727524205,0.3209647495361781,0.1743073047858942,0.09547461368653422,0.12744018420262287,0.6790352504638218,539,1459,10528,0.43244289244647816,0.2119909607474934,0.48969910258338567,100.36363983154297,78.55658721923828,139.7491455078125,77.24400329589844,39.407371520996094,True,False,,,0,8,inside
validation_008,validation,54,55,1066,9490,234,93,0.04906333630686887,0.1903114186851211,0.07801418439716312,0.04059040590405904,0.10098522167487685,0.8096885813148789,289,1121,10845,0.3990444250688421,0.18776272199747115,0.25002946119795566,95.35639953613281,65.76470947265625,142.86798095703125,71.61195373535156,47.87003707885742,True,False,,,0,8,inside
validation_008,validation,55,14,1419,9328,252,44,0.009769713886950453,0.05263157894736842,0.0164802825191289,0.00830860534124629,0.13203684749232344,0.9473684210526315,266,1433,11013,0.409109105461074,0.20685191138401732,0.2955942905761979,90.85338592529297,61.845863342285156,141.59385681152344,63.3768310546875,50.7635612487793,True,False,,,0,8,inside
validation_008,validation,56,0,1166,8806,0,0,0.0,,0.0,0.0,0.11692739671079021,,0,1166,9972,,0.218959675382917,,,,115.87564086914062,93.41252136230469,,False,True,1166,0.218959675382917,1,8,after
validation_008,validation,57,0,803,8891,0,0,0.0,,0.0,0.0,0.08283474314008665,,0,803,9694,,0.2093453548564448,,,,108.62390899658203,85.7110824584961,,False,True,803,0.2093453548564448,2,8,after
validation_008,validation,58,0,935,7980,0,0,0.0,,0.0,0.0,0.10487941671340438,,0,935,8915,,0.2190535443870218,,,,132.09197998046875,83.18609619140625,,False,True,935,0.2190535443870218,3,8,after
validation_008,validation,59,0,939,9011,0,0,0.0,,0.0,0.0,0.09437185929648241,,0,939,9950,,0.20614537057029222,,,,130.59425354003906,80.84770965576172,,False,True,939,0.20614537057029222,4,9,after
validation_008,validation,60,0,696,9019,0,0,0.0,,0.0,0.0,0.07164179104477612,,0,696,9715,,0.19913413742079283,,,,132.85919189453125,77.18103790283203,,False,True,696,0.19913413742079283,5,9,after
validation_008,validation,61,0,886,8269,0,0,0.0,,0.0,0.0,0.09677771709448389,,0,886,9155,,0.2118299211816662,,,,122.89051818847656,79.54402160644531,,False,True,886,0.2118299211816662,6,9,after
validation_008,validation,62,0,1058,7857,0,0,0.0,,0.0,0.0,0.11867638810992709,,0,1058,8915,,0.20360555197908822,,,,115.42249298095703,81.78071594238281,,False,True,1058,0.20360555197908822,7,9,after
validation_008,validation,63,0,833,7726,0,0,0.0,,0.0,0.0,0.09732445379133076,,0,833,8559,,0.2048175749912482,,,,115.45137786865234,80.81272888183594,,False,True,833,0.2048175749912482,8,9,after
validation_008,validation,64,0,1188,7049,0,0,0.0,,0.0,0.0,0.1442272672089353,,0,1188,8237,,0.21901404309116804,,,,111.95791625976562,78.24411010742188,,False,True,1188,0.21901404309116804,9,9,after
validation_008,validation,65,0,1196,6937,0,0,0.0,,0.0,0.0,0.14705520718062215,,0,1196,8133,,0.22046066958504867,,,,111.64130401611328,77.99665832519531,,False,True,1196,0.22046066958504867,10,9,after
validation_009,validation,0,0,257,7716,0,0,0.0,,0.0,0.0,0.03223378903800326,,0,257,7973,,0.13157674074251235,,,,111.71984100341797,48.6848258972168,,False,True,257,0.13157674074251235,38,0,before
validation_009,validation,1,0,268,7610,0,0,0.0,,0.0,0.0,0.03401878649403402,,0,268,7878,,0.1321265813230775,,,,109.19403076171875,49.72761154174805,,False,True,268,0.1321265813230775,37,0,before
validation_009,validation,2,0,294,7783,0,0,0.0,,0.0,0.0,0.03639965333663489,,0,294,8077,,0.13618650148671466,,,,106.57142639160156,51.3027229309082,,False,True,294,0.13618650148671466,36,0,before
validation_009,validation,3,0,263,7622,0,0,0.0,,0.0,0.0,0.03335447051363348,,0,263,7885,,0.14559442060181638,,,,127.2509536743164,49.570343017578125,,False,True,263,0.14559442060181638,35,0,before
validation_009,validation,4,0,326,7740,0,0,0.0,,0.0,0.0,0.04041656335234317,,0,326,8066,,0.15287210491412923,,,,120.50920104980469,50.04601287841797,,False,True,326,0.15287210491412923,34,0,before
validation_009,validation,5,0,272,8735,0,0,0.0,,0.0,0.0,0.03019873431775286,,0,272,9007,,0.13944229911814288,,,,158.5919189453125,53.257354736328125,,False,True,272,0.13944229911814288,33,0,before
validation_009,validation,6,0,768,8398,0,0,0.0,,0.0,0.0,0.08378791184813442,,0,768,9166,,0.18184856254167078,,,,174.5377655029297,56.39713668823242,,False,True,768,0.18184856254167078,32,1,before
validation_009,validation,7,0,1305,6778,0,0,0.0,,0.0,0.0,0.16144995669924533,,0,1305,8083,,0.21725243022410745,,,,168.1739501953125,57.623756408691406,,False,True,1305,0.21725243022410745,31,1,before
validation_009,validation,8,0,1062,6602,0,0,0.0,,0.0,0.0,0.13856993736951984,,0,1062,7664,,0.2232924673975701,,,,168.427490234375,60.23917007446289,,False,True,1062,0.2232924673975701,30,1,before
validation_009,validation,9,0,1420,5595,0,0,0.0,,0.0,0.0,0.20242337847469707,,0,1420,7015,,0.24823387348818635,,,,159.48521423339844,59.5521125793457,,False,True,1420,0.24823387348818635,29,1,before
validation_009,validation,10,0,1458,5491,0,0,0.0,,0.0,0.0,0.2098143617786732,,0,1458,6949,,0.24331703906869984,,,,156.5658416748047,59.723594665527344,,False,True,1458,0.24331703906869984,28,1,before
validation_009,validation,11,0,1467,5516,0,0,0.0,,0.0,0.0,0.2100816268079622,,0,1467,6983,,0.24110208745888717,,,,157.6564483642578,59.98909378051758,,False,True,1467,0.24110208745888717,27,1,before
validation_009,validation,12,0,1615,4893,0,0,0.0,,0.0,0.0,0.2481561155500922,,0,1615,6508,,0.26126536716462057,,,,157.17523193359375,61.29535675048828,,False,True,1615,0.26126536716462057,26,2,before
validation_009,validation,13,0,1544,5336,0,0,0.0,,0.0,0.0,0.22441860465116278,,0,1544,6880,,0.25240604901888686,,,,153.8270721435547,61.648963928222656,,False,True,1544,0.25240604901888686,25,2,before
validation_009,validation,14,0,1745,5124,0,0,0.0,,0.0,0.0,0.25403988935798516,,0,1745,6869,,0.2680463248832022,,,,146.0401153564453,65.37822723388672,,False,True,1745,0.2680463248832022,24,2,before
validation_009,validation,15,0,1861,4918,0,0,0.0,,0.0,0.0,0.2745242661159463,,0,1861,6779,,0.27274828909594484,,,,142.0467529296875,67.67974090576172,,False,True,1861,0.27274828909594484,23,2,before
validation_009,validation,16,0,1880,4681,0,0,0.0,,0.0,0.0,0.28654168571864047,,0,1880,6561,,0.2855179688886232,,,,141.19680786132812,77.93138122558594,,False,True,1880,0.2855179688886232,22,2,before
validation_009,validation,17,0,1967,4586,0,0,0.0,,0.0,0.0,0.300167862047917,,0,1967,6553,,0.29545054813255295,,,,135.36146545410156,80.58363342285156,,False,True,1967,0.29545054813255295,21,2,before
validation_009,validation,18,0,1759,5959,0,0,0.0,,0.0,0.0,0.22790878465923814,,0,1759,7718,,0.26512610584853247,,,,130.157470703125,83.95508575439453,,False,True,1759,0.26512610584853247,20,3,before
validation_009,validation,19,0,1713,5575,0,0,0.0,,0.0,0.0,0.23504390779363338,,0,1713,7288,,0.2767907410484555,,,,130.04086303710938,86.30355834960938,,False,True,1713,0.2767907410484555,19,3,before
validation_009,validation,20,0,1892,6579,0,0,0.0,,0.0,0.0,0.2233502538071066,,0,1892,8471,,0.26727583944788613,,,,146.61839294433594,82.99048614501953,,False,True,1892,0.26727583944788613,18,3,before
validation_009,validation,21,0,350,7425,0,0,0.0,,0.0,0.0,0.04501607717041801,,0,350,7775,,0.17890895574653096,,,,115.68000030517578,80.18571472167969,,False,True,350,0.17890895574653096,17,3,before
validation_009,validation,22,0,162,7970,0,0,0.0,,0.0,0.0,0.019921298573536646,,0,162,8132,,0.16175674615489466,,,,107.17901611328125,108.05555725097656,,False,True,162,0.16175674615489466,16,3,before
validation_009,validation,23,0,1199,8751,0,0,0.0,,0.0,0.0,0.12050251256281407,,0,1199,9950,,0.19837675267776672,,,,149.2668914794922,105.41868591308594,,False,True,1199,0.19837675267776672,15,3,before
validation_009,validation,24,0,1224,9266,0,0,0.0,,0.0,0.0,0.11668255481410868,,0,1224,10490,,0.19376893316888766,,,,147.5718994140625,103.82189178466797,,False,True,1224,0.19376893316888766,14,4,before
validation_009,validation,25,0,866,9187,0,0,0.0,,0.0,0.0,0.08614343976922312,,0,866,10053,,0.19048141206079763,,,,167.5461883544922,100.00692749023438,,False,True,866,0.19048141206079763,13,4,before
validation_009,validation,26,0,1253,8085,0,0,0.0,,0.0,0.0,0.13418290854572715,,0,1253,9338,,0.2141681751064028,,,,152.63926696777344,99.42298126220703,,False,True,1253,0.2141681751064028,12,4,before
validation_009,validation,27,0,1335,8524,0,0,0.0,,0.0,0.0,0.13540927071711126,,0,1335,9859,,0.21186789232300515,,,,139.64793395996094,104.56105041503906,,False,True,1335,0.21186789232300515,11,4,before
validation_009,validation,28,0,1438,9012,0,0,0.0,,0.0,0.0,0.13760765550239235,,0,1438,10450,,0.20856200932039384,,,,144.146728515625,111.86856842041016,,False,True,1438,0.20856200932039384,10,4,before
validation_009,validation,29,0,1130,8195,0,0,0.0,,0.0,0.0,0.12117962466487936,,0,1130,9325,,0.19954231935368485,,,,167.34071350097656,108.9106216430664,,False,True,1130,0.19954231935368485,9,5,before
validation_009,validation,30,0,981,8875,0,0,0.0,,0.0,0.0,0.09953327922077922,,0,981,9856,,0.19549713092974697,,,,165.19775390625,111.66259002685547,,False,True,981,0.19549713092974697,8,5,before
validation_009,validation,31,0,1176,8502,0,0,0.0,,0.0,0.0,0.12151270923744575,,0,1176,9678,,0.20313011555813423,,,,158.5858917236328,105.82312774658203,,False,True,1176,0.20313011555813423,7,5,before
validation_009,validation,32,0,453,8899,0,0,0.0,,0.0,0.0,0.04843883661248931,,0,453,9352,,0.1786446698613256,,,,162.06622314453125,121.05519104003906,,False,True,453,0.1786446698613256,6,5,before
validation_009,validation,33,0,628,8513,0,0,0.0,,0.0,0.0,0.06870145498304343,,0,628,9141,,0.1900854989133717,,,,165.5939483642578,118.7213363647461,,False,True,628,0.1900854989133717,5,5,before
validation_009,validation,34,0,924,8539,0,0,0.0,,0.0,0.0,0.09764345345028004,,0,924,9463,,0.19119494151204752,,,,154.09307861328125,128.927490234375,,False,True,924,0.19119494151204752,4,5,before
validation_009,validation,35,0,1036,8240,0,0,0.0,,0.0,0.0,0.11168607158257869,,0,1036,9276,,0.20016353037730908,,,,150.02220153808594,127.11389923095703,,False,True,1036,0.20016353037730908,3,6,before
validation_009,validation,36,0,1266,8020,0,0,0.0,,0.0,0.0,0.1363342666379496,,0,1266,9286,,0.21329334797924365,,,,145.31594848632812,124.83807373046875,,False,True,1266,0.21329334797924365,2,6,before
validation_009,validation,37,0,1462,8460,0,0,0.0,,0.0,0.0,0.14734932473291676,,0,1462,9922,,0.21316038780642296,,,,142.40219116210938,124.47332763671875,,False,True,1462,0.21316038780642296,1,6,before
validation_009,validation,38,240,1266,7075,227,232,0.1593625498007968,0.5139186295503212,0.2432843385707045,0.13848817080207732,0.15178036206689846,0.4860813704496788,467,1588,8808,0.4370719217386185,0.22254322842238033,0.42851682354150145,180.11563110351562,130.52249145507812,139.51133728027344,120.70277404785156,41.774818420410156,True,False,,,0,6,inside
validation_009,validation,39,266,1468,6666,187,173,0.15340253748558247,0.58719646799117,0.24325560128029264,0.13846954711087975,0.1804770100811409,0.41280353200883,453,1764,8587,0.4624159232143798,0.26335776021144414,0.3228532722747395,181.77484130859375,132.09713745117188,127.07709503173828,127.12812042236328,54.92298889160156,True,False,,,0,6,inside
validation_009,validation,40,183,1340,7839,98,99,0.12015758371634931,0.6512455516014235,0.20288248337028825,0.11289327575570636,0.145985401459854,0.3487544483985765,281,1589,9460,0.5139066690439855,0.24327477486201696,0.5173647250189926,185.9537353515625,129.59786987304688,146.93707275390625,118.1611099243164,40.6583251953125,True,False,,,0,6,inside
validation_009,validation,41,213,1100,8098,115,82,0.16222391469916222,0.649390243902439,0.2595978062157221,0.14915966386554622,0.11959121548162643,0.35060975609756095,328,1349,9526,0.5186235861989056,0.2402103533061991,0.43484670196364567,183.368896484375,128.9542694091797,145.70274353027344,118.10897064208984,39.1964225769043,True,False,,,0,7,inside
validation_009,validation,42,216,1206,8032,90,22,0.1518987341772152,0.7058823529411765,0.25,0.14285714285714285,0.13054773760554234,0.29411764705882354,306,1428,9544,0.52229225026821,0.24442393571814797,0.4440931108864871,187.07516479492188,127.17320251464844,144.46849060058594,117.70378112792969,43.64628982543945,True,False,,,0,7,inside
validation_009,validation,43,20,1390,7494,259,44,0.014184397163120567,0.07168458781362007,0.023682652457075192,0.011983223487118035,0.1564610535794687,0.9283154121863799,279,1411,9163,0.3354683507994939,0.2673089800905765,0.25542937964200974,204.7132568359375,132.5878143310547,134.93621826171875,117.1467056274414,71.46511840820312,True,False,,,0,7,inside
validation_009,validation,44,0,1497,8024,233,42,0.0,0.0,0.0,0.0,0.15723138325806113,1.0,233,1497,9754,0.2238499812238206,0.25484807946394084,0.10637598857283592,225.25750732421875,136.296142578125,129.3587188720703,121.94856262207031,96.96613311767578,True,False,,,0,7,inside
validation_009,validation,45,0,1367,8052,220,44,0.0,0.0,0.0,0.0,0.14513217963690414,1.0,220,1367,9639,0.14728914837945592,0.24568176952069376,0.08452118289741603,238.6999969482422,137.7772674560547,134.47915649414062,121.96195983886719,105.41397857666016,True,False,,,0,7,inside
validation_009,validation,46,0,1353,8110,229,28,0.0,0.0,0.0,0.0,0.1429779139807672,1.0,229,1353,9692,0.14635781066972095,0.24502406635456114,0.06654369551688433,237.19650268554688,137.70742797851562,134.6164093017578,121.78196716308594,103.8089370727539,True,False,,,0,7,inside
validation_009,validation,47,0,1165,8238,146,8,0.0,0.0,0.0,0.0,0.12389662873550994,1.0,146,1165,9549,0.07620793259511255,0.24091101882356875,0.054048660676926374,244.19862365722656,137.32191467285156,144.0454864501953,119.9502182006836,101.64854431152344,True,False,,,0,8,inside
validation_009,validation,48,0,1983,7631,125,10,0.0,0.0,0.0,0.0,0.20626170168504265,1.0,125,1983,9739,0.13722699743509292,0.2332192889362853,0.12433006390929222,247.552001953125,137.0240020751953,157.2319793701172,102.91175079345703,96.54714965820312,True,False,,,0,8,inside
validation_009,validation,49,0,1876,8324,126,6,0.0,0.0,0.0,0.0,0.183921568627451,1.0,126,1876,10326,0.13959612277528596,0.21512812324847533,0.1452586849530538,248.40475463867188,133.04762268066406,157.53038024902344,103.24147033691406,95.63764190673828,True,False,,,0,8,inside
validation_009,validation,50,0,2108,8449,32,47,0.0,0.0,0.0,0.0,0.1996779388083736,1.0,32,2108,10589,0.141089899931103,0.21415014636231838,0.13754690906151812,252.5625,135.59375,153.72390747070312,101.41413879394531,104.58161163330078,True,False,,,0,8,inside
validation_009,validation,51,0,2022,8408,0,0,0.0,,0.0,0.0,0.19386385426653882,,0,2022,10430,,0.21167685030649255,,,,154.83827209472656,102.40603637695312,,False,True,2022,0.21167685030649255,1,8,after
validation_009,validation,52,0,2021,8617,0,0,0.0,,0.0,0.0,0.1899793194209438,,0,2021,10638,,0.21032988936927913,,,,158.36566162109375,103.35081481933594,,False,True,2021,0.21032988936927913,2,8,after
validation_009,validation,53,0,2099,8363,0,0,0.0,,0.0,0.0,0.20063085452112406,,0,2099,10462,,0.23398706347563988,,,,164.4525909423828,105.41210174560547,,False,True,2099,0.23398706347563988,3,9,after
validation_009,validation,54,0,2120,8099,0,0,0.0,,0.0,0.0,0.20745669830707505,,0,2120,10219,,0.2484932513578094,,,,156.0056610107422,106.26556396484375,,False,True,2120,0.2484932513578094,4,9,after
validation_009,validation,55,0,2023,7146,0,0,0.0,,0.0,0.0,0.2206347475188134,,0,2023,9169,,0.25384954030217505,,,,161.36924743652344,99.74147033691406,,False,True,2023,0.25384954030217505,5,9,after
validation_009,validation,56,0,1498,7612,0,0,0.0,,0.0,0.0,0.16443468715697035,,0,1498,9110,,0.21494603514467886,,,,177.5019989013672,100.01201629638672,,False,True,1498,0.21494603514467886,6,9,after
validation_009,validation,57,0,939,7376,0,0,0.0,,0.0,0.0,0.11292844257366205,,0,939,8315,,0.18085562002285643,,,,205.01278686523438,102.44834899902344,,False,True,939,0.18085562002285643,7,9,after
validation_009,validation,58,0,865,6516,0,0,0.0,,0.0,0.0,0.11719279230456578,,0,865,7381,,0.17787694671512905,,,,218.746826171875,102.25664520263672,,False,True,865,0.17787694671512905,8,9,after
validation_010,validation,0,0,1472,10045,0,0,0.0,,0.0,0.0,0.12781106190848313,,0,1472,11517,,0.19647515869278193,,,,116.19429016113281,86.07880401611328,,False,True,1472,0.19647515869278193,25,0,before
validation_010,validation,1,0,1394,10094,0,0,0.0,,0.0,0.0,0.12134401114206128,,0,1394,11488,,0.19620919709748827,,,,117.25896453857422,84.8012924194336,,False,True,1394,0.19620919709748827,24,0,before
validation_010,validation,2,0,1407,9969,0,0,0.0,,0.0,0.0,0.12368143459915612,,0,1407,11376,,0.1992334911320424,,,,122.40013885498047,84.38663482666016,,False,True,1407,0.1992334911320424,23,0,before
validation_010,validation,3,0,1556,9913,0,0,0.0,,0.0,0.0,0.1356700671375011,,0,1556,11469,,0.2055075280529517,,,,117.46722412109375,86.09768676757812,,False,True,1556,0.2055075280529517,22,0,before
validation_010,validation,4,0,1427,9904,0,0,0.0,,0.0,0.0,0.12593769305445238,,0,1427,11331,,0.2011085525810963,,,,119.81780242919922,84.97827911376953,,False,True,1427,0.2011085525810963,21,0,before
validation_010,validation,5,0,1512,9856,0,0,0.0,,0.0,0.0,0.1330049261083744,,0,1512,11368,,0.19698065659571976,,,,114.3240737915039,84.53372955322266,,False,True,1512,0.19698065659571976,20,1,before
validation_010,validation,6,0,1599,9464,0,0,0.0,,0.0,0.0,0.1445358401880141,,0,1599,11063,,0.2060134348746271,,,,109.41463470458984,86.47341918945312,,False,True,1599,0.2060134348746271,19,1,before
validation_010,validation,7,0,1354,9616,0,0,0.0,,0.0,0.0,0.12342752962625342,,0,1354,10970,,0.18903373523229866,,,,109.97119903564453,79.33973693847656,,False,True,1354,0.18903373523229866,18,1,before
validation_010,validation,8,0,1489,9606,0,0,0.0,,0.0,0.0,0.1342045966651645,,0,1489,11095,,0.20408428155784775,,,,116.82538604736328,81.20416259765625,,False,True,1489,0.20408428155784775,17,1,before
validation_010,validation,9,0,1494,9799,0,0,0.0,,0.0,0.0,0.1322943416275569,,0,1494,11293,,0.20627377260743385,,,,114.79383850097656,82.29183197021484,,False,True,1494,0.20627377260743385,16,2,before
validation_010,validation,10,0,1636,9693,0,0,0.0,,0.0,0.0,0.14440815605966986,,0,1636,11329,,0.20727839065752335,,,,113.82884979248047,82.30256652832031,,False,True,1636,0.20727839065752335,15,2,before
validation_010,validation,11,0,1569,9362,0,0,0.0,,0.0,0.0,0.14353673039978043,,0,1569,10931,,0.2110598867790803,,,,115.90567016601562,84.30529022216797,,False,True,1569,0.2110598867790803,14,2,before
validation_010,validation,12,0,1288,9326,0,0,0.0,,0.0,0.0,0.12134916148483135,,0,1288,10614,,0.20650798620806002,,,,122.45186614990234,81.90061950683594,,False,True,1288,0.20650798620806002,13,2,before
validation_010,validation,13,0,1042,9211,0,0,0.0,,0.0,0.0,0.10162879157319808,,0,1042,10253,,0.20010090720469467,,,,133.36660766601562,82.02687072753906,,False,True,1042,0.20010090720469467,12,2,before
validation_010,validation,14,0,1017,9308,0,0,0.0,,0.0,0.0,0.09849878934624698,,0,1017,10325,,0.19691455522538603,,,,127.79547882080078,96.14847564697266,,False,True,1017,0.19691455522538603,11,3,before
validation_010,validation,15,0,926,9815,0,0,0.0,,0.0,0.0,0.08621171213108648,,0,926,10741,,0.18765628364639642,,,,123.67386627197266,103.67062377929688,,False,True,926,0.18765628364639642,10,3,before
validation_010,validation,16,0,1422,9007,0,0,0.0,,0.0,0.0,0.13635056093585196,,0,1422,10429,,0.2123004563730301,,,,124.75457000732422,92.41561126708984,,False,True,1422,0.2123004563730301,9,3,before
validation_010,validation,17,0,1219,8792,0,0,0.0,,0.0,0.0,0.12176605733692938,,0,1219,10011,,0.20420781669167193,,,,122.61853790283203,85.45282745361328,,False,True,1219,0.20420781669167193,8,3,before
validation_010,validation,18,0,1157,9369,0,0,0.0,,0.0,0.0,0.10991829754892647,,0,1157,10526,,0.1948447437116297,,,,136.451171875,79.49005889892578,,False,True,1157,0.1948447437116297,7,4,before
validation_010,validation,19,0,1116,8904,0,0,0.0,,0.0,0.0,0.11137724550898204,,0,1116,10020,,0.1889511228957773,,,,133.19444274902344,81.02509307861328,,False,True,1116,0.1889511228957773,6,4,before
validation_010,validation,20,0,1329,8948,0,0,0.0,,0.0,0.0,0.12931789432713828,,0,1329,10277,,0.18812433867730252,,,,134.42137145996094,81.6613998413086,,False,True,1329,0.18812433867730252,5,4,before
validation_010,validation,21,0,1225,8200,0,0,0.0,,0.0,0.0,0.129973474801061,,0,1225,9425,,0.17539943527375948,,,,133.18775939941406,79.70612335205078,,False,True,1225,0.17539943527375948,4,4,before
validation_010,validation,22,0,869,7820,0,0,0.0,,0.0,0.0,0.10001150880423525,,0,869,8689,,0.16021590475355274,,,,126.87802124023438,73.3337173461914,,False,True,869,0.16021590475355274,3,4,before
validation_010,validation,23,0,650,6887,0,0,0.0,,0.0,0.0,0.08624121003051612,,0,650,7537,,0.15335107254851954,,,,129.3230743408203,84.55846405029297,,False,True,650,0.15335107254851954,2,5,before
validation_010,validation,24,0,667,6653,0,0,0.0,,0.0,0.0,0.09112021857923497,,0,667,7320,,0.1648093305844012,,,,138.74362182617188,109.3253402709961,,False,True,667,0.1648093305844012,1,5,before
validation_010,validation,25,0,1067,6199,259,0,0.0,0.0,0.0,0.0,0.1468483347096064,1.0,259,1067,7525,0.10030099868947015,0.19563836457660003,,17.189189910888672,134.30116271972656,146.7460174560547,121.46954345703125,130.19070434570312,True,False,,,0,5,inside
validation_010,validation,26,0,1084,6490,213,0,0.0,0.0,0.0,0.0,0.1431212041193557,1.0,213,1084,7787,0.13743718129368454,0.19458852743722324,,27.03286361694336,124.27230072021484,139.60147094726562,113.78782653808594,113.05580139160156,True,False,,,0,5,inside
validation_010,validation,27,0,1114,6224,184,0,0.0,0.0,0.0,0.0,0.15181248296538566,1.0,184,1114,7522,0.14051216156424387,0.2061165618859602,,28.586956024169922,121.6684799194336,139.22801208496094,115.08617401123047,110.83667755126953,True,False,,,0,6,inside
validation_010,validation,28,0,1106,7156,240,0,0.0,0.0,0.0,0.0,0.1338658920358267,1.0,240,1106,8502,0.16025004802892606,0.2027039802522193,,27.058332443237305,117.52083587646484,148.09312438964844,118.9466552734375,121.0431900024414,True,False,,,0,6,inside
validation_010,validation,29,0,1126,6793,220,0,0.0,0.0,0.0,0.0,0.14218967041293093,1.0,220,1126,8139,0.17434330409900708,0.20722850248058108,,30.14545440673828,110.34091186523438,155.07904052734375,124.3037338256836,125.71141815185547,True,False,,,0,6,inside
validation_010,validation,30,0,1028,6576,248,0,0.0,0.0,0.0,0.0,0.13519200420831143,1.0,248,1028,7852,0.19323812127714196,0.2077641853780242,,25.266128540039062,110.62903594970703,160.5116729736328,125.45719909667969,136.0559844970703,True,False,,,0,6,inside
validation_010,validation,31,0,1081,6672,296,0,0.0,0.0,0.0,0.0,0.13942989810395975,1.0,296,1081,8049,0.18299403129699263,0.20159664132264615,,26.347972869873047,108.64865112304688,163.6170196533203,127.1794662475586,138.51419067382812,True,False,,,0,6,inside
validation_010,validation,32,0,809,6928,255,7,0.0,0.0,0.0,0.0,0.10456249192193356,1.0,255,809,7992,0.2196773038190954,0.21146053668799852,0.09636160731315613,28.752941131591797,105.5999984741211,151.76019287109375,129.0556182861328,125.22359466552734,True,False,,,0,7,inside
validation_010,validation,33,0,787,7011,204,0,0.0,0.0,0.0,0.0,0.10092331367017184,1.0,204,787,8002,0.21267023956512704,0.20652343382408964,,34.740196228027344,103.83333587646484,161.23634338378906,126.79161071777344,128.56265258789062,True,False,,,0,7,inside
validation_010,validation,34,0,514,7205,250,22,0.0,0.0,0.0,0.0,0.06658893639072419,1.0,250,514,7969,0.2331060467660427,0.17865344699837044,0.097979797558351,28.263999938964844,109.92400360107422,163.87159729003906,127.5,136.7418670654297,True,False,,,0,7,inside
validation_010,validation,35,0,527,7790,253,0,0.0,0.0,0.0,0.0,0.06336419381988698,1.0,253,527,8570,0.14659237855743515,0.18122622881278852,,16.62845802307129,119.53755187988281,164.17266845703125,126.99050903320312,147.73233032226562,True,False,,,0,7,inside
validation_010,validation,36,0,384,7125,278,0,0.0,0.0,0.0,0.0,0.05113863363963244,1.0,278,384,7787,0.2207704711196234,0.1725473771045273,,26.92086410522461,111.7014389038086,174.2447967529297,131.3958282470703,148.6344757080078,True,False,,,0,8,inside
validation_010,validation,37,0,307,7379,241,0,0.0,0.0,0.0,0.0,0.039942753057507156,1.0,241,307,7927,0.20200723347822166,0.15728767751031458,,40.71369171142578,105.19502258300781,161.85342407226562,120.99674224853516,122.1659927368164,True,False,,,0,8,inside
validation_010,validation,38,0,412,7094,219,0,0.0,0.0,0.0,0.0,0.05488942179589661,1.0,219,412,7725,0.16581207340302534,0.17108943696497836,,43.05936050415039,106.25114440917969,161.18446350097656,127.79854583740234,120.07427215576172,True,False,,,0,8,inside
validation_010,validation,39,0,461,6804,148,2,0.0,0.0,0.0,0.0,0.06345492085340675,1.0,148,461,7413,0.16398466886902177,0.17832483777100783,0.08397387340664864,43.7905387878418,104.00675964355469,172.0433807373047,133.2928466796875,131.55404663085938,True,False,,,0,8,inside
validation_010,validation,40,0,548,6952,0,0,0.0,,0.0,0.0,0.07306666666666667,,0,548,7500,,0.19439416525512934,,,,157.00547790527344,131.3083953857422,,False,True,548,0.19439416525512934,1,8,after
validation_010,validation,41,0,568,6518,0,0,0.0,,0.0,0.0,0.08015805814281682,,0,568,7086,,0.19775952670241898,,,,162.6056365966797,126.375,,False,True,568,0.19775952670241898,2,9,after
validation_010,validation,42,0,669,6754,0,0,0.0,,0.0,0.0,0.0901252862723966,,0,669,7423,,0.19981645295965053,,,,158.27503967285156,133.10462951660156,,False,True,669,0.19981645295965053,3,9,after
validation_010,validation,43,0,808,6861,0,0,0.0,,0.0,0.0,0.10535923849263268,,0,808,7669,,0.20379530621005432,,,,151.86386108398438,125.89356231689453,,False,True,808,0.20379530621005432,4,9,after
validation_010,validation,44,0,735,7202,0,0,0.0,,0.0,0.0,0.09260425853597078,,0,735,7937,,0.1942657173220601,,,,143.92381286621094,127.86258697509766,,False,True,735,0.1942657173220601,5,9,after
validation_010,validation,45,0,650,8362,0,0,0.0,,0.0,0.0,0.0721260541500222,,0,650,9012,,0.15571027516535285,,,,111.17230987548828,126.47384643554688,,False,True,650,0.15571027516535285,6,9,after
validation_011,validation,0,0,1937,8974,0,0,0.0,,0.0,0.0,0.17752726606177252,,0,1937,10911,,0.2316211417005029,,,,155.9086151123047,100.57305145263672,,False,True,1937,0.2316211417005029,8,0,before
validation_011,validation,1,0,2176,9243,0,0,0.0,,0.0,0.0,0.19055959365969,,0,2176,11419,,0.22568363372378158,,,,143.87269592285156,105.35569763183594,,False,True,2176,0.22568363372378158,7,0,before
validation_011,validation,2,0,1947,9244,0,0,0.0,,0.0,0.0,0.17397909034045214,,0,1947,11191,,0.22160382863819178,,,,137.9470977783203,110.9435043334961,,False,True,1947,0.22160382863819178,6,1,before
validation_011,validation,3,0,2113,9175,0,0,0.0,,0.0,0.0,0.18718993621545005,,0,2113,11288,,0.2265835272357692,,,,138.73733520507812,111.18978118896484,,False,True,2113,0.2265835272357692,5,1,before
validation_011,validation,4,0,2010,8685,0,0,0.0,,0.0,0.0,0.1879382889200561,,0,2010,10695,,0.23894459173057617,,,,151.6910400390625,111.06616973876953,,False,True,2010,0.23894459173057617,4,2,before
validation_011,validation,5,0,2245,8965,0,0,0.0,,0.0,0.0,0.20026761819803746,,0,2245,11210,,0.24228883868205484,,,,142.6138153076172,113.11091613769531,,False,True,2245,0.24228883868205484,3,2,before
validation_011,validation,6,0,1954,9280,0,0,0.0,,0.0,0.0,0.17393626491009437,,0,1954,11234,,0.23523360962746293,,,,150.83009338378906,119.11360931396484,,False,True,1954,0.23523360962746293,2,3,before
validation_011,validation,7,0,1478,9691,0,0,0.0,,0.0,0.0,0.1323305577938938,,0,1478,11169,,0.21369010968499366,,,,184.0399169921875,117.71041870117188,,False,True,1478,0.21369010968499366,1,3,before
validation_011,validation,8,0,1195,8929,77,0,0.0,0.0,0.0,0.0,0.11803634926906362,1.0,77,1195,10201,0.1104782260470576,0.21990538459489764,,3.6883115768432617,105.45454406738281,136.52301025390625,109.77656555175781,132.90499877929688,True,False,,,0,4,inside
validation_011,validation,9,60,1058,9477,44,136,0.05366726296958855,0.5769230769230769,0.09819967266775777,0.05163511187607573,0.10042714760322734,0.4230769230769231,104,1167,10639,0.5073544191053281,0.21480607171969485,0.35645996538155217,16.105770111083984,103.74038696289062,104.25450134277344,112.75406646728516,88.6083755493164,True,False,,,0,4,inside
validation_011,validation,10,184,794,8605,37,55,0.18813905930470348,0.832579185520362,0.30692243536280234,0.1812807881773399,0.08447707202893925,0.167420814479638,221,1018,9620,0.5679433199480108,0.2054630812227901,0.4924248618158427,27.647058486938477,100.398193359375,76.99115753173828,108.49705505371094,50.00431823730469,True,False,,,0,5,inside
validation_011,validation,11,278,404,9436,5,58,0.40762463343108507,0.9823321554770318,0.5761658031088083,0.40465793304221254,0.04105691056910569,0.0176678445229682,283,733,10123,0.6529233021786693,0.15679467934648963,0.5966387221525455,38.734981536865234,95.18021392822266,50.74761199951172,96.88404083251953,12.132861137390137,True,False,,,0,5,inside
validation_011,validation,12,144,1212,8663,19,50,0.10619469026548672,0.8834355828220859,0.18959842001316657,0.10472727272727272,0.12273417721518988,0.1165644171779141,163,1394,10038,0.62213319978831,0.19406251957128415,0.5666931164264679,35.70552062988281,93.42945098876953,61.64706039428711,109.80057525634766,30.675352096557617,True,False,,,0,6,inside
validation_011,validation,13,0,1288,7922,0,0,0.0,,0.0,0.0,0.13984799131378936,,0,1288,9210,,0.19736001751811347,,,,65.49922180175781,113.26009368896484,,False,True,1288,0.19736001751811347,1,6,after
validation_011,validation,14,0,692,8317,0,0,0.0,,0.0,0.0,0.07681207681207682,,0,692,9009,,0.1653848563567282,,,,78.74710845947266,107.96965026855469,,False,True,692,0.1653848563567282,2,7,after
validation_011,validation,15,0,690,8160,0,0,0.0,,0.0,0.0,0.07796610169491526,,0,690,8850,,0.16611686347910112,,,,72.67101287841797,107.3768081665039,,False,True,690,0.16611686347910112,3,7,after
validation_011,validation,16,0,772,8681,0,0,0.0,,0.0,0.0,0.08166719559928065,,0,772,9453,,0.1581308610706191,,,,73.91191864013672,122.30570220947266,,False,True,772,0.1581308610706191,4,8,after
validation_011,validation,17,0,721,8281,0,0,0.0,,0.0,0.0,0.08009331259720062,,0,721,9002,,0.15784428592249247,,,,74.39112091064453,125.39944458007812,,False,True,721,0.15784428592249247,5,8,after
validation_011,validation,18,0,1008,8018,0,0,0.0,,0.0,0.0,0.11167737646798138,,0,1008,9026,,0.16832961808228086,,,,76.08631134033203,125.65575408935547,,False,True,1008,0.16832961808228086,6,9,after
validation_011,validation,19,0,1096,8405,0,0,0.0,,0.0,0.0,0.11535627828649615,,0,1096,9501,,0.16653789372881606,,,,70.74817657470703,128.36679077148438,,False,True,1096,0.16653789372881606,7,9,after
validation_012,validation,0,0,1693,7174,0,0,0.0,,0.0,0.0,0.19093267170407127,,0,1693,8867,,0.23903185947780548,,,,173.07974243164062,105.08623504638672,,False,True,1693,0.23903185947780548,5,0,before
validation_012,validation,1,0,1613,8368,0,0,0.0,,0.0,0.0,0.16160705340146278,,0,1613,9981,,0.2179417496389013,,,,168.66087341308594,112.16800689697266,,False,True,1613,0.2179417496389013,4,0,before
validation_012,validation,2,0,1338,9627,0,0,0.0,,0.0,0.0,0.12202462380300957,,0,1338,10965,,0.20540380171248313,,,,150.14797973632812,113.30194091796875,,False,True,1338,0.20540380171248313,3,1,before
validation_012,validation,3,0,1489,9009,0,0,0.0,,0.0,0.0,0.1418365402933892,,0,1489,10498,,0.21212386134293104,,,,141.25990295410156,99.34049987792969,,False,True,1489,0.21212386134293104,2,1,before
validation_012,validation,4,0,2157,8512,0,0,0.0,,0.0,0.0,0.2021745243228044,,0,2157,10669,,0.23605040337014888,,,,115.65275573730469,91.34539031982422,,False,True,2157,0.23605040337014888,1,2,before
validation_012,validation,5,172,1851,9343,17,117,0.08502224419179437,0.91005291005291,0.15551537070524413,0.08431372549019608,0.1653564409505092,0.08994708994708994,189,2047,11383,0.6261758050590596,0.22082428295485906,0.43819464068127495,72.45502471923828,62.13227462768555,128.79971313476562,95.88617706298828,65.68142700195312,True,False,,,0,2,inside
validation_012,validation,6,135,1862,9135,78,32,0.06760140210315473,0.6338028169014085,0.12217194570135746,0.06506024096385542,0.16931890515595163,0.36619718309859156,213,1997,11210,0.5432133958653105,0.22440393982342752,0.2854088246822357,56.84037399291992,61.239437103271484,124.35954284667969,90.5498275756836,73.60663604736328,True,False,,,0,3,inside
validation_012,validation,7,149,1894,8887,20,117,0.07293196279980421,0.8816568047337278,0.13471971066907776,0.07222491517207949,0.1756794360448938,0.11834319526627218,169,2061,10950,0.6260864404884315,0.21644084721993886,0.26320041881667244,52.13017654418945,57.40828323364258,115.06065368652344,83.65890502929688,68.18606567382812,True,False,,,0,3,inside
validation_012,validation,8,164,1776,8907,5,116,0.08453608247422681,0.9704142011834319,0.1555239449976292,0.08431876606683805,0.16624543667509126,0.029585798816568046,169,1952,10852,0.6402266321802986,0.21282920702459954,0.26815513996728535,52.13017654418945,57.40828323364258,111.45440673828125,82.95389556884766,64.590576171875,True,False,,,0,4,inside
validation_012,validation,9,166,1692,9914,2,93,0.08934337997847147,0.9880952380952381,0.16386969397828233,0.08924731182795699,0.14578666207134242,0.011904761904761904,168,1864,11774,0.6327506841293403,0.20156492344558744,0.3191670202600059,52.17856979370117,54.60118865966797,111.79130554199219,79.790771484375,64.71625518798828,True,False,,,0,4,inside
validation_012,validation,10,193,1563,9926,20,128,0.10990888382687927,0.9061032863849765,0.19603859827323514,0.10867117117117117,0.13604317172948038,0.09389671361502347,213,1761,11702,0.6096888199938295,0.1893611133168275,0.19724848255282268,50.737091064453125,52.54460144042969,107.14820861816406,76.0068130493164,61.095741271972656,True,False,,,0,5,inside
validation_012,validation,11,162,1386,10003,18,110,0.10465116279069768,0.9,0.1875,0.10344827586206896,0.12169637369391519,0.1,180,1555,11569,0.5919359983669387,0.1843369139891935,0.2248375090347095,45.761112213134766,50.21666717529297,96.97106170654297,74.55626678466797,56.699867248535156,True,False,,,0,5,inside
validation_012,validation,12,87,1582,9927,130,0,0.05212702216896345,0.4009216589861751,0.09225874867444327,0.048360200111172875,0.1374576418455122,0.5990783410138248,217,1669,11726,0.38818602090538373,0.19534801287678194,,32.235023498535156,46.25806427001953,102.1557846069336,70.86698913574219,74.1249771118164,True,False,,,0,6,inside
validation_012,validation,13,38,1480,9731,157,0,0.025032938076416336,0.19487179487179487,0.044366608289550497,0.022686567164179106,0.132013201320132,0.8051282051282052,195,1518,11406,0.33057874026588907,0.19222509660958698,,27.169231414794922,43.81025695800781,92.8069839477539,65.85639190673828,69.24122619628906,True,False,,,0,6,inside
validation_012,validation,14,0,1244,9956,127,1,0.0,0.0,0.0,0.0,0.11107142857142857,1.0,127,1244,11327,0.17465887441644518,0.1905423472624638,0.09734289348125458,24.34645652770996,41.047245025634766,96.40514373779297,61.15434265136719,74.8114242553711,True,False,,,0,7,inside
validation_012,validation,15,0,810,10225,0,0,0.0,,0.0,0.0,0.07340280924331671,,0,810,11035,,0.18021211068622353,,,,102.76789855957031,57.94691467285156,,False,True,810,0.18021211068622353,1,7,after
validation_012,validation,16,0,831,9696,0,0,0.0,,0.0,0.0,0.07893986890852095,,0,831,10527,,0.20673116959961083,,,,110.30445098876953,75.49337768554688,,False,True,831,0.20673116959961083,2,8,after
validation_012,validation,17,0,833,9729,0,0,0.0,,0.0,0.0,0.07886763870479076,,0,833,10562,,0.2059830913904663,,,,97.74909973144531,89.99759674072266,,False,True,833,0.2059830913904663,3,8,after
validation_012,validation,18,0,931,9689,0,0,0.0,,0.0,0.0,0.08766478342749529,,0,931,10620,,0.20590999766328352,,,,94.9957046508789,95.45327758789062,,False,True,931,0.20590999766328352,4,9,after
validation_012,validation,19,0,776,9745,0,0,0.0,,0.0,0.0,0.07375724740994202,,0,776,10521,,0.1893531748512543,,,,97.50772857666016,108.57603454589844,,False,True,776,0.1893531748512543,5,9,after
validation_013,validation,0,0,711,8657,0,0,0.0,,0.0,0.0,0.07589666951323655,,0,711,9368,,0.18278632531781425,,,,156.39381408691406,65.5147705078125,,False,True,711,0.18278632531781425,17,0,before
validation_013,validation,1,0,920,8829,0,0,0.0,,0.0,0.0,0.0943686531951995,,0,920,9749,,0.19327703266474688,,,,154.6858673095703,76.21956634521484,,False,True,920,0.19327703266474688,16,0,before
validation_013,validation,2,0,860,8898,0,0,0.0,,0.0,0.0,0.08813281410125026,,0,860,9758,,0.18435047848752278,,,,139.1790771484375,79.95116424560547,,False,True,860,0.18435047848752278,15,0,before
validation_013,validation,3,0,859,9148,0,0,0.0,,0.0,0.0,0.08583991206155692,,0,859,10007,,0.18493928895681852,,,,142.48428344726562,72.60768127441406,,False,True,859,0.18493928895681852,14,0,before
validation_013,validation,4,0,1134,8896,0,0,0.0,,0.0,0.0,0.11306081754735793,,0,1134,10030,,0.20937666726198348,,,,136.00970458984375,76.53263092041016,,False,True,1134,0.20937666726198348,13,1,before
validation_013,validation,5,0,857,9386,0,0,0.0,,0.0,0.0,0.08366689446451235,,0,857,10243,,0.18815330113595702,,,,139.7339630126953,74.7094497680664,,False,True,857,0.18815330113595702,12,1,before
validation_013,validation,6,0,841,9707,0,0,0.0,,0.0,0.0,0.07973075464543042,,0,841,10548,,0.17719908430501338,,,,147.3043975830078,64.38882446289062,,False,True,841,0.17719908430501338,11,1,before
validation_013,validation,7,0,869,9100,0,0,0.0,,0.0,0.0,0.08717022770588825,,0,869,9969,,0.1775506821193415,,,,148.97813415527344,69.15074920654297,,False,True,869,0.1775506821193415,10,2,before
validation_013,validation,8,0,858,8300,0,0,0.0,,0.0,0.0,0.09368857829220353,,0,858,9158,,0.18937759733020867,,,,140.2156219482422,72.59557342529297,,False,True,858,0.18937759733020867,9,2,before
validation_013,validation,9,0,845,8329,0,0,0.0,,0.0,0.0,0.092108131676477,,0,845,9174,,0.18827648184432563,,,,144.77633666992188,69.76567840576172,,False,True,845,0.18827648184432563,8,2,before
validation_013,validation,10,0,901,7918,0,0,0.0,,0.0,0.0,0.1021657784329289,,0,901,8819,,0.1871252106837945,,,,150.26414489746094,71.56936645507812,,False,True,901,0.1871252106837945,7,3,before
validation_013,validation,11,0,841,8057,0,0,0.0,,0.0,0.0,0.09451562148797482,,0,841,8898,,0.18937947437276859,,,,151.65992736816406,79.09393310546875,,False,True,841,0.18937947437276859,6,3,before
validation_013,validation,12,0,1079,8264,0,0,0.0,,0.0,0.0,0.11548753077170074,,0,1079,9343,,0.18296688932256203,,,,157.96107482910156,84.42817687988281,,False,True,1079,0.18296688932256203,5,3,before
validation_013,validation,13,0,1126,8945,0,0,0.0,,0.0,0.0,0.11180617614933969,,0,1126,10071,,0.1840192681111313,,,,155.3818817138672,85.41207885742188,,False,True,1126,0.1840192681111313,4,3,before
validation_013,validation,14,0,1449,8487,0,0,0.0,,0.0,0.0,0.14583333333333334,,0,1449,9936,,0.1957086876428927,,,,154.59144592285156,91.71566772460938,,False,True,1449,0.1957086876428927,3,4,before
validation_013,validation,15,0,1791,7798,0,0,0.0,,0.0,0.0,0.18677651475649182,,0,1791,9589,,0.21849042595960397,,,,147.4801788330078,100.43718719482422,,False,True,1791,0.21849042595960397,2,4,before
validation_013,validation,16,0,1607,8585,0,0,0.0,,0.0,0.0,0.15767268445839874,,0,1607,10192,,0.20681743871183406,,,,135.25823974609375,95.05476379394531,,False,True,1607,0.20681743871183406,1,4,before
validation_013,validation,17,11,1537,8277,261,23,0.0071059431524547806,0.04044117647058824,0.012087912087912088,0.006080707573244887,0.15661300183411453,0.9595588235294118,272,1548,10086,0.3473779840997475,0.204655921029778,0.23646912108296933,42.452205657958984,177.45220947265625,130.14341735839844,92.12467956542969,122.35414123535156,True,False,,,0,5,inside
validation_013,validation,18,72,2065,7912,149,23,0.03369209171736079,0.3257918552036199,0.061068702290076333,0.031496062992125984,0.20697604490327753,0.6742081447963801,221,2137,10198,0.43734323135598213,0.22335040474408904,0.29181122131969617,47.5927619934082,177.92308044433594,123.37201690673828,114.81937408447266,98.61324310302734,True,False,,,0,5,inside
validation_013,validation,19,129,1907,7643,81,5,0.06335952848722987,0.6142857142857143,0.11487088156723063,0.06093528578176665,0.19968586387434556,0.38571428571428573,210,2036,9760,0.5001847047890936,0.2328124502209059,0.447393411397934,48.93809509277344,175.59046936035156,120.94007873535156,123.98870086669922,88.58345031738281,True,False,,,0,5,inside
validation_013,validation,20,168,962,8390,55,26,0.1486725663716814,0.7533632286995515,0.24833702882483372,0.14177215189873418,0.10286569717707442,0.24663677130044842,223,1131,9575,0.5267018361075577,0.19630889511271638,0.2402591877258741,56.704036712646484,171.15695190429688,134.3165283203125,135.9442901611328,85.2269287109375,True,False,,,0,6,inside
validation_013,validation,21,148,1121,8691,113,1,0.11662726556343578,0.5670498084291188,0.1934640522875817,0.10709117221418235,0.11424785976355484,0.4329501915708812,261,1269,10073,0.45582967257248486,0.2000838464814232,0.20710431039333344,60.78160858154297,168.24903869628906,137.5145721435547,116.42947387695312,92.59165954589844,True,False,,,0,6,inside
validation_013,validation,22,118,645,9041,160,0,0.15465268676277852,0.4244604316546763,0.22670509125840538,0.12784398699891658,0.06659095601899649,0.5755395683453237,278,763,9964,0.3780741112427317,0.16937369890670648,,66.91726684570312,163.10430908203125,160.17823791503906,135.11795043945312,97.36962890625,True,False,,,0,6,inside
validation_013,validation,23,83,653,8743,250,0,0.11277173913043478,0.24924924924924924,0.15528531337698784,0.08417849898580122,0.06949765857811835,0.7507507507507507,333,736,9729,0.28686999475902264,0.16334491958902145,,66.2042007446289,161.32432556152344,171.1915740966797,136.8057098388672,107.81238555908203,True,False,,,0,6,inside
validation_013,validation,24,0,341,8392,349,2,0.0,0.0,0.0,0.0,0.03904729188136952,1.0,349,341,9082,0.13406899172204273,0.15982234828082614,0.04255894385278225,67.02578735351562,156.89398193359375,171.994140625,103.29618835449219,117.86042022705078,True,False,,,0,7,inside
validation_013,validation,25,0,489,8117,0,0,0.0,,0.0,0.0,0.056820822681849875,,0,489,8606,,0.14748676875897285,,,,148.0552215576172,88.08793640136719,,False,True,489,0.14748676875897285,1,7,after
validation_013,validation,26,0,681,7616,0,0,0.0,,0.0,0.0,0.08207785946727733,,0,681,8297,,0.16694824875623027,,,,137.2305450439453,83.74596405029297,,False,True,681,0.16694824875623027,2,7,after
validation_013,validation,27,0,428,7685,0,0,0.0,,0.0,0.0,0.05275483791445828,,0,428,8113,,0.1712791031274385,,,,149.73130798339844,90.16121673583984,,False,True,428,0.1712791031274385,3,8,after
validation_013,validation,28,0,470,8322,0,0,0.0,,0.0,0.0,0.05345768880800728,,0,470,8792,,0.1771677850994656,,,,159.9404296875,102.08723449707031,,False,True,470,0.1771677850994656,4,8,after
validation_013,validation,29,0,608,8350,0,0,0.0,,0.0,0.0,0.06787229292252735,,0,608,8958,,0.18475989514789673,,,,146.6957244873047,101.52960205078125,,False,True,608,0.18475989514789673,5,8,after
validation_013,validation,30,0,716,8497,0,0,0.0,,0.0,0.0,0.07771627048735483,,0,716,9213,,0.187186656827937,,,,144.715087890625,105.26676177978516,,False,True,716,0.187186656827937,6,9,after
validation_013,validation,31,0,573,8283,0,0,0.0,,0.0,0.0,0.0647018970189702,,0,573,8856,,0.17714299397261657,,,,152.98777770996094,114.67888641357422,,False,True,573,0.17714299397261657,7,9,after
validation_013,validation,32,0,1130,7241,0,0,0.0,,0.0,0.0,0.1349898458965476,,0,1130,8371,,0.1893080706299713,,,,113.3575210571289,84.65132904052734,,False,True,1130,0.1893080706299713,8,9,after
validation_013,validation,33,0,1173,7538,0,0,0.0,,0.0,0.0,0.13465732981288026,,0,1173,8711,,0.1835825918727722,,,,109.369140625,87.28730010986328,,False,True,1173,0.1835825918727722,9,9,after
validation_014,validation,0,0,842,8757,0,0,0.0,,0.0,0.0,0.08771747056985102,,0,842,9599,,0.20834103705818852,,,,160.2387237548828,63.287410736083984,,False,True,842,0.20834103705818852,12,0,before
validation_014,validation,1,0,781,8624,0,0,0.0,,0.0,0.0,0.08304093567251462,,0,781,9405,,0.2103067398055445,,,,175.0192108154297,50.54545593261719,,False,True,781,0.2103067398055445,11,0,before
validation_014,validation,2,0,818,8290,0,0,0.0,,0.0,0.0,0.08981115502854634,,0,818,9108,,0.20144751812887124,,,,170.32518005371094,47.35085678100586,,False,True,818,0.20144751812887124,10,0,before
validation_014,validation,3,0,840,7864,0,0,0.0,,0.0,0.0,0.09650735294117647,,0,840,8704,,0.19933207738425635,,,,162.01071166992188,47.661903381347656,,False,True,840,0.19933207738425635,9,0,before
validation_014,validation,4,0,697,7405,0,0,0.0,,0.0,0.0,0.08602814119970378,,0,697,8102,,0.19243794259977565,,,,153.61549377441406,46.437591552734375,,False,True,697,0.19243794259977565,8,0,before
validation_014,validation,5,0,662,7435,0,0,0.0,,0.0,0.0,0.08175867605285908,,0,662,8097,,0.1950719829116935,,,,153.48489379882812,47.330814361572266,,False,True,662,0.1950719829116935,7,0,before
validation_014,validation,6,0,661,8130,0,0,0.0,,0.0,0.0,0.07519053577522467,,0,661,8791,,0.1925149492994345,,,,159.74583435058594,53.22541427612305,,False,True,661,0.1925149492994345,6,1,before
validation_014,validation,7,0,610,7873,0,0,0.0,,0.0,0.0,0.07190852292820936,,0,610,8483,,0.19974946423874954,,,,168.5213165283203,59.18852615356445,,False,True,610,0.19974946423874954,5,1,before
validation_014,validation,8,0,224,9506,0,0,0.0,,0.0,0.0,0.02302158273381295,,0,224,9730,,0.16077297472618501,,,,141.9330291748047,88.60713958740234,,False,True,224,0.16077297472618501,4,1,before
validation_014,validation,9,0,228,9452,0,0,0.0,,0.0,0.0,0.023553719008264463,,0,228,9680,,0.1724581330398642,,,,155.30702209472656,97.1885986328125,,False,True,228,0.1724581330398642,3,1,before
validation_014,validation,10,0,98,9457,0,0,0.0,,0.0,0.0,0.010256410256410256,,0,98,9555,,0.17225752264906494,,,,112.55101776123047,128.03060913085938,,False,True,98,0.17225752264906494,2,1,before
validation_014,validation,11,0,258,9679,0,0,0.0,,0.0,0.0,0.025963570494112912,,0,258,9937,,0.1710745839117303,,,,116.76744079589844,104.49224853515625,,False,True,258,0.1710745839117303,1,2,before
validation_014,validation,12,61,170,10083,186,44,0.26406926406926406,0.24696356275303644,0.25523012552301255,0.14628297362110312,0.016580513020579342,0.7530364372469636,247,240,10500,0.3871706084382196,0.16241229471094645,0.35517114180732856,38.744937896728516,158.048583984375,68.77916717529297,134.33749389648438,38.26578903198242,True,False,,,0,2,inside
validation_014,validation,13,146,357,9262,273,110,0.29025844930417494,0.34844868735083534,0.31670281995661603,0.18814432989690721,0.037114045119035245,0.6515513126491647,419,518,10038,0.40206332836380154,0.17267031545064043,0.3505516506054185,40.74701690673828,162.49403381347656,91.80888366699219,127.71814727783203,61.77925491333008,True,False,,,0,2,inside
validation_014,validation,14,162,357,9881,357,260,0.31213872832369943,0.31213872832369943,0.31213872832369943,0.18493150684931506,0.03487009181480758,0.6878612716763006,519,584,10757,0.388520120512084,0.1669920135790569,0.36280235923253573,40.43159866333008,162.60501098632812,89.88185119628906,126.5496597290039,61.1989860534668,True,False,,,0,2,inside
validation_014,validation,15,158,609,9280,372,417,0.20599739243807041,0.2981132075471698,0.243639167309175,0.13871817383669885,0.06158357771260997,0.7018867924528301,530,840,10419,0.398788088763941,0.1784430856089231,0.31610072659199046,44.030189514160156,164.66603088378906,120.95357513427734,116.60832977294922,90.70143127441406,True,False,,,0,2,inside
validation_014,validation,16,276,788,8346,181,392,0.2593984962406015,0.6039387308533917,0.3629191321499014,0.2216867469879518,0.086271075104007,0.39606126914660833,457,1139,9591,0.5081544616290203,0.18680830771416626,0.35825040953575954,44.98030471801758,164.64988708496094,125.00526428222656,116.89025115966797,93.19322967529297,True,False,,,0,3,inside
validation_014,validation,17,256,967,7961,157,355,0.20932134096484056,0.6198547215496368,0.31295843520782396,0.1855072463768116,0.10831093189964158,0.3801452784503632,413,1282,9341,0.5093333775822533,0.19460154550501996,0.3314633639135831,47.036319732666016,165.8765106201172,131.11154174804688,114.93135833740234,98.305908203125,True,False,,,0,3,inside
validation_014,validation,18,185,1137,9250,146,110,0.13993948562783662,0.5589123867069486,0.2238354506957048,0.12602179836512262,0.10946375276788294,0.44108761329305135,331,1331,10718,0.4939673404769235,0.19280190597346322,0.35269583070820026,57.42598342895508,169.96978759765625,148.20285034179688,108.35011291503906,109.71520233154297,True,False,,,0,3,inside
validation_014,validation,19,204,1018,8256,261,384,0.16693944353518822,0.43870967741935485,0.24184943687018376,0.1375590020229265,0.10976924735820574,0.5612903225806452,465,1322,9739,0.42886571898575754,0.2002225821591847,0.36788718484846566,46.907527923583984,166.53977966308594,152.46444702148438,107.40922546386719,120.99043273925781,True,False,,,0,3,inside
validation_014,validation,20,190,958,8985,264,250,0.16550522648083624,0.4185022026431718,0.23720349563046192,0.13456090651558072,0.09634919038519561,0.5814977973568282,454,1234,10397,0.43115738743202275,0.18393036161130608,0.4031780301630497,43.83920669555664,165.30397033691406,161.17018127441406,99.97325897216797,134.29318237304688,True,False,,,0,3,inside
validation_014,validation,21,183,830,9165,256,394,0.18065153010858837,0.4168564920273349,0.25206611570247933,0.14420803782505912,0.0830415207603802,0.5831435079726651,439,1134,10434,0.4228885387641151,0.18173814681668454,0.41672957863488475,31.451025009155273,160.9635467529297,154.32009887695312,96.45502471923828,138.77377319335938,True,False,,,0,3,inside
validation_014,validation,22,179,790,9333,186,242,0.18472652218782248,0.4904109589041096,0.2683658170914543,0.15497835497835497,0.07804010668774079,0.5095890410958904,365,1019,10488,0.4371277974484718,0.19308728763753968,0.3741123722481334,26.07123374938965,159.53424072265625,144.8086395263672,99.4052963256836,133.09417724609375,True,False,,,0,4,inside
validation_014,validation,23,168,773,9385,203,201,0.1785334750265675,0.4528301886792453,0.25609756097560976,0.14685314685314685,0.07609765701909825,0.5471698113207547,371,979,10529,0.42471357061454873,0.19004364315140113,0.3605262564485939,26.06468963623047,160.0350341796875,143.32073974609375,95.0949935913086,134.03802490234375,True,False,,,0,4,inside
validation_014,validation,24,130,1058,9247,267,202,0.10942760942760943,0.327455919395466,0.1640378548895899,0.08934707903780069,0.10266860747210092,0.672544080604534,397,1223,10702,0.40646666787583524,0.18957123210938798,0.3885154781660231,27.937026977539062,160.80352783203125,150.85037231445312,82.33850860595703,145.82334899902344,True,False,,,0,4,inside
validation_014,validation,25,122,949,8804,288,167,0.11391223155929038,0.2975609756097561,0.16475354490209318,0.08977189109639441,0.09730339382754025,0.7024390243902439,410,1085,10163,0.3976384011165398,0.1850868109276574,0.36155597227597663,27.86097526550293,159.56585693359375,167.2267303466797,77.54193878173828,161.71189880371094,True,False,,,0,4,inside
validation_014,validation,26,104,952,8496,317,134,0.09848484848484848,0.24703087885985747,0.14082599864590387,0.07574654042243263,0.10076206604572396,0.7529691211401425,421,1064,9869,0.385156712355424,0.19787438360719478,0.36596961188783395,27.560569763183594,156.67459106445312,172.2669219970703,70.79041290283203,168.27365112304688,True,False,,,0,4,inside
validation_014,validation,27,83,864,8844,299,102,0.08764519535374868,0.21727748691099477,0.12490594431903687,0.0666131621187801,0.08899876390605686,0.7827225130890052,382,952,10090,0.37326772666063296,0.20697982740345966,0.2864561719345112,25.219894409179688,156.8272247314453,167.30567932128906,70.61344909667969,166.19622802734375,True,False,,,0,5,inside
validation_014,validation,28,94,1203,8156,214,135,0.07247494217424827,0.3051948051948052,0.11713395638629283,0.062210456651224356,0.12853937386472913,0.6948051948051948,308,1298,9667,0.43226120616127917,0.2037028677837979,0.1963635588961619,25.65584373474121,157.24026489257812,181.5,71.4930648803711,177.87631225585938,True,False,,,0,5,inside
validation_014,validation,29,188,1687,7801,653,34,0.10026666666666667,0.2235434007134364,0.13843888070692195,0.07436708860759493,0.1778035413153457,0.7764565992865636,841,1875,10329,0.38511949003309753,0.23041863624547557,0.16243569563855143,43.935791015625,159.59214782714844,173.58453369140625,84.20320129394531,149.9742889404297,True,False,,,0,5,inside
validation_014,validation,30,238,1923,7787,449,173,0.11013419713095789,0.34643377001455605,0.16713483146067415,0.09118773946360154,0.198043254376931,0.653566229985444,687,2196,10397,0.37334816437621304,0.22630828732387742,0.38341499718627486,37.621543884277344,119.37699890136719,167.19854736328125,100.24362182617188,130.98199462890625,True,False,,,0,5,inside
validation_014,validation,31,259,1478,8138,290,182,0.1491076568796776,0.47176684881602915,0.22659667541557305,0.12777503700049334,0.15370216306156406,0.5282331511839709,549,1768,10165,0.4578914519243336,0.1940287432118624,0.3790106973150274,46.8834228515625,118.73223876953125,161.15101623535156,108.48812103271484,114.72586822509766,True,False,,,0,5,inside
validation_014,validation,32,342,909,8191,243,41,0.2733812949640288,0.5846153846153846,0.37254901960784315,0.2289156626506024,0.0998901098901099,0.4153846153846154,585,1257,9685,0.5090952912584329,0.17351816527212838,0.34717432100598405,57.52991485595703,117.92308044433594,146.26492309570312,102.24502563476562,90.1093978881836,True,False,,,0,6,inside
validation_014,validation,33,263,888,9115,423,13,0.22849695916594265,0.38338192419825073,0.286336418072945,0.1670902160101652,0.08877336798960311,0.6166180758017493,686,1151,10689,0.41793293383178837,0.16487887628459533,0.23597767089421934,59.06559753417969,120.52623748779297,155.1485595703125,92.60990142822266,100.0562744140625,True,False,,,0,6,inside
validation_014,validation,34,270,801,8702,217,91,0.25210084033613445,0.5544147843942505,0.3465982028241335,0.2096273291925466,0.08428917184047142,0.4455852156057495,487,1071,9990,0.5175618979108407,0.17028502657670241,0.24454815620249445,70.00615692138672,105.19096374511719,160.61251831054688,90.64799499511719,91.76606750488281,True,False,,,0,6,inside
validation_014,validation,35,183,818,8816,188,158,0.18281718281718282,0.49326145552560646,0.26676384839650147,0.15391084945332212,0.08490761884990658,0.5067385444743935,371,1041,10005,0.4936295843550137,0.17270708133036164,0.37205501428887816,66.5067367553711,115.94070434570312,168.43516540527344,87.12583923339844,105.92308807373047,True,False,,,0,6,inside
validation_014,validation,36,237,851,8504,293,32,0.21783088235294118,0.44716981132075473,0.29295426452410384,0.1716147719044171,0.09096739711384287,0.5528301886792453,530,1088,9885,0.4500433811390737,0.17846209514629294,0.19262887490913272,71.13396453857422,106.55660247802734,174.16360473632812,84.33087921142578,105.39966583251953,True,False,,,0,6,inside
validation_014,validation,37,258,731,9405,77,0,0.2608695652173913,0.7701492537313432,0.38972809667673713,0.24202626641651032,0.07211917916337805,0.2298507462686567,335,989,10471,0.5871558556805796,0.16513089314375098,,81.85970306396484,62.48358154296875,173.35693359375,84.1385269165039,94.02488708496094,True,False,,,0,6,inside
validation_014,validation,38,191,735,8838,69,33,0.20626349892008639,0.7346153846153847,0.3220910623946037,0.19195979899497487,0.07677843936070197,0.2653846153846154,260,940,9833,0.5834144399143182,0.15743987183378919,0.4732354825193232,80.28845977783203,62.126922607421875,180.87339782714844,82.01702117919922,102.53266143798828,True,False,,,0,7,inside
validation_014,validation,39,187,715,8869,73,33,0.2073170731707317,0.7192307692307692,0.3218588640275387,0.19179487179487179,0.07460350584307178,0.28076923076923077,260,915,9844,0.5780813054396556,0.15634989725768478,0.4709456581057924,80.3576889038086,62.14230728149414,180.41311645507812,82.0458984375,102.0158920288086,True,False,,,0,7,inside
validation_014,validation,40,0,712,9671,0,0,0.0,,0.0,0.0,0.06857362997206973,,0,712,10383,,0.18296969719646425,,,,126.77388000488281,96.2078628540039,,False,True,712,0.18296969719646425,1,7,after
validation_014,validation,41,0,949,9630,0,0,0.0,,0.0,0.0,0.0897060213630778,,0,949,10579,,0.18778942542729712,,,,148.26976013183594,97.70706176757812,,False,True,949,0.18778942542729712,2,7,after
validation_014,validation,42,0,975,9599,0,0,0.0,,0.0,0.0,0.09220730092680159,,0,975,10574,,0.19097764582901838,,,,152.188720703125,99.78050994873047,,False,True,975,0.19097764582901838,3,7,after
validation_014,validation,43,0,1090,9050,0,0,0.0,,0.0,0.0,0.10749506903353057,,0,1090,10140,,0.20016482992013238,,,,147.48899841308594,99.19999694824219,,False,True,1090,0.20016482992013238,4,8,after
validation_014,validation,44,0,1041,9034,0,0,0.0,,0.0,0.0,0.10332506203473946,,0,1041,10075,,0.20134459753680245,,,,155.3208465576172,99.83861541748047,,False,True,1041,0.20134459753680245,5,8,after
validation_014,validation,45,0,1181,9070,0,0,0.0,,0.0,0.0,0.11520827236367184,,0,1181,10251,,0.21016312288643696,,,,146.95851135253906,104.24978637695312,,False,True,1181,0.21016312288643696,6,8,after
validation_014,validation,46,0,1547,8174,0,0,0.0,,0.0,0.0,0.1591400061722045,,0,1547,9721,,0.2272578308888304,,,,132.89593505859375,103.29734802246094,,False,True,1547,0.2272578308888304,7,8,after
validation_014,validation,47,0,1255,8918,0,0,0.0,,0.0,0.0,0.12336577214194436,,0,1255,10173,,0.19353994063369398,,,,126.43267059326172,95.91155242919922,,False,True,1255,0.19353994063369398,8,8,after
validation_014,validation,48,0,1105,8578,0,0,0.0,,0.0,0.0,0.11411752556026025,,0,1105,9683,,0.18919333142493788,,,,149.09230041503906,108.7203598022461,,False,True,1105,0.18919333142493788,9,9,after
validation_014,validation,49,0,1086,7696,0,0,0.0,,0.0,0.0,0.12366203598269188,,0,1086,8782,,0.21596741049774343,,,,154.6685028076172,105.8121566772461,,False,True,1086,0.21596741049774343,10,9,after
validation_014,validation,50,0,928,6559,0,0,0.0,,0.0,0.0,0.12394817683985575,,0,928,7487,,0.21509095391256608,,,,169.90516662597656,118.57543182373047,,False,True,928,0.21509095391256608,11,9,after
validation_014,validation,51,0,879,6989,0,0,0.0,,0.0,0.0,0.11171835282155566,,0,879,7868,,0.187237796557669,,,,156.0625762939453,112.39249420166016,,False,True,879,0.187237796557669,12,9,after
validation_014,validation,52,0,728,7882,0,0,0.0,,0.0,0.0,0.08455284552845528,,0,728,8610,,0.14943751028547458,,,,159.05357360839844,106.62637329101562,,False,True,728,0.14943751028547458,13,9,after
validation_014,validation,53,0,647,7929,0,0,0.0,,0.0,0.0,0.07544309701492537,,0,647,8576,,0.14117414169275216,,,,171.69088745117188,113.2612075805664,,False,True,647,0.14117414169275216,14,9,after
validation_015,validation,0,0,901,8984,0,0,0.0,,0.0,0.0,0.0911482043500253,,0,901,9885,,0.21192114483510918,,,,140.7269744873047,127.79356384277344,,False,True,901,0.21192114483510918,5,0,before
validation_015,validation,1,0,1254,7505,0,0,0.0,,0.0,0.0,0.14316702819956617,,0,1254,8759,,0.2433086927310029,,,,155.122802734375,129.78868103027344,,False,True,1254,0.2433086927310029,4,0,before
validation_015,validation,2,0,1365,7279,0,0,0.0,,0.0,0.0,0.1579130032392411,,0,1365,8644,,0.24899054051225017,,,,153.40145874023438,132.76116943359375,,False,True,1365,0.24899054051225017,3,0,before
validation_015,validation,3,0,1503,7250,0,0,0.0,,0.0,0.0,0.17171255569519023,,0,1503,8753,,0.24442996303704648,,,,168.92214965820312,129.78509521484375,,False,True,1503,0.24442996303704648,2,1,before
validation_015,validation,4,0,1937,7597,0,0,0.0,,0.0,0.0,0.20316761065659744,,0,1937,9534,,0.24733831366494405,,,,156.91481018066406,124.66184997558594,,False,True,1937,0.24733831366494405,1,1,before
validation_015,validation,5,104,1925,7422,173,11,0.051256776737309016,0.37545126353790614,0.09019947961838681,0.047229791099000905,0.20594843265218787,0.6245487364620939,277,2029,9624,0.4399034739455161,0.24261557584028837,0.23633938553658398,84.70036315917969,78.76534271240234,158.7555389404297,127.5160140991211,88.6611328125,True,False,,,0,2,inside
validation_015,validation,6,140,1892,7630,257,22,0.0688976377952756,0.3526448362720403,0.11527377521613832,0.06116207951070336,0.19869775257298886,0.6473551637279596,397,2032,9919,0.44377807683548337,0.24045783950957691,0.3068214881826531,84.80352783203125,79.1460952758789,160.89320373535156,129.89320373535156,91.45986938476562,True,False,,,0,2,inside
validation_015,validation,7,103,1846,8047,177,38,0.05284761416110826,0.3678571428571429,0.0924181247196052,0.04844778927563499,0.18659658344283836,0.6321428571428571,280,1951,10173,0.4387901110308511,0.24212541769208407,0.32524391146082626,85.10713958740234,80.50357055664062,158.30599975585938,128.68528747558594,87.63304901123047,True,False,,,0,2,inside
validation_015,validation,8,159,1148,9143,192,0,0.12165263963274675,0.452991452991453,0.19179734620024125,0.10607071380920614,0.11155378486055777,0.5470085470085471,351,1307,10642,0.45391206010284585,0.2379807506417529,,91.16524505615234,83.0826187133789,119.63887023925781,116.59984588623047,43.9789924621582,True,False,,,0,3,inside
validation_015,validation,9,160,1189,9125,112,9,0.11860637509266123,0.5882352941176471,0.19740900678593462,0.10951403148528405,0.11528020166763622,0.4117647058823529,272,1349,10586,0.5022826257764417,0.23634934978533337,0.3750065035290188,97.10294342041016,88.6617660522461,128.68495178222656,108.39733123779297,37.24131774902344,True,False,,,0,3,inside
validation_015,validation,10,200,1013,9502,167,2,0.16488046166529266,0.5449591280653951,0.25316455696202533,0.14492753623188406,0.09633856395625297,0.4550408719346049,367,1213,10882,0.5082032226168167,0.2249000182836766,0.40892574191093445,101.72479248046875,87.61580657958984,125.66446685791016,98.70651245117188,26.383930206298828,True,False,,,0,4,inside
validation_015,validation,11,181,849,9829,178,0,0.17572815533980582,0.5041782729805014,0.2606191504679626,0.1498344370860927,0.07950927139913841,0.4958217270194986,359,1030,11037,0.5048274907145992,0.21933561472025442,,105.79108428955078,89.08078002929688,116.21553039550781,88.19999694824219,10.461589813232422,True,False,,,0,4,inside
validation_015,validation,12,180,745,9924,180,48,0.1945945945945946,0.5,0.2801556420233463,0.16289592760180996,0.06982847502108913,0.5,360,932,11029,0.4959742151200771,0.2052347727628139,0.400790523737669,106.41388702392578,87.81388854980469,106.91630554199219,82.07725524902344,5.75859260559082,True,False,,,0,4,inside
validation_015,validation,13,93,626,10287,59,1,0.12934631432545202,0.6118421052631579,0.21354764638346727,0.11953727506426735,0.0573627783377623,0.3881578947368421,152,719,11065,0.5394296161830425,0.19421060300857312,0.3795697093009949,95.53289794921875,58.97368240356445,122.1335220336914,82.50486755371094,35.514923095703125,True,False,,,0,5,inside
validation_015,validation,14,0,769,10128,0,0,0.0,,0.0,0.0,0.07056988161879417,,0,769,10897,,0.19465876827943351,,,,128.5916748046875,88.74512481689453,,False,True,769,0.19465876827943351,1,5,after
validation_015,validation,15,0,386,10861,0,0,0.0,,0.0,0.0,0.03432026318129279,,0,386,11247,,0.18153872993572084,,,,126.95077514648438,100.31088256835938,,False,True,386,0.18153872993572084,2,6,after
validation_015,validation,16,0,414,10613,0,0,0.0,,0.0,0.0,0.037544209667180556,,0,414,11027,,0.1905675812194206,,,,100.0024185180664,132.83816528320312,,False,True,414,0.1905675812194206,3,6,after
validation_015,validation,17,0,611,9999,0,0,0.0,,0.0,0.0,0.057587181903864276,,0,611,10610,,0.18905648184245896,,,,94.10638427734375,120.33060455322266,,False,True,611,0.18905648184245896,4,6,after
validation_015,validation,18,0,555,9754,0,0,0.0,,0.0,0.0,0.053836453584246775,,0,555,10309,,0.18320180484623935,,,,86.14234161376953,107.44684600830078,,False,True,555,0.18320180484623935,5,7,after
validation_015,validation,19,0,488,9989,0,0,0.0,,0.0,0.0,0.04657821895580796,,0,488,10477,,0.18726387566150282,,,,65.79713439941406,77.9405746459961,,False,True,488,0.18726387566150282,6,7,after
validation_015,validation,20,0,641,9842,0,0,0.0,,0.0,0.0,0.06114661833444625,,0,641,10483,,0.1990623251690204,,,,84.9204330444336,86.31513214111328,,False,True,641,0.1990623251690204,7,8,after
validation_015,validation,21,0,870,9890,0,0,0.0,,0.0,0.0,0.08085501858736059,,0,870,10760,,0.1988903160488491,,,,81.67011260986328,105.49310302734375,,False,True,870,0.1988903160488491,8,8,after
validation_015,validation,22,0,991,10142,0,0,0.0,,0.0,0.0,0.08901464115692087,,0,991,11133,,0.19762348103387853,,,,81.6781005859375,106.2129135131836,,False,True,991,0.19762348103387853,9,8,after
validation_015,validation,23,0,1067,9629,0,0,0.0,,0.0,0.0,0.09975691847419596,,0,1067,10696,,0.20475627364816804,,,,85.12933349609375,105.43767547607422,,False,True,1067,0.20475627364816804,10,9,after
validation_015,validation,24,0,1346,9225,0,0,0.0,,0.0,0.0,0.1273294863305269,,0,1346,10571,,0.21758694316008723,,,,100.82689666748047,110.16121673583984,,False,True,1346,0.21758694316008723,11,9,after
validation_015,validation,25,0,1489,9276,0,0,0.0,,0.0,0.0,0.13831862517417556,,0,1489,10765,,0.23093170644529423,,,,105.76964569091797,113.74882507324219,,False,True,1489,0.23093170644529423,12,9,after
validation_016,validation,0,0,865,7830,0,0,0.0,,0.0,0.0,0.09948246118458884,,0,865,8695,,0.18500313554864212,,,,174.39306640625,87.38497161865234,,False,True,865,0.18500313554864212,7,0,before
validation_016,validation,1,0,971,8008,0,0,0.0,,0.0,0.0,0.10814121839848535,,0,971,8979,,0.18768292081167148,,,,172.4552001953125,85.70751953125,,False,True,971,0.18768292081167148,6,0,before
validation_016,validation,2,0,1134,7847,0,0,0.0,,0.0,0.0,0.12626656274356976,,0,1134,8981,,0.1887425584327639,,,,174.263671875,92.75572967529297,,False,True,1134,0.1887425584327639,5,0,before
validation_016,validation,3,0,1164,7833,0,0,0.0,,0.0,0.0,0.12937645881960655,,0,1164,8997,,0.18402577136557624,,,,171.18470764160156,89.52491760253906,,False,True,1164,0.18402577136557624,4,1,before
validation_016,validation,4,0,1205,7644,0,0,0.0,,0.0,0.0,0.13617357893547294,,0,1205,8849,,0.18336709242974836,,,,170.22157287597656,88.17427062988281,,False,True,1205,0.18336709242974836,3,1,before
validation_016,validation,5,0,1266,7594,0,0,0.0,,0.0,0.0,0.14288939051918736,,0,1266,8860,,0.1869816961701913,,,,169.7812042236328,86.79936981201172,,False,True,1266,0.1869816961701913,2,1,before
validation_016,validation,6,0,1238,7405,0,0,0.0,,0.0,0.0,0.14323730186277914,,0,1238,8643,,0.18894933215074153,,,,168.78514099121094,87.35137176513672,,False,True,1238,0.18894933215074153,1,2,before
validation_016,validation,7,122,1028,7362,0,76,0.10608695652173913,1.0,0.1918238993710692,0.10608695652173913,0.12252681764004768,0.0,122,1216,8512,0.6792280962232684,0.17196776220781443,0.5968318652165564,177.28688049316406,91.3442611694336,167.75657653808594,82.00411224365234,13.344101905822754,True,False,,,0,2,inside
validation_016,validation,8,96,822,7560,0,88,0.10457516339869281,1.0,0.1893491124260355,0.10457516339869281,0.09806728704366499,0.0,96,995,8478,0.6680541752527157,0.1633987426762257,0.6015233583748341,173.71875,89.28125,159.73367309570312,90.1085433959961,14.009525299072266,True,False,,,0,2,inside
validation_016,validation,9,113,1094,7331,0,63,0.0936205468102734,1.0,0.1712121212121212,0.0936205468102734,0.12985163204747774,0.0,113,1269,8538,0.6979932626791759,0.1765039800862486,0.623928065337832,171.42477416992188,91.13274383544922,156.86288452148438,94.27896118164062,14.897895812988281,True,False,,,0,3,inside
validation_016,validation,10,31,1251,8088,0,124,0.02418096723868955,1.0,0.04722010662604722,0.02418096723868955,0.13395438483777705,0.0,31,1406,9370,0.7398949361616566,0.17680557710451172,0.682465773436331,169.6774139404297,92.7741928100586,155.60952758789062,95.11735534667969,14.261691093444824,True,False,,,0,3,inside
validation_016,validation,11,107,1196,8764,0,124,0.08211818879508825,1.0,0.15177304964539007,0.08211818879508825,0.12008032128514057,0.0,107,1427,10067,0.7220634021491648,0.16908645177490067,0.6497844914274831,167.48597717285156,95.4299087524414,157.7666473388672,94.3756103515625,9.776344299316406,True,False,,,0,3,inside
validation_016,validation,12,129,1154,8930,0,84,0.10054559625876851,1.0,0.18271954674220964,0.10054559625876851,0.11443871479571599,0.0,129,1365,10213,0.7162257590035136,0.1740881747503638,0.643479504045986,164.8682098388672,95.69767761230469,158.1992645263672,96.04395294189453,6.677929401397705,True,False,,,0,4,inside
validation_016,validation,13,103,1297,9141,0,97,0.07357142857142857,1.0,0.1370592149035263,0.07357142857142857,0.12425752059781567,0.0,103,1497,10541,0.7234766512241179,0.18235410574765087,0.6616033819532886,163.1456298828125,95.2330093383789,159.69338989257812,99.49766540527344,5.486825466156006,True,False,,,0,4,inside
validation_016,validation,14,138,1286,9579,0,52,0.09691011235955056,1.0,0.176696542893726,0.09691011235955056,0.11836171191900598,0.0,138,1476,11003,0.7090992037800775,0.18490841275409337,0.6498929009987757,161.86956787109375,95.49275207519531,154.94851684570312,99.09620666503906,7.8029375076293945,True,False,,,0,4,inside
validation_016,validation,15,115,1247,8945,0,74,0.08443465491923642,1.0,0.15572105619498985,0.08443465491923642,0.122350863422292,0.0,115,1436,10307,0.7203697733257128,0.1830145383578176,0.6392181741224753,161.21739196777344,97.49565124511719,150.231201171875,100.1197738647461,11.295238494873047,True,False,,,0,5,inside
validation_016,validation,16,100,699,9909,0,95,0.1251564455569462,1.0,0.22246941045606228,0.1251564455569462,0.06589366515837104,0.0,100,882,10708,0.6790902119874954,0.16841058602029294,0.5714833284679212,160.8300018310547,98.8499984741211,138.07595825195312,99.67913818359375,22.769145965576172,True,False,,,0,5,inside
validation_016,validation,17,109,626,10470,0,88,0.14829931972789115,1.0,0.25829383886255924,0.14829931972789115,0.05641672674837779,0.0,109,814,11205,0.6710022277788285,0.16332325585195379,0.5625381967560812,159.40367126464844,100.21100616455078,143.0122833251953,102.2272720336914,16.514930725097656,True,False,,,0,5,inside
validation_016,validation,18,107,626,10370,0,111,0.14597544338335608,1.0,0.25476190476190474,0.14597544338335608,0.05692979265187341,0.0,107,843,11103,0.6598981056257943,0.16933631142538697,0.5789110230969953,161.99066162109375,102.45794677734375,152.95254516601562,100.99525451660156,9.155709266662598,True,False,,,0,6,inside
validation_016,validation,19,96,684,9903,0,45,0.12307692307692308,1.0,0.2191780821917808,0.12307692307692308,0.06460753754604703,0.0,96,825,10683,0.6499387950946888,0.1756366515967844,0.5880404260423449,161.5520782470703,104.58333587646484,159.19273376464844,103.30060577392578,2.6854984760284424,True,False,,,0,6,inside
validation_016,validation,20,131,944,9196,0,80,0.12186046511627907,1.0,0.21724709784411278,0.12186046511627907,0.09309664694280079,0.0,131,1148,10271,0.6201163821547996,0.18802934590487372,0.5642624169588089,166.0992431640625,106.19847106933594,148.538330078125,108.10191345214844,17.66377067565918,True,False,,,0,6,inside
validation_016,validation,21,101,1168,8774,14,84,0.07959022852639874,0.8782608695652174,0.14595375722543352,0.07872174590802807,0.11748139207402937,0.12173913043478261,115,1312,10057,0.5635575325592704,0.20529874223105035,0.44458766370302155,183.1478271484375,114.26087188720703,144.61737060546875,105.38795471191406,39.538902282714844,True,False,,,0,7,inside
validation_016,validation,22,0,1451,8510,0,0,0.0,,0.0,0.0,0.14566810561188637,,0,1451,9961,,0.2285973743040325,,,,142.56375122070312,108.61681365966797,,False,True,1451,0.2285973743040325,1,7,after
validation_016,validation,23,0,1273,9041,0,0,0.0,,0.0,0.0,0.12342447159201086,,0,1273,10314,,0.2197416401666419,,,,135.0675506591797,107.00471496582031,,False,True,1273,0.2197416401666419,2,7,after
validation_016,validation,24,0,1152,8787,0,0,0.0,,0.0,0.0,0.11590703290069423,,0,1152,9939,,0.21525850929923313,,,,110.69705200195312,111.46961975097656,,False,True,1152,0.21525850929923313,3,8,after
validation_016,validation,25,0,1106,8976,0,0,0.0,,0.0,0.0,0.10970045625867883,,0,1106,10082,,0.2117349191665693,,,,106.01898956298828,114.46473693847656,,False,True,1106,0.2117349191665693,4,8,after
validation_016,validation,26,0,1109,9150,0,0,0.0,,0.0,0.0,0.10810020469831368,,0,1109,10259,,0.21237556738920568,,,,103.37962341308594,120.45085906982422,,False,True,1109,0.21237556738920568,5,8,after
validation_016,validation,27,0,1186,9182,0,0,0.0,,0.0,0.0,0.11439043209876543,,0,1186,10368,,0.20199111906374498,,,,108.78414916992188,112.42411804199219,,False,True,1186,0.20199111906374498,6,9,after
validation_016,validation,28,0,1147,9443,0,0,0.0,,0.0,0.0,0.10830972615675165,,0,1147,10590,,0.19966222618630014,,,,119.66434478759766,99.74368286132812,,False,True,1147,0.19966222618630014,7,9,after
validation_016,validation,29,0,1196,9364,0,0,0.0,,0.0,0.0,0.11325757575757575,,0,1196,10560,,0.1961021666536963,,,,115.47993469238281,102.8210678100586,,False,True,1196,0.1961021666536963,8,9,after
validation_017,validation,0,0,148,7796,0,0,0.0,,0.0,0.0,0.01863041289023162,,0,148,7944,,0.14531735787202144,,,,187.98648071289062,76.9459457397461,,False,True,148,0.14531735787202144,16,0,before
validation_017,validation,1,0,196,8262,0,0,0.0,,0.0,0.0,0.023173327027666116,,0,196,8458,,0.1432939556709846,,,,184.58673095703125,77.60204315185547,,False,True,196,0.1432939556709846,15,0,before
validation_017,validation,2,0,229,8448,0,0,0.0,,0.0,0.0,0.026391610003457418,,0,229,8677,,0.15793100432728388,,,,178.45851135253906,88.3275146484375,,False,True,229,0.15793100432728388,14,0,before
validation_017,validation,3,0,209,8308,0,0,0.0,,0.0,0.0,0.024539156980157333,,0,209,8517,,0.1528525055834237,,,,146.59808349609375,94.89952087402344,,False,True,209,0.1528525055834237,13,0,before
validation_017,validation,4,0,325,8830,0,0,0.0,,0.0,0.0,0.0354997269251775,,0,325,9155,,0.15646757339857262,,,,137.62461853027344,89.97846221923828,,False,True,325,0.15646757339857262,12,0,before
validation_017,validation,5,0,431,8346,0,0,0.0,,0.0,0.0,0.04910561695340093,,0,431,8777,,0.15810197851288174,,,,136.05104064941406,84.48027801513672,,False,True,431,0.15810197851288174,11,0,before
validation_017,validation,6,0,426,8828,0,0,0.0,,0.0,0.0,0.046034147395720766,,0,426,9254,,0.15433621854252222,,,,114.63614654541016,88.39436340332031,,False,True,426,0.15433621854252222,10,0,before
validation_017,validation,7,0,653,8986,0,0,0.0,,0.0,0.0,0.06774561676522461,,0,653,9639,,0.16911362425613244,,,,116.58958435058594,92.03215789794922,,False,True,653,0.16911362425613244,9,0,before
validation_017,validation,8,0,842,9311,0,0,0.0,,0.0,0.0,0.08293115335368856,,0,842,10153,,0.16957499806565646,,,,103.46199798583984,94.4263687133789,,False,True,842,0.16957499806565646,8,0,before
validation_017,validation,9,0,1013,9016,0,0,0.0,,0.0,0.0,0.10100707946953834,,0,1013,10029,,0.17558705411135989,,,,102.04935455322266,95.14610290527344,,False,True,1013,0.17558705411135989,7,1,before
validation_017,validation,10,0,1095,8620,0,0,0.0,,0.0,0.0,0.11271230056613485,,0,1095,9715,,0.18215094025688255,,,,102.68949890136719,95.81826782226562,,False,True,1095,0.18215094025688255,6,1,before
validation_017,validation,11,0,1158,8746,0,0,0.0,,0.0,0.0,0.11692245557350565,,0,1158,9904,,0.18074379673061508,,,,103.18221282958984,96.15889739990234,,False,True,1158,0.18074379673061508,5,1,before
validation_017,validation,12,0,1112,8405,0,0,0.0,,0.0,0.0,0.11684354313334033,,0,1112,9517,,0.18492658380318222,,,,102.70773315429688,95.34442138671875,,False,True,1112,0.18492658380318222,4,1,before
validation_017,validation,13,0,1171,8697,0,0,0.0,,0.0,0.0,0.11866639643291448,,0,1171,9868,,0.1904303667144597,,,,105.11101531982422,93.18787384033203,,False,True,1171,0.1904303667144597,3,1,before
validation_017,validation,14,0,1161,8595,0,0,0.0,,0.0,0.0,0.11900369003690037,,0,1161,9756,,0.19871756309199873,,,,112.97157287597656,89.09991455078125,,False,True,1161,0.19871756309199873,2,1,before
validation_017,validation,15,0,1309,8720,0,0,0.0,,0.0,0.0,0.13052148768571142,,0,1309,10029,,0.20197278589993842,,,,120.33460998535156,89.4591293334961,,False,True,1309,0.20197278589993842,1,1,before
validation_017,validation,16,49,958,8807,0,103,0.04865938430983118,1.0,0.0928030303030303,0.04865938430983118,0.09810547875064005,0.0,49,1105,9814,0.6699315394674029,0.1760250862793214,0.6076275272276795,114.89795684814453,79.04081726074219,111.65339660644531,85.33031463623047,7.0770721435546875,True,False,,,0,1,inside
validation_017,validation,17,45,1077,8565,0,160,0.040106951871657755,1.0,0.07712082262210797,0.040106951871657755,0.11169881767268201,0.0,45,1278,9687,0.6789234187867906,0.17720965127837554,0.6135449077934026,113.4000015258789,79.26667022705078,112.782470703125,87.408447265625,8.165163040161133,True,False,,,0,2,inside
validation_017,validation,18,56,1126,8678,0,192,0.047377326565143825,1.0,0.09046849757673667,0.047377326565143825,0.11485108119135047,0.0,56,1364,9860,0.6790721469691822,0.17248192274607094,0.6267552852320174,111.60713958740234,80.23213958740234,114.2727279663086,89.18328094482422,9.339609146118164,True,False,,,0,2,inside
validation_017,validation,19,65,1143,8681,0,215,0.05380794701986755,1.0,0.1021209740769835,0.05380794701986755,0.11634771986970684,0.0,65,1409,9889,0.6825413327950698,0.1742674981792141,0.6348586320877075,113.43077087402344,81.44615173339844,115.03903198242188,92.77501678466797,11.442451477050781,True,False,,,0,2,inside
validation_017,validation,20,144,1181,8763,3,138,0.10867924528301887,0.9795918367346939,0.1956521739130435,0.10843373493975904,0.11876508447304908,0.02040816326530612,147,1460,10091,0.6623686503390877,0.17620993919606145,0.65954524796942,117.91836547851562,81.99319458007812,116.62945556640625,96.29109954833984,14.35588264465332,True,False,,,0,2,inside
validation_017,validation,21,114,1009,8283,0,84,0.10151380231522707,1.0,0.18431689571544058,0.10151380231522707,0.1085880327163151,0.0,114,1202,9406,0.6734771697144759,0.1868033493536549,0.6198604121094659,119.92982482910156,83.37718963623047,115.75291442871094,97.2396011352539,14.478018760681152,True,False,,,0,2,inside
validation_017,validation,22,71,894,8520,0,246,0.07357512953367876,1.0,0.13706563706563707,0.07357512953367876,0.09496494582536648,0.0,71,1205,9485,0.6910674874211701,0.17771750391709862,0.6538259408822874,125.47887420654297,85.18309783935547,111.25559997558594,97.810791015625,19.01999282836914,True,False,,,0,2,inside
validation_017,validation,23,85,965,8594,0,276,0.08095238095238096,1.0,0.14977973568281938,0.08095238095238096,0.10095198242493984,0.0,85,1323,9644,0.6994222129092497,0.178520550926225,0.651622167316036,129.1058807373047,86.98823547363281,109.41950225830078,98.64777374267578,22.88008689880371,True,False,,,0,2,inside
validation_017,validation,24,148,915,8600,0,176,0.13922859830667922,1.0,0.2444260941370768,0.13922859830667922,0.09616395165528113,0.0,148,1239,9663,0.7156346984006263,0.16896299502684595,0.6684640811925585,126.02027130126953,86.65540313720703,111.2477798461914,100.1501235961914,20.00834846496582,True,False,,,0,2,inside
validation_017,validation,25,50,1055,9011,0,226,0.04524886877828054,1.0,0.08658008658008658,0.04524886877828054,0.10480826544804292,0.0,50,1330,10116,0.7245006227493286,0.17079197787248582,0.6843620549261042,119.4800033569336,86.31999969482422,112.6045150756836,99.5511245727539,14.91090202331543,True,False,,,0,3,inside
validation_017,validation,26,137,875,9197,0,175,0.13537549407114624,1.0,0.23846823324630112,0.13537549407114624,0.0868745035742653,0.0,137,1187,10209,0.7207718852662692,0.16689389172119973,0.6784168076515198,113.79562377929688,87.60584259033203,116.37574005126953,97.12889862060547,9.866387367248535,True,False,,,0,3,inside
validation_017,validation,27,70,726,8787,0,236,0.08793969849246232,1.0,0.16166281755196305,0.08793969849246232,0.07631661936297698,0.0,70,1032,9583,0.7417572047029223,0.1701295135220072,0.6857358795606484,111.82857513427734,88.54285430908203,116.86627960205078,91.35368347167969,5.768815040588379,True,False,,,0,3,inside
validation_017,validation,28,134,777,8975,0,160,0.14709110867178923,1.0,0.25645933014354066,0.14709110867178923,0.07967596390484004,0.0,134,1071,9886,0.7314149657292153,0.17238204403071022,0.6717255171388388,113.10447692871094,88.3432846069336,114.58263397216797,90.96358489990234,3.008474826812744,True,False,,,0,3,inside
validation_017,validation,29,164,678,9193,0,118,0.19477434679334918,1.0,0.3260437375745527,0.19477434679334918,0.06868605004558809,0.0,164,960,10035,0.7354168997305196,0.16206715453477247,0.681797603429374,114.6219482421875,89.76219177246094,111.56041717529297,89.23332977294922,3.1068742275238037,True,False,,,0,3,inside
validation_017,validation,30,166,569,8861,0,103,0.22585034013605443,1.0,0.36847946725860153,0.22585034013605443,0.06033934252386002,0.0,166,838,9596,0.7359640723969563,0.16027495108741363,0.6869494029619161,115.48192596435547,89.71686553955078,111.76133728027344,87.94510650634766,4.120911598205566,True,False,,,0,3,inside
validation_017,validation,31,146,822,9174,0,128,0.15082644628099173,1.0,0.2621184919210054,0.15082644628099173,0.0822328931572629,0.0,146,1096,10142,0.7397745766051828,0.1700526584937543,0.6930271741002798,116.33561706542969,91.30821990966797,110.40328216552734,95.17700958251953,7.082381725311279,True,False,,,0,3,inside
validation_017,validation,32,198,550,8571,0,131,0.2647058823529412,1.0,0.4186046511627907,0.2647058823529412,0.060300405657274424,0.0,198,876,9319,0.6918445268664697,0.17730730307403747,0.6426003325076504,119.6515121459961,92.00505065917969,115.14954376220703,93.92808532714844,4.895485877990723,True,False,,,0,3,inside
validation_017,validation,33,59,600,8554,0,241,0.08952959028831563,1.0,0.16434540389972144,0.08952959028831563,0.06554511688879179,0.0,59,899,9213,0.6985767908015493,0.18216246068577335,0.6667933297107823,123.03389739990234,93.59322357177734,118.20022583007812,93.67853546142578,4.8344244956970215,True,False,,,0,3,inside
validation_017,validation,34,57,618,8606,0,201,0.08444444444444445,1.0,0.1557377049180328,0.08444444444444445,0.06699913269731136,0.0,57,873,9281,0.6865647361989606,0.17760711615838123,0.6515221975336027,128.85964965820312,95.03508758544922,126.9163818359375,94.92440032958984,1.9464175701141357,True,False,,,0,4,inside
validation_017,validation,35,87,861,9329,0,104,0.09177215189873418,1.0,0.1681159420289855,0.09177215189873418,0.0844946025515211,0.0,87,1052,10277,0.6758921112137279,0.18366999946465173,0.6498480794521478,127.85057830810547,96.91954040527344,130.812744140625,96.45152282714844,2.998911142349243,True,False,,,0,4,inside
validation_017,validation,36,0,1106,9508,0,0,0.0,,0.0,0.0,0.10420199736197475,,0,1106,10614,,0.1936199562456943,,,,123.10759735107422,97.2115707397461,,False,True,1106,0.1936199562456943,1,4,after
validation_017,validation,37,0,1111,9266,0,0,0.0,,0.0,0.0,0.10706369856413221,,0,1111,10377,,0.2017986527148236,,,,118.56075286865234,98.99819946289062,,False,True,1111,0.2017986527148236,2,4,after
validation_017,validation,38,0,1145,9046,0,0,0.0,,0.0,0.0,0.11235403787655775,,0,1145,10191,,0.2074731342399811,,,,117.12489318847656,95.36943054199219,,False,True,1145,0.2074731342399811,3,4,after
validation_017,validation,39,0,1011,8991,0,0,0.0,,0.0,0.0,0.10107978404319136,,0,1011,10002,,0.1925124012252159,,,,112.18397521972656,96.62611389160156,,False,True,1011,0.1925124012252159,4,4,after
validation_017,validation,40,0,965,8557,0,0,0.0,,0.0,0.0,0.10134425540852762,,0,965,9522,,0.19127048498339994,,,,101.01554107666016,94.40725708007812,,False,True,965,0.19127048498339994,5,4,after
validation_017,validation,41,0,927,8696,0,0,0.0,,0.0,0.0,0.09633170528941079,,0,927,9623,,0.1843019292780737,,,,91.17799377441406,92.01510620117188,,False,True,927,0.1843019292780737,6,4,after
validation_017,validation,42,0,935,9138,0,0,0.0,,0.0,0.0,0.09282239650550977,,0,935,10073,,0.1811872235756169,,,,90.25882720947266,94.85240936279297,,False,True,935,0.1811872235756169,7,5,after
validation_017,validation,43,0,936,9176,0,0,0.0,,0.0,0.0,0.0925632911392405,,0,936,10112,,0.1792861144261949,,,,91.02136993408203,97.20085144042969,,False,True,936,0.1792861144261949,8,5,after
validation_017,validation,44,0,887,8997,0,0,0.0,,0.0,0.0,0.08974099554836099,,0,887,9884,,0.17684654224065077,,,,88.28861236572266,98.72040557861328,,False,True,887,0.17684654224065077,9,5,after
validation_017,validation,45,0,950,8304,0,0,0.0,,0.0,0.0,0.10265830992003458,,0,950,9254,,0.18532749777853505,,,,89.38420867919922,96.24105072021484,,False,True,950,0.18532749777853505,10,5,after
validation_017,validation,46,0,855,8853,0,0,0.0,,0.0,0.0,0.0880716934487021,,0,855,9708,,0.17916370094040057,,,,86.35321807861328,94.78245544433594,,False,True,855,0.17916370094040057,11,5,after
validation_017,validation,47,0,771,8845,0,0,0.0,,0.0,0.0,0.08017886855241264,,0,771,9616,,0.18158837554445792,,,,89.35279083251953,93.28404998779297,,False,True,771,0.18158837554445792,12,5,after
validation_017,validation,48,0,1048,8903,0,0,0.0,,0.0,0.0,0.1053160486383278,,0,1048,9951,,0.19204511806524563,,,,91.09923553466797,95.10973358154297,,False,True,1048,0.19204511806524563,13,5,after
validation_017,validation,49,0,1373,8784,0,0,0.0,,0.0,0.0,0.1351777099537265,,0,1373,10157,,0.188938520849072,,,,89.61835479736328,93.46759033203125,,False,True,1373,0.188938520849072,14,5,after
validation_017,validation,50,0,1536,8230,0,0,0.0,,0.0,0.0,0.15728036043415933,,0,1536,9766,,0.21074866385922178,,,,96.48567962646484,97.30859375,,False,True,1536,0.21074866385922178,15,6,after
validation_017,validation,51,0,1616,8469,0,0,0.0,,0.0,0.0,0.16023797719385224,,0,1616,10085,,0.21363779948955058,,,,97.63118743896484,100.17202758789062,,False,True,1616,0.21363779948955058,16,6,after
validation_017,validation,52,0,1712,8439,0,0,0.0,,0.0,0.0,0.16865333464683283,,0,1712,10151,,0.2198487257362168,,,,97.48072052001953,100.56775665283203,,False,True,1712,0.2198487257362168,17,6,after
validation_017,validation,53,0,1677,8419,0,0,0.0,,0.0,0.0,0.1661053882725832,,0,1677,10096,,0.21432173077169092,,,,98.38223266601562,101.48062133789062,,False,True,1677,0.21432173077169092,18,6,after
validation_017,validation,54,0,1355,8400,0,0,0.0,,0.0,0.0,0.1389031266017427,,0,1355,9755,,0.20124952479650857,,,,94.79852294921875,98.10922241210938,,False,True,1355,0.20124952479650857,19,6,after
validation_017,validation,55,0,1378,8529,0,0,0.0,,0.0,0.0,0.13909357020288685,,0,1378,9907,,0.1971445694118114,,,,96.36429595947266,100.87155151367188,,False,True,1378,0.1971445694118114,20,6,after
validation_017,validation,56,0,1044,8935,0,0,0.0,,0.0,0.0,0.10461970137288305,,0,1044,9979,,0.18891044785029218,,,,82.71551513671875,99.1886978149414,,False,True,1044,0.18891044785029218,21,6,after
validation_017,validation,57,0,1057,8794,0,0,0.0,,0.0,0.0,0.10729875139579738,,0,1057,9851,,0.18307182729544305,,,,88.69441986083984,100.49479675292969,,False,True,1057,0.18307182729544305,22,6,after
validation_017,validation,58,0,1053,8830,0,0,0.0,,0.0,0.0,0.10654659516341192,,0,1053,9883,,0.18695971154435664,,,,94.31433868408203,101.70370483398438,,False,True,1053,0.18695971154435664,23,6,after
validation_017,validation,59,0,1069,8523,0,0,0.0,,0.0,0.0,0.11144703919933278,,0,1069,9592,,0.19017141437014484,,,,93.77642822265625,98.12628936767578,,False,True,1069,0.19017141437014484,24,7,after
validation_017,validation,60,0,1119,8668,0,0,0.0,,0.0,0.0,0.11433534280167569,,0,1119,9787,,0.19435409121709696,,,,91.52815246582031,101.73011779785156,,False,True,1119,0.19435409121709696,25,7,after
validation_017,validation,61,0,1259,8166,0,0,0.0,,0.0,0.0,0.13358090185676394,,0,1259,9425,,0.20506445086647607,,,,92.45989227294922,104.97855377197266,,False,True,1259,0.20506445086647607,26,7,after
validation_017,validation,62,0,1367,7700,0,0,0.0,,0.0,0.0,0.1507665159369141,,0,1367,9067,,0.2156817074174597,,,,92.19020080566406,102.75566864013672,,False,True,1367,0.2156817074174597,27,7,after
validation_017,validation,63,0,1229,7386,0,0,0.0,,0.0,0.0,0.14265815438189205,,0,1229,8615,,0.2161932614223585,,,,90.98698425292969,96.41334533691406,,False,True,1229,0.2161932614223585,28,7,after
validation_017,validation,64,0,1156,7918,0,0,0.0,,0.0,0.0,0.12739695834251707,,0,1156,9074,,0.20007427582274634,,,,86.01730346679688,89.6920394897461,,False,True,1156,0.20007427582274634,29,7,after
validation_017,validation,65,0,1173,8149,0,0,0.0,,0.0,0.0,0.12583136665951514,,0,1173,9322,,0.1984490400112884,,,,88.76385498046875,88.7280502319336,,False,True,1173,0.1984490400112884,30,7,after
validation_017,validation,66,0,1275,7856,0,0,0.0,,0.0,0.0,0.13963421312014018,,0,1275,9131,,0.20790001147435028,,,,88.92391967773438,88.81646728515625,,False,True,1275,0.20790001147435028,31,7,after
validation_017,validation,67,0,1273,8035,0,0,0.0,,0.0,0.0,0.1367640739149119,,0,1273,9308,,0.20606772718945301,,,,82.9190902709961,88.11940002441406,,False,True,1273,0.20606772718945301,32,8,after
validation_017,validation,68,0,1332,8478,0,0,0.0,,0.0,0.0,0.13577981651376148,,0,1332,9810,,0.212598491348986,,,,83.37312316894531,87.67792510986328,,False,True,1332,0.212598491348986,33,8,after
validation_017,validation,69,0,1248,8204,0,0,0.0,,0.0,0.0,0.1320355480321625,,0,1248,9452,,0.2168883777923251,,,,87.99519348144531,85.2099380493164,,False,True,1248,0.2168883777923251,34,8,after
validation_017,validation,70,0,1337,8106,0,0,0.0,,0.0,0.0,0.14158636026686433,,0,1337,9443,,0.22026555945641227,,,,92.47718811035156,93.87583923339844,,False,True,1337,0.22026555945641227,35,8,after
validation_017,validation,71,0,1440,7880,0,0,0.0,,0.0,0.0,0.15450643776824036,,0,1440,9320,,0.2205454007682966,,,,95.67082977294922,96.83819580078125,,False,True,1440,0.2205454007682966,36,8,after
validation_017,validation,72,0,1487,8562,0,0,0.0,,0.0,0.0,0.1479749228778983,,0,1487,10049,,0.21351100734592296,,,,114.16947174072266,111.60054016113281,,False,True,1487,0.21351100734592296,37,8,after
validation_017,validation,73,0,1543,8830,0,0,0.0,,0.0,0.0,0.14875156656704908,,0,1543,10373,,0.2129112333031927,,,,114.26895904541016,109.70252990722656,,False,True,1543,0.2129112333031927,38,8,after
validation_017,validation,74,0,1510,8919,0,0,0.0,,0.0,0.0,0.14478857033272605,,0,1510,10429,,0.2117687434563784,,,,117.94503021240234,108.17019653320312,,False,True,1510,0.2117687434563784,39,8,after
validation_017,validation,75,0,1431,8984,0,0,0.0,,0.0,0.0,0.13739798367738837,,0,1431,10415,,0.20606359366119173,,,,118.34800720214844,108.47798919677734,,False,True,1431,0.20606359366119173,40,9,after
validation_017,validation,76,0,1381,8881,0,0,0.0,,0.0,0.0,0.134574157084389,,0,1381,10262,,0.20067490491301113,,,,119.61984252929688,107.63359832763672,,False,True,1381,0.20067490491301113,41,9,after
validation_017,validation,77,0,1316,8856,0,0,0.0,,0.0,0.0,0.1293747542272906,,0,1316,10172,,0.19487021944690328,,,,118.36626434326172,105.80547332763672,,False,True,1316,0.19487021944690328,42,9,after
validation_017,validation,78,0,1315,8633,0,0,0.0,,0.0,0.0,0.13218737434660233,,0,1315,9948,,0.19933385129977366,,,,117.59696197509766,105.32927703857422,,False,True,1315,0.19933385129977366,43,9,after
validation_017,validation,79,0,1291,7915,0,0,0.0,,0.0,0.0,0.14023462958939822,,0,1291,9206,,0.2082076862743695,,,,115.9883804321289,106.59101104736328,,False,True,1291,0.2082076862743695,44,9,after
validation_017,validation,80,0,1320,7808,0,0,0.0,,0.0,0.0,0.1446099912357581,,0,1320,9128,,0.20992309990014324,,,,116.36666870117188,111.10530090332031,,False,True,1320,0.20992309990014324,45,9,after
validation_017,validation,81,0,1226,8160,0,0,0.0,,0.0,0.0,0.1306200724483273,,0,1226,9386,,0.2002773600661073,,,,117.6590576171875,112.63703155517578,,False,True,1226,0.2002773600661073,46,9,after
validation_017,validation,82,0,1109,7692,0,0,0.0,,0.0,0.0,0.12600840813543915,,0,1109,8801,,0.19811766490738328,,,,109.22903442382812,115.26329803466797,,False,True,1109,0.19811766490738328,47,9,after
validation_017,validation,83,0,780,8503,0,0,0.0,,0.0,0.0,0.08402456102553053,,0,780,9283,,0.18048273962384148,,,,115.56025695800781,115.93077087402344,,False,True,780,0.18048273962384148,48,9,after
