group_value,point_count,disagreement_rate,mean_training_window_occurrence,mean_positive_vote_ratio,mean_min_edge_distance,video_alias,split,stratum,group_name
3,172,0.0,1.0,0.3430232558139535,7.0,train_sanity_000,train_sanity,valid_positive,relative_frame_decile
4,643,0.2332814930015552,2.0,0.6111975116640747,0.6749611197511665,train_sanity_000,train_sanity,valid_positive,relative_frame_decile
5,846,0.19030732860520094,2.0,0.1400709219858156,2.3321513002364065,train_sanity_000,train_sanity,valid_positive,relative_frame_decile
1,172,0.0,1.0,0.3430232558139535,7.0,train_sanity_000,train_sanity,valid_positive,vote_count_bucket
2,1489,0.2088650100738751,2.0,0.3435191403626595,1.6165211551376764,train_sanity_000,train_sanity,valid_positive,vote_count_bucket
0,18728,0.0,1.0,0.1337035454933789,0.49652926099957284,train_sanity_000,train_sanity,valid_background,relative_frame_decile
1,19216,0.0,1.0,0.15565154038301415,2.49682556203164,train_sanity_000,train_sanity,valid_background,relative_frame_decile
2,18041,0.0,1.0,0.19450141344714816,4.473089074884984,train_sanity_000,train_sanity,valid_background,relative_frame_decile
3,14907,0.0,1.0,0.2508888441671698,6.5011739451264505,train_sanity_000,train_sanity,valid_background,relative_frame_decile
4,14076,0.11729184427394146,2.0,0.1984583688547883,0.45822676896845693,train_sanity_000,train_sanity,valid_background,relative_frame_decile
5,15908,0.132763389489565,2.0,0.21046014583857178,2.5484033190847373,train_sanity_000,train_sanity,valid_background,relative_frame_decile
6,19363,0.10106904921757992,2.0,0.1760832515622579,2.4801941847854154,train_sanity_000,train_sanity,valid_background,relative_frame_decile
7,21125,0.11143195266272189,2.0,0.12710059171597632,0.49027218934911243,train_sanity_000,train_sanity,valid_background,relative_frame_decile
8,22848,0.0,1.0,0.10009628851540617,2.4820553221288515,train_sanity_000,train_sanity,valid_background,relative_frame_decile
9,22322,0.0,1.0,0.09354000537586238,0.5043902876086372,train_sanity_000,train_sanity,valid_background,relative_frame_decile
1,116062,0.0,1.0,0.14749875066774654,2.6094587375712983,train_sanity_000,train_sanity,valid_background,vote_count_bucket
2,70472,0.11457032580315586,2.0,0.17362924281984335,1.4952179589056647,train_sanity_000,train_sanity,valid_background,vote_count_bucket
4,106,0.3018867924528302,2.0,0.2169811320754717,0.5943396226415094,train_sanity_000,train_sanity,ignore,relative_frame_decile
2,106,0.3018867924528302,2.0,0.2169811320754717,0.5943396226415094,train_sanity_000,train_sanity,ignore,vote_count_bucket
3,59,0.0,1.0,1.0,7.0,train_sanity_000,train_sanity,tp,relative_frame_decile
4,393,0.19083969465648856,2.0,0.9045801526717557,0.6106870229007634,train_sanity_000,train_sanity,tp,relative_frame_decile
5,80,0.525,2.0,0.7375,2.0,train_sanity_000,train_sanity,tp,relative_frame_decile
1,59,0.0,1.0,1.0,7.0,train_sanity_000,train_sanity,tp,vote_count_bucket
2,473,0.24735729386892177,2.0,0.8763213530655392,0.8456659619450317,train_sanity_000,train_sanity,tp,vote_count_bucket
0,2504,0.0,1.0,1.0,0.4756389776357827,train_sanity_000,train_sanity,fp,relative_frame_decile
1,2991,0.0,1.0,1.0,2.531260448010699,train_sanity_000,train_sanity,fp,relative_frame_decile
2,3509,0.0,1.0,1.0,4.496722713023654,train_sanity_000,train_sanity,fp,relative_frame_decile
3,3740,0.0,1.0,1.0,6.501871657754011,train_sanity_000,train_sanity,fp,relative_frame_decile
4,2544,0.22641509433962265,2.0,0.8867924528301887,0.4449685534591195,train_sanity_000,train_sanity,fp,relative_frame_decile
5,3112,0.2634961439588689,2.0,0.8682519280205655,2.519280205655527,train_sanity_000,train_sanity,fp,relative_frame_decile
6,3127,0.22257755036776464,2.0,0.8887112248161176,2.520946594179725,train_sanity_000,train_sanity,fp,relative_frame_decile
7,2450,0.38448979591836735,2.0,0.8077551020408164,0.5461224489795918,train_sanity_000,train_sanity,fp,relative_frame_decile
8,2287,0.0,1.0,1.0,2.4341932662877133,train_sanity_000,train_sanity,fp,relative_frame_decile
9,2088,0.0,1.0,1.0,0.5780651340996169,train_sanity_000,train_sanity,fp,relative_frame_decile
1,17119,0.0,1.0,1.0,3.249722530521643,train_sanity_000,train_sanity,fp,vote_count_bucket
2,11233,0.27009703552034187,2.0,0.8649514822398291,1.6196029555773168,train_sanity_000,train_sanity,fp,vote_count_bucket
3,113,0.0,1.0,0.0,7.0,train_sanity_000,train_sanity,fn,relative_frame_decile
4,250,0.3,2.0,0.15,0.776,train_sanity_000,train_sanity,fn,relative_frame_decile
5,766,0.15535248041775457,2.0,0.07767624020887728,2.366840731070496,train_sanity_000,train_sanity,fn,relative_frame_decile
1,113,0.0,1.0,0.0,7.0,train_sanity_000,train_sanity,fn,vote_count_bucket
2,1016,0.19094488188976377,2.0,0.09547244094488189,1.9753937007874016,train_sanity_000,train_sanity,fn,vote_count_bucket
0,16224,0.0,1.0,0.0,0.4997534516765286,train_sanity_000,train_sanity,tn,relative_frame_decile
1,16225,0.0,1.0,0.0,2.490477657935285,train_sanity_000,train_sanity,tn,relative_frame_decile
2,14532,0.0,1.0,0.0,4.467382328654005,train_sanity_000,train_sanity,tn,relative_frame_decile
3,11167,0.0,1.0,0.0,6.500940270439688,train_sanity_000,train_sanity,tn,relative_frame_decile
4,11532,0.09321886923343739,2.0,0.046609434616718695,0.4611515782171349,train_sanity_000,train_sanity,tn,relative_frame_decile
5,12796,0.10096905282900906,2.0,0.05048452641450453,2.5554860894029385,train_sanity_000,train_sanity,tn,relative_frame_decile
6,16236,0.0776669130327667,2.0,0.03883345651638335,2.4723454052722347,train_sanity_000,train_sanity,tn,relative_frame_decile
7,18675,0.0756091030789826,2.0,0.0378045515394913,0.48294511378848726,train_sanity_000,train_sanity,tn,relative_frame_decile
8,20561,0.0,1.0,0.0,2.487379018530227,train_sanity_000,train_sanity,tn,relative_frame_decile
9,20234,0.0,1.0,0.0,0.49678758525254524,train_sanity_000,train_sanity,tn,relative_frame_decile
1,98943,0.0,1.0,0.0,2.4986810587914254,train_sanity_000,train_sanity,tn,vote_count_bucket
2,59239,0.08507908641266733,2.0,0.042539543206333665,1.4716318641435542,train_sanity_000,train_sanity,tn,vote_count_bucket
3,435,0.0,1.0,0.8229885057471265,7.0,train_sanity_001,train_sanity,valid_positive,relative_frame_decile
4,972,0.31893004115226337,2.0,0.34156378600823045,0.37962962962962965,train_sanity_001,train_sanity,valid_positive,relative_frame_decile
5,421,0.21140142517814728,2.0,0.11045130641330166,2.375296912114014,train_sanity_001,train_sanity,valid_positive,relative_frame_decile
6,31,0.5483870967741935,2.0,0.27419354838709675,3.0,train_sanity_001,train_sanity,valid_positive,relative_frame_decile
1,435,0.0,1.0,0.8229885057471265,7.0,train_sanity_001,train_sanity,valid_positive,vote_count_bucket
2,1424,0.29213483146067415,2.0,0.2717696629213483,1.026685393258427,train_sanity_001,train_sanity,valid_positive,vote_count_bucket
0,20326,0.0,1.0,0.08073403522581915,0.49075076257010725,train_sanity_001,train_sanity,valid_background,relative_frame_decile
1,19510,0.0,1.0,0.10292157867760122,2.493234238851871,train_sanity_001,train_sanity,valid_background,relative_frame_decile
2,20355,0.0,1.0,0.12606239253254728,4.527192336035372,train_sanity_001,train_sanity,valid_background,relative_frame_decile
3,20892,0.0,1.0,0.0842427723530538,6.474631437870955,train_sanity_001,train_sanity,valid_background,relative_frame_decile
4,20043,0.06795389911689867,2.0,0.06725540088809061,0.5242229207204511,train_sanity_001,train_sanity,valid_background,relative_frame_decile
5,21556,0.11467804787530154,2.0,0.13592503247355725,2.500046390796066,train_sanity_001,train_sanity,valid_background,relative_frame_decile
6,20276,0.13612152298283686,2.0,0.13434602485697375,2.483971197474847,train_sanity_001,train_sanity,valid_background,relative_frame_decile
7,21445,0.13588249009093029,2.0,0.13737467941245046,0.4941011890883656,train_sanity_001,train_sanity,valid_background,relative_frame_decile
8,21355,0.0,1.0,0.11173027394052915,2.500678997892765,train_sanity_001,train_sanity,valid_background,relative_frame_decile
9,20243,0.0,1.0,0.129081657857037,0.5119300498937904,train_sanity_001,train_sanity,valid_background,relative_frame_decile
1,122681,0.0,1.0,0.10575394722899227,2.8513135693383656,train_sanity_001,train_sanity,valid_background,vote_count_bucket
2,83320,0.11411425828132502,2.0,0.11939510321651464,1.5045487277964473,train_sanity_001,train_sanity,valid_background,vote_count_bucket
3,424,0.0,1.0,0.6014150943396226,7.0,train_sanity_001,train_sanity,ignore,relative_frame_decile
4,1794,0.3171683389074693,2.0,0.3246934225195095,0.2480490523968785,train_sanity_001,train_sanity,ignore,relative_frame_decile
5,378,0.2619047619047619,2.0,0.25793650793650796,2.5634920634920637,train_sanity_001,train_sanity,ignore,relative_frame_decile
6,283,0.1625441696113074,2.0,0.5371024734982333,3.0,train_sanity_001,train_sanity,ignore,relative_frame_decile
1,424,0.0,1.0,0.6014150943396226,7.0,train_sanity_001,train_sanity,ignore,vote_count_bucket
2,2455,0.2908350305498982,2.0,0.3389002036659878,0.9217922606924643,train_sanity_001,train_sanity,ignore,vote_count_bucket
3,358,0.0,1.0,1.0,7.0,train_sanity_001,train_sanity,tp,relative_frame_decile
4,349,0.49283667621776506,2.0,0.7535816618911175,0.18051575931232092,train_sanity_001,train_sanity,tp,relative_frame_decile
5,8,0.75,2.0,0.625,2.0,train_sanity_001,train_sanity,tp,relative_frame_decile
1,358,0.0,1.0,1.0,7.0,train_sanity_001,train_sanity,tp,vote_count_bucket
2,357,0.49859943977591037,2.0,0.7507002801120448,0.22128851540616246,train_sanity_001,train_sanity,tp,vote_count_bucket
0,1641,0.0,1.0,1.0,0.5131017672151127,train_sanity_001,train_sanity,fp,relative_frame_decile
1,2008,0.0,1.0,1.0,2.5258964143426295,train_sanity_001,train_sanity,fp,relative_frame_decile
2,2566,0.0,1.0,1.0,4.535074045206547,train_sanity_001,train_sanity,fp,relative_frame_decile
3,1760,0.0,1.0,1.0,6.295454545454546,train_sanity_001,train_sanity,fp,relative_frame_decile
4,1396,0.5222063037249284,2.0,0.7388968481375359,0.7005730659025788,train_sanity_001,train_sanity,fp,relative_frame_decile
5,2933,0.4224343675417661,2.0,0.788782816229117,2.499829526082509,train_sanity_001,train_sanity,fp,relative_frame_decile
6,2544,0.4716981132075472,2.0,0.7641509433962265,2.4720911949685536,train_sanity_001,train_sanity,fp,relative_frame_decile
7,2745,0.4575591985428051,2.0,0.7712204007285974,0.49398907103825135,train_sanity_001,train_sanity,fp,relative_frame_decile
8,2386,0.0,1.0,1.0,2.4991617770326906,train_sanity_001,train_sanity,fp,relative_frame_decile
9,2613,0.0,1.0,1.0,0.4703406046689629,train_sanity_001,train_sanity,fp,relative_frame_decile
1,12974,0.0,1.0,1.0,2.761137659935255,train_sanity_001,train_sanity,fp,vote_count_bucket
2,9618,0.45997088791848617,2.0,0.7700145560407569,1.6588687876897483,train_sanity_001,train_sanity,fp,vote_count_bucket
3,77,0.0,1.0,0.0,7.0,train_sanity_001,train_sanity,fn,relative_frame_decile
4,623,0.22150882825040127,2.0,0.11075441412520064,0.4911717495987159,train_sanity_001,train_sanity,fn,relative_frame_decile
5,413,0.2009685230024213,2.0,0.10048426150121065,2.3825665859564165,train_sanity_001,train_sanity,fn,relative_frame_decile
6,31,0.5483870967741935,2.0,0.27419354838709675,3.0,train_sanity_001,train_sanity,fn,relative_frame_decile
1,77,0.0,1.0,0.0,7.0,train_sanity_001,train_sanity,fn,vote_count_bucket
2,1067,0.22305529522024367,2.0,0.11152764761012184,1.296157450796626,train_sanity_001,train_sanity,fn,vote_count_bucket
0,18685,0.0,1.0,0.0,0.4887877976986888,train_sanity_001,train_sanity,tn,relative_frame_decile
1,17502,0.0,1.0,0.0,2.4894869157810535,train_sanity_001,train_sanity,tn,relative_frame_decile
2,17789,0.0,1.0,0.0,4.526055427511383,train_sanity_001,train_sanity,tn,relative_frame_decile
3,19132,0.0,1.0,0.0,6.4911143633702695,train_sanity_001,train_sanity,tn,relative_frame_decile
4,18647,0.03394647932643321,2.0,0.016973239663216604,0.51102053949697,train_sanity_001,train_sanity,tn,relative_frame_decile
5,18623,0.06620845191429953,2.0,0.03310422595714976,2.5000805455619397,train_sanity_001,train_sanity,tn,relative_frame_decile
6,17732,0.08797653958944282,2.0,0.04398826979472141,2.4856756147078727,train_sanity_001,train_sanity,tn,relative_frame_decile
7,18700,0.08866310160427808,2.0,0.04433155080213904,0.49411764705882355,train_sanity_001,train_sanity,tn,relative_frame_decile
8,18969,0.0,1.0,0.0,2.500869840265697,train_sanity_001,train_sanity,tn,relative_frame_decile
9,17630,0.0,1.0,0.0,0.518094157685763,train_sanity_001,train_sanity,tn,relative_frame_decile
1,109707,0.0,1.0,0.0,2.861977813630853,train_sanity_001,train_sanity,tn,vote_count_bucket
2,73702,0.06898048899622805,2.0,0.034490244498114025,1.4844101923964073,train_sanity_001,train_sanity,tn,vote_count_bucket
2,275,0.0,1.0,0.8363636363636363,6.0,train_sanity_002,train_sanity,valid_positive,relative_frame_decile
3,824,0.0012135922330097086,1.5983009708737863,0.9508495145631068,3.1322815533980584,train_sanity_002,train_sanity,valid_positive,relative_frame_decile
4,1691,0.10762862211709048,2.0,0.7563571850975754,2.425192193968066,train_sanity_002,train_sanity,valid_positive,relative_frame_decile
5,2132,0.10787992495309569,2.0,0.7059099437148217,2.3128517823639774,train_sanity_002,train_sanity,valid_positive,relative_frame_decile
6,975,0.07179487179487179,1.76,0.5415384615384615,2.0871794871794873,train_sanity_002,train_sanity,valid_positive,relative_frame_decile
7,339,0.0,1.0,0.20943952802359883,6.0,train_sanity_002,train_sanity,valid_positive,relative_frame_decile
1,1179,0.0,1.0,0.5402883799830365,6.47921967769296,train_sanity_002,train_sanity,valid_positive,vote_count_bucket
2,5057,0.09551117263199525,2.0,0.7434249555072178,1.9167490607079296,train_sanity_002,train_sanity,valid_positive,vote_count_bucket
0,28438,0.0,1.0,0.20447992123215417,1.0305928686968142,train_sanity_002,train_sanity,valid_background,relative_frame_decile
1,19094,0.0,1.0,0.19917251492615481,3.5001047449460563,train_sanity_002,train_sanity,valid_background,relative_frame_decile
2,19254,0.0,1.0,0.17445725563519268,5.499013192063987,train_sanity_002,train_sanity,valid_background,relative_frame_decile
3,28527,0.06558698776597609,1.6608476180460616,0.1347320082728643,2.692747221930101,train_sanity_002,train_sanity,valid_background,relative_frame_decile
4,17088,0.09492041198501873,2.0,0.11183286516853932,2.4971324906367043,train_sanity_002,train_sanity,valid_background,relative_frame_decile
5,17963,0.06296275677782108,2.0,0.08202972777375717,2.4881144574959637,train_sanity_002,train_sanity,valid_background,relative_frame_decile
6,29014,0.04901082236161853,1.6898738540015166,0.1514096642999931,2.5170262631832907,train_sanity_002,train_sanity,valid_background,relative_frame_decile
7,17963,0.0,1.0,0.1383399209486166,5.500640204865557,train_sanity_002,train_sanity,valid_background,relative_frame_decile
8,18741,0.0,1.0,0.10543727655941519,3.5009871404941038,train_sanity_002,train_sanity,valid_background,relative_frame_decile
9,28961,0.0,1.0,0.10331134974621042,0.9937502158074653,train_sanity_002,train_sanity,valid_background,relative_frame_decile
1,151124,0.0,1.0,0.15442947513300337,3.4801090495222464,train_sanity_002,train_sanity,valid_background,vote_count_bucket
2,73919,0.08179223203777107,2.0,0.11787226558800849,1.4407527158105493,train_sanity_002,train_sanity,valid_background,vote_count_bucket
3,365,0.2684931506849315,2.0,0.8082191780821918,0.5123287671232877,train_sanity_002,train_sanity,ignore,relative_frame_decile
4,597,0.1490787269681742,2.0,0.4480737018425461,2.996649916247906,train_sanity_002,train_sanity,ignore,relative_frame_decile
5,730,0.18767123287671234,2.0,0.46643835616438356,2.9794520547945207,train_sanity_002,train_sanity,ignore,relative_frame_decile
6,289,0.1245674740484429,1.6332179930795847,0.36678200692041524,3.0519031141868513,train_sanity_002,train_sanity,ignore,relative_frame_decile
1,106,0.0,1.0,0.4339622641509434,7.0,train_sanity_002,train_sanity,ignore,vote_count_bucket
2,1875,0.192,2.0,0.5136,2.2885333333333335,train_sanity_002,train_sanity,ignore,vote_count_bucket
2,230,0.0,1.0,1.0,6.0,train_sanity_002,train_sanity,tp,relative_frame_decile
3,784,0.0012755102040816326,1.628826530612245,0.9993622448979592,2.934948979591837,train_sanity_002,train_sanity,tp,relative_frame_decile
4,1290,0.07906976744186046,2.0,0.9604651162790697,2.390697674418605,train_sanity_002,train_sanity,tp,relative_frame_decile
5,1524,0.08792650918635171,2.0,0.9560367454068242,2.356299212598425,train_sanity_002,train_sanity,tp,relative_frame_decile
6,536,0.08022388059701492,1.916044776119403,0.9598880597014925,1.0914179104477613,train_sanity_002,train_sanity,tp,relative_frame_decile
7,71,0.0,1.0,1.0,6.0,train_sanity_002,train_sanity,tp,relative_frame_decile
1,637,0.0,1.0,1.0,6.527472527472527,train_sanity_002,train_sanity,tp,vote_count_bucket
2,3798,0.0737230121116377,2.0,0.9631384939441812,1.8981042654028435,train_sanity_002,train_sanity,tp,vote_count_bucket
0,5815,0.0,1.0,1.0,1.0173688736027515,train_sanity_002,train_sanity,fp,relative_frame_decile
1,3803,0.0,1.0,1.0,3.4882987115435182,train_sanity_002,train_sanity,fp,relative_frame_decile
2,3359,0.0,1.0,1.0,5.465019350997321,train_sanity_002,train_sanity,fp,relative_frame_decile
3,3906,0.25550435227854584,1.657194060419867,0.8722478238607271,2.732462877624168,train_sanity_002,train_sanity,fp,relative_frame_decile
4,1861,0.40891993551853845,2.0,0.7955400322407308,2.464803868887695,train_sanity_002,train_sanity,fp,relative_frame_decile
5,1427,0.36370007007708477,2.0,0.8181499649614576,2.499649614576034,train_sanity_002,train_sanity,fp,relative_frame_decile
6,4333,0.15024232633279483,1.6378952227094392,0.9248788368336026,2.85114239556889,train_sanity_002,train_sanity,fp,relative_frame_decile
7,2485,0.0,1.0,1.0,5.5496981891348085,train_sanity_002,train_sanity,fp,relative_frame_decile
8,1976,0.0,1.0,1.0,3.466599190283401,train_sanity_002,train_sanity,fp,relative_frame_decile
9,2992,0.0,1.0,1.0,1.0050133689839573,train_sanity_002,train_sanity,fp,relative_frame_decile
1,23338,0.0,1.0,1.0,3.494001199760048,train_sanity_002,train_sanity,fp,vote_count_bucket
2,8619,0.33983060679893257,2.0,0.8300846966005337,1.2559461654484279,train_sanity_002,train_sanity,fp,vote_count_bucket
2,45,0.0,1.0,0.0,6.0,train_sanity_002,train_sanity,fn,relative_frame_decile
3,40,0.0,1.0,0.0,7.0,train_sanity_002,train_sanity,fn,relative_frame_decile
4,401,0.19950124688279303,2.0,0.09975062344139651,2.536159600997506,train_sanity_002,train_sanity,fn,relative_frame_decile
5,608,0.15789473684210525,2.0,0.07894736842105263,2.2039473684210527,train_sanity_002,train_sanity,fn,relative_frame_decile
6,439,0.06150341685649203,1.569476082004556,0.030751708428246014,3.3029612756264237,train_sanity_002,train_sanity,fn,relative_frame_decile
7,268,0.0,1.0,0.0,6.0,train_sanity_002,train_sanity,fn,relative_frame_decile
1,542,0.0,1.0,0.0,6.422509225092251,train_sanity_002,train_sanity,fn,vote_count_bucket
2,1259,0.16123907863383638,2.0,0.08061953931691819,1.9729944400317712,train_sanity_002,train_sanity,fn,vote_count_bucket
0,22623,0.0,1.0,0.0,1.0339919550899528,train_sanity_002,train_sanity,tn,relative_frame_decile
1,15291,0.0,1.0,0.0,3.5030410045124585,train_sanity_002,train_sanity,tn,relative_frame_decile
2,15895,0.0,1.0,0.0,5.506196917269581,train_sanity_002,train_sanity,tn,relative_frame_decile
3,24621,0.03545753624954307,1.6614272369115795,0.017728768124771536,2.686446529385484,train_sanity_002,train_sanity,tn,relative_frame_decile
4,15227,0.05654429631575491,2.0,0.028272148157877455,2.5010836014973403,train_sanity_002,train_sanity,tn,relative_frame_decile
5,16536,0.03701015965166909,2.0,0.018505079825834544,2.4871190130624092,train_sanity_002,train_sanity,tn,relative_frame_decile
6,24681,0.031238604594627448,1.6989992301770593,0.015619302297313724,2.4583687857056034,train_sanity_002,train_sanity,tn,relative_frame_decile
7,15478,0.0,1.0,0.0,5.492763922987466,train_sanity_002,train_sanity,tn,relative_frame_decile
8,16765,0.0,1.0,0.0,3.5050402624515358,train_sanity_002,train_sanity,tn,relative_frame_decile
9,25969,0.0,1.0,0.0,0.9924525395664061,train_sanity_002,train_sanity,tn,relative_frame_decile
1,127786,0.0,1.0,0.0,3.477571877983504,train_sanity_002,train_sanity,tn,vote_count_bucket
2,65300,0.04773353751914242,2.0,0.02386676875957121,1.465145482388974,train_sanity_002,train_sanity,tn,vote_count_bucket
2,1063,0.09501411100658513,2.0,0.9487300094073378,1.4920037629350893,validation_000,validation,valid_positive,relative_frame_decile
3,1273,0.0589159465828751,2.0,0.9304791830322073,1.1351139041633935,validation_000,validation,valid_positive,relative_frame_decile
4,1668,0.05815347721822542,2.0,0.9601318944844125,1.6546762589928057,validation_000,validation,valid_positive,relative_frame_decile
5,2106,0.21652421652421652,2.0,0.8038936372269706,1.5783475783475784,validation_000,validation,valid_positive,relative_frame_decile
6,2222,0.20477047704770476,2.0,0.7747524752475248,1.2322232223222322,validation_000,validation,valid_positive,relative_frame_decile
7,1308,0.22018348623853212,2.0,0.7438837920489296,1.6972477064220184,validation_000,validation,valid_positive,relative_frame_decile
2,9640,0.15269709543568466,2.0,0.8487551867219917,1.4598547717842323,validation_000,validation,valid_positive,vote_count_bucket
0,93833,0.01636950752933403,1.3968966141975638,0.11674997069261348,2.862948003367685,validation_000,validation,valid_background,relative_frame_decile
1,124922,0.08960791533917165,2.0,0.1627815757032388,1.2209058452474344,validation_000,validation,valid_background,relative_frame_decile
2,113641,0.11120986263760439,2.0,0.1705018435247842,1.8030112371415246,validation_000,validation,valid_background,relative_frame_decile
3,116663,0.10852626796842187,2.0,0.16466660380754825,1.252573652314787,validation_000,validation,valid_background,relative_frame_decile
4,124712,0.11110398357816409,2.0,0.16762621078965936,1.6395054204888062,validation_000,validation,valid_background,relative_frame_decile
5,106103,0.11602876450241746,2.0,0.16885007963959547,1.6068160183972178,validation_000,validation,valid_background,relative_frame_decile
6,97687,0.09690132770993069,2.0,0.13746967354919282,1.2458771382067215,validation_000,validation,valid_background,relative_frame_decile
7,101877,0.08604493654112312,2.0,0.12013506483308303,1.7361327875771764,validation_000,validation,valid_background,relative_frame_decile
8,82411,0.11098033029571296,2.0,0.12543228452512406,1.2217543774496122,validation_000,validation,valid_background,relative_frame_decile
9,55343,0.025513615091339464,1.429539417812551,0.03351824078925971,2.716206204940101,validation_000,validation,valid_background,relative_frame_decile
1,88162,0.0,1.0,0.09039041764025317,3.423062090242962,validation_000,validation,valid_background,vote_count_bucket
2,929030,0.10008934049492481,2.0,0.14917494591132688,1.5015004897581348,validation_000,validation,valid_background,vote_count_bucket
2,669,0.3662182361733931,2.0,0.6689088191330343,1.4439461883408071,validation_000,validation,ignore,relative_frame_decile
3,1290,0.3077519379844961,2.0,0.5662790697674419,1.2744186046511627,validation_000,validation,ignore,relative_frame_decile
4,1277,0.4385277995301488,2.0,0.6546593578700078,1.6867658574784652,validation_000,validation,ignore,relative_frame_decile
5,1287,0.351981351981352,2.0,0.30885780885780884,1.6993006993006994,validation_000,validation,ignore,relative_frame_decile
6,1259,0.22319301032565528,2.0,0.31016679904686256,1.2970611596505164,validation_000,validation,ignore,relative_frame_decile
7,541,0.1423290203327172,2.0,0.23752310536044363,1.7301293900184842,validation_000,validation,ignore,relative_frame_decile
2,6323,0.3183615372449787,2.0,0.46346670884074015,1.505614423533133,validation_000,validation,ignore,vote_count_bucket
2,1027,0.06718597857838364,2.0,0.9664070107108081,1.4936708860759493,validation_000,validation,tp,relative_frame_decile
3,1198,0.04257095158597663,2.0,0.9787145242070117,1.1327212020033388,validation_000,validation,tp,relative_frame_decile
4,1622,0.04254007398273736,2.0,0.9787299630086314,1.6615289765721333,validation_000,validation,tp,relative_frame_decile
5,1770,0.17231638418079095,2.0,0.9138418079096046,1.6050847457627118,validation_000,validation,tp,relative_frame_decile
6,1820,0.17912087912087912,2.0,0.9104395604395604,1.2565934065934066,validation_000,validation,tp,relative_frame_decile
7,1018,0.1856581532416503,2.0,0.9071709233791748,1.7367387033398822,validation_000,validation,tp,relative_frame_decile
2,8455,0.11933767001774098,2.0,0.9403311649911296,1.4762862211709047,validation_000,validation,tp,vote_count_bucket
0,10862,0.062143251703185416,1.350580003682563,0.9689283741484073,3.0337875161112136,validation_000,validation,fp,relative_frame_decile
1,20915,0.29533827396605306,2.0,0.8523308630169735,1.2364331819268468,validation_000,validation,fp,relative_frame_decile
2,19348,0.32514988629315694,2.0,0.8374250568534215,1.8758011163944595,validation_000,validation,fp,relative_frame_decile
3,19677,0.34542867307008185,2.0,0.8272856634649591,1.251918483508665,validation_000,validation,fp,relative_frame_decile
4,19335,0.27711404189294025,2.0,0.8614429790535298,1.6377553659167312,validation_000,validation,fp,relative_frame_decile
5,18288,0.3569553805774278,2.0,0.821522309711286,1.616360454943132,validation_000,validation,fp,relative_frame_decile
6,13700,0.36525547445255474,2.0,0.8173722627737227,1.2243795620437956,validation_000,validation,fp,relative_frame_decile
7,12203,0.35622387937392447,2.0,0.8218880603130377,1.74473490125379,validation_000,validation,fp,relative_frame_decile
8,9407,0.3872648028064207,2.0,0.8063675985967896,1.0999255873285851,validation_000,validation,fp,relative_frame_decile
9,1607,0.2850031113876789,1.4306160547604232,0.8574984443061605,1.3907902924704418,validation_000,validation,fp,relative_frame_decile
1,7969,0.0,1.0,1.0,3.2089346216589285,validation_000,validation,fp,vote_count_bucket
2,137373,0.329598975053322,2.0,0.835200512473339,1.4998653301594929,validation_000,validation,fp,vote_count_bucket
2,36,0.8888888888888888,2.0,0.4444444444444444,1.4444444444444444,validation_000,validation,fn,relative_frame_decile
3,75,0.32,2.0,0.16,1.1733333333333333,validation_000,validation,fn,relative_frame_decile
4,46,0.6086956521739131,2.0,0.30434782608695654,1.4130434782608696,validation_000,validation,fn,relative_frame_decile
5,336,0.4494047619047619,2.0,0.22470238095238096,1.4375,validation_000,validation,fn,relative_frame_decile
6,402,0.3208955223880597,2.0,0.16044776119402984,1.1218905472636815,validation_000,validation,fn,relative_frame_decile
7,290,0.3413793103448276,2.0,0.1706896551724138,1.5586206896551724,validation_000,validation,fn,relative_frame_decile
2,1185,0.39071729957805906,2.0,0.19535864978902953,1.3426160337552742,validation_000,validation,fn,vote_count_bucket
0,82971,0.010377119716527461,1.4029600703860385,0.005188559858263731,2.8405828542502802,validation_000,validation,tn,relative_frame_decile
1,104007,0.04823713788495005,2.0,0.024118568942475025,1.21778341842376,validation_000,validation,tn,relative_frame_decile
2,94293,0.0673114653261642,2.0,0.0336557326630821,1.78807546689574,validation_000,validation,tn,relative_frame_decile
3,96986,0.0604623347699668,2.0,0.0302311673849834,1.2527065762068752,validation_000,validation,tn,relative_frame_decile
4,105377,0.08064378374787667,2.0,0.04032189187393834,1.6398265276103894,validation_000,validation,tn,relative_frame_decile
5,87815,0.06585435290098503,2.0,0.032927176450492514,1.604828332289472,validation_000,validation,tn,relative_frame_decile
6,83987,0.05312726969650065,2.0,0.026563634848250323,1.2493838332122829,validation_000,validation,tn,relative_frame_decile
7,89674,0.04927849766933559,2.0,0.024639248834667796,1.7349621964002944,validation_000,validation,tn,relative_frame_decile
8,73004,0.07537943126404033,2.0,0.037689715632020164,1.2374527423154895,validation_000,validation,tn,relative_frame_decile
9,53736,0.017753461366681555,1.4295072204853356,0.008876730683340777,2.755843382462409,validation_000,validation,tn,relative_frame_decile
1,80193,0.0,1.0,0.0,3.444340528475054,validation_000,validation,tn,vote_count_bucket
2,791657,0.06026347269082444,2.0,0.03013173634541222,1.5017842323127315,validation_000,validation,tn,vote_count_bucket
2,140,0.0,1.0,0.15714285714285714,5.0,validation_001,validation,valid_positive,relative_frame_decile
3,762,0.0,1.0,0.6351706036745407,6.438320209973753,validation_001,validation,valid_positive,relative_frame_decile
4,675,0.19555555555555557,2.0,0.8251851851851851,0.5125925925925926,validation_001,validation,valid_positive,relative_frame_decile
5,686,0.30174927113702626,2.0,0.5750728862973761,2.3396501457725947,validation_001,validation,valid_positive,relative_frame_decile
6,842,0.33016627078384797,2.0,0.5201900237529691,2.6282660332541568,validation_001,validation,valid_positive,relative_frame_decile
1,902,0.0,1.0,0.5609756097560976,6.2150776053215075,validation_001,validation,valid_positive,vote_count_bucket
2,2203,0.2800726282342261,2.0,0.6307308216068996,1.8901497957330913,validation_001,validation,valid_positive,vote_count_bucket
0,19337,0.0,1.0,0.20654703418317216,0.4955267104514661,validation_001,validation,valid_background,relative_frame_decile
1,18446,0.0,1.0,0.17407568036430662,2.497668871300011,validation_001,validation,valid_background,relative_frame_decile
2,18418,0.0,1.0,0.19915300249755674,4.507112607232056,validation_001,validation,valid_background,relative_frame_decile
3,18933,0.0,1.0,0.18348914593566787,6.501346854698146,validation_001,validation,valid_background,relative_frame_decile
4,19530,0.09252432155657962,2.0,0.1830773169482847,0.49974398361495137,validation_001,validation,valid_background,relative_frame_decile
5,18009,0.0881781331556444,2.0,0.11094452773613193,2.4812593703148424,validation_001,validation,valid_background,relative_frame_decile
6,18151,0.04076910363065396,2.0,0.06611205994160102,2.482728224340257,validation_001,validation,valid_background,relative_frame_decile
7,19987,0.07254715565117326,2.0,0.07404813128533547,0.4961725121328864,validation_001,validation,valid_background,relative_frame_decile
8,20221,0.0,1.0,0.058800257158399684,2.505365708916473,validation_001,validation,valid_background,relative_frame_decile
9,20389,0.0,1.0,0.06013046250429153,0.4995340624846731,validation_001,validation,valid_background,relative_frame_decile
1,115744,0.0,1.0,0.14481960188001106,2.7872027923693667,validation_001,validation,valid_background,vote_count_bucket
2,75677,0.07380049420563711,2.0,0.10906219855438244,1.4459611242517543,validation_001,validation,valid_background,vote_count_bucket
3,264,0.0,1.0,0.48863636363636365,6.609848484848484,validation_001,validation,ignore,relative_frame_decile
4,210,0.20952380952380953,2.0,0.40476190476190477,0.6285714285714286,validation_001,validation,ignore,relative_frame_decile
5,246,0.34959349593495936,2.0,0.1991869918699187,2.83739837398374,validation_001,validation,ignore,relative_frame_decile
6,116,0.23275862068965517,2.0,0.7370689655172413,2.1293103448275863,validation_001,validation,ignore,relative_frame_decile
1,264,0.0,1.0,0.48863636363636365,6.609848484848484,validation_001,validation,ignore,vote_count_bucket
2,572,0.2744755244755245,2.0,0.38374125874125875,1.882867132867133,validation_001,validation,ignore,vote_count_bucket
2,22,0.0,1.0,1.0,5.0,validation_001,validation,tp,relative_frame_decile
3,484,0.0,1.0,1.0,6.444214876033058,validation_001,validation,tp,relative_frame_decile
4,592,0.17060810810810811,2.0,0.9146959459459459,0.5118243243243243,validation_001,validation,tp,relative_frame_decile
5,396,0.26515151515151514,2.0,0.8674242424242424,2.3964646464646466,validation_001,validation,tp,relative_frame_decile
6,436,0.31422018348623854,2.0,0.8428899082568807,2.635321100917431,validation_001,validation,tp,relative_frame_decile
1,506,0.0,1.0,1.0,6.381422924901186,validation_001,validation,tp,vote_count_bucket
2,1424,0.24087078651685392,2.0,0.879564606741573,1.6860955056179776,validation_001,validation,tp,vote_count_bucket
0,3994,0.0,1.0,1.0,0.4641962944416625,validation_001,validation,fp,relative_frame_decile
1,3211,0.0,1.0,1.0,2.516350046714419,validation_001,validation,fp,relative_frame_decile
2,3668,0.0,1.0,1.0,4.509269356597601,validation_001,validation,fp,relative_frame_decile
3,3474,0.0,1.0,1.0,6.484455958549223,validation_001,validation,fp,relative_frame_decile
4,3412,0.21688159437280188,2.0,0.891559202813599,0.47039859320046895,validation_001,validation,fp,relative_frame_decile
5,1779,0.32321528948847666,2.0,0.8383923552557616,2.327150084317032,validation_001,validation,fp,relative_frame_decile
6,1156,0.2820069204152249,2.0,0.8589965397923875,2.466262975778547,validation_001,validation,fp,relative_frame_decile
7,1342,0.4374068554396423,2.0,0.7812965722801788,0.5842026825633383,validation_001,validation,fp,relative_frame_decile
8,1189,0.0,1.0,1.0,2.514718250630782,validation_001,validation,fp,relative_frame_decile
9,1226,0.0,1.0,1.0,0.5195758564437194,validation_001,validation,fp,relative_frame_decile
1,16762,0.0,1.0,1.0,3.1397207970409258,validation_001,validation,fp,vote_count_bucket
2,7689,0.2897645987774743,2.0,0.8551177006112628,1.2199245675640527,validation_001,validation,fp,vote_count_bucket
2,118,0.0,1.0,0.0,5.0,validation_001,validation,fn,relative_frame_decile
3,278,0.0,1.0,0.0,6.428057553956834,validation_001,validation,fn,relative_frame_decile
4,83,0.37349397590361444,2.0,0.18674698795180722,0.5180722891566265,validation_001,validation,fn,relative_frame_decile
5,290,0.35172413793103446,2.0,0.17586206896551723,2.2620689655172415,validation_001,validation,fn,relative_frame_decile
6,406,0.3472906403940887,2.0,0.17364532019704434,2.6206896551724137,validation_001,validation,fn,relative_frame_decile
1,396,0.0,1.0,0.0,6.002525252525253,validation_001,validation,fn,vote_count_bucket
2,779,0.35173299101412064,2.0,0.17586649550706032,2.263157894736842,validation_001,validation,fn,vote_count_bucket
0,15343,0.0,1.0,0.0,0.5036824610571596,validation_001,validation,tn,relative_frame_decile
1,15235,0.0,1.0,0.0,2.4937315392189037,validation_001,validation,tn,relative_frame_decile
2,14750,0.0,1.0,0.0,4.50657627118644,validation_001,validation,tn,relative_frame_decile
3,15459,0.0,1.0,0.0,6.505142635358044,validation_001,validation,tn,relative_frame_decile
4,16118,0.0661992803077305,2.0,0.03309964015386525,0.505956073954585,validation_001,validation,tn,relative_frame_decile
5,16230,0.06241528034504005,2.0,0.031207640172520024,2.4981515711645104,validation_001,validation,tn,relative_frame_decile
6,16995,0.02436010591350397,2.0,0.012180052956751985,2.483848190644307,validation_001,validation,tn,relative_frame_decile
7,18645,0.046285867524805575,2.0,0.023142933762402788,0.48983641727004557,validation_001,validation,tn,relative_frame_decile
8,19032,0.0,1.0,0.0,2.504781420765027,validation_001,validation,tn,relative_frame_decile
9,19163,0.0,1.0,0.0,0.49825183948233576,validation_001,validation,tn,relative_frame_decile
1,98982,0.0,1.0,0.0,2.7275060111939546,validation_001,validation,tn,vote_count_bucket
2,67988,0.04937636053421192,2.0,0.02468818026710596,1.471524386656469,validation_001,validation,tn,vote_count_bucket
2,890,0.14831460674157304,1.6269662921348316,0.5876404494382023,2.6112359550561797,validation_002,validation,valid_positive,relative_frame_decile
3,1019,0.18056918547595682,2.0,0.8331697742885181,1.4425907752698723,validation_002,validation,valid_positive,relative_frame_decile
4,1441,0.18806384455239417,2.0,0.7519083969465649,2.7099236641221376,validation_002,validation,valid_positive,relative_frame_decile
5,1085,0.17511520737327188,2.0,0.7299539170506912,0.3815668202764977,validation_002,validation,valid_positive,relative_frame_decile
6,685,0.1562043795620438,2.0,0.7525547445255475,1.5167883211678832,validation_002,validation,valid_positive,relative_frame_decile
7,363,0.16804407713498623,2.0,0.8278236914600551,3.0,validation_002,validation,valid_positive,relative_frame_decile
1,332,0.0,1.0,0.3433734939759036,7.0,validation_002,validation,valid_positive,vote_count_bucket
2,5151,0.1834595224228305,2.0,0.7667443214909726,1.5369831100757134,validation_002,validation,valid_positive,vote_count_bucket
0,24389,0.0,1.0,0.18955266718602648,0.9776538603468777,validation_002,validation,valid_background,relative_frame_decile
1,27047,0.0,1.0,0.18209043516841056,3.998188338817614,validation_002,validation,valid_background,relative_frame_decile
2,23883,0.026127370933299837,1.3146170916551523,0.18925595611941548,4.440564418205418,validation_002,validation,valid_background,relative_frame_decile
3,15593,0.06451612903225806,2.0,0.1498108125440903,1.5128583338677613,validation_002,validation,valid_background,relative_frame_decile
4,24943,0.06418634486629515,2.0,0.13917732429940263,2.6550936134386403,validation_002,validation,valid_background,relative_frame_decile
5,26548,0.061285219225553716,2.0,0.12322962181708604,0.3318517402440862,validation_002,validation,valid_background,relative_frame_decile
6,17926,0.07993975231507308,2.0,0.12532076313734242,1.5079214548700213,validation_002,validation,valid_background,relative_frame_decile
7,28297,0.0887373219775948,2.0,0.13706399971728453,2.671519949111213,validation_002,validation,valid_background,relative_frame_decile
8,26919,0.08280396745792934,1.683272038337234,0.17870277499164158,1.2983766113154278,validation_002,validation,valid_background,relative_frame_decile
9,24948,0.0,1.0,0.18550585217251883,1.0030463363796698,validation_002,validation,valid_background,relative_frame_decile
1,101279,0.0,1.0,0.18849909655506078,2.8499392766516256,validation_002,validation,valid_background,vote_count_bucket
2,139214,0.07923772034421825,2.0,0.14093050986251382,1.5129656500064648,validation_002,validation,valid_background,vote_count_bucket
2,260,0.20384615384615384,1.7807692307692307,0.425,1.5346153846153847,validation_002,validation,ignore,relative_frame_decile
3,427,0.30679156908665106,2.0,0.44379391100702575,1.5011709601873535,validation_002,validation,ignore,relative_frame_decile
1,57,0.0,1.0,0.38596491228070173,7.0,validation_002,validation,ignore,vote_count_bucket
2,630,0.2920634920634921,2.0,0.44126984126984126,1.0174603174603174,validation_002,validation,ignore,vote_count_bucket
2,540,0.1537037037037037,1.788888888888889,0.9231481481481482,1.4777777777777779,validation_002,validation,tp,relative_frame_decile
3,884,0.1436651583710407,2.0,0.9281674208144797,1.4819004524886878,validation_002,validation,tp,relative_frame_decile
4,1116,0.15053763440860216,2.0,0.9247311827956989,2.7096774193548385,validation_002,validation,tp,relative_frame_decile
5,817,0.14687882496940025,2.0,0.9265605875152999,0.3843329253365973,validation_002,validation,tp,relative_frame_decile
6,524,0.1183206106870229,2.0,0.9408396946564885,1.5190839694656488,validation_002,validation,tp,relative_frame_decile
7,314,0.14012738853503184,2.0,0.9299363057324841,3.0,validation_002,validation,tp,relative_frame_decile
1,114,0.0,1.0,1.0,7.0,validation_002,validation,tp,vote_count_bucket
2,4081,0.14800294045577064,2.0,0.9259985297721147,1.5648125459446214,validation_002,validation,tp,vote_count_bucket
0,4623,0.0,1.0,1.0,1.0313649145576465,validation_002,validation,fp,relative_frame_decile
1,4925,0.0,1.0,1.0,3.99248730964467,validation_002,validation,fp,relative_frame_decile
2,4476,0.05987488829311886,1.2777033065236818,0.9700625558534406,4.702412868632708,validation_002,validation,fp,relative_frame_decile
3,2271,0.1928665785997358,2.0,0.9035667107001321,1.4927344782034346,validation_002,validation,fp,relative_frame_decile
4,3345,0.20149476831091181,2.0,0.8992526158445441,2.6747384155455904,validation_002,validation,fp,relative_frame_decile
5,3108,0.20913770913770913,2.0,0.8954311454311454,0.32432432432432434,validation_002,validation,fp,relative_frame_decile
6,2130,0.28169014084507044,2.0,0.8591549295774648,1.507511737089202,validation_002,validation,fp,relative_frame_decile
7,3702,0.29146407347379794,2.0,0.8542679632631011,2.635332252836305,validation_002,validation,fp,relative_frame_decile
8,4694,0.2126118449083937,1.6416702172986792,0.8936940775458031,1.395824456753302,validation_002,validation,fp,relative_frame_decile
9,4628,0.0,1.0,1.0,1.1140881590319793,validation_002,validation,fp,relative_frame_decile
1,19091,0.0,1.0,1.0,2.9166099209051386,validation_002,validation,fp,vote_count_bucket
2,18811,0.250225931635745,2.0,0.8748870341821274,1.4788155866248471,validation_002,validation,fp,vote_count_bucket
2,350,0.14,1.3771428571428572,0.07,4.36,validation_002,validation,fn,relative_frame_decile
3,135,0.4222222222222222,2.0,0.2111111111111111,1.1851851851851851,validation_002,validation,fn,relative_frame_decile
4,325,0.3169230769230769,2.0,0.15846153846153846,2.710769230769231,validation_002,validation,fn,relative_frame_decile
5,268,0.26119402985074625,2.0,0.13059701492537312,0.373134328358209,validation_002,validation,fn,relative_frame_decile
6,161,0.2795031055900621,2.0,0.13975155279503104,1.5093167701863355,validation_002,validation,fn,relative_frame_decile
7,49,0.3469387755102041,2.0,0.17346938775510204,3.0,validation_002,validation,fn,relative_frame_decile
1,218,0.0,1.0,0.0,7.0,validation_002,validation,fn,vote_count_bucket
2,1070,0.3186915887850467,2.0,0.15934579439252336,1.4308411214953272,validation_002,validation,fn,vote_count_bucket
0,19766,0.0,1.0,0.0,0.965091571385207,validation_002,validation,tn,relative_frame_decile
1,22122,0.0,1.0,0.0,3.9994575535665855,validation_002,validation,tn,relative_frame_decile
2,19407,0.01834389653217911,1.3231308290822898,0.009171948266089556,4.380172102849487,validation_002,validation,tn,relative_frame_decile
3,13322,0.04263624080468398,2.0,0.02131812040234199,1.516288845518691,validation_002,validation,tn,relative_frame_decile
4,21598,0.04292064080007408,2.0,0.02146032040003704,2.65205111584406,validation_002,validation,tn,relative_frame_decile
5,23440,0.04168088737201365,2.0,0.020840443686006824,0.33284982935153584,validation_002,validation,tn,relative_frame_decile
6,15796,0.052734869587237276,2.0,0.026367434793618638,1.5079767029627753,validation_002,validation,tn,relative_frame_decile
7,24595,0.0582232161008335,2.0,0.02911160805041675,2.6769668631835737,validation_002,validation,tn,relative_frame_decile
8,22225,0.0553880764904387,1.692058492688414,0.02769403824521935,1.2777952755905513,validation_002,validation,tn,relative_frame_decile
9,20320,0.0,1.0,0.0,0.977755905511811,validation_002,validation,tn,relative_frame_decile
1,82188,0.0,1.0,0.0,2.8344527181583685,validation_002,validation,tn,vote_count_bucket
2,120403,0.05252360821574213,2.0,0.026261804107871066,1.518301039010656,validation_002,validation,tn,vote_count_bucket
3,1338,0.0,1.0,0.15022421524663676,6.576980568011958,validation_003,validation,valid_positive,relative_frame_decile
4,1380,0.18695652173913044,2.0,0.1289855072463768,0.5246376811594203,validation_003,validation,valid_positive,relative_frame_decile
5,1064,0.4342105263157895,2.0,0.37875939849624063,2.4793233082706765,validation_003,validation,valid_positive,relative_frame_decile
6,525,0.40190476190476193,2.0,0.28476190476190477,3.0,validation_003,validation,valid_positive,relative_frame_decile
1,1338,0.0,1.0,0.15022421524663676,6.576980568011958,validation_003,validation,valid_positive,vote_count_bucket
2,2969,0.31357359380262717,2.0,0.24604243853149207,1.6628494442573256,validation_003,validation,valid_positive,vote_count_bucket
0,20137,0.0,1.0,0.17708695436261607,0.4987833341609972,validation_003,validation,valid_background,relative_frame_decile
1,19834,0.0,1.0,0.17288494504386406,2.483513159221539,validation_003,validation,valid_background,relative_frame_decile
2,19984,0.0,1.0,0.14766813450760607,4.521267013610888,validation_003,validation,valid_background,relative_frame_decile
3,19665,0.0,1.0,0.07993897787948132,6.483752860411899,validation_003,validation,valid_background,relative_frame_decile
4,18735,0.08983186549239391,2.0,0.10218841740058714,0.485401654657059,validation_003,validation,valid_background,relative_frame_decile
5,19587,0.09700311431051208,2.0,0.0949098892122326,2.5140143973043343,validation_003,validation,valid_background,relative_frame_decile
6,21083,0.10525067590001423,2.0,0.0824123701560499,2.4781577574349,validation_003,validation,valid_background,relative_frame_decile
7,21977,0.10551940665240933,2.0,0.06759339309277881,0.49251490194294034,validation_003,validation,valid_background,relative_frame_decile
8,22225,0.0,1.0,0.06276715410573679,2.4995275590551183,validation_003,validation,valid_background,relative_frame_decile
9,21647,0.0,1.0,0.056174065690395895,0.5095856238739779,validation_003,validation,valid_background,relative_frame_decile
1,123492,0.0,1.0,0.11441226962070418,2.7835082434489684,validation_003,validation,valid_background,vote_count_bucket
2,81382,0.09978865105305841,2.0,0.08597109926027868,1.4918163721707502,validation_003,validation,valid_background,vote_count_bucket
3,7,0.0,1.0,0.0,6.0,validation_003,validation,ignore,relative_frame_decile
4,646,0.1780185758513932,2.0,0.09055727554179567,0.5572755417956656,validation_003,validation,ignore,relative_frame_decile
5,459,0.22440087145969498,2.0,0.1187363834422658,2.468409586056645,validation_003,validation,ignore,relative_frame_decile
6,206,0.3106796116504854,2.0,0.16019417475728157,3.0,validation_003,validation,ignore,relative_frame_decile
1,7,0.0,1.0,0.0,6.0,validation_003,validation,ignore,vote_count_bucket
2,1311,0.2151029748283753,2.0,0.11136536994660565,1.6102212051868803,validation_003,validation,ignore,vote_count_bucket
3,201,0.0,1.0,1.0,6.562189054726368,validation_003,validation,tp,relative_frame_decile
4,144,0.6597222222222222,2.0,0.6701388888888888,0.8541666666666666,validation_003,validation,tp,relative_frame_decile
5,409,0.5794621026894865,2.0,0.7102689486552567,2.486552567237164,validation_003,validation,tp,relative_frame_decile
6,152,0.7105263157894737,2.0,0.6447368421052632,3.0,validation_003,validation,tp,relative_frame_decile
1,201,0.0,1.0,1.0,6.562189054726368,validation_003,validation,tp,vote_count_bucket
2,705,0.624113475177305,2.0,0.6879432624113475,2.2638297872340427,validation_003,validation,tp,vote_count_bucket
0,3566,0.0,1.0,1.0,0.49663488502523834,validation_003,validation,fp,relative_frame_decile
1,3429,0.0,1.0,1.0,2.468649752114319,validation_003,validation,fp,relative_frame_decile
2,2951,0.0,1.0,1.0,4.46187732971874,validation_003,validation,fp,relative_frame_decile
3,1572,0.0,1.0,1.0,6.435114503816794,validation_003,validation,fp,relative_frame_decile
4,1812,0.40783664459161145,2.0,0.7960816777041942,0.5038631346578366,validation_003,validation,fp,relative_frame_decile
5,1745,0.47908309455587395,2.0,0.760458452722063,2.4882521489971348,validation_003,validation,fp,relative_frame_decile
6,1448,0.5662983425414365,2.0,0.7168508287292817,2.5303867403314917,validation_003,validation,fp,relative_frame_decile
7,1021,0.6807051909892262,2.0,0.6596474045053868,0.534769833496572,validation_003,validation,fp,relative_frame_decile
8,1395,0.0,1.0,1.0,2.5806451612903225,validation_003,validation,fp,relative_frame_decile
9,1216,0.0,1.0,1.0,0.45476973684210525,validation_003,validation,fp,relative_frame_decile
1,14129,0.0,1.0,1.0,2.6662891924410785,validation_003,validation,fp,vote_count_bucket
2,6026,0.5127779621639562,2.0,0.743611018918022,1.5706936608031863,validation_003,validation,fp,vote_count_bucket
3,1137,0.0,1.0,0.0,6.579595426561125,validation_003,validation,fn,relative_frame_decile
4,1236,0.13187702265372167,2.0,0.06593851132686084,0.48624595469255666,validation_003,validation,fn,relative_frame_decile
5,655,0.3435114503816794,2.0,0.1717557251908397,2.4748091603053437,validation_003,validation,fn,relative_frame_decile
6,373,0.2761394101876676,2.0,0.1380697050938338,3.0,validation_003,validation,fn,relative_frame_decile
1,1137,0.0,1.0,0.0,6.579595426561125,validation_003,validation,fn,vote_count_bucket
2,2264,0.21687279151943462,2.0,0.10843639575971731,1.4757067137809188,validation_003,validation,fn,vote_count_bucket
0,16571,0.0,1.0,0.0,0.49924567014664173,validation_003,validation,tn,relative_frame_decile
1,16405,0.0,1.0,0.0,2.486619932947272,validation_003,validation,tn,relative_frame_decile
2,17033,0.0,1.0,0.0,4.531556390536018,validation_003,validation,tn,relative_frame_decile
3,18093,0.0,1.0,0.0,6.487978776322334,validation_003,validation,tn,relative_frame_decile
4,16923,0.05578207173668971,2.0,0.027891035868344856,0.4834249246587484,validation_003,validation,tn,relative_frame_decile
5,17842,0.059634570115457905,2.0,0.029817285057728952,2.5165340208496807,validation_003,validation,tn,relative_frame_decile
6,19635,0.07125031830914184,2.0,0.03562515915457092,2.474306086070792,validation_003,validation,tn,relative_frame_decile
7,20956,0.07749570528726857,2.0,0.038747852643634284,0.49045619393013934,validation_003,validation,tn,relative_frame_decile
8,20830,0.0,1.0,0.0,2.4940950552088332,validation_003,validation,tn,relative_frame_decile
9,20431,0.0,1.0,0.0,0.5128481229504185,validation_003,validation,tn,relative_frame_decile
1,109363,0.0,1.0,0.0,2.7986521949836782,validation_003,validation,tn,vote_count_bucket
2,75356,0.06676309782897182,2.0,0.03338154891448591,1.485508784967355,validation_003,validation,tn,vote_count_bucket
2,856,0.0,1.0,0.10514018691588785,5.640186915887851,validation_004,validation,valid_positive,relative_frame_decile
3,636,0.040880503144654086,1.4606918238993711,0.3742138364779874,3.7751572327044025,validation_004,validation,valid_positive,relative_frame_decile
4,625,0.0416,2.0,0.0256,1.4656,validation_004,validation,valid_positive,relative_frame_decile
5,574,0.027874564459930314,2.0,0.013937282229965157,3.0,validation_004,validation,valid_positive,relative_frame_decile
6,616,0.060064935064935064,2.0,0.030032467532467532,1.4967532467532467,validation_004,validation,valid_positive,relative_frame_decile
7,200,0.075,2.0,0.0375,0.0,validation_004,validation,valid_positive,relative_frame_decile
1,1199,0.0,1.0,0.17597998331943285,6.029190992493745,validation_004,validation,valid_positive,vote_count_bucket
2,2308,0.05199306759098787,2.0,0.07235701906412478,1.5424610051993068,validation_004,validation,valid_positive,vote_count_bucket
0,22864,0.0,1.0,0.04259972008397481,1.0353831350594822,validation_004,validation,valid_background,relative_frame_decile
1,16636,0.0,1.0,0.013705217600384708,3.497595575859582,validation_004,validation,valid_background,relative_frame_decile
2,19922,0.0,1.0,0.04547736171067162,5.505220359401666,validation_004,validation,valid_background,relative_frame_decile
3,19909,0.0851373750565071,1.4955547742227133,0.09013511477221357,3.5311165804410067,validation_004,validation,valid_background,relative_frame_decile
4,19788,0.17783505154639176,2.0,0.12929553264604812,1.5080351728320194,validation_004,validation,valid_background,relative_frame_decile
5,18496,0.18312067474048443,2.0,0.1855806660899654,3.0,validation_004,validation,valid_background,relative_frame_decile
6,19538,0.20027638448152318,2.0,0.2019398096018016,1.4934998464530658,validation_004,validation,valid_background,relative_frame_decile
7,19482,0.11292475105225336,1.4992813879478493,0.16225233548916948,2.5035930602607537,validation_004,validation,valid_background,relative_frame_decile
8,18342,0.0,1.0,0.1286119289063352,3.508341511285574,validation_004,validation,valid_background,relative_frame_decile
9,28221,0.0,1.0,0.1455653591297261,0.9886609262605861,validation_004,validation,valid_background,relative_frame_decile
1,125783,0.0,1.0,0.0843277708434367,3.2028255010613518,validation_004,validation,valid_background,vote_count_bucket
2,77415,0.1900665245753407,2.0,0.16611767745269004,1.4791577859587934,validation_004,validation,valid_background,vote_count_bucket
2,10,0.0,1.0,0.0,6.0,validation_004,validation,ignore,relative_frame_decile
3,253,0.0,1.2411067193675889,0.0,5.312252964426878,validation_004,validation,ignore,relative_frame_decile
5,15,0.0,2.0,0.0,3.0,validation_004,validation,ignore,relative_frame_decile
1,202,0.0,1.0,0.0,6.9504950495049505,validation_004,validation,ignore,vote_count_bucket
2,76,0.0,2.0,0.0,0.5921052631578947,validation_004,validation,ignore,vote_count_bucket
2,90,0.0,1.0,1.0,6.0,validation_004,validation,tp,relative_frame_decile
3,238,0.0546218487394958,1.4915966386554622,0.9726890756302521,3.5588235294117645,validation_004,validation,tp,relative_frame_decile
4,12,0.75,2.0,0.625,1.0,validation_004,validation,tp,relative_frame_decile
6,5,1.0,2.0,0.5,1.8,validation_004,validation,tp,relative_frame_decile
7,1,1.0,2.0,0.5,0.0,validation_004,validation,tp,relative_frame_decile
1,211,0.0,1.0,1.0,6.57345971563981,validation_004,validation,tp,vote_count_bucket
2,135,0.2074074074074074,2.0,0.8962962962962963,0.15555555555555556,validation_004,validation,tp,vote_count_bucket
0,974,0.0,1.0,1.0,0.8613963039014374,validation_004,validation,fp,relative_frame_decile
1,228,0.0,1.0,1.0,3.3333333333333335,validation_004,validation,fp,relative_frame_decile
2,906,0.0,1.0,1.0,5.661147902869757,validation_004,validation,fp,relative_frame_decile
3,1067,0.11246485473289597,1.134020618556701,0.943767572633552,6.061855670103093,validation_004,validation,fp,relative_frame_decile
4,1697,0.5291691219799647,2.0,0.7354154390100177,1.6075427224513847,validation_004,validation,fp,relative_frame_decile
5,2558,0.3201720093823299,2.0,0.839913995308835,3.0,validation_004,validation,fp,relative_frame_decile
6,3034,0.34442979564930787,2.0,0.8277851021753461,1.475609756097561,validation_004,validation,fp,relative_frame_decile
7,2695,0.23525046382189238,1.5888682745825602,0.8823747680890538,2.0556586270871984,validation_004,validation,fp,relative_frame_decile
8,2359,0.0,1.0,1.0,3.4824077999152183,validation_004,validation,fp,relative_frame_decile
9,4108,0.0,1.0,1.0,1.017526777020448,validation_004,validation,fp,relative_frame_decile
1,10607,0.0,1.0,1.0,2.9349486188366174,validation_004,validation,fp,vote_count_bucket
2,9019,0.3898436633773146,2.0,0.8050781683113427,1.6497394389621909,validation_004,validation,fp,vote_count_bucket
2,766,0.0,1.0,0.0,5.597911227154047,validation_004,validation,fn,relative_frame_decile
3,398,0.032663316582914576,1.4422110552763818,0.016331658291457288,3.9045226130653266,validation_004,validation,fn,relative_frame_decile
4,613,0.02773246329526917,2.0,0.013866231647634585,1.4747145187601958,validation_004,validation,fn,relative_frame_decile
5,574,0.027874564459930314,2.0,0.013937282229965157,3.0,validation_004,validation,fn,relative_frame_decile
6,611,0.05237315875613748,2.0,0.02618657937806874,1.4942716857610474,validation_004,validation,fn,relative_frame_decile
7,199,0.07035175879396985,2.0,0.035175879396984924,0.0,validation_004,validation,fn,relative_frame_decile
1,988,0.0,1.0,0.0,5.912955465587045,validation_004,validation,fn,vote_count_bucket
2,2173,0.04233778186838472,2.0,0.02116889093419236,1.6286240220892776,validation_004,validation,fn,vote_count_bucket
0,21890,0.0,1.0,0.0,1.0431247144814983,validation_004,validation,tn,relative_frame_decile
1,16408,0.0,1.0,0.0,3.499878108239883,validation_004,validation,tn,relative_frame_decile
2,19016,0.0,1.0,0.0,5.497791333613799,validation_004,validation,tn,relative_frame_decile
3,18842,0.08358985245727629,1.516028022502919,0.041794926228638146,3.387803842479567,validation_004,validation,tn,relative_frame_decile
4,18091,0.1448786689514123,2.0,0.07243933447570615,1.4987010115527057,validation_004,validation,tn,relative_frame_decile
5,15938,0.16112435688292132,2.0,0.08056217844146066,3.0,validation_004,validation,tn,relative_frame_decile
6,16504,0.17377605428986911,2.0,0.08688802714493456,1.4967886572952012,validation_004,validation,tn,relative_frame_decile
7,16787,0.09328647167451004,1.484899029010544,0.04664323583725502,2.5755048549472805,validation_004,validation,tn,relative_frame_decile
8,15983,0.0,1.0,0.0,3.512169179753488,validation_004,validation,tn,relative_frame_decile
9,24113,0.0,1.0,0.0,0.9837432090573549,validation_004,validation,tn,relative_frame_decile
1,115176,0.0,1.0,0.0,3.227495311523234,validation_004,validation,tn,vote_count_bucket
2,68396,0.16372302473828879,2.0,0.08186151236914439,1.456664132405404,validation_004,validation,tn,vote_count_bucket
2,395,0.0,2.0,0.0,1.3291139240506329,validation_005,validation,valid_positive,relative_frame_decile
3,588,0.013605442176870748,2.0,0.006802721088435374,2.651360544217687,validation_005,validation,valid_positive,relative_frame_decile
4,1622,0.04438964241676942,2.0,0.05795314426633785,0.5419235511713933,validation_005,validation,valid_positive,relative_frame_decile
5,1388,0.001440922190201729,2.0,0.0007204610951008645,2.601585014409222,validation_005,validation,valid_positive,relative_frame_decile
6,925,0.0,2.0,0.0,0.6443243243243243,validation_005,validation,valid_positive,relative_frame_decile
7,479,0.0,2.0,0.0,1.4843423799582462,validation_005,validation,valid_positive,relative_frame_decile
2,5397,0.015193626088567723,2.0,0.018343524180100056,1.4602556976097831,validation_005,validation,valid_positive,vote_count_bucket
0,43335,0.0,1.0,0.13596400138456213,1.4927425868235837,validation_005,validation,valid_background,relative_frame_decile
1,31917,0.0,1.0,0.12498041795908137,5.004010401980136,validation_005,validation,valid_background,relative_frame_decile
2,36692,0.08961081434645154,1.7203750136269487,0.0831516406846179,2.6654856644500162,validation_005,validation,valid_background,relative_frame_decile
3,26789,0.1066482511478592,2.0,0.0689275448878271,2.665161073574975,validation_005,validation,valid_background,relative_frame_decile
4,35045,0.10192609502068768,2.0,0.06882579540590669,0.5016407476102155,validation_005,validation,valid_background,relative_frame_decile
5,27259,0.13819289042151217,2.0,0.09587659121757952,2.67408929161011,validation_005,validation,valid_background,relative_frame_decile
6,35365,0.1473773504877704,2.0,0.13086384843772092,0.7622790894952637,validation_005,validation,valid_background,relative_frame_decile
7,25199,0.13175125997063375,2.0,0.13302115163300132,1.9707528076510972,validation_005,validation,valid_background,relative_frame_decile
8,32456,0.13566058664037467,2.0,0.1585377125955139,1.5164530441212718,validation_005,validation,valid_background,relative_frame_decile
9,32786,0.0,1.0,0.12407735008845239,1.4324711767217715,validation_005,validation,valid_background,relative_frame_decile
1,118298,0.0,1.0,0.12693367597085328,2.901029603205464,validation_005,validation,valid_background,vote_count_bucket
2,208545,0.12668249058956102,2.0,0.10540410942482438,1.5041789541825505,validation_005,validation,valid_background,vote_count_bucket
2,124,0.0,2.0,0.0,2.0,validation_005,validation,ignore,relative_frame_decile
3,602,0.0,2.0,0.0,2.686046511627907,validation_005,validation,ignore,relative_frame_decile
4,184,0.0,2.0,0.0,0.0,validation_005,validation,ignore,relative_frame_decile
5,2,0.0,2.0,0.0,3.0,validation_005,validation,ignore,relative_frame_decile
2,912,0.0,2.0,0.0,2.0515350877192984,validation_005,validation,ignore,vote_count_bucket
3,2,1.0,2.0,0.5,2.0,validation_005,validation,tp,relative_frame_decile
4,96,0.3958333333333333,2.0,0.8020833333333334,0.0,validation_005,validation,tp,relative_frame_decile
2,98,0.40816326530612246,2.0,0.7959183673469388,0.04081632653061224,validation_005,validation,tp,vote_count_bucket
0,5892,0.0,1.0,1.0,1.413611676849966,validation_005,validation,fp,relative_frame_decile
1,3989,0.0,1.0,1.0,4.970920030082728,validation_005,validation,fp,relative_frame_decile
2,2437,0.42265080016413625,1.5621665982765696,0.7886745999179319,3.6446450553959786,validation_005,validation,fp,relative_frame_decile
3,1416,0.7048022598870056,2.0,0.6475988700564972,2.6045197740112993,validation_005,validation,fp,relative_frame_decile
4,1804,0.6529933481152993,2.0,0.6735033259423503,0.4861419068736142,validation_005,validation,fp,relative_frame_decile
5,1708,0.572599531615925,2.0,0.7137002341920374,2.7962529274004684,validation_005,validation,fp,relative_frame_decile
6,3508,0.42360319270239455,2.0,0.7881984036488028,0.7642531356898518,validation_005,validation,fp,relative_frame_decile
7,2624,0.3551829268292683,2.0,0.8224085365853658,2.1173780487804876,validation_005,validation,fp,relative_frame_decile
8,4299,0.3151895789718539,2.0,0.842405210514073,1.3698534542916958,validation_005,validation,fp,relative_frame_decile
9,4068,0.0,1.0,1.0,1.5902163225172075,validation_005,validation,fp,relative_frame_decile
1,15016,0.0,1.0,1.0,2.803409696323921,validation_005,validation,fp,vote_count_bucket
2,16729,0.47564110227748224,2.0,0.7621794488612589,1.4872377308864846,validation_005,validation,fp,vote_count_bucket
2,395,0.0,2.0,0.0,1.3291139240506329,validation_005,validation,fn,relative_frame_decile
3,586,0.010238907849829351,2.0,0.005119453924914676,2.65358361774744,validation_005,validation,fn,relative_frame_decile
4,1526,0.022280471821756225,2.0,0.011140235910878113,0.5760157273918742,validation_005,validation,fn,relative_frame_decile
5,1388,0.001440922190201729,2.0,0.0007204610951008645,2.601585014409222,validation_005,validation,fn,relative_frame_decile
6,925,0.0,2.0,0.0,0.6443243243243243,validation_005,validation,fn,relative_frame_decile
7,479,0.0,2.0,0.0,1.4843423799582462,validation_005,validation,fn,relative_frame_decile
2,5299,0.007926023778071334,2.0,0.003963011889035667,1.4865068880920929,validation_005,validation,fn,vote_count_bucket
0,37443,0.0,1.0,0.0,1.505194562401517,validation_005,validation,tn,relative_frame_decile
1,27928,0.0,1.0,0.0,5.008736751647093,validation_005,validation,tn,relative_frame_decile
2,34255,0.06591738432345642,1.7316304189169465,0.03295869216172821,2.5958254269449714,validation_005,validation,tn,relative_frame_decile
3,25373,0.07326685847160368,2.0,0.03663342923580184,2.6685453040633744,validation_005,validation,tn,relative_frame_decile
4,33241,0.0720194939983755,2.0,0.03600974699918775,0.5024818747931771,validation_005,validation,tn,relative_frame_decile
5,25551,0.10915424053853078,2.0,0.05457712026926539,2.665923055849086,validation_005,validation,tn,relative_frame_decile
6,31857,0.11696016574065354,2.0,0.05848008287032677,0.7620617132812255,validation_005,validation,tn,relative_frame_decile
7,22575,0.10578073089700997,2.0,0.052890365448504985,1.9537098560354373,validation_005,validation,tn,relative_frame_decile
8,28157,0.10825016869694924,2.0,0.05412508434847462,1.5388358134744469,validation_005,validation,tn,relative_frame_decile
9,28718,0.0,1.0,0.0,1.4101260533463333,validation_005,validation,tn,relative_frame_decile
1,103282,0.0,1.0,0.0,2.9152224008055616,validation_005,validation,tn,vote_count_bucket
2,191816,0.0962484881344622,2.0,0.0481242440672311,1.5056564624431747,validation_005,validation,tn,vote_count_bucket
0,2038,0.0,1.0,0.5058881256133464,2.4803729146221785,validation_006,validation,valid_positive,relative_frame_decile
1,259,0.0,1.0,0.444015444015444,5.0,validation_006,validation,valid_positive,relative_frame_decile
1,2297,0.0,1.0,0.49891162385720506,2.7644754026991727,validation_006,validation,valid_positive,vote_count_bucket
0,50612,0.0,1.0,0.10487631391764798,2.0182367817908795,validation_006,validation,valid_background,relative_frame_decile
1,45646,0.04015685930859221,1.3885554046356745,0.086371204486702,3.8444551548876134,validation_006,validation,valid_background,relative_frame_decile
2,46551,0.08977250757234001,2.0,0.07128740521148848,2.1905222229382826,validation_006,validation,valid_background,relative_frame_decile
3,50819,0.11495700427005648,2.0,0.10226490092288318,1.1222967787638483,validation_006,validation,valid_background,relative_frame_decile
4,39219,0.13337922945511105,2.0,0.11442158137637369,1.494938677681736,validation_006,validation,valid_background,relative_frame_decile
5,47367,0.07501002807862013,2.0,0.14551269871429476,1.7501636160195917,validation_006,validation,valid_background,relative_frame_decile
6,47155,0.028416922913794933,2.0,0.01936167956738416,0.8029265189269431,validation_006,validation,valid_background,relative_frame_decile
7,47963,0.08692116840064217,2.0,0.10012926630944687,2.215541146300273,validation_006,validation,valid_background,relative_frame_decile
8,47063,0.09194059027261331,2.0,0.08921020759407602,1.1792065954146569,validation_006,validation,valid_background,relative_frame_decile
9,43436,0.09584215857813795,1.7961138226356017,0.14159913435859656,1.1867345059397734,validation_006,validation,valid_background,relative_frame_decile
1,87378,0.0,1.0,0.11257982558538762,3.0765638948018954,validation_006,validation,valid_background,vote_count_bucket
2,378453,0.0915225932942796,2.0,0.09346867378511994,1.481061056458794,validation_006,validation,valid_background,vote_count_bucket
0,710,0.0,1.0,0.22535211267605634,1.2436619718309858,validation_006,validation,ignore,relative_frame_decile
1,111,0.0,1.0,0.24324324324324326,5.0,validation_006,validation,ignore,relative_frame_decile
1,821,0.0,1.0,0.22777101096224117,1.751522533495737,validation_006,validation,ignore,vote_count_bucket
0,1031,0.0,1.0,1.0,2.034917555771096,validation_006,validation,tp,relative_frame_decile
1,115,0.0,1.0,1.0,5.0,validation_006,validation,tp,relative_frame_decile
1,1146,0.0,1.0,1.0,2.332460732984293,validation_006,validation,tp,vote_count_bucket
0,5308,0.0,1.0,1.0,1.8820648078372268,validation_006,validation,fp,relative_frame_decile
1,3698,0.18171984856679285,1.28664142779881,0.9091400757166036,4.420767982693348,validation_006,validation,fp,relative_frame_decile
2,2441,0.49651782056534205,2.0,0.751741089717329,2.018844735764031,validation_006,validation,fp,relative_frame_decile
3,4131,0.44904381505688695,2.0,0.7754780924715565,0.8956669087388042,validation_006,validation,fp,relative_frame_decile
4,3368,0.44418052256532065,2.0,0.7779097387173397,1.2351543942992873,validation_006,validation,fp,relative_frame_decile
5,5920,0.1358108108108108,2.0,0.9320945945945946,1.9618243243243243,validation_006,validation,fp,relative_frame_decile
6,527,0.538899430740038,2.0,0.7305502846299811,1.6470588235294117,validation_006,validation,fp,relative_frame_decile
7,4147,0.3445864480347239,2.0,0.8277067759826381,2.0969375452134074,validation_006,validation,fp,relative_frame_decile
8,3514,0.4208878770631759,2.0,0.7895560614684121,0.836084234490609,validation_006,validation,fp,relative_frame_decile
9,5251,0.2250999809560084,1.639878118453628,0.8874500095219958,0.7469053513616454,validation_006,validation,fp,relative_frame_decile
1,9837,0.0,1.0,1.0,2.6271220900681103,validation_006,validation,fp,vote_count_bucket
2,28468,0.3657791204159056,2.0,0.8171104397920472,1.4514893915975833,validation_006,validation,fp,vote_count_bucket
0,1007,0.0,1.0,0.0,2.9364448857994043,validation_006,validation,fn,relative_frame_decile
1,144,0.0,1.0,0.0,5.0,validation_006,validation,fn,relative_frame_decile
1,1151,0.0,1.0,0.0,3.1946133796698524,validation_006,validation,fn,vote_count_bucket
0,45304,0.0,1.0,0.0,2.0341912413914884,validation_006,validation,tn,relative_frame_decile
1,41948,0.02767712405835797,1.3975398111948125,0.013838562029178984,3.793649280061028,validation_006,validation,tn,relative_frame_decile
2,44110,0.0672636590342326,2.0,0.0336318295171163,2.2000226705962365,validation_006,validation,tn,relative_frame_decile
3,46688,0.08539667580534613,2.0,0.042698337902673064,1.1423492117888965,validation_006,validation,tn,relative_frame_decile
4,35851,0.10418119438788319,2.0,0.052090597193941594,1.519343951354216,validation_006,validation,tn,relative_frame_decile
5,41447,0.06632566892658094,2.0,0.03316283446329047,1.7199314787560016,validation_006,validation,tn,relative_frame_decile
6,46628,0.02264733636441623,2.0,0.011323668182208115,0.7933859483572102,validation_006,validation,tn,relative_frame_decile
7,43816,0.06253423406974622,2.0,0.03126711703487311,2.2267664779989045,validation_006,validation,tn,relative_frame_decile
8,43549,0.06539759810787849,2.0,0.03269879905393924,1.206893384463478,validation_006,validation,tn,relative_frame_decile
9,38185,0.07806730391514993,1.8175985334555453,0.039033651957574966,1.2472174937802802,validation_006,validation,tn,relative_frame_decile
1,77541,0.0,1.0,0.0,3.133580944274642,validation_006,validation,tn,vote_count_bucket
2,349985,0.06921439490263868,2.0,0.03460719745131934,1.4834664342757546,validation_006,validation,tn,vote_count_bucket
2,454,0.04405286343612335,1.550660792951542,0.03524229074889868,3.145374449339207,validation_007,validation,valid_positive,relative_frame_decile
3,583,0.08404802744425385,2.0,0.05060034305317324,1.5334476843910807,validation_007,validation,valid_positive,relative_frame_decile
4,1051,0.08658420551855375,2.0,0.04519505233111323,2.5356803044719314,validation_007,validation,valid_positive,relative_frame_decile
5,1460,0.07260273972602739,2.0,0.03767123287671233,0.32945205479452055,validation_007,validation,valid_positive,relative_frame_decile
6,805,0.06335403726708075,2.0,0.04906832298136646,1.4968944099378882,validation_007,validation,valid_positive,relative_frame_decile
7,243,0.13168724279835392,2.0,0.1522633744855967,3.0,validation_007,validation,valid_positive,relative_frame_decile
1,204,0.0,1.0,0.014705882352941176,7.0,validation_007,validation,valid_positive,vote_count_bucket
2,4392,0.07946265938069216,2.0,0.05043260473588342,1.360200364298725,validation_007,validation,valid_positive,vote_count_bucket
0,28762,0.0,1.0,0.12798136430011822,0.9977053056115708,validation_007,validation,valid_background,relative_frame_decile
1,30787,0.0,1.0,0.10514178062169097,3.9811608795920357,validation_007,validation,valid_background,relative_frame_decile
2,29673,0.03124052168638156,1.3292892528561318,0.07513564519933946,4.362787719475618,validation_007,validation,valid_background,relative_frame_decile
3,19194,0.09054912993643847,2.0,0.08627696155048453,1.484786912576847,validation_007,validation,valid_background,relative_frame_decile
4,31116,0.08310836868492094,2.0,0.07349916441702019,2.660431932124952,validation_007,validation,valid_background,relative_frame_decile
5,32620,0.08991416309012876,2.0,0.07588902513795218,0.32685469037400366,validation_007,validation,valid_background,relative_frame_decile
6,22369,0.06133488309714337,2.0,0.08256962760963833,1.493853100272699,validation_007,validation,valid_background,relative_frame_decile
7,32441,0.1044973952714158,2.0,0.14669708085447428,2.675657347184119,validation_007,validation,valid_background,relative_frame_decile
8,29386,0.06877424623970599,1.678043966514667,0.14372490301504118,1.3222963315864698,validation_007,validation,valid_background,relative_frame_decile
9,26335,0.0,1.0,0.1370039870894247,0.998139358268464,validation_007,validation,valid_background,relative_frame_decile
1,115247,0.0,1.0,0.11231528803352799,2.9101842130380833,validation_007,validation,valid_background,vote_count_bucket
2,167436,0.08938937862825198,2.0,0.1018866910341862,1.508839198260828,validation_007,validation,valid_background,vote_count_bucket
2,30,0.0,2.0,0.0,0.0,validation_007,validation,ignore,relative_frame_decile
5,18,0.05555555555555555,2.0,0.027777777777777776,0.0,validation_007,validation,ignore,relative_frame_decile
2,48,0.020833333333333332,2.0,0.010416666666666666,0.0,validation_007,validation,ignore,vote_count_bucket
2,12,0.5,1.75,0.75,1.75,validation_007,validation,tp,relative_frame_decile
3,27,0.8148148148148148,2.0,0.5925925925925926,1.4814814814814814,validation_007,validation,tp,relative_frame_decile
4,28,0.9285714285714286,2.0,0.5357142857142857,2.4642857142857144,validation_007,validation,tp,relative_frame_decile
5,14,0.8571428571428571,2.0,0.5714285714285714,0.5,validation_007,validation,tp,relative_frame_decile
6,24,0.4166666666666667,2.0,0.7916666666666666,1.5,validation_007,validation,tp,relative_frame_decile
7,28,0.25,2.0,0.875,3.0,validation_007,validation,tp,relative_frame_decile
1,3,0.0,1.0,1.0,7.0,validation_007,validation,tp,vote_count_bucket
2,130,0.6384615384615384,2.0,0.6807692307692308,1.8153846153846154,validation_007,validation,tp,vote_count_bucket
0,3681,0.0,1.0,1.0,0.9921217060581363,validation_007,validation,fp,relative_frame_decile
1,3237,0.0,1.0,1.0,3.9116465863453813,validation_007,validation,fp,relative_frame_decile
2,2115,0.16501182033096926,1.2983451536643027,0.9174940898345154,4.604255319148936,validation_007,validation,fp,relative_frame_decile
3,1548,0.49160206718346255,2.0,0.7541989664082688,1.4605943152454781,validation_007,validation,fp,relative_frame_decile
4,2182,0.5444546287809349,2.0,0.7277726856095326,2.742896425297892,validation_007,validation,fp,relative_frame_decile
5,2293,0.5599651112080244,2.0,0.7200174443959878,0.270824247710423,validation_007,validation,fp,relative_frame_decile
6,1819,0.3617372182517867,2.0,0.8191313908741067,1.4645409565695438,validation_007,validation,fp,relative_frame_decile
7,4501,0.3192623861364141,2.0,0.8403688069317929,2.625194401244168,validation_007,validation,fp,relative_frame_decile
8,4104,0.21710526315789475,1.7724171539961013,0.8914473684210527,1.105263157894737,validation_007,validation,fp,relative_frame_decile
9,3608,0.0,1.0,1.0,0.916019955654102,validation_007,validation,fp,relative_frame_decile
1,12944,0.0,1.0,1.0,2.484471569839308,validation_007,validation,fp,vote_count_bucket
2,16144,0.4068384539147671,2.0,0.7965807730426164,1.5535802775024776,validation_007,validation,fp,vote_count_bucket
2,442,0.03167420814479638,1.5452488687782806,0.01583710407239819,3.183257918552036,validation_007,validation,fn,relative_frame_decile
3,556,0.048561151079136694,2.0,0.024280575539568347,1.5359712230215827,validation_007,validation,fn,relative_frame_decile
4,1023,0.0635386119257087,2.0,0.03176930596285435,2.5376344086021505,validation_007,validation,fn,relative_frame_decile
5,1446,0.06500691562932227,2.0,0.03250345781466114,0.3278008298755187,validation_007,validation,fn,relative_frame_decile
6,781,0.052496798975672214,2.0,0.026248399487836107,1.496798975672215,validation_007,validation,fn,relative_frame_decile
7,215,0.11627906976744186,2.0,0.05813953488372093,3.0,validation_007,validation,fn,relative_frame_decile
1,201,0.0,1.0,0.0,7.0,validation_007,validation,fn,vote_count_bucket
2,4262,0.06241201313937119,2.0,0.031206006569685595,1.346316283435007,validation_007,validation,fn,vote_count_bucket
0,25081,0.0,1.0,0.0,0.9985247797137276,validation_007,validation,tn,relative_frame_decile
1,27550,0.0,1.0,0.0,3.9893284936479128,validation_007,validation,tn,relative_frame_decile
2,27558,0.020973945859641484,1.3316641265694171,0.010486972929820742,4.344255751505915,validation_007,validation,tn,relative_frame_decile
3,17646,0.055366655332653295,2.0,0.027683327666326647,1.4869092145528733,validation_007,validation,tn,relative_frame_decile
4,28934,0.04831685905854704,2.0,0.02415842952927352,2.6542130365659777,validation_007,validation,tn,relative_frame_decile
5,30327,0.05437399017377255,2.0,0.027186995086886274,0.3310911069344149,validation_007,validation,tn,relative_frame_decile
6,20550,0.034744525547445254,2.0,0.017372262773722627,1.4964476885644769,validation_007,validation,tn,relative_frame_decile
7,27940,0.06989978525411596,2.0,0.03494989262705798,2.6837866857551895,validation_007,validation,tn,relative_frame_decile
8,25282,0.04469583102602642,1.6627244680009492,0.02234791551301321,1.357527094375445,validation_007,validation,tn,relative_frame_decile
9,22727,0.0,1.0,0.0,1.0111761341136094,validation_007,validation,tn,relative_frame_decile
1,102303,0.0,1.0,0.0,2.964047975132694,validation_007,validation,tn,vote_count_bucket
2,151292,0.0555151627316712,2.0,0.0277575813658356,1.5040649869127252,validation_007,validation,tn,vote_count_bucket
5,930,0.37311827956989246,2.0,0.18870967741935485,1.9860215053763441,validation_008,validation,valid_positive,relative_frame_decile
6,2738,0.42951059167275385,2.0,0.42074506939371803,1.3962746530314099,validation_008,validation,valid_positive,relative_frame_decile
7,1139,0.35030728709394204,2.0,0.4604916593503073,1.2660228270412643,validation_008,validation,valid_positive,relative_frame_decile
8,1332,0.2882882882882883,2.0,0.2807807807807808,1.5623123123123124,validation_008,validation,valid_positive,relative_frame_decile
2,6139,0.3756312102948363,2.0,0.36259977194982895,1.4974751588206547,validation_008,validation,valid_positive,vote_count_bucket
0,70456,0.0,1.0,0.12305552401498808,2.8258913364369254,validation_008,validation,valid_background,relative_frame_decile
1,50373,0.08589919202747504,1.847557223115558,0.26028824965755465,2.614039267067675,validation_008,validation,valid_background,relative_frame_decile
2,50097,0.11543605405513305,2.0,0.13921991336806594,1.2736091981555782,validation_008,validation,valid_background,relative_frame_decile
3,46857,0.13916810721983908,2.0,0.1314318031457413,1.1334485775871268,validation_008,validation,valid_background,relative_frame_decile
4,64955,0.11952890462627973,2.0,0.16346701562620275,1.58412747286583,validation_008,validation,valid_background,relative_frame_decile
5,58893,0.1425126925101455,2.0,0.10988572495882364,1.9805919209413683,validation_008,validation,valid_background,relative_frame_decile
6,69548,0.14206015988957266,2.0,0.14637372749755564,1.5553862080865013,validation_008,validation,valid_background,relative_frame_decile
7,60351,0.1388046594091233,2.0,0.15846464847309905,1.1021855478782456,validation_008,validation,valid_background,relative_frame_decile
8,69609,0.1283742044850522,2.0,0.1279144938154549,1.2536597279087474,validation_008,validation,valid_background,relative_frame_decile
9,62664,0.08186518575258521,1.7387654793821015,0.1151378782075833,1.5073566960296183,validation_008,validation,valid_background,relative_frame_decile
1,94505,0.0,1.0,0.14046875826675836,2.762721549124385,validation_008,validation,valid_background,vote_count_bucket
2,509298,0.12784460178520238,2.0,0.14645944024912724,1.4972687895888066,validation_008,validation,valid_background,vote_count_bucket
5,571,0.15586690017513136,2.0,0.0796847635726795,2.106830122591944,validation_008,validation,ignore,relative_frame_decile
6,325,0.09846153846153846,2.0,0.13538461538461538,1.2738461538461539,validation_008,validation,ignore,relative_frame_decile
7,109,0.1559633027522936,2.0,0.0871559633027523,0.7706422018348624,validation_008,validation,ignore,relative_frame_decile
8,160,0.08125,2.0,0.078125,0.88125,validation_008,validation,ignore,relative_frame_decile
2,1165,0.1296137339055794,2.0,0.09570815450643777,1.5811158798283262,validation_008,validation,ignore,vote_count_bucket
5,74,0.972972972972973,2.0,0.5135135135135135,1.7297297297297298,validation_008,validation,tp,relative_frame_decile
6,1315,0.5711026615969582,2.0,0.714448669201521,1.7566539923954372,validation_008,validation,tp,relative_frame_decile
7,522,0.3773946360153257,2.0,0.8113026819923371,1.235632183908046,validation_008,validation,tp,relative_frame_decile
8,332,0.45180722891566266,2.0,0.7740963855421686,2.0210843373493974,validation_008,validation,tp,relative_frame_decile
2,2243,0.5216228265715559,2.0,0.739188586714222,1.673651359786001,validation_008,validation,tp,vote_count_bucket
0,8670,0.0,1.0,1.0,3.919377162629758,validation_008,validation,fp,relative_frame_decile
1,13406,0.18335073847530955,1.8343279128748322,0.9083246307623453,2.674772489929882,validation_008,validation,fp,relative_frame_decile
2,6508,0.37261831591886907,2.0,0.8136908420405654,1.0699139520590042,validation_008,validation,fp,relative_frame_decile
3,5597,0.482222619260318,2.0,0.758888690369841,0.8785063426835805,validation_008,validation,fp,relative_frame_decile
4,8618,0.21838013460199582,2.0,0.8908099326990021,1.779647249941982,validation_008,validation,fp,relative_frame_decile
5,4816,0.5276162790697675,2.0,0.7361918604651163,1.8934800664451827,validation_008,validation,fp,relative_frame_decile
6,7901,0.33679281103657766,2.0,0.8316035944817112,1.4227312998354638,validation_008,validation,fp,relative_frame_decile
7,8971,0.4008471742280682,2.0,0.7995764128859659,1.2794560249693456,validation_008,validation,fp,relative_frame_decile
8,8232,0.4611273080660836,2.0,0.7694363459669582,1.3356413994169096,validation_008,validation,fp,relative_frame_decile
9,6796,0.3157739846968805,1.6492054149499706,0.8421130076515597,1.312978222483814,validation_008,validation,fp,relative_frame_decile
1,13275,0.0,1.0,1.0,3.8204143126177024,validation_008,validation,fp,vote_count_bucket
2,66240,0.36539855072463767,2.0,0.8173007246376811,1.4809178743961353,validation_008,validation,fp,vote_count_bucket
5,856,0.3212616822429907,2.0,0.16063084112149534,2.008177570093458,validation_008,validation,fn,relative_frame_decile
6,1423,0.2986647926914968,2.0,0.1493323963457484,1.0632466619817287,validation_008,validation,fn,relative_frame_decile
7,617,0.3273905996758509,2.0,0.16369529983792544,1.2917341977309562,validation_008,validation,fn,relative_frame_decile
8,1000,0.234,2.0,0.117,1.41,validation_008,validation,fn,relative_frame_decile
2,3896,0.2915811088295688,2.0,0.1457905544147844,1.396047227926078,validation_008,validation,fn,vote_count_bucket
0,61786,0.0,1.0,0.0,2.6724500695950537,validation_008,validation,tn,relative_frame_decile
1,36967,0.05055860632455974,1.8523548029323451,0.02527930316227987,2.5920144994184002,validation_008,validation,tn,relative_frame_decile
2,43589,0.07703778476221065,2.0,0.03851889238110533,1.3040216568400285,validation_008,validation,tn,relative_frame_decile
3,41260,0.09263208919049927,2.0,0.046316044595249635,1.1680319922443043,validation_008,validation,tn,relative_frame_decile
4,56337,0.10440740543514919,2.0,0.052203702717574595,1.554218364485152,validation_008,validation,tn,relative_frame_decile
5,54077,0.10821606228156147,2.0,0.054108031140780735,1.9883499454481572,validation_008,validation,tn,relative_frame_decile
6,61647,0.11710221097539215,2.0,0.05855110548769608,1.5723879507518614,validation_008,validation,tn,relative_frame_decile
7,51380,0.09305177111716621,2.0,0.046525885558583106,1.071233943168548,validation_008,validation,tn,relative_frame_decile
8,61377,0.08374472522280332,2.0,0.04187236261140166,1.242664190168956,validation_008,validation,tn,relative_frame_decile
9,55868,0.05341161308799312,1.7496599126512493,0.02670580654399656,1.5310016467387413,validation_008,validation,tn,relative_frame_decile
1,81230,0.0,1.0,0.0,2.5898682752677584,validation_008,validation,tn,vote_count_bucket
2,443058,0.09232876959675708,2.0,0.04616438479837854,1.49971335581346,validation_008,validation,tn,vote_count_bucket
6,1201,0.23980016652789343,2.0,0.537052456286428,0.38884263114071604,validation_009,validation,valid_positive,relative_frame_decile
7,1595,0.1755485893416928,2.0,0.27335423197492165,1.9717868338557993,validation_009,validation,valid_positive,relative_frame_decile
8,429,0.0,2.0,0.0,0.4428904428904429,validation_009,validation,valid_positive,relative_frame_decile
2,3225,0.17612403100775192,2.0,0.3351937984496124,1.1789147286821706,validation_009,validation,valid_positive,vote_count_bucket
0,48886,0.0,1.0,0.034365667062144584,2.556682894898335,validation_009,validation,valid_background,relative_frame_decile
1,45860,0.08687309201918883,1.6238770170082861,0.1620584387265591,3.345813344962931,validation_009,validation,valid_background,relative_frame_decile
2,40150,0.13885429638854296,2.0,0.2544084682440847,1.1632876712328768,validation_009,validation,valid_background,relative_frame_decile
3,49334,0.10939717030850934,2.0,0.14419061904568858,1.7512263347792598,validation_009,validation,valid_background,relative_frame_decile
4,50190,0.1145646543136083,2.0,0.12432755528989839,1.786331938633194,validation_009,validation,valid_background,relative_frame_decile
5,56815,0.11310393382029393,2.0,0.10708439672621667,0.9957405614714424,validation_009,validation,valid_background,relative_frame_decile
6,54138,0.1376297609811962,2.0,0.16425616018323544,1.5492075806272858,validation_009,validation,valid_background,relative_frame_decile
7,55723,0.23936256124042138,2.0,0.1976383181092188,1.9954058467778117,validation_009,validation,valid_background,relative_frame_decile
8,60842,0.13609020084809836,2.0,0.18676243384504126,1.553499227507314,validation_009,validation,valid_background,relative_frame_decile
9,54656,0.069946574941452,1.546143149882904,0.17064000292740047,1.0552912763466042,validation_009,validation,valid_background,relative_frame_decile
1,90941,0.0,1.0,0.07757777020265887,2.8930625350501975,validation_009,validation,valid_background,vote_count_bucket
2,425653,0.14101627381928472,2.0,0.16986606461131484,1.5080687790289273,validation_009,validation,valid_background,vote_count_bucket
6,504,0.3373015873015873,2.0,0.37103174603174605,0.4603174603174603,validation_009,validation,ignore,relative_frame_decile
7,262,0.05343511450381679,2.0,0.16793893129770993,1.9083969465648856,validation_009,validation,ignore,relative_frame_decile
8,71,0.0,2.0,0.0,1.408450704225352,validation_009,validation,ignore,relative_frame_decile
2,837,0.21983273596176822,2.0,0.27598566308243727,0.994026284348865,validation_009,validation,ignore,vote_count_bucket
6,689,0.2728592162554427,2.0,0.8635703918722787,0.3483309143686502,validation_009,validation,tp,relative_frame_decile
7,449,0.34075723830734966,2.0,0.8296213808463252,1.5701559020044544,validation_009,validation,tp,relative_frame_decile
2,1138,0.29964850615114236,2.0,0.8501757469244289,0.8304042179261862,validation_009,validation,tp,vote_count_bucket
0,1680,0.0,1.0,1.0,2.5648809523809524,validation_009,validation,fp,relative_frame_decile
1,7480,0.2727272727272727,1.722860962566845,0.8636363636363636,3.0053475935828877,validation_009,validation,fp,relative_frame_decile
2,10612,0.300131926121372,2.0,0.849934036939314,1.097342630983792,validation_009,validation,fp,relative_frame_decile
3,7075,0.3759717314487632,2.0,0.8120141342756184,2.147703180212014,validation_009,validation,fp,relative_frame_decile
4,6116,0.4498037933289732,2.0,0.7750981033355134,1.9115434924787442,validation_009,validation,fp,relative_frame_decile
5,5292,0.4574829931972789,2.0,0.7712585034013606,1.0803099017384732,validation_009,validation,fp,relative_frame_decile
6,7838,0.34077570808879815,2.0,0.829612145955601,1.415667262056647,validation_009,validation,fp,relative_frame_decile
7,7913,0.4510299507140149,2.0,0.7744850246429925,2.054846455200303,validation_009,validation,fp,relative_frame_decile
8,11175,0.35364653243847877,2.0,0.8231767337807606,1.6305145413870246,validation_009,validation,fp,relative_frame_decile
9,9544,0.2230720871751886,1.6540234702430847,0.8884639564124057,1.0742875104777871,validation_009,validation,fp,relative_frame_decile
1,7055,0.0,1.0,1.0,3.116513111268604,validation_009,validation,fp,vote_count_bucket
2,67670,0.37502586079503475,2.0,0.8124870696024826,1.549874390424117,validation_009,validation,fp,vote_count_bucket
6,512,0.1953125,2.0,0.09765625,0.443359375,validation_009,validation,fn,relative_frame_decile
7,1146,0.11082024432809773,2.0,0.055410122164048864,2.1291448516579408,validation_009,validation,fn,relative_frame_decile
8,429,0.0,2.0,0.0,0.4428904428904429,validation_009,validation,fn,relative_frame_decile
2,2087,0.10876856732151413,2.0,0.054384283660757066,1.3689506468615238,validation_009,validation,fn,vote_count_bucket
0,47206,0.0,1.0,0.0,2.5563911367199084,validation_009,validation,tn,relative_frame_decile
1,38380,0.05065138092756644,1.6045857217300676,0.02532569046378322,3.412167795726941,validation_009,validation,tn,relative_frame_decile
2,29538,0.08091272259462387,2.0,0.040456361297311935,1.1869794840544383,validation_009,validation,tn,relative_frame_decile
3,42259,0.06476726851084975,2.0,0.03238363425542488,1.6848481980169905,validation_009,validation,tn,relative_frame_decile
4,44074,0.06804465217588601,2.0,0.034022326087943006,1.7689567545491673,validation_009,validation,tn,relative_frame_decile
5,51523,0.0777322749063525,2.0,0.03886613745317625,0.9870543252527997,validation_009,validation,tn,relative_frame_decile
6,46300,0.10323974082073434,2.0,0.05161987041036717,1.5718142548596112,validation_009,validation,tn,relative_frame_decile
7,47810,0.20432963815101443,2.0,0.10216481907550722,1.985567872829952,validation_009,validation,tn,relative_frame_decile
8,49667,0.08714035476271971,2.0,0.043570177381359855,1.5361708981818913,validation_009,validation,tn,relative_frame_decile
9,45112,0.03755098421705976,1.5233197375421175,0.01877549210852988,1.0512723887214046,validation_009,validation,tn,relative_frame_decile
1,83886,0.0,1.0,0.0,2.874269842405169,validation_009,validation,tn,vote_count_bucket
2,357983,0.09678113206493046,2.0,0.04839056603246523,1.500166209009925,validation_009,validation,tn,vote_count_bucket
5,472,0.0,2.0,0.0,1.451271186440678,validation_010,validation,valid_positive,relative_frame_decile
6,1188,0.0,2.0,0.0,1.6498316498316499,validation_010,validation,valid_positive,relative_frame_decile
7,962,0.0,2.0,0.0,1.5207900207900207,validation_010,validation,valid_positive,relative_frame_decile
8,886,0.0,2.0,0.0,1.7325056433408579,validation_010,validation,valid_positive,relative_frame_decile
2,3508,0.0,2.0,0.0,1.6086088939566705,validation_010,validation,valid_positive,vote_count_bucket
0,57181,0.0,1.0,0.12689529738899286,1.993162064322065,validation_010,validation,valid_background,relative_frame_decile
1,44496,0.018293779216109314,1.2493482560230134,0.13598975188781015,4.494965839626034,validation_010,validation,valid_background,relative_frame_decile
2,54420,0.07258360896729144,2.0,0.13978316795295848,2.1883866225652335,validation_010,validation,valid_background,relative_frame_decile
3,41506,0.08702356285838192,2.0,0.12675275863730545,0.48995325976967186,validation_010,validation,valid_background,relative_frame_decile
4,48937,0.06645278623536384,2.0,0.12761305351778818,2.2372029343850257,validation_010,validation,valid_background,relative_frame_decile
5,29697,0.08118665185035526,2.0,0.12642691180927365,0.7547563726975789,validation_010,validation,valid_background,relative_frame_decile
6,38876,0.0947628356826834,2.0,0.15418252906677643,1.8068216894742257,validation_010,validation,valid_background,relative_frame_decile
7,31571,0.107408697855627,2.0,0.09643343574799658,1.526305786956384,validation_010,validation,valid_background,relative_frame_decile
8,37466,0.06016121283296856,1.7998185021085784,0.06477873271766402,2.212806277691774,validation_010,validation,valid_background,relative_frame_decile
9,39127,0.0,1.0,0.08766325044087203,1.8884146497303653,validation_010,validation,valid_background,relative_frame_decile
1,137209,0.0,1.0,0.11441669278254342,3.1001392036965507,validation_010,validation,valid_background,vote_count_bucket
2,286068,0.08168687165289372,2.0,0.12364542696142176,1.5211697917977545,validation_010,validation,valid_background,vote_count_bucket
7,29,0.0,2.0,0.0,1.5172413793103448,validation_010,validation,ignore,relative_frame_decile
8,2,0.0,2.0,0.0,0.0,validation_010,validation,ignore,relative_frame_decile
2,31,0.0,2.0,0.0,1.4193548387096775,validation_010,validation,ignore,vote_count_bucket
0,7256,0.0,1.0,1.0,2.009922822491731,validation_010,validation,fp,relative_frame_decile
1,5954,0.05206583809203896,1.250083977158213,0.9739670809539805,4.4729593550554245,validation_010,validation,fp,relative_frame_decile
2,7029,0.19874804381846636,2.0,0.9006259780907668,2.193910940389814,validation_010,validation,fp,relative_frame_decile
3,4584,0.24629144851657941,2.0,0.8768542757417103,0.48778359511343805,validation_010,validation,fp,relative_frame_decile
4,5696,0.18908005617977527,2.0,0.9054599719101124,2.276685393258427,validation_010,validation,fp,relative_frame_decile
5,3468,0.26499423298731256,2.0,0.8675028835063437,0.9328143021914648,validation_010,validation,fp,relative_frame_decile
6,5455,0.2388634280476627,2.0,0.8805682859761687,1.8221814848762603,validation_010,validation,fp,relative_frame_decile
7,2637,0.48843382631778537,2.0,0.7557830868411073,1.2878270762229806,validation_010,validation,fp,relative_frame_decile
8,2112,0.38446969696969696,1.740530303030303,0.8077651515151515,2.328598484848485,validation_010,validation,fp,relative_frame_decile
9,3430,0.0,1.0,1.0,1.9329446064139941,validation_010,validation,fp,relative_frame_decile
1,15699,0.0,1.0,1.0,3.2222434549971335,validation_010,validation,fp,vote_count_bucket
2,31922,0.2579725581103941,2.0,0.871013720944803,1.5467075997744502,validation_010,validation,fp,vote_count_bucket
5,472,0.0,2.0,0.0,1.451271186440678,validation_010,validation,fn,relative_frame_decile
6,1188,0.0,2.0,0.0,1.6498316498316499,validation_010,validation,fn,relative_frame_decile
7,962,0.0,2.0,0.0,1.5207900207900207,validation_010,validation,fn,relative_frame_decile
8,886,0.0,2.0,0.0,1.7325056433408579,validation_010,validation,fn,relative_frame_decile
2,3508,0.0,2.0,0.0,1.6086088939566705,validation_010,validation,fn,vote_count_bucket
0,49925,0.0,1.0,0.0,1.9907260891337006,validation_010,validation,tn,relative_frame_decile
1,38542,0.013076643661460226,1.2492346012142597,0.006538321830730113,4.498365419542317,validation_010,validation,tn,relative_frame_decile
2,47391,0.0538709881623093,2.0,0.02693549408115465,2.1875672596062543,validation_010,validation,tn,relative_frame_decile
3,36922,0.06724987812144521,2.0,0.03362493906072261,0.49022263149341855,validation_010,validation,tn,relative_frame_decile
4,43241,0.05029948428574732,2.0,0.02514974214287366,2.232002035105571,validation_010,validation,tn,relative_frame_decile
5,26229,0.05688360211979107,2.0,0.028441801059895536,0.7312135422623813,validation_010,validation,tn,relative_frame_decile
6,33421,0.07124263187816043,2.0,0.03562131593908022,1.8043146524640197,validation_010,validation,tn,relative_frame_decile
7,28934,0.07268265708163406,2.0,0.03634132854081703,1.5480403677334624,validation_010,validation,tn,relative_frame_decile
8,35354,0.04078746393618827,1.8033602986932171,0.020393731968094134,2.2058890083158906,validation_010,validation,tn,relative_frame_decile
9,35697,0.0,1.0,0.0,1.8841359217861444,validation_010,validation,tn,relative_frame_decile
1,121510,0.0,1.0,0.0,3.084363426878446,validation_010,validation,tn,vote_count_bucket
2,254146,0.05954451378341583,2.0,0.029772256891707916,1.51796211626388,validation_010,validation,tn,vote_count_bucket
4,181,0.30386740331491713,2.0,0.3011049723756906,0.574585635359116,validation_011,validation,valid_positive,relative_frame_decile
5,504,0.0992063492063492,2.0,0.873015873015873,2.5615079365079363,validation_011,validation,valid_positive,relative_frame_decile
6,163,0.024539877300613498,2.0,0.8834355828220859,3.0,validation_011,validation,valid_positive,relative_frame_decile
2,848,0.12853773584905662,2.0,0.7529481132075472,2.2216981132075473,validation_011,validation,valid_positive,vote_count_bucket
0,22330,0.0,1.0,0.18419167039856696,0.5113748320644872,validation_011,validation,valid_background,relative_frame_decile
1,22479,0.0,1.0,0.1806130165932648,2.50215756928689,validation_011,validation,valid_background,relative_frame_decile
2,21905,0.0,1.0,0.1942478886099064,4.511755307007532,validation_011,validation,valid_background,relative_frame_decile
3,22403,0.0,1.0,0.15319376869169307,6.498549301432844,validation_011,validation,valid_background,relative_frame_decile
4,20659,0.11302579989350889,2.0,0.11503460961324362,0.5099472384916985,validation_011,validation,valid_background,relative_frame_decile
5,19239,0.06278912625396331,2.0,0.07786267477519622,2.511461094651489,validation_011,validation,valid_background,relative_frame_decile
6,19085,0.093633743777836,2.0,0.13604925334031961,2.5174220592088026,validation_011,validation,valid_background,relative_frame_decile
7,17859,0.09239039139929447,2.0,0.09653396046811132,0.5044515370401478,validation_011,validation,valid_background,relative_frame_decile
8,18455,0.0,1.0,0.08089948523435384,2.5122189108642643,validation_011,validation,valid_background,relative_frame_decile
9,18527,0.0,1.0,0.11356398769363632,0.4871808711610083,validation_011,validation,valid_background,relative_frame_decile
1,126099,0.0,1.0,0.15429939967803075,2.9141468211484627,validation_011,validation,valid_background,vote_count_bucket
2,76842,0.09083574087087791,2.0,0.1066474063663101,1.508380833398402,validation_011,validation,valid_background,vote_count_bucket
4,136,0.029411764705882353,2.0,0.35294117647058826,1.0,validation_011,validation,ignore,relative_frame_decile
5,113,0.07079646017699115,2.0,0.7787610619469026,2.5132743362831858,validation_011,validation,ignore,relative_frame_decile
6,50,0.06,2.0,0.75,3.0,validation_011,validation,ignore,relative_frame_decile
2,299,0.05016722408026756,2.0,0.580267558528428,1.9063545150501673,validation_011,validation,ignore,vote_count_bucket
4,60,0.55,2.0,0.725,1.0,validation_011,validation,tp,relative_frame_decile
5,462,0.10173160173160173,2.0,0.9491341991341992,2.601731601731602,validation_011,validation,tp,relative_frame_decile
6,144,0.013888888888888888,2.0,0.9930555555555556,3.0,validation_011,validation,tp,relative_frame_decile
2,666,0.12312312312312312,2.0,0.9384384384384384,2.5435435435435436,validation_011,validation,tp,vote_count_bucket
0,4113,0.0,1.0,1.0,0.5290542183321176,validation_011,validation,fp,relative_frame_decile
1,4060,0.0,1.0,1.0,2.5204433497536947,validation_011,validation,fp,relative_frame_decile
2,4255,0.0,1.0,1.0,4.527614571092832,validation_011,validation,fp,relative_frame_decile
3,3432,0.0,1.0,1.0,6.43065268065268,validation_011,validation,fp,relative_frame_decile
4,2253,0.4633821571238349,2.0,0.7683089214380826,0.4695960940967599,validation_011,validation,fp,relative_frame_decile
5,1198,0.25375626043405675,2.0,0.8731218697829716,2.337228714524207,validation_011,validation,fp,relative_frame_decile
6,2500,0.3188,2.0,0.8406,2.4848,validation_011,validation,fp,relative_frame_decile
7,1382,0.34949348769898697,2.0,0.8252532561505065,0.5007235890014472,validation_011,validation,fp,relative_frame_decile
8,1493,0.0,1.0,1.0,2.51707970529136,validation_011,validation,fp,relative_frame_decile
9,2104,0.0,1.0,1.0,0.4790874524714829,validation_011,validation,fp,relative_frame_decile
1,19457,0.0,1.0,1.0,3.007143958472529,validation_011,validation,fp,vote_count_bucket
2,7333,0.3583799263602891,2.0,0.8208100368198554,1.4676121641892814,validation_011,validation,fp,vote_count_bucket
4,121,0.18181818181818182,2.0,0.09090909090909091,0.36363636363636365,validation_011,validation,fn,relative_frame_decile
5,42,0.07142857142857142,2.0,0.03571428571428571,2.119047619047619,validation_011,validation,fn,relative_frame_decile
6,19,0.10526315789473684,2.0,0.05263157894736842,3.0,validation_011,validation,fn,relative_frame_decile
2,182,0.14835164835164835,2.0,0.07417582417582418,1.043956043956044,validation_011,validation,fn,vote_count_bucket
0,18217,0.0,1.0,0.0,0.5073832134819125,validation_011,validation,tn,relative_frame_decile
1,18419,0.0,1.0,0.0,2.49812693414409,validation_011,validation,tn,relative_frame_decile
2,17650,0.0,1.0,0.0,4.5079320113314445,validation_011,validation,tn,relative_frame_decile
3,18971,0.0,1.0,0.0,6.510832323019345,validation_011,validation,tn,relative_frame_decile
4,18406,0.0701401716831468,2.0,0.0350700858415734,0.5148864500706292,validation_011,validation,tn,relative_frame_decile
5,18041,0.05010808713485949,2.0,0.025054043567429744,2.5230308741200598,validation_011,validation,tn,relative_frame_decile
6,16585,0.059692493216762135,2.0,0.029846246608381068,2.5223394633705154,validation_011,validation,tn,relative_frame_decile
7,16477,0.07082599987861868,2.0,0.03541299993930934,0.5047642167870364,validation_011,validation,tn,relative_frame_decile
8,16962,0.0,1.0,0.0,2.51179106237472,validation_011,validation,tn,relative_frame_decile
9,16423,0.0,1.0,0.0,0.4882177434086342,validation_011,validation,tn,relative_frame_decile
1,106642,0.0,1.0,0.0,2.8971793477241614,validation_011,validation,tn,vote_count_bucket
2,69509,0.06261059718885324,2.0,0.03130529859442662,1.5126818109885052,validation_011,validation,tn,vote_count_bucket
2,189,0.0,1.0,0.91005291005291,5.0,validation_012,validation,valid_positive,relative_frame_decile
3,382,0.0,1.0,0.743455497382199,6.442408376963351,validation_012,validation,valid_positive,relative_frame_decile
4,337,0.08605341246290801,2.0,0.9510385756676558,0.49851632047477745,validation_012,validation,valid_positive,relative_frame_decile
5,393,0.1272264631043257,2.0,0.8880407124681934,2.4580152671755724,validation_012,validation,valid_positive,relative_frame_decile
6,412,0.15776699029126215,2.0,0.316747572815534,2.5266990291262137,validation_012,validation,valid_positive,relative_frame_decile
7,127,0.0,2.0,0.0,1.0,validation_012,validation,valid_positive,relative_frame_decile
1,571,0.0,1.0,0.7985989492119089,5.964973730297723,validation_012,validation,valid_positive,vote_count_bucket
2,1269,0.11347517730496454,2.0,0.6304176516942475,1.814026792750197,validation_012,validation,valid_positive,vote_count_bucket
0,18848,0.0,1.0,0.17540322580645162,0.52955220713073,validation_012,validation,valid_background,relative_frame_decile
1,21463,0.0,1.0,0.13171504449517774,2.489120812561152,validation_012,validation,valid_background,relative_frame_decile
2,21863,0.0,1.0,0.1833234231349769,4.512006586470292,validation_012,validation,valid_background,relative_frame_decile
3,21778,0.0,1.0,0.17246762788134815,6.495040866929929,validation_012,validation,valid_background,relative_frame_decile
4,22289,0.0942617434609,2.0,0.15767867557988247,0.5207052806317017,validation_012,validation,valid_background,relative_frame_decile
5,22878,0.08431681091004459,2.0,0.12800507037328437,2.497814494273975,validation_012,validation,valid_background,relative_frame_decile
6,22720,0.08477112676056338,2.0,0.14212147887323945,2.506558098591549,validation_012,validation,valid_background,relative_frame_decile
7,22235,0.09449066786597707,2.0,0.10242860355295705,0.50371036653924,validation_012,validation,valid_background,relative_frame_decile
8,21089,0.0,1.0,0.07890369386884158,2.49917018350799,validation_012,validation,valid_background,relative_frame_decile
9,21141,0.0,1.0,0.08074357882787002,0.5023414218816518,validation_012,validation,valid_background,relative_frame_decile
1,126182,0.0,1.0,0.1368499469020938,2.9071103643942875,validation_012,validation,valid_background,vote_count_bucket
2,90122,0.08940103415370276,2.0,0.13259248574155033,1.519051951798673,validation_012,validation,valid_background,vote_count_bucket
2,117,0.0,1.0,0.20512820512820512,5.0,validation_012,validation,ignore,relative_frame_decile
3,149,0.0,1.0,0.12080536912751678,6.785234899328859,validation_012,validation,ignore,relative_frame_decile
4,209,0.10526315789473684,2.0,0.0861244019138756,0.4449760765550239,validation_012,validation,ignore,relative_frame_decile
5,238,0.06302521008403361,2.0,0.06092436974789916,2.46218487394958,validation_012,validation,ignore,relative_frame_decile
7,1,0.0,2.0,0.0,1.0,validation_012,validation,ignore,relative_frame_decile
1,266,0.0,1.0,0.15789473684210525,6.0,validation_012,validation,ignore,vote_count_bucket
2,448,0.08258928571428571,2.0,0.07254464285714286,1.5178571428571428,validation_012,validation,ignore,vote_count_bucket
2,172,0.0,1.0,1.0,5.0,validation_012,validation,tp,relative_frame_decile
3,284,0.0,1.0,1.0,6.524647887323944,validation_012,validation,tp,relative_frame_decile
4,330,0.07272727272727272,2.0,0.9636363636363636,0.503030303030303,validation_012,validation,tp,relative_frame_decile
5,355,0.08732394366197183,2.0,0.956338028169014,2.456338028169014,validation_012,validation,tp,relative_frame_decile
6,125,0.216,2.0,0.892,2.696,validation_012,validation,tp,relative_frame_decile
1,456,0.0,1.0,1.0,5.949561403508772,validation_012,validation,tp,vote_count_bucket
2,810,0.10123456790123457,2.0,0.9493827160493827,1.6975308641975309,validation_012,validation,tp,vote_count_bucket
0,3306,0.0,1.0,1.0,0.4879007864488808,validation_012,validation,fp,relative_frame_decile
1,2827,0.0,1.0,1.0,2.526706756278741,validation_012,validation,fp,relative_frame_decile
2,4008,0.0,1.0,1.0,4.461826347305389,validation_012,validation,fp,relative_frame_decile
3,3756,0.0,1.0,1.0,6.5042598509052185,validation_012,validation,fp,relative_frame_decile
4,3468,0.2895040369088812,2.0,0.8552479815455594,0.48788927335640137,validation_012,validation,fp,relative_frame_decile
5,2949,0.3340115293319769,2.0,0.8329942353340115,2.4699898270600205,validation_012,validation,fp,relative_frame_decile
6,3062,0.2599608099281515,2.0,0.8700195950359242,2.5166557805355976,validation_012,validation,fp,relative_frame_decile
7,2054,0.4026290165530672,2.0,0.7986854917234664,0.6056475170399221,validation_012,validation,fp,relative_frame_decile
8,1664,0.0,1.0,1.0,2.4993990384615383,validation_012,validation,fp,relative_frame_decile
9,1707,0.0,1.0,1.0,0.5454012888107791,validation_012,validation,fp,relative_frame_decile
1,17268,0.0,1.0,1.0,3.252200602270095,validation_012,validation,fp,vote_count_bucket
2,11533,0.31318824243475246,2.0,0.8434058787826237,1.5543223792595162,validation_012,validation,fp,vote_count_bucket
2,17,0.0,1.0,0.0,5.0,validation_012,validation,fn,relative_frame_decile
3,98,0.0,1.0,0.0,6.204081632653061,validation_012,validation,fn,relative_frame_decile
4,7,0.7142857142857143,2.0,0.35714285714285715,0.2857142857142857,validation_012,validation,fn,relative_frame_decile
5,38,0.5,2.0,0.25,2.473684210526316,validation_012,validation,fn,relative_frame_decile
6,287,0.13240418118466898,2.0,0.06620209059233449,2.4529616724738674,validation_012,validation,fn,relative_frame_decile
7,127,0.0,2.0,0.0,1.0,validation_012,validation,fn,relative_frame_decile
1,115,0.0,1.0,0.0,6.026086956521739,validation_012,validation,fn,vote_count_bucket
2,459,0.13507625272331156,2.0,0.06753812636165578,2.019607843137255,validation_012,validation,fn,vote_count_bucket
0,15542,0.0,1.0,0.0,0.5384120447818813,validation_012,validation,tn,relative_frame_decile
1,18636,0.0,1.0,0.0,2.4834191886670958,validation_012,validation,tn,relative_frame_decile
2,17855,0.0,1.0,0.0,4.523270792495099,validation_012,validation,tn,relative_frame_decile
3,18022,0.0,1.0,0.0,6.49311952058595,validation_012,validation,tn,relative_frame_decile
4,18821,0.05828595717549546,2.0,0.02914297858774773,0.5267520323043409,validation_012,validation,tn,relative_frame_decile
5,19929,0.04736815695719805,2.0,0.023684078478599026,2.5019318580962415,validation_012,validation,tn,relative_frame_decile
6,19658,0.057482958591921866,2.0,0.028741479295960933,2.5049852477362906,validation_012,validation,tn,relative_frame_decile
7,20181,0.06312868539715574,2.0,0.03156434269857787,0.4933353153956692,validation_012,validation,tn,relative_frame_decile
8,19425,0.0,1.0,0.0,2.4991505791505793,validation_012,validation,tn,relative_frame_decile
9,19434,0.0,1.0,0.0,0.4985592260985901,validation_012,validation,tn,relative_frame_decile
1,108914,0.0,1.0,0.0,2.852397304295132,validation_012,validation,tn,vote_count_bucket
2,78589,0.05656007838247083,2.0,0.028280039191235416,1.5138759877336523,validation_012,validation,tn,vote_count_bucket
5,703,0.19203413940256045,2.0,0.3079658605974395,1.9118065433854907,validation_013,validation,valid_positive,relative_frame_decile
6,1095,0.2264840182648402,2.0,0.44474885844748857,1.3415525114155251,validation_013,validation,valid_positive,relative_frame_decile
7,349,0.0057306590257879654,2.0,0.0028653295128939827,0.0,validation_013,validation,valid_positive,relative_frame_decile
2,2147,0.1793199813693526,2.0,0.3281322775966465,1.3102002794597112,validation_013,validation,valid_positive,vote_count_bucket
0,38882,0.0,1.0,0.0861581194383005,1.5247672444833085,validation_013,validation,valid_background,relative_frame_decile
1,30821,0.0,1.0,0.09188540280977256,5.016806722689076,validation_013,validation,valid_background,relative_frame_decile
2,28301,0.07858379562559627,1.647750962863503,0.10826472562806969,2.7899014169110634,validation_013,validation,valid_background,relative_frame_decile
3,37131,0.12369718025369637,2.0,0.13300207373892434,2.491260671675958,validation_013,validation,valid_background,relative_frame_decile
4,29717,0.11259548406635932,2.0,0.1784500454285426,0.3343540734259851,validation_013,validation,valid_background,relative_frame_decile
5,29341,0.11131181622984902,2.0,0.18162298490167342,1.9910023516580893,validation_013,validation,valid_background,relative_frame_decile
6,38246,0.05726089002771532,2.0,0.09313392250169952,1.4999215604246197,validation_013,validation,valid_background,relative_frame_decile
7,25636,0.14409424247152441,2.0,0.10091277890466531,0.9829926665626463,validation_013,validation,valid_background,relative_frame_decile
8,25863,0.18509067006921084,2.0,0.1144685457990179,2.653636469087113,validation_013,validation,valid_background,relative_frame_decile
9,35151,0.0732553839151091,1.5140394298881967,0.12328241017325253,0.5002418138886519,validation_013,validation,valid_background,relative_frame_decile
1,96754,0.0,1.0,0.09667817351220621,3.0186142175000517,validation_013,validation,valid_background,vote_count_bucket
2,222335,0.11997661186947624,2.0,0.1300087705489464,1.4862302381541368,validation_013,validation,valid_background,vote_count_bucket
5,51,0.13725490196078433,2.0,0.06862745098039216,1.6470588235294117,validation_013,validation,ignore,relative_frame_decile
6,27,0.07407407407407407,2.0,0.037037037037037035,2.962962962962963,validation_013,validation,ignore,relative_frame_decile
7,2,0.0,2.0,0.0,0.0,validation_013,validation,ignore,relative_frame_decile
2,80,0.1125,2.0,0.05625,2.05,validation_013,validation,ignore,vote_count_bucket
5,212,0.2971698113207547,2.0,0.8514150943396226,2.556603773584906,validation_013,validation,tp,relative_frame_decile
6,517,0.2978723404255319,2.0,0.851063829787234,1.7756286266924566,validation_013,validation,tp,relative_frame_decile
2,729,0.29766803840877915,2.0,0.8511659807956105,2.0027434842249656,validation_013,validation,tp,vote_count_bucket
0,3350,0.0,1.0,1.0,1.557313432835821,validation_013,validation,fp,relative_frame_decile
1,2832,0.0,1.0,1.0,4.896539548022599,validation_013,validation,fp,relative_frame_decile
2,2572,0.2410575427682737,1.662130637636081,0.8794712286158631,2.6936236391912907,validation_013,validation,fp,relative_frame_decile
3,3947,0.33063085888016214,2.0,0.834684570559919,2.4864454015708133,validation_013,validation,fp,relative_frame_decile
4,4847,0.2510831442129152,2.0,0.8744584278935424,0.29894780276459665,validation_013,validation,fp,relative_frame_decile
5,5509,0.3290978398983482,2.0,0.8354510800508259,2.0671628244690505,validation_013,validation,fp,relative_frame_decile
6,3381,0.27033422064477963,2.0,0.8648328896776102,1.7074829931972788,validation_013,validation,fp,relative_frame_decile
7,1511,0.5102581072137657,2.0,0.7448709463931171,1.2250165453342157,validation_013,validation,fp,relative_frame_decile
8,1506,0.6235059760956175,2.0,0.6882470119521913,2.596281540504648,validation_013,validation,fp,relative_frame_decile
9,3592,0.1520044543429844,1.3588530066815145,0.9239977728285078,0.5139198218262806,validation_013,validation,fp,relative_frame_decile
1,9354,0.0,1.0,1.0,2.811310669232414,validation_013,validation,fp,vote_count_bucket
2,23693,0.3429282910564302,2.0,0.8285358544717849,1.5087156544126958,validation_013,validation,fp,vote_count_bucket
5,491,0.14663951120162932,2.0,0.07331975560081466,1.6334012219959266,validation_013,validation,fn,relative_frame_decile
6,578,0.16262975778546712,2.0,0.08131487889273356,0.9532871972318339,validation_013,validation,fn,relative_frame_decile
7,349,0.0057306590257879654,2.0,0.0028653295128939827,0.0,validation_013,validation,fn,relative_frame_decile
2,1418,0.11847672778561354,2.0,0.05923836389280677,0.9541607898448519,validation_013,validation,fn,vote_count_bucket
0,35532,0.0,1.0,0.0,1.5216987504221546,validation_013,validation,tn,relative_frame_decile
1,27989,0.0,1.0,0.0,5.028975669012826,validation_013,validation,tn,relative_frame_decile
2,25729,0.06234210424035135,1.646313498387034,0.031171052120175676,2.7995258268879475,validation_013,validation,tn,relative_frame_decile
3,33184,0.09908389585342334,2.0,0.04954194792671167,2.491833413693346,validation_013,validation,tn,relative_frame_decile
4,24870,0.08560514676316848,2.0,0.04280257338158424,0.34125452352231606,validation_013,validation,tn,relative_frame_decile
5,23832,0.0609684457871769,2.0,0.03048422289358845,1.9733971131252097,validation_013,validation,tn,relative_frame_decile
6,34865,0.03659830775849706,2.0,0.01829915387924853,1.4797934891725226,validation_013,validation,tn,relative_frame_decile
7,24125,0.12116062176165802,2.0,0.06058031088082901,0.9678341968911917,validation_013,validation,tn,relative_frame_decile
8,24357,0.15798333128053538,2.0,0.07899166564026769,2.6571827400747217,validation_013,validation,tn,relative_frame_decile
9,31559,0.06429227795557527,1.5317025254285623,0.03214613897778763,0.49868500269336796,validation_013,validation,tn,relative_frame_decile
1,87400,0.0,1.0,0.0,3.0408009153318076,validation_013,validation,tn,vote_count_bucket
2,198642,0.0933840778888654,2.0,0.0466920389444327,1.483548292908851,validation_013,validation,tn,vote_count_bucket
2,1715,0.3201166180758018,2.0,0.34606413994169094,1.22332361516035,validation_014,validation,valid_positive,relative_frame_decile
3,2559,0.17663149667839,2.0,0.5158264947245017,1.8405627198124268,validation_014,validation,valid_positive,relative_frame_decile
4,1964,0.21690427698574338,2.0,0.3905295315682281,0.8233197556008147,validation_014,validation,valid_positive,relative_frame_decile
5,2767,0.2743043006866643,2.0,0.34568124322370797,1.604264546440188,validation_014,validation,valid_positive,relative_frame_decile
6,2994,0.21643286573146292,2.0,0.530060120240481,1.6810287241148965,validation_014,validation,valid_positive,relative_frame_decile
7,520,0.2673076923076923,2.0,0.7682692307692308,0.5,validation_014,validation,valid_positive,relative_frame_decile
2,12519,0.23747903187155522,2.0,0.4491972202252576,1.450355459701254,validation_014,validation,valid_positive,vote_count_bucket
0,53015,0.0,1.0,0.08752239932094691,2.388493822503065,validation_014,validation,valid_background,relative_frame_decile
1,46239,0.036614113627024804,1.6264192564718094,0.05074720474058695,3.047578883626376,validation_014,validation,valid_background,relative_frame_decile
2,49936,0.07157161166292855,2.0,0.053488465235501444,1.8032281320089716,validation_014,validation,valid_background,relative_frame_decile
3,57661,0.08673106605851442,2.0,0.10736026083487973,1.8616222403357556,validation_014,validation,valid_background,relative_frame_decile
4,49787,0.07252897342679816,2.0,0.10140197240243437,0.7787575069797337,validation_014,validation,valid_background,relative_frame_decile
5,47881,0.08138927758401036,2.0,0.16187005283933084,1.7937595288318957,validation_014,validation,valid_background,relative_frame_decile
6,57731,0.0954426564584019,2.0,0.09781573158268521,1.8403977066047703,validation_014,validation,valid_background,relative_frame_decile
7,50693,0.10048724675990768,2.0,0.09695618724478725,0.8147081451087922,validation_014,validation,valid_background,relative_frame_decile
8,50360,0.10778395552025417,2.0,0.1414217633042097,1.8043685464654489,validation_014,validation,valid_background,relative_frame_decile
9,51006,0.0,1.0,0.10534054817080343,2.555581696271027,validation_014,validation,valid_background,relative_frame_decile
1,121295,0.0,1.0,0.09302939115379859,3.0430190857001524,validation_014,validation,valid_background,vote_count_bucket
2,393014,0.08602238088210598,2.0,0.1028462090408993,1.4993206348883246,validation_014,validation,valid_background,vote_count_bucket
2,831,0.11913357400722022,2.0,0.22202166064981949,0.7364620938628159,validation_014,validation,ignore,relative_frame_decile
3,1885,0.15225464190981433,2.0,0.25649867374005303,1.7320954907161803,validation_014,validation,ignore,relative_frame_decile
4,946,0.21775898520084566,2.0,0.20507399577167018,0.7156448202959831,validation_014,validation,ignore,relative_frame_decile
5,626,0.2220447284345048,2.0,0.16533546325878595,1.5207667731629393,validation_014,validation,ignore,relative_frame_decile
6,335,0.28059701492537314,2.0,0.1880597014925373,2.283582089552239,validation_014,validation,ignore,relative_frame_decile
7,66,0.7575757575757576,2.0,0.3787878787878788,0.5,validation_014,validation,ignore,relative_frame_decile
2,4689,0.18660695244188527,2.0,0.22467477074002987,1.3444231179355939,validation_014,validation,ignore,vote_count_bucket
2,527,0.3946869070208729,2.0,0.8026565464895635,1.2087286527514232,validation_014,validation,tp,relative_frame_decile
3,1294,0.1545595054095827,2.0,0.9227202472952086,1.6800618238021638,validation_014,validation,tp,relative_frame_decile
4,703,0.2119487908961593,2.0,0.8940256045519204,0.7240398293029872,validation_014,validation,tp,relative_frame_decile
5,862,0.3306264501160093,2.0,0.8346867749419954,1.32830626450116,validation_014,validation,tp,relative_frame_decile
6,1553,0.18673535093367674,2.0,0.9066323245331617,1.6606567933032839,validation_014,validation,tp,relative_frame_decile
7,378,0.12698412698412698,2.0,0.9365079365079365,0.5052910052910053,validation_014,validation,tp,relative_frame_decile
2,5317,0.22192965958247132,2.0,0.8890351702087643,1.3607297348128644,validation_014,validation,tp,vote_count_bucket
0,4640,0.0,1.0,1.0,2.3782327586206895,validation_014,validation,fp,relative_frame_decile
1,1821,0.17627677100494235,1.3020318506315212,0.9118616144975288,4.755628775398133,validation_014,validation,fp,relative_frame_decile
2,1751,0.49514563106796117,2.0,0.7524271844660194,1.3449457452884066,validation_014,validation,fp,relative_frame_decile
3,5698,0.3524043524043524,2.0,0.8237978237978238,1.9004914004914004,validation_014,validation,fp,relative_frame_decile
4,4522,0.2828394515701017,2.0,0.8585802742149491,0.8056169836355594,validation_014,validation,fp,relative_frame_decile
5,7155,0.18909853249475891,2.0,0.9054507337526205,1.6069881201956673,validation_014,validation,fp,relative_frame_decile
6,4998,0.42136854741896757,2.0,0.7893157262905162,1.7925170068027212,validation_014,validation,fp,relative_frame_decile
7,4086,0.42046010768477726,2.0,0.7897699461576113,0.8893783651492903,validation_014,validation,fp,relative_frame_decile
8,6114,0.27903173045469415,2.0,0.860484134772653,1.6849852796859666,validation_014,validation,fp,relative_frame_decile
9,5373,0.0,1.0,1.0,2.817606551274893,validation_014,validation,fp,relative_frame_decile
1,11284,0.0,1.0,1.0,3.0494505494505493,validation_014,validation,fp,vote_count_bucket
2,34874,0.3256867580432414,2.0,0.8371566209783793,1.4808740035556576,validation_014,validation,fp,vote_count_bucket
2,1188,0.28703703703703703,2.0,0.14351851851851852,1.22979797979798,validation_014,validation,fn,relative_frame_decile
3,1265,0.1992094861660079,2.0,0.09960474308300395,2.0047430830039525,validation_014,validation,fn,relative_frame_decile
4,1261,0.2196669310071372,2.0,0.1098334655035686,0.8786677240285488,validation_014,validation,fn,relative_frame_decile
5,1905,0.24881889763779527,2.0,0.12440944881889764,1.7291338582677165,validation_014,validation,fn,relative_frame_decile
6,1441,0.24843858431644691,2.0,0.12421929215822346,1.7029840388619015,validation_014,validation,fn,relative_frame_decile
7,142,0.6408450704225352,2.0,0.3204225352112676,0.4859154929577465,validation_014,validation,fn,relative_frame_decile
2,7202,0.24895862260483198,2.0,0.12447931130241599,1.5165231880033323,validation_014,validation,fn,vote_count_bucket
0,48375,0.0,1.0,0.0,2.3894780361757104,validation_014,validation,tn,relative_frame_decile
1,44418,0.03088837858525823,1.6397181322887118,0.015444189292629114,2.9775541447161062,validation_014,validation,tn,relative_frame_decile
2,48185,0.05617930891356231,2.0,0.028089654456781157,1.8198817059250805,validation_014,validation,tn,relative_frame_decile
3,51963,0.057598675980986475,2.0,0.028799337990493237,1.8573600446471528,validation_014,validation,tn,relative_frame_decile
4,45265,0.05151883353584447,2.0,0.025759416767922236,0.77607422953717,validation_014,validation,tn,relative_frame_decile
5,40726,0.06246623778421647,2.0,0.031233118892108235,1.8265727053970437,validation_014,validation,tn,relative_frame_decile
6,52733,0.06455160904936189,2.0,0.03227580452468094,1.8449358086966416,validation_014,validation,tn,relative_frame_decile
7,46607,0.07243547106657798,2.0,0.03621773553328899,0.8081618640976678,validation_014,validation,tn,relative_frame_decile
8,44246,0.08412059847217827,2.0,0.04206029923608914,1.8208651629525834,validation_014,validation,tn,relative_frame_decile
9,45633,0.0,1.0,0.0,2.52472991037188,validation_014,validation,tn,relative_frame_decile
1,110011,0.0,1.0,0.0,3.042359400423594,validation_014,validation,tn,vote_count_bucket
2,358140,0.06268498352599543,2.0,0.031342491762997714,1.5011168816663873,validation_014,validation,tn,vote_count_bucket
2,954,0.0,1.0,0.3637316561844864,6.00314465408805,validation_015,validation,valid_positive,relative_frame_decile
3,623,0.6211878009630819,2.0,0.45024077046548955,0.43659711075441415,validation_015,validation,valid_positive,relative_frame_decile
4,1086,0.7430939226519337,2.0,0.5584714548802947,2.662062615101289,validation_015,validation,valid_positive,relative_frame_decile
5,152,0.6842105263157895,2.0,0.6447368421052632,2.0,validation_015,validation,valid_positive,relative_frame_decile
1,954,0.0,1.0,0.3637316561844864,6.00314465408805,validation_015,validation,valid_positive,vote_count_bucket
2,1861,0.6974744760881246,2.0,0.5292853304674906,1.8629768941429339,validation_015,validation,valid_positive,vote_count_bucket
0,27288,0.0,1.0,0.12899442978598652,0.9545221342714746,validation_015,validation,valid_background,relative_frame_decile
1,18287,0.0,1.0,0.18811177339093346,3.5213539672991745,validation_015,validation,valid_background,relative_frame_decile
2,28762,0.0,1.0,0.1968917321465823,6.018983380849733,validation_015,validation,valid_background,relative_frame_decile
3,20605,0.2216937636495996,2.0,0.14515894200436788,0.5005581169619024,validation_015,validation,valid_background,relative_frame_decile
4,31862,0.17632289247379324,2.0,0.11308141359613333,2.669983051911368,validation_015,validation,valid_background,relative_frame_decile
5,21810,0.13191196698762037,2.0,0.0869096744612563,1.5003668042182485,validation_015,validation,valid_background,relative_frame_decile
6,32884,0.07404816932246686,2.0,0.057824473908283665,0.32264931273567693,validation_015,validation,valid_background,relative_frame_decile
7,20786,0.06461079572789377,2.0,0.061555854902338114,2.5040411815645145,validation_015,validation,valid_background,relative_frame_decile
8,32376,0.09605880899431678,2.0,0.0957499382258463,1.9799234000494192,validation_015,validation,valid_background,relative_frame_decile
9,32032,0.03868006993006993,1.333916083916084,0.1266702047952048,0.33001373626373626,validation_015,validation,valid_background,relative_frame_decile
1,95673,0.0,1.0,0.16157118518286245,2.8652911479727825,validation_015,validation,valid_background,vote_count_bucket
2,171019,0.12390436150369258,2.0,0.09351592513112578,1.4902963998152252,validation_015,validation,valid_background,vote_count_bucket
2,71,0.0,1.0,0.028169014084507043,6.380281690140845,validation_015,validation,ignore,relative_frame_decile
3,9,1.0,2.0,0.5,1.0,validation_015,validation,ignore,relative_frame_decile
4,50,0.78,2.0,0.39,2.96,validation_015,validation,ignore,relative_frame_decile
5,1,0.0,2.0,0.0,2.0,validation_015,validation,ignore,relative_frame_decile
1,71,0.0,1.0,0.028169014084507043,6.380281690140845,validation_015,validation,ignore,vote_count_bucket
2,60,0.8,2.0,0.4,2.65,validation_015,validation,ignore,vote_count_bucket
2,347,0.0,1.0,1.0,5.997118155619597,validation_015,validation,tp,relative_frame_decile
3,319,0.7272727272727273,2.0,0.6363636363636364,0.5015673981191222,validation_015,validation,tp,relative_frame_decile
4,561,0.6381461675579323,2.0,0.6809269162210339,2.64349376114082,validation_015,validation,tp,relative_frame_decile
5,93,0.5053763440860215,2.0,0.7473118279569892,2.0,validation_015,validation,tp,relative_frame_decile
1,347,0.0,1.0,1.0,5.997118155619597,validation_015,validation,tp,vote_count_bucket
2,973,0.6546762589928058,2.0,0.6726618705035972,1.8797533401849948,validation_015,validation,tp,vote_count_bucket
0,3520,0.0,1.0,1.0,1.1318181818181818,validation_015,validation,fp,relative_frame_decile
1,3440,0.0,1.0,1.0,3.563081395348837,validation_015,validation,fp,relative_frame_decile
2,5663,0.0,1.0,1.0,5.986049796927424,validation_015,validation,fp,relative_frame_decile
3,2337,0.6974753958065897,2.0,0.6512623020967052,0.5087719298245614,validation_015,validation,fp,relative_frame_decile
4,2607,0.6954353663214423,2.0,0.6522823168392788,2.6114307633294973,validation_015,validation,fp,relative_frame_decile
5,1395,0.6724014336917563,2.0,0.6637992831541218,1.4487455197132617,validation_015,validation,fp,relative_frame_decile
6,1411,0.5152374202693125,2.0,0.7423812898653437,0.43302622253720763,validation_015,validation,fp,relative_frame_decile
7,1043,0.4170661553211889,2.0,0.7914669223394055,2.467881112176414,validation_015,validation,fp,relative_frame_decile
8,2502,0.3824940047961631,2.0,0.8087529976019184,1.8601119104716226,validation_015,validation,fp,relative_frame_decile
9,3902,0.11891337775499744,1.2734495130702204,0.9405433111225013,0.34495130702203997,validation_015,validation,fp,relative_frame_decile
1,15458,0.0,1.0,1.0,3.3307025488420234,validation_015,validation,fp,vote_count_bucket
2,12362,0.5633392654910209,2.0,0.7183303672544895,1.4445073612684032,validation_015,validation,fp,vote_count_bucket
2,607,0.0,1.0,0.0,6.00658978583196,validation_015,validation,fn,relative_frame_decile
3,304,0.5098684210526315,2.0,0.25493421052631576,0.3684210526315789,validation_015,validation,fn,relative_frame_decile
4,525,0.8552380952380952,2.0,0.4276190476190476,2.681904761904762,validation_015,validation,fn,relative_frame_decile
5,59,0.9661016949152542,2.0,0.4830508474576271,2.0,validation_015,validation,fn,relative_frame_decile
1,607,0.0,1.0,0.0,6.00658978583196,validation_015,validation,fn,vote_count_bucket
2,888,0.7443693693693694,2.0,0.3721846846846847,1.8445945945945945,validation_015,validation,fn,vote_count_bucket
0,23768,0.0,1.0,0.0,0.9282648939750926,validation_015,validation,tn,relative_frame_decile
1,14847,0.0,1.0,0.0,3.511685862463797,validation_015,validation,tn,relative_frame_decile
2,23099,0.0,1.0,0.0,6.027057448374388,validation_015,validation,tn,relative_frame_decile
3,18268,0.16082767681191154,2.0,0.08041383840595577,0.49950733523100505,validation_015,validation,tn,relative_frame_decile
4,29255,0.13006323705349512,2.0,0.06503161852674756,2.6752008203725857,validation_015,validation,tn,relative_frame_decile
5,20415,0.09497918197403869,2.0,0.047489590987019346,1.5038941954445262,validation_015,validation,tn,relative_frame_decile
6,31473,0.054268738283608176,2.0,0.027134369141804088,0.31770088647412065,validation_015,validation,tn,relative_frame_decile
7,19743,0.045990984146279695,2.0,0.022995492073139848,2.505951476472674,validation_015,validation,tn,relative_frame_decile
8,29874,0.07206935797014126,2.0,0.03603467898507063,1.989957822855995,validation_015,validation,tn,relative_frame_decile
9,28130,0.027550657660860293,1.342303590472805,0.013775328830430146,0.32794169925346606,validation_015,validation,tn,relative_frame_decile
1,80215,0.0,1.0,0.0,2.7756030667580878,validation_015,validation,tn,vote_count_bucket
2,158657,0.08966512665687615,2.0,0.044832563328438074,1.4938641219738178,validation_015,validation,tn,vote_count_bucket
2,218,0.0,1.4403669724770642,1.0,3.9174311926605503,validation_016,validation,valid_positive,relative_frame_decile
3,251,0.0,2.0,1.0,1.9760956175298805,validation_016,validation,valid_positive,relative_frame_decile
4,370,0.0,2.0,1.0,1.9756756756756757,validation_016,validation,valid_positive,relative_frame_decile
5,324,0.009259259259259259,2.0,0.9953703703703703,0.33641975308641975,validation_016,validation,valid_positive,relative_frame_decile
6,334,0.12574850299401197,2.0,0.937125748502994,2.679640718562874,validation_016,validation,valid_positive,relative_frame_decile
7,115,0.3652173913043478,2.0,0.7652173913043478,2.0,validation_016,validation,valid_positive,relative_frame_decile
1,122,0.0,1.0,1.0,7.0,validation_016,validation,valid_positive,vote_count_bucket
2,1490,0.05838926174496644,2.0,0.9667785234899329,1.6516778523489932,validation_016,validation,valid_positive,vote_count_bucket
0,26655,0.0,1.0,0.11142374788970175,1.0107296942412305,validation_016,validation,valid_background,relative_frame_decile
1,26706,0.0,1.0,0.13611173519059389,3.9948700666516888,validation_016,validation,valid_background,relative_frame_decile
2,25415,0.024591776509935076,1.3298052331300414,0.125378713358253,4.351288609089121,validation_016,validation,valid_background,relative_frame_decile
3,27724,0.07462848073871015,2.0,0.13311571201846775,2.0553671908815465,validation_016,validation,valid_background,relative_frame_decile
4,31387,0.06591901105553255,2.0,0.12487654124318985,1.9751170866919425,validation_016,validation,valid_background,relative_frame_decile
5,31896,0.0859355405066466,2.0,0.09153185352395285,0.34788061198896414,validation_016,validation,valid_background,relative_frame_decile
6,31723,0.11237903098698106,2.0,0.08664060776093055,2.6533745232165935,validation_016,validation,valid_background,relative_frame_decile
7,30217,0.12863619816659497,2.0,0.1385809312638581,0.9876890492107092,validation_016,validation,valid_background,relative_frame_decile
8,30280,0.0,1.0,0.11119550858652576,3.989431968295905,validation_016,validation,valid_background,relative_frame_decile
9,31518,0.0,1.0,0.11196776445205914,0.993908242908814,validation_016,validation,valid_background,relative_frame_decile
1,132192,0.0,1.0,0.1192734809973372,2.9982298474945535,validation_016,validation,valid_background,vote_count_bucket
2,161329,0.09270496934835026,2.0,0.113965870984138,1.5129951837549356,validation_016,validation,valid_background,vote_count_bucket
2,164,0.06097560975609756,1.5365853658536586,0.8780487804878049,3.2439024390243905,validation_016,validation,ignore,relative_frame_decile
3,311,0.01929260450160772,2.0,0.9903536977491961,2.1961414790996785,validation_016,validation,ignore,relative_frame_decile
4,233,0.012875536480686695,2.0,0.9935622317596566,2.1373390557939915,validation_016,validation,ignore,relative_frame_decile
5,257,0.38132295719844356,2.0,0.7898832684824902,0.3424124513618677,validation_016,validation,ignore,relative_frame_decile
6,236,0.4449152542372881,2.0,0.777542372881356,2.5296610169491527,validation_016,validation,ignore,relative_frame_decile
7,84,0.44047619047619047,2.0,0.375,2.0,validation_016,validation,ignore,relative_frame_decile
1,76,0.0,1.0,0.868421052631579,7.0,validation_016,validation,ignore,vote_count_bucket
2,1209,0.2142266335814723,2.0,0.8564929693961952,1.682382133995037,validation_016,validation,ignore,vote_count_bucket
2,218,0.0,1.4403669724770642,1.0,3.9174311926605503,validation_016,validation,tp,relative_frame_decile
3,251,0.0,2.0,1.0,1.9760956175298805,validation_016,validation,tp,relative_frame_decile
4,370,0.0,2.0,1.0,1.9756756756756757,validation_016,validation,tp,relative_frame_decile
5,324,0.009259259259259259,2.0,0.9953703703703703,0.33641975308641975,validation_016,validation,tp,relative_frame_decile
6,334,0.12574850299401197,2.0,0.937125748502994,2.679640718562874,validation_016,validation,tp,relative_frame_decile
7,101,0.33663366336633666,2.0,0.8316831683168316,2.0,validation_016,validation,tp,relative_frame_decile
1,122,0.0,1.0,1.0,7.0,validation_016,validation,tp,vote_count_bucket
2,1476,0.0535230352303523,2.0,0.9732384823848238,1.6483739837398375,validation_016,validation,tp,vote_count_bucket
0,2970,0.0,1.0,1.0,1.0905723905723905,validation_016,validation,fp,relative_frame_decile
1,3635,0.0,1.0,1.0,4.028060522696011,validation_016,validation,fp,relative_frame_decile
2,3088,0.06930051813471502,1.2661917098445596,0.9653497409326425,4.7357512953367875,validation_016,validation,fp,relative_frame_decile
3,3541,0.24992939847500706,2.0,0.8750353007624965,2.0288054221971197,validation_016,validation,fp,relative_frame_decile
4,3737,0.227990366604228,2.0,0.886004816697886,1.9646775488359647,validation_016,validation,fp,relative_frame_decile
5,2572,0.3977449455676516,2.0,0.8011275272161742,0.24339035769828926,validation_016,validation,fp,relative_frame_decile
6,2254,0.5714285714285714,2.0,0.7142857142857143,2.7222715173025733,validation_016,validation,fp,relative_frame_decile
7,3892,0.4234326824254882,2.0,0.7882836587872559,0.9730215827338129,validation_016,validation,fp,relative_frame_decile
8,3367,0.0,1.0,1.0,4.012771012771013,validation_016,validation,fp,relative_frame_decile
9,3529,0.0,1.0,1.0,0.9971663360725418,validation_016,validation,fp,relative_frame_decile
1,15767,0.0,1.0,1.0,3.1416883363988077,validation_016,validation,fp,vote_count_bucket
2,16818,0.3514092044238316,2.0,0.8242953977880842,1.4909620644547508,validation_016,validation,fp,vote_count_bucket
7,14,0.5714285714285714,2.0,0.2857142857142857,2.0,validation_016,validation,fn,relative_frame_decile
2,14,0.5714285714285714,2.0,0.2857142857142857,2.0,validation_016,validation,fn,vote_count_bucket
0,23685,0.0,1.0,0.0,1.0007177538526493,validation_016,validation,tn,relative_frame_decile
1,23071,0.0,1.0,0.0,3.989640674439773,validation_016,validation,tn,relative_frame_decile
2,22327,0.018408205311954137,1.3386034845702512,0.009204102655977068,4.298114390648094,validation_016,validation,tn,relative_frame_decile
3,24183,0.04896001323243601,2.0,0.024480006616218006,2.0592565025017575,validation_016,validation,tn,relative_frame_decile
4,27650,0.044014466546112116,2.0,0.022007233273056058,1.9765280289330922,validation_016,validation,tn,relative_frame_decile
5,29324,0.05858682308007093,2.0,0.029293411540035466,0.3570454235438549,validation_016,validation,tn,relative_frame_decile
6,29469,0.07726763717805152,2.0,0.03863381858902576,2.648104788082392,validation_016,validation,tn,relative_frame_decile
7,26325,0.08505223171889839,2.0,0.042526115859449196,0.9898575498575498,validation_016,validation,tn,relative_frame_decile
8,26913,0.0,1.0,0.0,3.9865120945268084,validation_016,validation,tn,relative_frame_decile
9,27989,0.0,1.0,0.0,0.9934974454249884,validation_016,validation,tn,relative_frame_decile
1,116425,0.0,1.0,0.0,2.978801803736311,validation_016,validation,tn,vote_count_bucket
2,144511,0.06259731093134778,2.0,0.03129865546567389,1.5155593691829687,validation_016,validation,tn,vote_count_bucket
1,49,0.0,2.0,1.0,0.0,validation_017,validation,valid_positive,relative_frame_decile
2,731,0.004103967168262654,2.0,0.9952120383036935,1.493844049247606,validation_017,validation,valid_positive,relative_frame_decile
3,1124,0.0,2.0,1.0,1.3247330960854093,validation_017,validation,valid_positive,relative_frame_decile
4,144,0.0,2.0,1.0,2.6041666666666665,validation_017,validation,valid_positive,relative_frame_decile
2,2048,0.00146484375,2.0,0.998291015625,1.443359375,validation_017,validation,valid_positive,vote_count_bucket
0,80574,0.010425199195770347,1.1260083898031623,0.04460495941618885,3.1631171345595352,validation_017,validation,valid_background,relative_frame_decile
1,78583,0.09107567794561165,2.0,0.12748940610564627,1.4915948742094347,validation_017,validation,valid_background,relative_frame_decile
2,76994,0.06925214951814428,2.0,0.11535963841338286,1.513780294568408,validation_017,validation,valid_background,relative_frame_decile
3,86975,0.06302960620868066,2.0,0.08585225639551596,1.4524978442081058,validation_017,validation,valid_background,relative_frame_decile
4,79743,0.08196330712413628,2.0,0.10377086390027965,1.5227418080583877,validation_017,validation,valid_background,relative_frame_decile
5,78755,0.07616024379404482,2.0,0.104183861342137,1.5047552536346898,validation_017,validation,valid_background,relative_frame_decile
6,89473,0.09505660925642373,2.0,0.1515149821733931,1.5625272428553865,validation_017,validation,valid_background,relative_frame_decile
7,74013,0.08672800724197101,2.0,0.14380581789685595,1.5353789199194736,validation_017,validation,valid_background,relative_frame_decile
8,78184,0.10488079402435281,2.0,0.1527934104164535,1.495600122787271,validation_017,validation,valid_background,relative_frame_decile
9,86601,0.040888673340954494,1.577395180194224,0.13448459024722578,1.7006732023879632,validation_017,validation,valid_background,relative_frame_decile
1,107019,0.0,1.0,0.06589484110298172,2.8950186415496315,validation_017,validation,valid_background,vote_count_bucket
2,702876,0.08253233856327431,2.0,0.12403610309642099,1.5119722397691768,validation_017,validation,valid_background,vote_count_bucket
1,103,0.13592233009708737,2.0,0.9223300970873787,0.0,validation_017,validation,ignore,relative_frame_decile
2,1487,0.04774714189643578,2.0,0.9626765299260256,1.3564223268325488,validation_017,validation,ignore,relative_frame_decile
3,1518,0.026350461133069828,2.0,0.9868247694334651,1.5441370223978919,validation_017,validation,ignore,relative_frame_decile
4,305,0.036065573770491806,2.0,0.978688524590164,2.3409836065573773,validation_017,validation,ignore,relative_frame_decile
2,3413,0.039847641371227656,2.0,0.973630237327864,1.4869616173454439,validation_017,validation,ignore,vote_count_bucket
1,49,0.0,2.0,1.0,0.0,validation_017,validation,tp,relative_frame_decile
2,728,0.0027472527472527475,2.0,0.9986263736263736,1.4876373626373627,validation_017,validation,tp,relative_frame_decile
3,1124,0.0,2.0,1.0,1.3247330960854093,validation_017,validation,tp,relative_frame_decile
4,144,0.0,2.0,1.0,2.6041666666666665,validation_017,validation,tp,relative_frame_decile
2,2045,0.0009779951100244498,2.0,0.9995110024449878,1.4410757946210269,validation_017,validation,tp,vote_count_bucket
0,3459,0.0823937554206418,1.2434229546111593,0.9588031222896791,3.4296039317721885,validation_017,validation,fp,relative_frame_decile
1,8977,0.28261111729976607,2.0,0.858694441350117,1.505625487356578,validation_017,validation,fp,relative_frame_decile
2,8310,0.251985559566787,2.0,0.8740072202166065,1.5900120336943442,validation_017,validation,fp,relative_frame_decile
3,6652,0.28953698135898975,2.0,0.8552315093205051,1.4791040288634998,validation_017,validation,fp,relative_frame_decile
4,7744,0.3534349173553719,2.0,0.823282541322314,1.4761105371900827,validation_017,validation,fp,relative_frame_decile
5,7755,0.32869116698903933,2.0,0.8356544165054803,1.4786589297227595,validation_017,validation,fp,relative_frame_decile
6,12428,0.2513678789829417,2.0,0.8743160605085292,1.6839394914708723,validation_017,validation,fp,relative_frame_decile
7,9647,0.22939774023012335,2.0,0.8853011298849384,1.46905773815694,validation_017,validation,fp,relative_frame_decile
8,11170,0.29758281110116386,2.0,0.8512085944494181,1.45129811996419,validation_017,validation,fp,relative_frame_decile
9,11169,0.11576685468708031,1.6029187930880116,0.9421165726564599,1.7820753872325186,validation_017,validation,fp,relative_frame_decile
1,7052,0.0,1.0,1.0,2.7487237663074304,validation_017,validation,fp,vote_count_bucket
2,80259,0.2751342528563775,2.0,0.8624328735718113,1.534531952802801,validation_017,validation,fp,vote_count_bucket
2,3,0.3333333333333333,2.0,0.16666666666666666,3.0,validation_017,validation,fn,relative_frame_decile
2,3,0.3333333333333333,2.0,0.16666666666666666,3.0,validation_017,validation,fn,vote_count_bucket
0,77115,0.0071970433767749465,1.1207417493354082,0.0035985216883874733,3.1511638462037217,validation_017,validation,tn,relative_frame_decile
1,69606,0.0663735884837514,2.0,0.0331867942418757,1.4897853633307474,validation_017,validation,tn,relative_frame_decile
2,68684,0.047143439520121136,2.0,0.023571719760060568,1.5045571020907345,validation_017,validation,tn,relative_frame_decile
3,80323,0.04427125480870983,2.0,0.022135627404354916,1.4502944362137868,validation_017,validation,tn,relative_frame_decile
4,71999,0.05276462173085737,2.0,0.026382310865428686,1.5277573299629161,validation_017,validation,tn,relative_frame_decile
5,71000,0.04857746478873239,2.0,0.024288732394366196,1.507605633802817,validation_017,validation,tn,relative_frame_decile
6,77045,0.069842299954572,2.0,0.034921149977286,1.542942436238562,validation_017,validation,tn,relative_frame_decile
7,64366,0.0653450579498493,2.0,0.03267252897492465,1.5453189572134356,validation_017,validation,tn,relative_frame_decile
8,67014,0.07276091562956995,2.0,0.036380457814784974,1.5029844510102366,validation_017,validation,tn,relative_frame_decile
9,75432,0.029801675681408422,1.5736159720012726,0.014900837840704211,1.6886202142326865,validation_017,validation,tn,relative_frame_decile
1,99967,0.0,1.0,0.0,2.9053387617913913,validation_017,validation,tn,vote_count_bucket
2,622617,0.05770481692597536,2.0,0.02885240846298768,1.5090641598285945,validation_017,validation,tn,vote_count_bucket
