ply
format ascii 1.0
element vertex 24000
property float x
property float y
property float z
property uchar red
property uchar green
property uchar blue
end_header
1.884000 0.752000 2.194000 200 200 100
1.881000 0.640000 2.175000 200 200 100
1.880000 0.572000 2.180000 200 200 100
1.881000 0.632000 2.172000 200 200 100
1.883000 0.710000 2.186000 200 200 100
1.884000 0.765000 2.196000 200 200 100
1.880000 0.549000 2.187000 200 200 100
1.866000 0.920000 2.170000 200 200 100
1.864000 1.157000 2.194000 200 200 100
1.871000 1.050000 2.196000 200 200 100
1.872000 1.008000 2.192000 200 200 100
1.875000 0.705000 2.163000 200 200 100
1.875000 0.917000 2.189000 200 200 100
1.869000 0.942000 2.178000 200 200 100
1.879000 0.852000 2.191000 200 200 100
1.879000 0.680000 2.168000 200 200 100
1.867000 0.935000 2.172000 200 200 100
1.873000 0.723000 2.160000 200 200 100
1.877000 0.946000 2.195000 200 200 100
1.874000 0.814000 2.174000 200 200 100
1.873000 0.806000 2.171000 200 200 100
1.878000 0.744000 2.174000 200 200 100
1.874000 0.888000 2.185000 200 200 100
1.877000 0.737000 2.170000 200 200 100
1.870000 0.946000 2.181000 200 200 100
1.865000 1.086000 2.188000 200 200 100
1.873000 0.973000 2.190000 200 200 100
1.872000 0.762000 2.163000 200 200 100
1.879000 0.523000 2.167000 200 200 100
1.880000 0.537000 2.182000 200 200 100
1.840000 1.394000 2.111000 200 200 100
1.846000 1.394000 2.117000 200 200 100
1.953000 1.416000 1.936000 200 200 100
1.900000 1.405000 2.001000 200 200 100
1.934000 1.410000 2.105000 200 200 100
1.887000 1.402000 2.078000 200 200 100
1.880000 1.402000 1.962000 200 200 100
1.912000 1.407000 2.076000 200 200 100
1.918000 1.409000 1.931000 200 200 100
1.861000 1.398000 2.030000 200 200 100
1.904000 1.405000 2.109000 200 200 100
1.893000 1.405000 1.951000 200 200 100
1.904000 1.406000 1.988000 200 200 100
1.926000 1.409000 2.059000 200 200 100
1.936000 1.411000 2.089000 200 200 100
1.851000 1.396000 2.085000 200 200 100
1.934000 1.411000 2.090000 200 200 100
1.846000 1.395000 2.042000 200 200 100
1.842000 1.394000 2.112000 200 200 100
1.936000 1.411000 2.050000 200 200 100
1.880000 1.401000 2.088000 200 200 100
1.871000 1.400000 1.965000 200 200 100
1.907000 1.406000 2.015000 200 200 100
1.862000 1.398000 2.071000 200 200 100
1.943000 1.413000 1.976000 200 200 100
1.858000 1.398000 2.017000 200 200 100
1.917000 1.408000 2.086000 200 200 100
1.921000 1.409000 1.985000 200 200 100
1.937000 1.411000 2.084000 200 200 100
1.926000 1.409000 2.057000 200 200 100
1.879000 1.401000 2.067000 200 200 100
1.956000 1.415000 2.044000 200 200 100
1.937000 1.412000 2.025000 200 200 100
1.947000 1.414000 2.030000 200 200 100
1.845000 1.395000 2.081000 200 200 100
1.896000 1.404000 2.057000 200 200 100
1.869000 1.400000 1.952000 200 200 100
1.846000 1.394000 2.122000 200 200 100
1.883000 1.401000 2.080000 200 200 100
1.924000 1.410000 1.927000 200 200 100
1.846000 1.395000 2.051000 200 200 100
1.880000 0.501000 2.100000 200 200 100
1.880000 0.507000 2.122000 200 200 100
1.880000 0.496000 2.122000 200 200 100
1.879000 0.501000 2.173000 200 200 100
1.879000 0.494000 2.158000 200 200 100
1.879000 0.485000 2.162000 200 200 100
1.905000 0.531000 2.100000 200 200 100
1.901000 0.531000 2.091000 200 200 100
1.929000 0.536000 2.085000 200 200 100
1.954000 0.540000 2.088000 200 200 100
1.917000 0.534000 2.087000 200 200 100
1.913000 0.533000 2.085000 200 200 100
1.903000 0.531000 2.110000 200 200 100
1.909000 0.532000 2.089000 200 200 100
1.947000 0.539000 2.123000 200 200 100
1.883000 0.721000 2.155000 200 200 100
1.892000 0.760000 2.154000 200 200 100
1.887000 0.615000 2.148000 200 200 100
1.893000 0.777000 2.154000 200 200 100
1.882000 0.717000 2.155000 200 200 100
1.910000 0.741000 2.147000 200 200 100
1.914000 0.654000 2.141000 200 200 100
1.948000 0.599000 2.128000 200 200 100
1.895000 0.805000 2.155000 200 200 100
1.932000 0.726000 2.139000 200 200 100
1.911000 0.740000 2.147000 200 200 100
1.917000 0.654000 2.140000 200 200 100
1.916000 0.768000 2.147000 200 200 100
1.876000 0.630000 2.153000 200 200 100
1.882000 0.872000 2.162000 200 200 100
1.942000 0.664000 2.133000 200 200 100
1.917000 0.735000 2.144000 200 200 100
1.882000 0.535000 2.146000 200 200 100
1.932000 0.793000 2.142000 200 200 100
1.945000 0.738000 2.135000 200 200 100
1.907000 0.554000 2.139000 200 200 100
1.874000 0.674000 2.155000 200 200 100
1.877000 0.721000 2.157000 200 200 100
1.907000 0.921000 2.157000 200 200 100
1.884000 0.867000 2.161000 200 200 100
1.914000 0.924000 2.155000 200 200 100
1.943000 0.754000 2.137000 200 200 100
1.926000 0.537000 2.132000 200 200 100
1.876000 0.814000 2.162000 200 200 100
1.906000 0.740000 2.148000 200 200 100
1.880000 0.987000 2.169000 200 200 100
1.905000 0.769000 2.150000 200 200 100
1.885000 0.589000 2.148000 200 200 100
1.906000 0.566000 2.140000 200 200 100
1.951000 0.563000 2.125000 200 200 100
1.913000 0.613000 2.140000 200 200 100
1.902000 0.643000 2.145000 200 200 100
1.891000 0.944000 2.163000 200 200 100
1.957000 0.576000 2.124000 200 200 100
1.883000 0.576000 2.148000 200 200 100
1.924000 0.829000 2.147000 200 200 100
1.919000 0.715000 2.143000 200 200 100
1.903000 0.659000 2.145000 200 200 100
1.945000 0.673000 2.132000 200 200 100
1.893000 0.946000 2.163000 200 200 100
1.868000 0.957000 2.171000 200 200 100
1.908000 0.655000 2.144000 200 200 100
1.945000 0.614000 2.130000 200 200 100
1.951000 0.635000 2.129000 200 200 100
1.932000 0.824000 2.144000 200 200 100
1.880000 0.684000 2.154000 200 200 100
1.870000 1.036000 2.175000 200 200 100
1.892000 0.600000 2.146000 200 200 100
1.920000 0.880000 2.150000 200 200 100
1.929000 0.847000 2.146000 200 200 100
1.876000 1.020000 2.172000 200 200 100
1.903000 0.687000 2.147000 200 200 100
1.935000 0.690000 2.137000 200 200 100
1.903000 0.657000 2.145000 200 200 100
1.920000 1.121000 2.149000 200 200 100
1.906000 1.098000 2.158000 200 200 100
1.945000 1.312000 2.132000 200 200 100
1.922000 1.152000 2.147000 200 200 100
1.900000 1.073000 2.161000 200 200 100
1.903000 1.048000 2.160000 200 200 100
1.962000 1.256000 2.122000 200 200 100
1.921000 1.010000 2.150000 200 200 100
1.931000 0.923000 2.144000 200 200 100
1.949000 1.089000 2.132000 200 200 100
1.959000 0.788000 2.129000 200 200 100
1.914000 1.033000 2.154000 200 200 100
1.920000 1.217000 2.147000 200 200 100
1.936000 1.193000 2.139000 200 200 100
1.922000 0.927000 2.150000 200 200 100
1.938000 0.882000 2.141000 200 200 100
1.963000 1.208000 2.122000 200 200 100
1.959000 1.227000 2.124000 200 200 100
1.961000 0.793000 2.128000 200 200 100
1.959000 0.900000 2.128000 200 200 100
1.927000 1.002000 2.146000 200 200 100
1.943000 1.261000 2.133000 200 200 100
1.946000 1.012000 2.135000 200 200 100
1.938000 1.206000 2.137000 200 200 100
1.921000 1.019000 2.149000 200 200 100
1.949000 1.105000 2.132000 200 200 100
1.958000 1.290000 2.124000 200 200 100
1.929000 1.134000 2.143000 200 200 100
1.944000 1.107000 2.135000 200 200 100
1.960000 1.085000 2.125000 200 200 100
1.947000 1.087000 2.133000 200 200 100
1.880000 1.202000 2.172000 200 200 100
1.926000 1.180000 2.145000 200 200 100
1.955000 1.137000 2.128000 200 200 100
1.959000 1.287000 2.123000 200 200 100
1.918000 1.043000 2.151000 200 200 100
1.909000 1.129000 2.155000 200 200 100
1.921000 1.248000 2.147000 200 200 100
1.941000 0.933000 2.139000 200 200 100
1.865000 1.159000 2.182000 200 200 100
1.880000 1.086000 2.173000 200 200 100
1.875000 1.150000 2.175000 200 200 100
1.963000 1.175000 2.123000 200 200 100
1.882000 1.207000 2.171000 200 200 100
1.923000 1.214000 2.146000 200 200 100
1.941000 0.987000 2.138000 200 200 100
1.957000 0.793000 2.130000 200 200 100
1.951000 0.771000 2.134000 200 200 100
1.953000 1.078000 2.130000 200 200 100
1.951000 0.769000 2.134000 200 200 100
1.950000 1.122000 2.131000 200 200 100
1.943000 0.828000 2.138000 200 200 100
1.875000 1.162000 2.175000 200 200 100
1.953000 1.043000 2.130000 200 200 100
1.960000 0.773000 2.129000 200 200 100
1.949000 1.159000 2.131000 200 200 100
1.898000 1.008000 2.163000 200 200 100
1.953000 1.221000 2.128000 200 200 100
1.955000 1.140000 2.128000 200 200 100
1.945000 1.178000 2.133000 200 200 100
1.953000 1.247000 2.128000 200 200 100
1.959000 1.057000 2.126000 200 200 100
1.872000 1.218000 2.173000 200 200 100
1.887000 1.326000 2.144000 200 200 100
1.851000 1.282000 2.162000 200 200 100
1.935000 1.396000 2.117000 200 200 100
1.890000 1.363000 2.135000 200 200 100
1.850000 1.360000 2.144000 200 200 100
1.920000 1.289000 2.146000 200 200 100
1.904000 1.335000 2.138000 200 200 100
1.864000 1.323000 2.150000 200 200 100
1.899000 1.328000 2.141000 200 200 100
1.899000 1.335000 2.140000 200 200 100
1.922000 1.360000 2.129000 200 200 100
1.957000 1.414000 2.108000 200 200 100
1.877000 1.301000 2.152000 200 200 100
1.916000 1.335000 2.136000 200 200 100
1.855000 1.395000 2.135000 200 200 100
1.931000 1.311000 2.138000 200 200 100
1.909000 1.340000 2.136000 200 200 100
1.876000 1.290000 2.155000 200 200 100
1.874000 1.296000 2.154000 200 200 100
1.945000 1.383000 2.118000 200 200 100
1.853000 1.355000 2.144000 200 200 100
1.955000 1.407000 2.110000 200 200 100
1.902000 1.360000 2.133000 200 200 100
1.856000 1.303000 2.156000 200 200 100
1.884000 1.340000 2.142000 200 200 100
1.912000 1.278000 2.150000 200 200 100
1.961000 1.374000 2.117000 200 200 100
1.903000 1.367000 2.131000 200 200 100
1.858000 1.188000 2.185000 200 200 100
1.855000 1.330000 2.181000 200 200 100
1.855000 1.314000 2.181000 200 200 100
1.857000 1.248000 2.185000 200 200 100
1.850000 1.295000 2.160000 200 200 100
1.851000 1.295000 2.163000 200 200 100
1.851000 1.334000 2.166000 200 200 100
1.859000 1.226000 2.191000 200 200 100
1.861000 1.408000 2.189000 200 200 100
1.846000 1.392000 2.147000 200 200 100
1.857000 1.362000 2.186000 200 200 100
1.889000 1.406000 1.785000 200 200 100
1.893000 1.407000 1.739000 200 200 100
1.919000 1.410000 1.864000 200 200 100
1.900000 1.408000 1.735000 200 200 100
1.904000 1.407000 1.875000 200 200 100
1.897000 1.406000 1.845000 200 200 100
1.900000 1.409000 1.681000 200 200 100
1.908000 1.409000 1.821000 200 200 100
1.916000 1.411000 1.765000 200 200 100
1.937000 1.414000 1.822000 200 200 100
1.896000 1.406000 1.906000 200 200 100
1.913000 1.409000 1.846000 200 200 100
1.937000 1.413000 1.860000 200 200 100
1.894000 1.407000 1.732000 200 200 100
1.881000 1.403000 1.904000 200 200 100
1.893000 1.407000 1.735000 200 200 100
1.895000 1.407000 1.770000 200 200 100
1.896000 1.407000 1.754000 200 200 100
1.938000 1.413000 1.893000 200 200 100
1.934000 1.420000 1.622000 200 200 100
1.919000 1.413000 1.701000 200 200 100
1.958000 1.427000 1.621000 200 200 100
1.953000 1.422000 1.722000 200 200 100
1.928000 1.421000 1.557000 200 200 100
1.954000 1.418000 1.833000 200 200 100
1.906000 1.411000 1.639000 200 200 100
1.935000 1.422000 1.570000 200 200 100
1.959000 1.417000 1.897000 200 200 100
1.946000 1.429000 1.476000 200 200 100
1.956000 1.423000 1.710000 200 200 100
1.945000 1.420000 1.719000 200 200 100
1.954000 1.428000 1.517000 200 200 100
1.958000 1.426000 1.392000 200 200 100
1.950000 1.429000 1.481000 200 200 100
1.959000 1.428000 1.587000 200 200 100
1.963000 1.425000 1.386000 200 200 100
1.954000 1.428000 1.460000 200 200 100
1.964000 1.425000 1.381000 200 200 100
1.963000 1.424000 1.271000 200 200 100
1.956000 1.426000 1.312000 200 200 100
1.964000 1.427000 1.638000 200 200 100
1.884000 0.495000 0.145000 200 200 100
1.878000 0.485000 0.303000 200 200 100
1.876000 0.497000 0.326000 200 200 100
1.886000 0.494000 0.117000 200 200 100
1.885000 0.492000 0.143000 200 200 100
1.879000 0.493000 0.264000 200 200 100
1.885000 0.497000 0.122000 200 200 100
1.881000 0.491000 0.218000 200 200 100
1.879000 0.534000 0.247000 200 200 100
1.878000 0.529000 0.272000 200 200 100
1.884000 0.494000 0.164000 200 200 100
1.887000 0.516000 0.086000 200 200 100
1.883000 0.521000 0.162000 200 200 100
1.877000 0.485000 0.309000 200 200 100
1.877000 0.521000 0.290000 200 200 100
1.877000 0.525000 0.289000 200 200 100
1.881000 0.525000 0.206000 200 200 100
1.883000 0.518000 0.162000 200 200 100
1.876000 0.505000 0.335000 200 200 100
1.879000 0.482000 0.277000 200 200 100
1.881000 0.494000 0.216000 200 200 100
1.883000 0.506000 0.171000 200 200 100
1.877000 0.504000 0.315000 200 200 100
1.886000 0.492000 0.114000 200 200 100
1.875000 0.502000 0.347000 200 200 100
1.875000 0.490000 0.543000 200 200 100
1.873000 0.523000 0.564000 200 200 100
1.873000 0.500000 0.713000 200 200 100
1.873000 0.516000 0.623000 200 200 100
1.875000 0.520000 0.410000 200 200 100
1.872000 0.509000 0.786000 200 200 100
1.872000 0.505000 0.782000 200 200 100
1.874000 0.513000 0.469000 200 200 100
1.870000 0.511000 0.948000 200 200 100
1.872000 0.498000 0.791000 200 200 100
1.873000 0.515000 0.666000 200 200 100
1.875000 0.523000 0.401000 200 200 100
1.871000 0.501000 0.868000 200 200 100
1.872000 0.487000 0.821000 200 200 100
1.873000 0.487000 0.749000 200 200 100
1.875000 0.521000 0.415000 200 200 100
1.872000 0.486000 0.904000 200 200 100
1.872000 0.487000 0.842000 200 200 100
1.873000 0.515000 0.570000 200 200 100
1.872000 0.513000 0.751000 200 200 100
1.876000 0.498000 0.423000 200 200 100
1.871000 0.505000 0.936000 200 200 100
1.876000 0.488000 0.417000 200 200 100
1.869000 0.502000 1.098000 200 200 100
1.872000 0.489000 0.818000 200 200 100
1.872000 0.494000 0.802000 200 200 100
1.871000 0.502000 0.872000 200 200 100
1.876000 0.482000 0.433000 200 200 100
1.875000 0.505000 0.467000 200 200 100
1.871000 0.503000 0.912000 200 200 100
1.875000 0.499000 0.495000 200 200 100
1.874000 0.506000 0.548000 200 200 100
1.872000 0.495000 0.814000 200 200 100
1.874000 0.520000 0.473000 200 200 100
1.874000 0.490000 0.669000 200 200 100
1.876000 0.487000 0.476000 200 200 100
1.873000 0.519000 0.577000 200 200 100
1.872000 0.492000 0.825000 200 200 100
1.874000 0.504000 0.556000 200 200 100
1.873000 0.508000 0.692000 200 200 100
1.873000 0.512000 0.640000 200 200 100
1.869000 0.505000 1.072000 200 200 100
1.875000 0.503000 0.411000 200 200 100
1.874000 0.499000 0.598000 200 200 100
1.869000 0.501000 1.085000 200 200 100
1.876000 0.488000 0.426000 200 200 100
1.871000 0.500000 0.874000 200 200 100
1.873000 0.511000 0.637000 200 200 100
1.872000 0.498000 0.773000 200 200 100
1.874000 0.501000 0.547000 200 200 100
1.876000 0.483000 0.479000 200 200 100
1.875000 0.484000 0.610000 200 200 100
1.873000 0.503000 0.674000 200 200 100
1.869000 0.498000 1.107000 200 200 100
1.875000 0.520000 0.414000 200 200 100
1.875000 0.511000 1.704000 200 200 100
1.878000 0.489000 1.865000 200 200 100
1.877000 0.495000 1.811000 200 200 100
1.880000 0.490000 2.066000 200 200 100
1.876000 0.492000 1.745000 200 200 100
1.881000 0.486000 2.091000 200 200 100
1.878000 0.487000 1.911000 200 200 100
1.876000 0.495000 1.705000 200 200 100
1.876000 0.496000 1.752000 200 200 100
1.879000 0.488000 1.923000 200 200 100
1.872000 0.513000 1.505000 200 200 100
1.870000 0.508000 1.260000 200 200 100
1.873000 0.500000 1.531000 200 200 100
1.872000 0.489000 1.306000 200 200 100
1.875000 0.498000 1.668000 200 200 100
1.871000 0.489000 1.271000 200 200 100
1.876000 0.510000 1.789000 200 200 100
1.874000 0.511000 1.666000 200 200 100
1.879000 0.485000 1.979000 200 200 100
1.871000 0.484000 1.259000 200 200 100
1.874000 0.496000 1.566000 200 200 100
1.871000 0.484000 1.262000 200 200 100
1.877000 0.502000 1.894000 200 200 100
1.873000 0.497000 1.448000 200 200 100
1.871000 0.491000 1.307000 200 200 100
1.874000 0.516000 1.662000 200 200 100
1.874000 0.504000 1.632000 200 200 100
1.876000 0.493000 1.699000 200 200 100
1.875000 0.507000 1.700000 200 200 100
1.878000 0.509000 2.033000 200 200 100
1.878000 0.490000 1.862000 200 200 100
1.874000 0.495000 1.521000 200 200 100
1.876000 0.503000 1.776000 200 200 100
1.874000 0.511000 1.642000 200 200 100
1.876000 0.500000 1.731000 200 200 100
1.872000 0.498000 1.397000 200 200 100
1.873000 0.486000 1.446000 200 200 100
1.875000 0.512000 1.745000 200 200 100
1.871000 0.499000 1.343000 200 200 100
1.872000 0.492000 1.329000 200 200 100
1.872000 0.489000 1.338000 200 200 100
1.870000 0.504000 1.294000 200 200 100
1.931000 0.538000 0.725000 200 200 100
1.886000 0.531000 0.420000 200 200 100
1.915000 0.523000 1.087000 200 200 100
1.889000 0.522000 0.802000 200 200 100
1.885000 0.513000 1.103000 200 200 100
1.898000 0.523000 0.880000 200 200 100
1.897000 0.534000 0.482000 200 200 100
1.958000 0.538000 1.071000 200 200 100
1.953000 0.541000 0.911000 200 200 100
1.877000 0.517000 0.855000 200 200 100
1.947000 0.540000 0.856000 200 200 100
1.909000 0.523000 1.024000 200 200 100
1.870000 0.507000 1.120000 200 200 100
1.942000 0.534000 1.029000 200 200 100
1.898000 0.519000 1.040000 200 200 100
1.909000 0.520000 1.135000 200 200 100
1.874000 0.514000 0.933000 200 200 100
1.926000 0.532000 0.905000 200 200 100
1.902000 0.518000 1.106000 200 200 100
1.956000 0.537000 1.080000 200 200 100
1.928000 0.536000 0.785000 200 200 100
1.900000 0.534000 0.519000 200 200 100
1.917000 0.527000 0.959000 200 200 100
1.927000 0.527000 1.100000 200 200 100
1.929000 0.528000 1.084000 200 200 100
1.912000 0.523000 1.049000 200 200 100
1.927000 0.528000 1.053000 200 200 100
1.940000 0.536000 0.902000 200 200 100
1.898000 0.527000 0.747000 200 200 100
1.896000 0.519000 1.025000 200 200 100
1.940000 0.531000 1.117000 200 200 100
1.919000 0.526000 1.052000 200 200 100
1.946000 0.538000 0.915000 200 200 100
1.905000 0.520000 1.088000 200 200 100
1.893000 0.518000 0.995000 200 200 100
1.900000 0.517000 1.142000 200 200 100
1.923000 0.524000 1.135000 200 200 100
1.873000 0.511000 1.017000 200 200 100
1.899000 0.520000 0.996000 200 200 100
1.945000 0.535000 1.010000 200 200 100
1.928000 0.536000 0.755000 200 200 100
1.946000 0.537000 0.950000 200 200 100
1.925000 0.536000 0.721000 200 200 100
1.874000 0.525000 0.496000 200 200 100
1.898000 0.533000 0.491000 200 200 100
1.880000 0.510000 1.128000 200 200 100
1.954000 0.540000 0.943000 200 200 100
1.911000 0.533000 0.671000 200 200 100
1.923000 0.529000 0.951000 200 200 100
1.896000 0.527000 0.701000 200 200 100
1.914000 0.525000 0.992000 200 200 100
1.934000 0.531000 1.033000 200 200 100
1.878000 0.529000 0.419000 200 200 100
1.890000 0.523000 0.789000 200 200 100
1.879000 0.510000 1.138000 200 200 100
1.883000 0.522000 0.715000 200 200 100
1.908000 0.532000 0.682000 200 200 100
1.961000 0.539000 1.059000 200 200 100
1.874000 0.509000 1.107000 200 200 100
1.937000 0.540000 0.741000 200 200 100
1.877000 0.511000 1.089000 200 200 100
1.882000 0.519000 0.825000 200 200 100
1.932000 0.535000 0.870000 200 200 100
1.884000 0.531000 0.397000 200 200 100
1.894000 0.526000 0.738000 200 200 100
1.886000 0.522000 0.760000 200 200 100
1.880000 0.512000 1.283000 200 200 100
1.908000 0.526000 1.530000 200 200 100
1.949000 0.538000 1.426000 200 200 100
1.896000 0.519000 1.350000 200 200 100
1.892000 0.528000 1.938000 200 200 100
1.874000 0.512000 1.394000 200 200 100
1.933000 0.533000 1.459000 200 200 100
1.892000 0.516000 1.280000 200 200 100
1.880000 0.516000 1.495000 200 200 100
1.894000 0.517000 1.313000 200 200 100
1.885000 0.518000 1.521000 200 200 100
1.898000 0.527000 1.776000 200 200 100
1.892000 0.527000 1.948000 200 200 100
1.884000 0.519000 1.612000 200 200 100
1.942000 0.535000 1.393000 200 200 100
1.961000 0.541000 1.359000 200 200 100
1.958000 0.538000 1.258000 200 200 100
1.912000 0.526000 1.451000 200 200 100
1.883000 0.514000 1.355000 200 200 100
1.905000 0.522000 1.342000 200 200 100
1.920000 0.531000 1.621000 200 200 100
1.963000 0.543000 1.446000 200 200 100
1.932000 0.536000 1.677000 200 200 100
1.877000 0.520000 1.784000 200 200 100
1.896000 0.518000 1.310000 200 200 100
1.876000 0.517000 1.618000 200 200 100
1.888000 0.519000 1.526000 200 200 100
1.946000 0.539000 1.530000 200 200 100
1.900000 0.522000 1.452000 200 200 100
1.954000 0.535000 1.150000 200 200 100
1.886000 0.520000 1.601000 200 200 100
1.891000 0.522000 1.662000 200 200 100
1.929000 0.532000 1.461000 200 200 100
1.880000 0.520000 1.724000 200 200 100
1.886000 0.514000 1.270000 200 200 100
1.939000 0.537000 1.581000 200 200 100
1.929000 0.535000 1.644000 200 200 100
1.883000 0.523000 1.891000 200 200 100
1.913000 0.532000 1.822000 200 200 100
1.907000 0.527000 1.632000 200 200 100
1.880000 0.517000 1.553000 200 200 100
1.872000 0.508000 1.221000 200 200 100
1.942000 0.535000 1.407000 200 200 100
1.892000 0.515000 1.176000 200 200 100
1.952000 0.537000 1.289000 200 200 100
1.913000 0.529000 1.620000 200 200 100
1.923000 0.530000 1.459000 200 200 100
1.955000 0.539000 1.349000 200 200 100
1.912000 0.529000 1.661000 200 200 100
1.883000 0.519000 1.641000 200 200 100
1.885000 0.513000 1.254000 200 200 100
1.885000 0.521000 1.724000 200 200 100
1.898000 0.524000 1.633000 200 200 100
1.876000 0.512000 1.357000 200 200 100
1.947000 0.536000 1.379000 200 200 100
1.884000 0.521000 1.734000 200 200 100
1.933000 0.529000 1.189000 200 200 100
1.901000 0.524000 1.565000 200 200 100
1.933000 0.529000 1.216000 200 200 100
1.949000 0.540000 1.546000 200 200 100
1.938000 0.537000 1.567000 200 200 100
1.955000 0.537000 1.224000 200 200 100
1.891000 0.520000 1.521000 200 200 100
1.878000 0.514000 1.446000 200 200 100
1.919000 0.527000 1.381000 200 200 100
1.904000 0.525000 1.583000 200 200 100
1.879000 0.522000 1.902000 200 200 100
1.959000 0.539000 1.304000 200 200 100
1.900000 0.528000 1.816000 200 200 100
1.959000 0.539000 1.259000 200 200 100
1.912000 0.521000 1.173000 200 200 100
1.913000 0.530000 1.687000 200 200 100
1.919000 0.527000 1.404000 200 200 100
1.940000 0.531000 1.207000 200 200 100
1.901000 0.524000 1.556000 200 200 100
1.891000 0.520000 1.505000 200 200 100
1.939000 0.533000 1.305000 200 200 100
1.905000 0.521000 1.311000 200 200 100
1.878000 0.511000 1.240000 200 200 100
1.950000 0.538000 1.396000 200 200 100
1.906000 0.521000 1.251000 200 200 100
1.951000 0.537000 1.306000 200 200 100
1.912000 0.525000 1.382000 200 200 100
1.943000 0.537000 1.454000 200 200 100
1.896000 0.519000 1.364000 200 200 100
1.918000 0.532000 1.712000 200 200 100
1.932000 0.529000 1.233000 200 200 100
1.948000 0.536000 1.308000 200 200 100
1.877000 0.519000 1.710000 200 200 100
1.931000 0.542000 0.623000 200 200 100
1.888000 0.538000 0.287000 200 200 100
1.896000 0.545000 0.179000 200 200 100
1.914000 0.546000 0.343000 200 200 100
1.900000 0.542000 0.301000 200 200 100
1.943000 0.544000 0.688000 200 200 100
1.899000 0.538000 0.377000 200 200 100
1.952000 0.543000 0.802000 200 200 100
1.944000 0.547000 0.629000 200 200 100
1.917000 0.548000 0.321000 200 200 100
1.913000 0.536000 0.574000 200 200 100
1.899000 0.539000 0.359000 200 200 100
1.944000 0.551000 0.538000 200 200 100
1.899000 0.541000 0.319000 200 200 100
1.940000 0.546000 0.611000 200 200 100
1.888000 0.540000 0.223000 200 200 100
1.889000 0.544000 0.150000 200 200 100
1.931000 0.549000 0.445000 200 200 100
1.925000 0.547000 0.442000 200 200 100
1.928000 0.541000 0.605000 200 200 100
1.958000 0.544000 0.848000 200 200 100
1.936000 0.546000 0.569000 200 200 100
1.905000 0.549000 0.169000 200 200 100
1.929000 0.540000 0.649000 200 200 100
1.910000 0.549000 0.240000 200 200 100
1.937000 0.548000 0.531000 200 200 100
1.957000 0.550000 0.675000 200 200 100
1.883000 0.540000 0.172000 200 200 100
1.903000 0.536000 0.483000 200 200 100
1.909000 0.545000 0.332000 200 200 100
1.933000 0.547000 0.525000 200 200 100
1.886000 0.535000 0.339000 200 200 100
1.892000 0.540000 0.259000 200 200 100
1.935000 0.540000 0.706000 200 200 100
1.950000 0.549000 0.645000 200 200 100
1.880000 0.532000 0.357000 200 200 100
1.886000 0.532000 0.396000 200 200 100
1.882000 0.531000 0.387000 200 200 100
1.894000 0.548000 0.098000 200 200 100
1.920000 0.547000 0.376000 200 200 100
1.944000 0.547000 0.622000 200 200 100
1.939000 0.546000 0.593000 200 200 100
1.919000 0.534000 1.963000 200 200 100
1.920000 0.534000 1.971000 200 200 100
1.911000 0.533000 2.013000 200 200 100
1.946000 0.540000 1.642000 200 200 100
1.958000 0.542000 1.772000 200 200 100
1.957000 0.542000 1.686000 200 200 100
1.956000 0.542000 1.522000 200 200 100
1.899000 0.530000 2.074000 200 200 100
1.949000 0.540000 1.879000 200 200 100
1.925000 0.535000 1.982000 200 200 100
1.956000 0.541000 2.000000 200 200 100
1.957000 0.542000 1.733000 200 200 100
1.953000 0.540000 1.951000 200 200 100
1.945000 0.539000 1.816000 200 200 100
1.929000 0.536000 1.791000 200 200 100
1.945000 0.540000 1.675000 200 200 100
1.949000 0.540000 1.801000 200 200 100
1.908000 0.532000 1.984000 200 200 100
1.920000 0.535000 1.926000 200 200 100
1.956000 0.542000 1.639000 200 200 100
1.935000 0.538000 1.732000 200 200 100
1.952000 0.541000 1.652000 200 200 100
1.963000 0.543000 1.554000 200 200 100
1.922000 0.535000 1.825000 200 200 100
1.954000 0.541000 1.642000 200 200 100
1.961000 0.542000 1.960000 200 200 100
1.919000 0.534000 1.902000 200 200 100
1.892000 0.529000 2.034000 200 200 100
1.918000 0.534000 1.877000 200 200 100
1.958000 0.542000 1.760000 200 200 100
1.942000 0.538000 1.952000 200 200 100
1.952000 0.541000 1.805000 200 200 100
1.932000 0.536000 2.061000 200 200 100
1.951000 0.540000 1.806000 200 200 100
1.963000 0.543000 1.484000 200 200 100
1.930000 0.536000 1.915000 200 200 100
1.924000 0.535000 1.932000 200 200 100
1.929000 0.536000 1.932000 200 200 100
1.941000 0.538000 2.080000 200 200 100
1.946000 0.548000 0.428000 200 200 100
1.956000 0.545000 0.330000 200 200 100
1.950000 0.544000 0.207000 200 200 100
1.952000 0.545000 0.279000 200 200 100
1.959000 0.545000 0.336000 200 200 100
1.954000 0.543000 0.171000 200 200 100
1.953000 0.547000 0.436000 200 200 100
1.934000 0.550000 0.433000 200 200 100
1.949000 0.545000 0.255000 200 200 100
1.927000 0.545000 0.069000 200 200 100
1.952000 0.546000 0.323000 200 200 100
1.927000 0.547000 0.216000 200 200 100
1.896000 0.550000 0.072000 200 200 100
1.951000 0.545000 0.260000 200 200 100
1.928000 0.548000 0.252000 200 200 100
1.925000 0.546000 0.140000 200 200 100
1.919000 0.547000 0.119000 200 200 100
1.962000 0.547000 0.493000 200 200 100
1.946000 0.550000 0.511000 200 200 100
1.936000 0.544000 0.089000 200 200 100
1.929000 0.548000 0.290000 200 200 100
1.916000 0.548000 0.150000 200 200 100
1.957000 0.542000 0.153000 200 200 100
1.941000 0.543000 0.093000 200 200 100
1.962000 0.549000 0.627000 200 200 100
1.916000 0.549000 0.219000 200 200 100
1.918000 0.549000 0.247000 200 200 100
1.936000 0.544000 0.110000 200 200 100
1.929000 0.548000 0.269000 200 200 100
1.959000 0.545000 0.321000 200 200 100
1.941000 0.549000 0.416000 200 200 100
1.943000 0.547000 0.350000 200 200 100
1.947000 0.542000 0.098000 200 200 100
1.960000 0.545000 0.353000 200 200 100
1.950000 0.547000 0.403000 200 200 100
1.957000 0.544000 0.280000 200 200 100
1.957000 0.544000 0.287000 200 200 100
0.969000 1.590000 1.990000 200 200 100
1.071000 1.568000 2.073000 200 200 100
1.003000 1.583000 2.027000 200 200 100
1.054000 1.572000 2.070000 200 200 100
1.017000 1.580000 2.053000 200 200 100
1.039000 1.576000 2.086000 200 200 100
1.044000 1.574000 1.987000 200 200 100
0.994000 1.585000 2.039000 200 200 100
1.061000 1.570000 2.012000 200 200 100
0.984000 1.587000 1.986000 200 200 100
0.988000 1.586000 2.017000 200 200 100
0.963000 1.592000 2.044000 200 200 100
1.080000 1.567000 2.097000 200 200 100
1.002000 1.583000 2.043000 200 200 100
1.028000 1.577000 1.986000 200 200 100
1.020000 1.579000 1.965000 200 200 100
1.085000 1.566000 2.115000 200 200 100
0.981000 1.587000 1.982000 200 200 100
1.063000 1.571000 1.962000 200 200 100
1.051000 1.572000 1.942000 200 200 100
1.398000 1.493000 2.059000 200 200 100
1.160000 1.549000 2.008000 200 200 100
1.099000 1.563000 2.121000 200 200 100
1.283000 1.520000 1.972000 200 200 100
1.242000 1.530000 1.934000 200 200 100
1.248000 1.528000 1.967000 200 200 100
1.248000 1.528000 1.948000 200 200 100
1.173000 1.546000 2.076000 200 200 100
1.256000 1.526000 2.124000 200 200 100
1.376000 1.498000 1.949000 200 200 100
1.302000 1.515000 2.141000 200 200 100
1.105000 1.562000 2.040000 200 200 100
1.179000 1.544000 2.008000 200 200 100
1.217000 1.535000 2.032000 200 200 100
1.340000 1.507000 1.938000 200 200 100
1.311000 1.513000 2.005000 200 200 100
1.401000 1.492000 2.033000 200 200 100
1.276000 1.522000 2.122000 200 200 100
1.240000 1.530000 2.073000 200 200 100
1.184000 1.543000 1.993000 200 200 100
1.094000 1.564000 2.017000 200 200 100
1.124000 1.557000 1.964000 200 200 100
1.274000 1.522000 2.020000 200 200 100
1.184000 1.543000 1.965000 200 200 100
1.224000 1.534000 1.973000 200 200 100
1.204000 1.539000 1.964000 200 200 100
1.352000 1.504000 2.057000 200 200 100
1.464000 1.478000 2.119000 200 200 100
1.274000 1.522000 2.092000 200 200 100
1.272000 1.523000 2.016000 200 200 100
1.376000 1.498000 2.107000 200 200 100
1.234000 1.532000 2.001000 200 200 100
1.142000 1.553000 2.052000 200 200 100
1.269000 1.523000 1.966000 200 200 100
1.101000 1.563000 2.053000 200 200 100
1.287000 1.519000 2.090000 200 200 100
1.321000 1.511000 2.111000 200 200 100
1.358000 1.502000 1.952000 200 200 100
1.369000 1.500000 2.118000 200 200 100
1.312000 1.513000 2.127000 200 200 100
1.257000 1.526000 2.129000 200 200 100
1.405000 1.491000 2.009000 200 200 100
1.380000 1.497000 2.073000 200 200 100
1.094000 1.564000 2.015000 200 200 100
1.166000 1.547000 1.981000 200 200 100
1.158000 1.549000 1.999000 200 200 100
1.116000 1.559000 2.085000 200 200 100
1.438000 1.484000 2.094000 200 200 100
1.367000 1.500000 2.017000 200 200 100
1.144000 1.553000 2.073000 200 200 100
1.296000 1.517000 2.120000 200 200 100
1.149000 1.551000 1.984000 200 200 100
1.373000 1.499000 2.064000 200 200 100
1.361000 1.502000 1.955000 200 200 100
1.245000 1.529000 2.080000 200 200 100
1.236000 1.531000 2.130000 200 200 100
1.334000 1.508000 2.013000 200 200 100
1.401000 1.492000 2.035000 200 200 100
1.312000 1.513000 2.025000 200 200 100
1.421000 1.488000 2.082000 200 200 100
1.185000 1.543000 2.129000 200 200 100
1.354000 1.503000 2.032000 200 200 100
1.166000 1.547000 2.041000 200 200 100
1.340000 1.507000 1.951000 200 200 100
1.405000 1.491000 2.136000 200 200 100
1.199000 1.539000 2.111000 200 200 100
1.395000 1.494000 2.115000 200 200 100
1.404000 1.492000 2.098000 200 200 100
1.307000 1.514000 2.139000 200 200 100
1.242000 1.530000 2.011000 200 200 100
1.139000 1.554000 2.005000 200 200 100
1.278000 1.521000 1.998000 200 200 100
1.080000 1.567000 1.930000 200 200 100
1.145000 1.552000 1.966000 200 200 100
1.237000 1.531000 2.000000 200 200 100
1.115000 1.559000 1.973000 200 200 100
1.162000 1.548000 2.001000 200 200 100
1.124000 1.557000 2.054000 200 200 100
1.178000 1.544000 2.070000 200 200 100
1.150000 1.551000 2.010000 200 200 100
1.211000 1.537000 2.019000 200 200 100
1.348000 1.505000 2.058000 200 200 100
1.274000 1.522000 2.109000 200 200 100
1.427000 1.486000 2.090000 200 200 100
1.265000 1.524000 2.135000 200 200 100
1.376000 1.498000 2.090000 200 200 100
1.153000 1.550000 2.092000 200 200 100
1.125000 1.557000 2.116000 200 200 100
1.210000 1.537000 2.143000 200 200 100
1.165000 1.548000 1.964000 200 200 100
1.224000 1.534000 1.971000 200 200 100
1.147000 1.552000 2.020000 200 200 100
1.110000 1.560000 2.065000 200 200 100
1.254000 1.527000 2.110000 200 200 100
1.126000 1.557000 1.989000 200 200 100
1.098000 1.563000 2.060000 200 200 100
1.468000 1.477000 2.081000 200 200 100
1.464000 1.477000 2.049000 200 200 100
1.415000 1.489000 1.968000 200 200 100
1.491000 1.471000 2.128000 200 200 100
1.377000 1.498000 1.942000 200 200 100
1.429000 1.486000 2.003000 200 200 100
1.410000 1.490000 1.960000 200 200 100
1.438000 1.484000 1.981000 200 200 100
1.389000 1.495000 1.950000 200 200 100
1.463000 1.478000 2.075000 200 200 100
1.423000 1.487000 1.987000 200 200 100
1.482000 1.473000 2.096000 200 200 100
1.424000 1.487000 1.941000 200 200 100
1.621000 1.426000 2.032000 200 200 100
1.589000 1.434000 2.111000 200 200 100
1.587000 1.440000 2.017000 200 200 100
1.557000 1.451000 2.039000 200 200 100
1.570000 1.444000 2.068000 200 200 100
1.572000 1.442000 2.098000 200 200 100
1.583000 1.438000 2.096000 200 200 100
1.623000 1.421000 2.098000 200 200 100
1.571000 1.442000 2.102000 200 200 100
1.518000 1.462000 2.117000 200 200 100
1.620000 1.422000 2.102000 200 200 100
1.578000 1.445000 1.998000 200 200 100
1.605000 1.427000 2.130000 200 200 100
1.593000 1.439000 1.996000 200 200 100
1.610000 1.436000 1.934000 200 200 100
1.529000 1.462000 2.051000 200 200 100
1.642000 1.420000 1.995000 200 200 100
1.626000 1.423000 2.047000 200 200 100
1.579000 1.446000 1.972000 200 200 100
1.559000 1.448000 2.088000 200 200 100
1.520000 1.461000 2.125000 200 200 100
1.520000 1.463000 2.095000 200 200 100
1.621000 1.428000 1.997000 200 200 100
1.551000 1.455000 2.014000 200 200 100
1.516000 1.463000 2.114000 200 200 100
1.646000 1.421000 1.954000 200 200 100
1.603000 1.431000 2.076000 200 200 100
1.500000 1.469000 2.113000 200 200 100
1.514000 1.465000 1.957000 200 200 100
1.526000 1.463000 2.025000 200 200 100
1.508000 1.467000 1.953000 200 200 100
1.518000 1.465000 2.012000 200 200 100
1.539000 1.460000 1.940000 200 200 100
1.494000 1.470000 2.034000 200 200 100
1.499000 1.469000 2.021000 200 200 100
1.817000 1.396000 1.935000 200 200 100
1.726000 1.408000 2.000000 200 200 100
1.738000 1.407000 2.125000 200 200 100
1.797000 1.399000 2.022000 200 200 100
1.793000 1.399000 1.960000 200 200 100
1.749000 1.405000 2.097000 200 200 100
1.762000 1.404000 2.106000 200 200 100
1.705000 1.410000 2.007000 200 200 100
1.680000 1.414000 2.105000 200 200 100
1.779000 1.401000 1.939000 200 200 100
1.764000 1.403000 1.986000 200 200 100
1.678000 1.414000 2.010000 200 200 100
1.760000 1.404000 2.034000 200 200 100
1.684000 1.413000 2.139000 200 200 100
1.645000 1.418000 2.050000 200 200 100
1.683000 1.413000 2.005000 200 200 100
1.661000 1.416000 2.115000 200 200 100
1.630000 1.420000 2.116000 200 200 100
1.814000 1.397000 2.125000 200 200 100
1.695000 1.412000 2.047000 200 200 100
1.697000 1.411000 2.013000 200 200 100
1.817000 1.397000 2.032000 200 200 100
1.781000 1.401000 2.051000 200 200 100
1.673000 1.414000 1.987000 200 200 100
1.811000 1.397000 2.069000 200 200 100
1.728000 1.408000 2.108000 200 200 100
1.775000 1.402000 1.974000 200 200 100
1.646000 1.418000 2.069000 200 200 100
1.779000 1.401000 2.030000 200 200 100
1.736000 1.407000 2.120000 200 200 100
1.723000 1.408000 2.081000 200 200 100
1.751000 1.405000 2.067000 200 200 100
1.778000 1.401000 2.073000 200 200 100
1.771000 1.402000 2.078000 200 200 100
1.729000 1.407000 2.000000 200 200 100
1.758000 1.404000 1.971000 200 200 100
1.811000 1.397000 2.017000 200 200 100
1.822000 1.396000 1.953000 200 200 100
1.670000 1.415000 2.093000 200 200 100
1.733000 1.407000 1.979000 200 200 100
1.787000 1.400000 1.990000 200 200 100
1.719000 1.409000 2.015000 200 200 100
1.774000 1.402000 2.083000 200 200 100
1.752000 1.405000 2.078000 200 200 100
1.785000 1.400000 1.941000 200 200 100
1.743000 1.406000 1.975000 200 200 100
1.709000 1.410000 1.955000 200 200 100
1.826000 1.395000 2.046000 200 200 100
1.776000 1.402000 1.984000 200 200 100
1.748000 1.405000 2.067000 200 200 100
1.745000 1.405000 1.946000 200 200 100
1.728000 1.408000 2.120000 200 200 100
1.829000 1.395000 2.096000 200 200 100
1.842000 1.395000 2.031000 200 200 100
1.110000 1.554000 0.991000 200 200 100
0.991000 1.580000 0.989000 200 200 100
1.062000 1.564000 0.934000 200 200 100
1.205000 1.533000 1.014000 200 200 100
1.120000 1.551000 0.979000 200 200 100
1.201000 1.534000 1.000000 200 200 100
1.146000 1.546000 1.024000 200 200 100
1.093000 1.557000 0.923000 200 200 100
1.159000 1.543000 0.975000 200 200 100
1.067000 1.563000 0.992000 200 200 100
1.145000 1.546000 0.969000 200 200 100
1.106000 1.555000 0.977000 200 200 100
1.035000 1.570000 0.976000 200 200 100
0.994000 1.579000 0.968000 200 200 100
1.073000 1.562000 0.978000 200 200 100
1.062000 1.564000 0.935000 200 200 100
1.156000 1.543000 0.982000 200 200 100
1.082000 1.559000 0.925000 200 200 100
1.067000 1.563000 0.977000 200 200 100
1.161000 1.543000 1.004000 200 200 100
1.016000 1.574000 0.990000 200 200 100
1.060000 1.564000 0.949000 200 200 100
1.119000 1.552000 0.984000 200 200 100
1.068000 1.563000 0.972000 200 200 100
1.094000 1.557000 0.938000 200 200 100
1.146000 1.546000 1.002000 200 200 100
1.165000 1.542000 0.976000 200 200 100
1.119000 1.552000 1.010000 200 200 100
0.974000 1.583000 0.968000 200 200 100
1.044000 1.570000 0.882000 200 200 100
1.009000 1.583000 0.782000 200 200 100
1.033000 1.572000 0.893000 200 200 100
1.034000 1.574000 0.853000 200 200 100
1.047000 1.569000 0.891000 200 200 100
1.066000 1.563000 0.915000 200 200 100
0.986000 1.588000 0.801000 200 200 100
0.958000 1.587000 0.966000 200 200 100
1.029000 1.574000 0.882000 200 200 100
0.967000 1.589000 0.889000 200 200 100
1.068000 1.563000 0.902000 200 200 100
0.965000 1.585000 0.972000 200 200 100
1.063000 1.565000 0.885000 200 200 100
0.992000 1.581000 0.921000 200 200 100
1.009000 1.581000 0.833000 200 200 100
0.990000 1.589000 0.757000 200 200 100
0.993000 1.588000 0.758000 200 200 100
0.971000 1.589000 0.864000 200 200 100
1.016000 1.580000 0.807000 200 200 100
0.993000 1.589000 0.750000 200 200 100
0.992000 1.581000 0.917000 200 200 100
0.969000 1.592000 0.817000 200 200 100
0.985000 1.581000 0.956000 200 200 100
0.991000 1.587000 0.808000 200 200 100
0.999000 1.580000 0.907000 200 200 100
0.961000 1.590000 0.895000 200 200 100
0.956000 1.588000 0.967000 200 200 100
0.956000 1.596000 0.124000 200 200 100
0.996000 1.592000 0.060000 200 200 100
1.066000 1.576000 0.073000 200 200 100
1.026000 1.584000 0.081000 200 200 100
1.027000 1.584000 0.076000 200 200 100
0.962000 1.591000 0.173000 200 200 100
0.998000 1.588000 0.110000 200 200 100
0.989000 1.590000 0.115000 200 200 100
1.045000 1.578000 0.105000 200 200 100
1.014000 1.582000 0.144000 200 200 100
0.998000 1.588000 0.115000 200 200 100
0.973000 1.594000 0.104000 200 200 100
0.961000 1.590000 1.797000 200 200 100
0.981000 1.585000 1.727000 200 200 100
1.003000 1.582000 1.911000 200 200 100
0.992000 1.584000 1.892000 200 200 100
1.029000 1.576000 1.918000 200 200 100
1.020000 1.578000 1.864000 200 200 100
0.966000 1.590000 1.933000 200 200 100
0.996000 1.584000 1.926000 200 200 100
0.980000 1.587000 1.858000 200 200 100
1.004000 1.581000 1.842000 200 200 100
0.974000 1.588000 1.862000 200 200 100
0.987000 1.586000 1.943000 200 200 100
1.013000 1.579000 1.862000 200 200 100
0.984000 1.586000 1.919000 200 200 100
1.001000 1.582000 1.818000 200 200 100
0.972000 1.587000 1.734000 200 200 100
0.963000 1.590000 1.855000 200 200 100
0.975000 1.588000 1.879000 200 200 100
1.014000 1.579000 1.848000 200 200 100
0.962000 1.590000 1.778000 200 200 100
0.972000 1.587000 1.658000 200 200 100
1.199000 1.544000 0.109000 200 200 100
1.075000 1.569000 0.146000 200 200 100
1.281000 1.517000 0.232000 200 200 100
1.178000 1.549000 0.112000 200 200 100
1.227000 1.538000 0.111000 200 200 100
1.094000 1.566000 0.132000 200 200 100
1.154000 1.550000 0.165000 200 200 100
1.242000 1.531000 0.166000 200 200 100
1.147000 1.557000 0.096000 200 200 100
1.215000 1.539000 0.131000 200 200 100
1.276000 1.523000 0.164000 200 200 100
1.252000 1.529000 0.160000 200 200 100
1.200000 1.539000 0.171000 200 200 100
1.295000 1.516000 0.212000 200 200 100
1.087000 1.560000 0.222000 200 200 100
1.148000 1.551000 0.163000 200 200 100
1.168000 1.542000 0.227000 200 200 100
1.235000 1.530000 0.190000 200 200 100
1.250000 1.531000 0.140000 200 200 100
1.086000 1.571000 0.079000 200 200 100
1.108000 1.559000 0.182000 200 200 100
1.178000 1.552000 0.066000 200 200 100
1.161000 1.552000 0.122000 200 200 100
1.040000 1.574000 0.181000 200 200 100
1.017000 1.577000 0.206000 200 200 100
1.207000 1.541000 0.137000 200 200 100
1.158000 1.552000 0.133000 200 200 100
1.179000 1.551000 0.084000 200 200 100
1.307000 1.517000 0.166000 200 200 100
1.068000 1.569000 0.159000 200 200 100
1.400000 1.489000 0.258000 200 200 100
0.999000 1.581000 0.205000 200 200 100
1.107000 1.566000 0.093000 200 200 100
1.149000 1.555000 0.111000 200 200 100
1.119000 1.558000 0.161000 200 200 100
1.319000 1.514000 0.171000 200 200 100
1.267000 1.528000 0.130000 200 200 100
1.122000 1.561000 0.111000 200 200 100
1.168000 1.546000 0.178000 200 200 100
1.071000 1.568000 0.168000 200 200 100
1.140000 1.560000 0.065000 200 200 100
1.026000 1.579000 0.157000 200 200 100
1.100000 1.559000 0.209000 200 200 100
0.967000 1.588000 0.207000 200 200 100
1.164000 1.553000 0.093000 200 200 100
1.367000 1.498000 0.233000 200 200 100
1.067000 1.570000 0.153000 200 200 100
1.138000 1.553000 0.173000 200 200 100
1.309000 1.514000 0.192000 200 200 100
1.083000 1.571000 0.090000 200 200 100
1.243000 1.528000 0.201000 200 200 100
1.355000 1.503000 0.202000 200 200 100
1.080000 1.569000 0.120000 200 200 100
1.252000 1.528000 0.174000 200 200 100
1.071000 1.566000 0.191000 200 200 100
1.219000 1.533000 0.210000 200 200 100
0.994000 1.581000 0.215000 200 200 100
1.118000 1.559000 0.152000 200 200 100
1.364000 1.499000 0.236000 200 200 100
1.147000 1.551000 0.178000 200 200 100
1.141000 1.553000 0.164000 200 200 100
1.152000 1.551000 0.163000 200 200 100
1.150000 1.553000 0.143000 200 200 100
1.070000 1.566000 0.197000 200 200 100
1.014000 1.577000 0.207000 200 200 100
1.147000 1.551000 0.167000 200 200 100
1.016000 1.577000 0.208000 200 200 100
1.192000 1.549000 0.059000 200 200 100
1.151000 1.555000 0.098000 200 200 100
1.144000 1.554000 0.136000 200 200 100
1.178000 1.545000 0.154000 200 200 100
1.202000 1.537000 0.202000 200 200 100
1.160000 1.554000 0.099000 200 200 100
1.080000 1.567000 0.148000 200 200 100
1.073000 1.573000 0.089000 200 200 100
1.176000 1.550000 0.102000 200 200 100
1.042000 1.572000 0.806000 200 200 100
1.017000 1.580000 0.755000 200 200 100
1.036000 1.574000 0.805000 200 200 100
1.002000 1.578000 0.623000 200 200 100
1.069000 1.563000 0.874000 200 200 100
0.978000 1.589000 0.619000 200 200 100
1.065000 1.564000 0.848000 200 200 100
0.989000 1.583000 0.591000 200 200 100
0.997000 1.580000 0.611000 200 200 100
1.023000 1.573000 0.691000 200 200 100
0.986000 1.589000 0.675000 200 200 100
1.011000 1.579000 0.692000 200 200 100
0.988000 1.588000 0.666000 200 200 100
1.070000 1.563000 0.879000 200 200 100
0.986000 1.591000 0.700000 200 200 100
1.023000 1.578000 0.771000 200 200 100
1.133000 1.553000 1.160000 200 200 100
1.213000 1.533000 1.076000 200 200 100
1.021000 1.573000 0.998000 200 200 100
1.008000 1.583000 1.235000 200 200 100
0.989000 1.587000 1.219000 200 200 100
1.141000 1.551000 1.149000 200 200 100
1.076000 1.564000 1.099000 200 200 100
1.144000 1.548000 1.087000 200 200 100
1.093000 1.560000 1.099000 200 200 100
1.258000 1.523000 1.071000 200 200 100
0.979000 1.585000 1.072000 200 200 100
1.133000 1.551000 1.084000 200 200 100
0.978000 1.586000 1.116000 200 200 100
0.956000 1.587000 0.984000 200 200 100
1.102000 1.559000 1.141000 200 200 100
1.039000 1.573000 1.111000 200 200 100
1.060000 1.568000 1.136000 200 200 100
1.056000 1.572000 1.217000 200 200 100
1.150000 1.547000 1.072000 200 200 100
1.020000 1.576000 1.092000 200 200 100
1.110000 1.555000 1.059000 200 200 100
1.207000 1.534000 1.077000 200 200 100
0.973000 1.589000 1.181000 200 200 100
1.010000 1.579000 1.110000 200 200 100
1.124000 1.553000 1.078000 200 200 100
1.223000 1.531000 1.092000 200 200 100
1.146000 1.549000 1.104000 200 200 100
1.079000 1.561000 1.028000 200 200 100
1.111000 1.555000 1.048000 200 200 100
1.016000 1.574000 1.003000 200 200 100
1.057000 1.568000 1.100000 200 200 100
1.033000 1.572000 1.039000 200 200 100
1.026000 1.580000 1.256000 200 200 100
0.987000 1.582000 1.029000 200 200 100
0.992000 1.586000 1.215000 200 200 100
1.111000 1.554000 1.033000 200 200 100
1.068000 1.569000 1.206000 200 200 100
1.177000 1.543000 1.135000 200 200 100
1.006000 1.583000 1.208000 200 200 100
1.017000 1.582000 1.263000 200 200 100
1.129000 1.552000 1.094000 200 200 100
1.186000 1.540000 1.119000 200 200 100
1.077000 1.564000 1.102000 200 200 100
0.988000 1.583000 1.095000 200 200 100
1.107000 1.559000 1.151000 200 200 100
1.059000 1.568000 1.125000 200 200 100
1.036000 1.575000 1.186000 200 200 100
0.999000 1.579000 1.025000 200 200 100
1.094000 1.560000 1.098000 200 200 100
0.970000 1.590000 1.180000 200 200 100
1.143000 1.547000 1.043000 200 200 100
1.129000 1.552000 1.079000 200 200 100
1.079000 1.561000 1.015000 200 200 100
1.140000 1.551000 1.149000 200 200 100
1.090000 1.561000 1.110000 200 200 100
1.238000 1.527000 1.075000 200 200 100
1.110000 1.555000 1.055000 200 200 100
1.036000 1.577000 1.238000 200 200 100
0.994000 1.586000 1.233000 200 200 100
1.053000 1.571000 1.171000 200 200 100
1.043000 1.572000 1.120000 200 200 100
0.994000 1.581000 1.062000 200 200 100
0.978000 1.584000 1.038000 200 200 100
1.049000 1.572000 1.155000 200 200 100
1.048000 1.571000 1.110000 200 200 100
1.061000 1.567000 1.090000 200 200 100
1.033000 1.576000 1.198000 200 200 100
1.074000 1.564000 1.082000 200 200 100
1.014000 1.581000 1.211000 200 200 100
0.996000 1.579000 1.017000 200 200 100
1.188000 1.539000 1.100000 200 200 100
0.997000 1.584000 1.198000 200 200 100
1.027000 1.575000 1.094000 200 200 100
1.024000 1.573000 1.025000 200 200 100
1.004000 1.581000 1.152000 200 200 100
1.046000 1.574000 1.206000 200 200 100
1.070000 1.564000 1.063000 200 200 100
1.016000 1.576000 0.275000 200 200 100
1.064000 1.565000 0.230000 200 200 100
1.134000 1.549000 0.316000 200 200 100
0.962000 1.588000 0.267000 200 200 100
1.222000 1.529000 0.376000 200 200 100
0.983000 1.583000 0.384000 200 200 100
1.162000 1.543000 0.319000 200 200 100
1.294000 1.513000 0.357000 200 200 100
1.035000 1.572000 0.262000 200 200 100
1.034000 1.571000 0.501000 200 200 100
1.127000 1.551000 0.341000 200 200 100
1.037000 1.570000 0.484000 200 200 100
1.052000 1.568000 0.253000 200 200 100
0.997000 1.580000 0.249000 200 200 100
1.000000 1.579000 0.545000 200 200 100
0.997000 1.580000 0.254000 200 200 100
1.115000 1.553000 0.430000 200 200 100
1.120000 1.553000 0.233000 200 200 100
1.018000 1.575000 0.424000 200 200 100
1.320000 1.507000 0.296000 200 200 100
1.018000 1.575000 0.335000 200 200 100
1.108000 1.555000 0.377000 200 200 100
0.981000 1.584000 0.231000 200 200 100
1.096000 1.557000 0.432000 200 200 100
1.289000 1.514000 0.272000 200 200 100
1.095000 1.558000 0.474000 200 200 100
1.149000 1.546000 0.286000 200 200 100
1.175000 1.540000 0.252000 200 200 100
1.016000 1.576000 0.262000 200 200 100
1.054000 1.567000 0.407000 200 200 100
0.992000 1.581000 0.434000 200 200 100
1.137000 1.548000 0.301000 200 200 100
0.975000 1.585000 0.429000 200 200 100
0.993000 1.581000 0.258000 200 200 100
1.151000 1.545000 0.417000 200 200 100
1.206000 1.533000 0.356000 200 200 100
1.141000 1.547000 0.420000 200 200 100
1.285000 1.515000 0.332000 200 200 100
1.263000 1.520000 0.341000 200 200 100
1.037000 1.571000 0.403000 200 200 100
1.027000 1.573000 0.409000 200 200 100
1.076000 1.562000 0.273000 200 200 100
1.066000 1.565000 0.279000 200 200 100
1.222000 1.529000 0.403000 200 200 100
1.078000 1.561000 0.435000 200 200 100
1.120000 1.552000 0.449000 200 200 100
0.982000 1.583000 0.421000 200 200 100
0.990000 1.581000 0.343000 200 200 100
1.115000 1.553000 0.285000 200 200 100
1.234000 1.526000 0.325000 200 200 100
1.326000 1.506000 0.328000 200 200 100
1.151000 1.545000 0.321000 200 200 100
1.186000 1.538000 0.308000 200 200 100
1.383000 1.493000 0.289000 200 200 100
1.201000 1.534000 0.346000 200 200 100
1.150000 1.546000 0.339000 200 200 100
1.040000 1.570000 0.367000 200 200 100
1.389000 1.492000 0.289000 200 200 100
0.991000 1.581000 0.550000 200 200 100
1.162000 1.543000 0.249000 200 200 100
1.361000 1.498000 0.308000 200 200 100
1.296000 1.513000 0.251000 200 200 100
1.210000 1.532000 0.374000 200 200 100
1.209000 1.532000 0.309000 200 200 100
1.182000 1.538000 0.400000 200 200 100
1.264000 1.520000 0.356000 200 200 100
1.253000 1.522000 0.336000 200 200 100
1.043000 1.570000 0.299000 200 200 100
1.050000 1.568000 0.377000 200 200 100
1.169000 1.541000 0.366000 200 200 100
1.287000 1.515000 0.347000 200 200 100
0.989000 1.581000 0.549000 200 200 100
1.270000 1.519000 0.297000 200 200 100
1.230000 1.528000 0.302000 200 200 100
1.148000 1.546000 0.281000 200 200 100
1.101000 1.557000 0.254000 200 200 100
1.040000 1.570000 0.409000 200 200 100
1.093000 1.558000 0.304000 200 200 100
1.200000 1.534000 0.337000 200 200 100
1.296000 1.513000 0.353000 200 200 100
1.146000 1.546000 0.379000 200 200 100
1.208000 1.533000 0.257000 200 200 100
1.133000 1.549000 0.373000 200 200 100
1.226000 1.528000 0.289000 200 200 100
1.151000 1.545000 0.376000 200 200 100
1.136000 1.548000 0.418000 200 200 100
0.989000 1.582000 0.265000 200 200 100
1.054000 1.567000 0.256000 200 200 100
1.095000 1.558000 0.741000 200 200 100
1.196000 1.535000 0.977000 200 200 100
1.137000 1.548000 0.857000 200 200 100
1.187000 1.537000 0.965000 200 200 100
1.066000 1.563000 0.845000 200 200 100
1.119000 1.551000 0.922000 200 200 100
1.178000 1.539000 0.948000 200 200 100
1.086000 1.559000 0.789000 200 200 100
1.096000 1.557000 0.793000 200 200 100
1.179000 1.539000 0.904000 200 200 100
1.005000 1.577000 0.621000 200 200 100
1.178000 1.539000 0.904000 200 200 100
1.161000 1.543000 0.940000 200 200 100
1.059000 1.565000 0.718000 200 200 100
1.218000 1.530000 0.994000 200 200 100
1.040000 1.570000 0.659000 200 200 100
1.069000 1.562000 0.826000 200 200 100
1.247000 1.524000 1.004000 200 200 100
1.085000 1.560000 0.732000 200 200 100
1.273000 1.519000 1.043000 200 200 100
1.075000 1.561000 0.808000 200 200 100
1.122000 1.551000 0.916000 200 200 100
1.027000 1.572000 0.699000 200 200 100
1.025000 1.573000 0.694000 200 200 100
1.119000 1.552000 0.825000 200 200 100
1.126000 1.551000 0.804000 200 200 100
1.030000 1.572000 0.652000 200 200 100
1.117000 1.552000 0.901000 200 200 100
1.010000 1.576000 0.646000 200 200 100
1.205000 1.533000 0.981000 200 200 100
1.166000 1.542000 0.919000 200 200 100
1.054000 1.567000 0.694000 200 200 100
1.041000 1.569000 0.681000 200 200 100
1.183000 1.538000 0.954000 200 200 100
1.052000 1.566000 0.778000 200 200 100
1.090000 1.559000 0.744000 200 200 100
1.007000 1.577000 0.599000 200 200 100
1.038000 1.570000 0.664000 200 200 100
1.139000 1.547000 0.889000 200 200 100
0.979000 1.589000 1.441000 200 200 100
0.987000 1.585000 1.640000 200 200 100
1.001000 1.584000 1.587000 200 200 100
1.011000 1.581000 1.718000 200 200 100
0.994000 1.586000 1.525000 200 200 100
1.028000 1.577000 1.856000 200 200 100
1.024000 1.577000 1.850000 200 200 100
1.037000 1.575000 1.881000 200 200 100
1.045000 1.574000 1.871000 200 200 100
1.059000 1.572000 1.903000 200 200 100
1.010000 1.580000 1.755000 200 200 100
1.026000 1.578000 1.755000 200 200 100
1.008000 1.582000 1.675000 200 200 100
0.980000 1.586000 1.649000 200 200 100
0.981000 1.590000 1.386000 200 200 100
1.009000 1.581000 1.724000 200 200 100
1.004000 1.582000 1.684000 200 200 100
1.033000 1.576000 1.865000 200 200 100
1.012000 1.580000 1.776000 200 200 100
1.036000 1.576000 1.803000 200 200 100
1.004000 1.583000 1.643000 200 200 100
0.996000 1.587000 1.452000 200 200 100
1.022000 1.580000 1.697000 200 200 100
0.987000 1.588000 1.457000 200 200 100
1.029000 1.577000 1.827000 200 200 100
1.047000 1.574000 1.855000 200 200 100
0.977000 1.589000 1.490000 200 200 100
1.021000 1.578000 1.844000 200 200 100
0.989000 1.584000 1.691000 200 200 100
1.010000 1.584000 1.536000 200 200 100
1.015000 1.582000 1.594000 200 200 100
0.994000 1.583000 1.724000 200 200 100
1.111000 1.560000 1.605000 200 200 100
1.044000 1.576000 1.496000 200 200 100
1.035000 1.578000 1.630000 200 200 100
1.132000 1.555000 1.779000 200 200 100
1.234000 1.532000 1.900000 200 200 100
1.072000 1.569000 1.888000 200 200 100
1.119000 1.558000 1.858000 200 200 100
1.148000 1.552000 1.679000 200 200 100
1.077000 1.568000 1.684000 200 200 100
1.124000 1.557000 1.888000 200 200 100
1.065000 1.571000 1.806000 200 200 100
1.089000 1.565000 1.903000 200 200 100
1.090000 1.565000 1.743000 200 200 100
0.999000 1.587000 1.436000 200 200 100
1.067000 1.571000 1.641000 200 200 100
1.037000 1.578000 1.674000 200 200 100
1.158000 1.549000 1.666000 200 200 100
1.130000 1.556000 1.760000 200 200 100
1.133000 1.555000 1.852000 200 200 100
1.097000 1.564000 1.624000 200 200 100
1.165000 1.548000 1.647000 200 200 100
1.248000 1.528000 1.810000 200 200 100
1.200000 1.540000 1.762000 200 200 100
1.132000 1.556000 1.596000 200 200 100
1.155000 1.550000 1.683000 200 200 100
1.082000 1.567000 1.611000 200 200 100
1.116000 1.559000 1.906000 200 200 100
1.032000 1.579000 1.488000 200 200 100
1.065000 1.571000 1.648000 200 200 100
1.084000 1.566000 1.911000 200 200 100
1.054000 1.574000 1.795000 200 200 100
1.147000 1.552000 1.862000 200 200 100
1.097000 1.564000 1.718000 200 200 100
1.194000 1.541000 1.741000 200 200 100
1.185000 1.543000 1.855000 200 200 100
1.229000 1.533000 1.790000 200 200 100
1.280000 1.521000 1.862000 200 200 100
1.111000 1.560000 1.908000 200 200 100
1.201000 1.539000 1.793000 200 200 100
1.079000 1.568000 1.679000 200 200 100
1.100000 1.563000 1.538000 200 200 100
1.099000 1.563000 1.903000 200 200 100
1.047000 1.576000 1.483000 200 200 100
1.136000 1.555000 1.692000 200 200 100
1.109000 1.561000 1.611000 200 200 100
1.063000 1.572000 1.784000 200 200 100
1.283000 1.520000 1.892000 200 200 100
1.093000 1.565000 1.541000 200 200 100
1.329000 1.509000 1.897000 200 200 100
1.127000 1.557000 1.759000 200 200 100
1.061000 1.572000 1.748000 200 200 100
1.069000 1.570000 1.548000 200 200 100
1.151000 1.551000 1.737000 200 200 100
1.119000 1.559000 1.550000 200 200 100
1.071000 1.570000 1.801000 200 200 100
1.113000 1.560000 1.736000 200 200 100
1.287000 1.519000 1.829000 200 200 100
1.051000 1.575000 1.443000 200 200 100
1.106000 1.562000 1.752000 200 200 100
1.087000 1.566000 1.755000 200 200 100
1.085000 1.567000 1.696000 200 200 100
1.082000 1.567000 1.626000 200 200 100
1.137000 1.554000 1.795000 200 200 100
1.058000 1.573000 1.574000 200 200 100
1.028000 1.580000 1.459000 200 200 100
1.117000 1.559000 1.923000 200 200 100
1.171000 1.546000 1.721000 200 200 100
1.020000 1.582000 1.434000 200 200 100
1.126000 1.557000 1.714000 200 200 100
1.092000 1.565000 1.593000 200 200 100
1.020000 1.582000 1.567000 200 200 100
1.036000 1.578000 1.511000 200 200 100
1.132000 1.556000 1.759000 200 200 100
1.015000 1.583000 1.389000 200 200 100
1.048000 1.575000 1.692000 200 200 100
1.019000 1.582000 1.501000 200 200 100
1.059000 1.572000 1.838000 200 200 100
1.083000 1.567000 1.485000 200 200 100
1.113000 1.560000 1.821000 200 200 100
1.031000 1.579000 1.400000 200 200 100
1.055000 1.574000 1.724000 200 200 100
1.110000 1.561000 1.734000 200 200 100
1.232000 1.532000 1.833000 200 200 100
1.118000 1.559000 1.817000 200 200 100
1.193000 1.541000 1.830000 200 200 100
1.227000 1.533000 1.745000 200 200 100
1.063000 1.572000 1.741000 200 200 100
1.125000 1.557000 1.806000 200 200 100
1.149000 1.551000 1.878000 200 200 100
1.067000 1.571000 1.719000 200 200 100
1.131000 1.556000 1.688000 200 200 100
1.139000 1.554000 1.909000 200 200 100
1.141000 1.553000 1.712000 200 200 100
1.162000 1.549000 1.639000 200 200 100
1.050000 1.575000 1.695000 200 200 100
1.168000 1.547000 1.684000 200 200 100
1.141000 1.553000 1.821000 200 200 100
1.081000 1.568000 1.468000 200 200 100
1.170000 1.547000 1.705000 200 200 100
1.017000 1.583000 1.382000 200 200 100
1.176000 1.545000 1.686000 200 200 100
1.073000 1.569000 1.481000 200 200 100
1.259000 1.526000 1.921000 200 200 100
1.150000 1.551000 1.820000 200 200 100
1.078000 1.568000 1.554000 200 200 100
1.092000 1.565000 1.784000 200 200 100
1.094000 1.564000 1.710000 200 200 100
1.314000 1.513000 1.927000 200 200 100
1.098000 1.563000 1.784000 200 200 100
1.308000 1.514000 1.892000 200 200 100
1.183000 1.543000 1.833000 200 200 100
1.063000 1.572000 1.756000 200 200 100
1.034000 1.579000 1.412000 200 200 100
1.197000 1.540000 1.892000 200 200 100
1.093000 1.565000 1.592000 200 200 100
1.065000 1.571000 1.835000 200 200 100
1.271000 1.523000 1.780000 200 200 100
1.322000 1.511000 1.879000 200 200 100
1.132000 1.555000 1.733000 200 200 100
1.142000 1.553000 1.634000 200 200 100
1.125000 1.557000 1.769000 200 200 100
1.320000 1.511000 1.922000 200 200 100
1.191000 1.542000 1.647000 200 200 100
1.167000 1.547000 1.624000 200 200 100
1.095000 1.564000 1.814000 200 200 100
1.091000 1.565000 1.553000 200 200 100
1.169000 1.542000 0.842000 200 200 100
1.282000 1.516000 0.852000 200 200 100
1.069000 1.564000 0.673000 200 200 100
1.229000 1.528000 0.643000 200 200 100
1.175000 1.539000 0.446000 200 200 100
1.352000 1.500000 0.487000 200 200 100
1.273000 1.518000 0.404000 200 200 100
1.164000 1.542000 0.485000 200 200 100
1.127000 1.550000 0.574000 200 200 100
1.220000 1.530000 0.685000 200 200 100
1.232000 1.527000 0.779000 200 200 100
1.184000 1.538000 0.502000 200 200 100
1.232000 1.527000 0.595000 200 200 100
1.192000 1.537000 0.883000 200 200 100
1.120000 1.552000 0.687000 200 200 100
1.352000 1.500000 0.500000 200 200 100
1.098000 1.557000 0.678000 200 200 100
1.069000 1.564000 0.673000 200 200 100
1.190000 1.536000 0.459000 200 200 100
1.291000 1.514000 0.380000 200 200 100
1.161000 1.543000 0.572000 200 200 100
1.324000 1.506000 0.444000 200 200 100
1.309000 1.510000 0.887000 200 200 100
1.310000 1.509000 0.352000 200 200 100
1.032000 1.572000 0.631000 200 200 100
1.199000 1.535000 0.685000 200 200 100
1.364000 1.497000 0.397000 200 200 100
1.221000 1.530000 0.887000 200 200 100
1.177000 1.540000 0.850000 200 200 100
1.286000 1.515000 0.753000 200 200 100
1.206000 1.533000 0.769000 200 200 100
1.260000 1.521000 0.931000 200 200 100
1.175000 1.540000 0.583000 200 200 100
1.248000 1.524000 0.733000 200 200 100
1.215000 1.531000 0.627000 200 200 100
1.365000 1.497000 0.418000 200 200 100
1.392000 1.491000 0.317000 200 200 100
1.291000 1.514000 0.703000 200 200 100
1.356000 1.500000 0.641000 200 200 100
1.174000 1.540000 0.532000 200 200 100
1.206000 1.533000 0.649000 200 200 100
1.310000 1.509000 0.401000 200 200 100
1.105000 1.555000 0.489000 200 200 100
1.273000 1.519000 0.932000 200 200 100
1.202000 1.534000 0.872000 200 200 100
1.340000 1.503000 0.558000 200 200 100
1.195000 1.536000 0.774000 200 200 100
1.091000 1.558000 0.509000 200 200 100
1.262000 1.521000 0.616000 200 200 100
1.179000 1.539000 0.804000 200 200 100
1.341000 1.503000 0.656000 200 200 100
1.204000 1.534000 0.744000 200 200 100
1.242000 1.525000 0.930000 200 200 100
1.159000 1.544000 0.771000 200 200 100
1.188000 1.537000 0.632000 200 200 100
1.178000 1.539000 0.657000 200 200 100
1.194000 1.536000 0.605000 200 200 100
1.078000 1.561000 0.680000 200 200 100
1.272000 1.518000 0.511000 200 200 100
1.234000 1.527000 0.751000 200 200 100
1.180000 1.539000 0.635000 200 200 100
1.030000 1.572000 0.534000 200 200 100
1.108000 1.555000 0.746000 200 200 100
1.242000 1.525000 0.532000 200 200 100
1.186000 1.538000 0.752000 200 200 100
1.327000 1.506000 0.583000 200 200 100
1.148000 1.546000 0.601000 200 200 100
1.210000 1.532000 0.439000 200 200 100
1.410000 1.487000 0.353000 200 200 100
1.324000 1.507000 0.837000 200 200 100
1.266000 1.520000 0.673000 200 200 100
1.258000 1.522000 0.975000 200 200 100
1.325000 1.506000 0.644000 200 200 100
1.325000 1.507000 0.818000 200 200 100
1.390000 1.492000 0.487000 200 200 100
1.207000 1.533000 0.677000 200 200 100
1.329000 1.505000 0.494000 200 200 100
1.421000 1.485000 0.312000 200 200 100
1.264000 1.520000 0.422000 200 200 100
1.276000 1.518000 0.807000 200 200 100
1.060000 1.565000 0.610000 200 200 100
1.262000 1.521000 0.904000 200 200 100
1.072000 1.563000 0.522000 200 200 100
1.361000 1.498000 0.498000 200 200 100
1.190000 1.537000 0.818000 200 200 100
1.273000 1.519000 0.952000 200 200 100
1.172000 1.541000 0.783000 200 200 100
1.224000 1.529000 0.424000 200 200 100
1.219000 1.531000 0.938000 200 200 100
1.250000 1.523000 0.729000 200 200 100
1.322000 1.507000 0.733000 200 200 100
1.348000 1.501000 0.398000 200 200 100
1.137000 1.548000 0.529000 200 200 100
1.210000 1.532000 0.871000 200 200 100
1.038000 1.570000 0.534000 200 200 100
1.389000 1.492000 0.498000 200 200 100
1.178000 1.539000 0.749000 200 200 100
1.296000 1.513000 0.759000 200 200 100
1.305000 1.511000 0.416000 200 200 100
1.142000 1.547000 0.555000 200 200 100
1.201000 1.534000 0.676000 200 200 100
1.291000 1.515000 0.986000 200 200 100
1.343000 1.502000 0.532000 200 200 100
1.241000 1.526000 0.892000 200 200 100
1.255000 1.522000 0.581000 200 200 100
1.269000 1.519000 0.536000 200 200 100
1.321000 1.507000 0.598000 200 200 100
1.312000 1.510000 0.751000 200 200 100
1.227000 1.528000 0.638000 200 200 100
1.350000 1.501000 0.680000 200 200 100
1.285000 1.515000 0.555000 200 200 100
1.175000 1.540000 0.533000 200 200 100
1.109000 1.555000 0.742000 200 200 100
1.262000 1.521000 0.833000 200 200 100
1.358000 1.499000 0.505000 200 200 100
1.111000 1.554000 0.607000 200 200 100
1.034000 1.571000 0.540000 200 200 100
1.055000 1.566000 0.575000 200 200 100
1.245000 1.524000 0.569000 200 200 100
1.085000 1.560000 0.633000 200 200 100
1.234000 1.527000 0.712000 200 200 100
1.370000 1.496000 0.357000 200 200 100
1.363000 1.498000 0.371000 200 200 100
1.317000 1.508000 0.357000 200 200 100
1.024000 1.573000 0.536000 200 200 100
1.177000 1.539000 0.467000 200 200 100
1.329000 1.506000 0.783000 200 200 100
1.286000 1.516000 0.999000 200 200 100
1.241000 1.525000 0.735000 200 200 100
1.340000 1.503000 0.498000 200 200 100
1.242000 1.525000 0.605000 200 200 100
1.346000 1.502000 0.738000 200 200 100
1.261000 1.521000 0.449000 200 200 100
1.243000 1.525000 0.958000 200 200 100
1.427000 1.483000 0.317000 200 200 100
1.314000 1.509000 0.838000 200 200 100
1.290000 1.514000 0.635000 200 200 100
1.254000 1.522000 0.483000 200 200 100
1.273000 1.518000 0.461000 200 200 100
1.215000 1.531000 0.567000 200 200 100
1.225000 1.529000 0.651000 200 200 100
1.265000 1.520000 0.769000 200 200 100
1.246000 1.524000 0.827000 200 200 100
1.241000 1.526000 0.802000 200 200 100
1.210000 1.532000 0.429000 200 200 100
1.340000 1.503000 0.365000 200 200 100
1.235000 1.526000 0.589000 200 200 100
1.070000 1.563000 0.555000 200 200 100
1.281000 1.516000 0.769000 200 200 100
1.133000 1.549000 0.654000 200 200 100
1.385000 1.493000 0.329000 200 200 100
1.249000 1.524000 0.726000 200 200 100
1.276000 1.518000 0.826000 200 200 100
1.242000 1.525000 0.594000 200 200 100
1.339000 1.503000 0.549000 200 200 100
1.106000 1.555000 0.686000 200 200 100
1.347000 1.501000 0.454000 200 200 100
1.015000 1.575000 0.591000 200 200 100
1.134000 1.549000 0.733000 200 200 100
1.411000 1.487000 0.335000 200 200 100
1.291000 1.515000 1.031000 200 200 100
1.189000 1.537000 0.740000 200 200 100
1.122000 1.552000 0.771000 200 200 100
1.322000 1.507000 0.802000 200 200 100
1.172000 1.540000 0.609000 200 200 100
1.213000 1.532000 0.793000 200 200 100
1.115000 1.553000 0.594000 200 200 100
1.328000 1.505000 0.359000 200 200 100
1.344000 1.502000 0.634000 200 200 100
1.277000 1.517000 0.480000 200 200 100
1.414000 1.486000 0.377000 200 200 100
1.210000 1.532000 0.712000 200 200 100
1.115000 1.553000 0.591000 200 200 100
1.240000 1.526000 0.822000 200 200 100
1.324000 1.507000 0.602000 200 200 100
1.099000 1.557000 0.704000 200 200 100
1.103000 1.556000 0.494000 200 200 100
1.305000 1.511000 0.805000 200 200 100
1.166000 1.542000 0.793000 200 200 100
1.157000 1.544000 0.590000 200 200 100
1.223000 1.529000 0.620000 200 200 100
1.340000 1.503000 0.747000 200 200 100
1.204000 1.533000 0.460000 200 200 100
1.223000 1.529000 0.542000 200 200 100
1.239000 1.526000 0.903000 200 200 100
1.411000 1.487000 0.346000 200 200 100
0.998000 1.579000 0.556000 200 200 100
1.317000 1.508000 0.482000 200 200 100
1.322000 1.508000 0.869000 200 200 100
1.316000 1.508000 0.431000 200 200 100
1.265000 1.520000 0.972000 200 200 100
1.172000 1.541000 0.769000 200 200 100
1.175000 1.540000 0.489000 200 200 100
1.089000 1.559000 0.627000 200 200 100
1.301000 1.512000 0.556000 200 200 100
1.194000 1.536000 0.670000 200 200 100
1.194000 1.536000 0.838000 200 200 100
1.198000 1.535000 0.681000 200 200 100
1.127000 1.550000 0.576000 200 200 100
1.271000 1.518000 0.444000 200 200 100
1.282000 1.516000 0.655000 200 200 100
1.237000 1.527000 0.919000 200 200 100
1.188000 1.537000 0.815000 200 200 100
1.291000 1.514000 0.642000 200 200 100
1.166000 1.542000 0.621000 200 200 100
1.246000 1.524000 0.826000 200 200 100
1.233000 1.527000 0.772000 200 200 100
1.049000 1.568000 0.551000 200 200 100
1.125000 1.551000 0.490000 200 200 100
1.201000 1.534000 0.820000 200 200 100
1.315000 1.509000 0.567000 200 200 100
1.090000 1.559000 0.573000 200 200 100
1.034000 1.571000 0.548000 200 200 100
1.280000 1.517000 0.652000 200 200 100
1.335000 1.504000 0.497000 200 200 100
1.277000 1.517000 0.593000 200 200 100
1.293000 1.513000 0.507000 200 200 100
1.241000 1.526000 0.970000 200 200 100
1.342000 1.502000 0.412000 200 200 100
1.039000 1.570000 0.567000 200 200 100
1.275000 1.517000 0.545000 200 200 100
1.264000 1.520000 0.720000 200 200 100
1.348000 1.501000 0.367000 200 200 100
1.169000 1.541000 0.761000 200 200 100
1.334000 1.504000 0.438000 200 200 100
1.131000 1.550000 0.793000 200 200 100
1.273000 1.519000 0.914000 200 200 100
1.351000 1.501000 0.715000 200 200 100
1.401000 1.492000 1.819000 200 200 100
1.350000 1.502000 1.376000 200 200 100
1.297000 1.515000 1.393000 200 200 100
1.266000 1.523000 1.547000 200 200 100
1.001000 1.586000 1.332000 200 200 100
1.355000 1.502000 1.748000 200 200 100
1.061000 1.572000 1.406000 200 200 100
1.195000 1.539000 1.223000 200 200 100
1.281000 1.520000 1.625000 200 200 100
1.274000 1.522000 1.728000 200 200 100
1.149000 1.551000 1.393000 200 200 100
1.159000 1.548000 1.417000 200 200 100
1.079000 1.567000 1.292000 200 200 100
1.190000 1.541000 1.369000 200 200 100
1.436000 1.483000 1.874000 200 200 100
1.363000 1.499000 1.505000 200 200 100
1.128000 1.556000 1.368000 200 200 100
1.270000 1.522000 1.655000 200 200 100
1.310000 1.512000 1.379000 200 200 100
1.139000 1.552000 1.213000 200 200 100
1.344000 1.505000 1.638000 200 200 100
1.186000 1.543000 1.599000 200 200 100
1.209000 1.536000 1.323000 200 200 100
1.135000 1.554000 1.319000 200 200 100
1.280000 1.518000 1.104000 200 200 100
1.144000 1.551000 1.287000 200 200 100
1.246000 1.528000 1.576000 200 200 100
1.322000 1.508000 1.317000 200 200 100
1.307000 1.514000 1.643000 200 200 100
1.294000 1.515000 1.380000 200 200 100
1.351000 1.504000 1.880000 200 200 100
1.048000 1.575000 1.333000 200 200 100
1.176000 1.545000 1.541000 200 200 100
1.247000 1.528000 1.625000 200 200 100
1.288000 1.518000 1.498000 200 200 100
1.284000 1.517000 1.139000 200 200 100
1.253000 1.525000 1.244000 200 200 100
1.335000 1.508000 1.823000 200 200 100
1.290000 1.516000 1.176000 200 200 100
1.066000 1.570000 1.314000 200 200 100
1.259000 1.523000 1.266000 200 200 100
1.113000 1.560000 1.515000 200 200 100
1.301000 1.514000 1.509000 200 200 100
1.395000 1.493000 1.713000 200 200 100
1.387000 1.494000 1.591000 200 200 100
1.199000 1.540000 1.589000 200 200 100
1.301000 1.513000 1.325000 200 200 100
1.328000 1.508000 1.558000 200 200 100
1.299000 1.515000 1.431000 200 200 100
1.372000 1.497000 1.504000 200 200 100
1.085000 1.566000 1.360000 200 200 100
1.172000 1.545000 1.293000 200 200 100
1.231000 1.530000 1.235000 200 200 100
1.278000 1.519000 1.309000 200 200 100
1.326000 1.509000 1.542000 200 200 100
1.410000 1.489000 1.784000 200 200 100
1.315000 1.511000 1.608000 200 200 100
1.109000 1.560000 1.370000 200 200 100
1.359000 1.501000 1.545000 200 200 100
1.289000 1.518000 1.715000 200 200 100
1.223000 1.532000 1.113000 200 200 100
1.221000 1.534000 1.490000 200 200 100
1.253000 1.526000 1.470000 200 200 100
1.257000 1.526000 1.750000 200 200 100
1.341000 1.505000 1.603000 200 200 100
1.251000 1.525000 1.265000 200 200 100
1.175000 1.545000 1.525000 200 200 100
1.250000 1.527000 1.620000 200 200 100
1.316000 1.511000 1.678000 200 200 100
1.331000 1.507000 1.571000 200 200 100
1.337000 1.507000 1.862000 200 200 100
1.174000 1.544000 1.253000 200 200 100
1.167000 1.547000 1.605000 200 200 100
1.344000 1.504000 1.498000 200 200 100
1.136000 1.554000 1.462000 200 200 100
1.272000 1.522000 1.692000 200 200 100
1.363000 1.501000 1.892000 200 200 100
1.230000 1.530000 1.204000 200 200 100
1.190000 1.542000 1.625000 200 200 100
1.323000 1.509000 1.611000 200 200 100
1.165000 1.547000 1.531000 200 200 100
1.292000 1.517000 1.591000 200 200 100
1.285000 1.518000 1.462000 200 200 100
1.066000 1.571000 1.442000 200 200 100
1.402000 1.492000 1.882000 200 200 100
1.072000 1.569000 1.320000 200 200 100
1.306000 1.513000 1.414000 200 200 100
1.104000 1.562000 1.428000 200 200 100
1.236000 1.528000 1.125000 200 200 100
1.296000 1.516000 1.592000 200 200 100
1.035000 1.578000 1.302000 200 200 100
1.193000 1.540000 1.396000 200 200 100
1.383000 1.495000 1.592000 200 200 100
1.197000 1.540000 1.650000 200 200 100
1.374000 1.498000 1.871000 200 200 100
1.182000 1.542000 1.292000 200 200 100
1.383000 1.496000 1.728000 200 200 100
1.166000 1.546000 1.353000 200 200 100
1.119000 1.557000 1.194000 200 200 100
1.248000 1.526000 1.267000 200 200 100
1.283000 1.519000 1.630000 200 200 100
1.367000 1.500000 1.915000 200 200 100
1.308000 1.512000 1.419000 200 200 100
1.380000 1.496000 1.653000 200 200 100
1.143000 1.552000 1.456000 200 200 100
1.278000 1.520000 1.396000 200 200 100
1.340000 1.504000 1.408000 200 200 100
1.269000 1.520000 1.134000 200 200 100
1.229000 1.532000 1.581000 200 200 100
1.124000 1.557000 1.347000 200 200 100
1.160000 1.549000 1.566000 200 200 100
1.310000 1.511000 1.219000 200 200 100
1.395000 1.493000 1.875000 200 200 100
1.381000 1.495000 1.563000 200 200 100
1.262000 1.522000 1.175000 200 200 100
1.275000 1.521000 1.502000 200 200 100
1.282000 1.517000 1.156000 200 200 100
1.049000 1.575000 1.328000 200 200 100
1.160000 1.548000 1.431000 200 200 100
1.129000 1.555000 1.316000 200 200 100
1.054000 1.573000 1.260000 200 200 100
1.381000 1.495000 1.552000 200 200 100
1.098000 1.562000 1.269000 200 200 100
1.209000 1.535000 1.143000 200 200 100
1.240000 1.530000 1.594000 200 200 100
1.198000 1.540000 1.611000 200 200 100
1.348000 1.503000 1.502000 200 200 100
1.244000 1.528000 1.582000 200 200 100
1.320000 1.511000 1.769000 200 200 100
1.283000 1.518000 1.395000 200 200 100
1.320000 1.511000 1.674000 200 200 100
1.350000 1.504000 1.877000 200 200 100
1.284000 1.519000 1.641000 200 200 100
1.368000 1.498000 1.488000 200 200 100
1.349000 1.504000 1.706000 200 200 100
1.039000 1.577000 1.316000 200 200 100
1.185000 1.542000 1.325000 200 200 100
1.061000 1.572000 1.305000 200 200 100
1.269000 1.522000 1.456000 200 200 100
1.076000 1.568000 1.333000 200 200 100
1.325000 1.508000 1.293000 200 200 100
1.290000 1.517000 1.522000 200 200 100
1.230000 1.531000 1.441000 200 200 100
1.154000 1.550000 1.468000 200 200 100
1.324000 1.510000 1.686000 200 200 100
1.089000 1.564000 1.237000 200 200 100
1.250000 1.526000 1.460000 200 200 100
1.215000 1.535000 1.531000 200 200 100
1.061000 1.572000 1.348000 200 200 100
1.304000 1.514000 1.628000 200 200 100
1.244000 1.528000 1.387000 200 200 100
1.355000 1.503000 1.832000 200 200 100
1.324000 1.508000 1.437000 200 200 100
1.143000 1.551000 1.192000 200 200 100
1.277000 1.521000 1.780000 200 200 100
1.257000 1.524000 1.251000 200 200 100
1.419000 1.487000 1.785000 200 200 100
1.154000 1.549000 1.414000 200 200 100
1.255000 1.524000 1.208000 200 200 100
1.305000 1.514000 1.732000 200 200 100
1.354000 1.502000 1.647000 200 200 100
1.046000 1.575000 1.260000 200 200 100
1.437000 1.483000 1.853000 200 200 100
1.161000 1.548000 1.366000 200 200 100
1.276000 1.521000 1.613000 200 200 100
1.266000 1.521000 1.138000 200 200 100
1.137000 1.553000 1.251000 200 200 100
1.312000 1.511000 1.331000 200 200 100
1.096000 1.563000 1.256000 200 200 100
1.197000 1.539000 1.404000 200 200 100
1.159000 1.549000 1.540000 200 200 100
1.175000 1.544000 1.315000 200 200 100
1.269000 1.522000 1.376000 200 200 100
1.415000 1.489000 1.918000 200 200 100
1.309000 1.512000 1.347000 200 200 100
1.272000 1.522000 1.692000 200 200 100
1.370000 1.498000 1.558000 200 200 100
1.277000 1.519000 1.153000 200 200 100
1.097000 1.563000 1.246000 200 200 100
1.300000 1.514000 1.469000 200 200 100
1.290000 1.515000 1.152000 200 200 100
1.320000 1.510000 1.480000 200 200 100
1.202000 1.537000 1.280000 200 200 100
1.006000 1.585000 1.282000 200 200 100
1.310000 1.512000 1.504000 200 200 100
1.258000 1.524000 1.359000 200 200 100
1.114000 1.559000 1.465000 200 200 100
1.368000 1.499000 1.627000 200 200 100
1.180000 1.542000 1.192000 200 200 100
1.158000 1.548000 1.327000 200 200 100
1.416000 1.488000 1.854000 200 200 100
1.271000 1.523000 1.771000 200 200 100
1.375000 1.498000 1.920000 200 200 100
1.237000 1.531000 1.639000 200 200 100
1.390000 1.494000 1.698000 200 200 100
1.048000 1.575000 1.275000 200 200 100
1.297000 1.515000 1.320000 200 200 100
1.303000 1.514000 1.603000 200 200 100
1.124000 1.556000 1.323000 200 200 100
1.226000 1.533000 1.552000 200 200 100
1.057000 1.572000 1.276000 200 200 100
1.021000 1.582000 1.370000 200 200 100
1.218000 1.535000 1.682000 200 200 100
1.158000 1.549000 1.577000 200 200 100
1.179000 1.544000 1.492000 200 200 100
1.375000 1.497000 1.623000 200 200 100
1.160000 1.549000 1.509000 200 200 100
1.354000 1.502000 1.622000 200 200 100
1.341000 1.504000 1.381000 200 200 100
1.232000 1.531000 1.530000 200 200 100
1.283000 1.520000 1.750000 200 200 100
1.311000 1.511000 1.298000 200 200 100
1.242000 1.527000 1.103000 200 200 100
1.311000 1.510000 1.192000 200 200 100
1.281000 1.519000 1.532000 200 200 100
1.254000 1.526000 1.514000 200 200 100
1.207000 1.536000 1.272000 200 200 100
1.410000 1.489000 1.796000 200 200 100
1.239000 1.530000 1.606000 200 200 100
1.209000 1.537000 1.649000 200 200 100
1.126000 1.557000 1.509000 200 200 100
1.173000 1.545000 1.403000 200 200 100
1.283000 1.520000 1.785000 200 200 100
1.117000 1.558000 1.379000 200 200 100
1.239000 1.528000 1.252000 200 200 100
1.368000 1.499000 1.740000 200 200 100
1.240000 1.528000 1.174000 200 200 100
1.285000 1.518000 1.575000 200 200 100
1.157000 1.549000 1.394000 200 200 100
1.304000 1.515000 1.761000 200 200 100
1.332000 1.506000 1.383000 200 200 100
1.230000 1.531000 1.457000 200 200 100
1.142000 1.553000 1.456000 200 200 100
1.104000 1.562000 1.436000 200 200 100
1.034000 1.578000 1.313000 200 200 100
1.261000 1.524000 1.457000 200 200 100
1.187000 1.542000 1.407000 200 200 100
1.155000 1.550000 1.548000 200 200 100
1.367000 1.498000 1.470000 200 200 100
1.283000 1.520000 1.750000 200 200 100
1.220000 1.534000 1.491000 200 200 100
1.375000 1.497000 1.606000 200 200 100
1.231000 1.532000 1.707000 200 200 100
1.239000 1.529000 1.320000 200 200 100
1.135000 1.553000 1.255000 200 200 100
1.403000 1.490000 1.691000 200 200 100
1.280000 1.518000 1.133000 200 200 100
1.272000 1.522000 1.653000 200 200 100
1.140000 1.553000 1.379000 200 200 100
1.255000 1.524000 1.237000 200 200 100
1.255000 1.524000 1.264000 200 200 100
1.135000 1.554000 1.275000 200 200 100
1.164000 1.546000 1.176000 200 200 100
1.302000 1.515000 1.647000 200 200 100
1.209000 1.536000 1.238000 200 200 100
1.032000 1.579000 1.269000 200 200 100
1.278000 1.520000 1.597000 200 200 100
1.055000 1.574000 1.381000 200 200 100
1.419000 1.488000 1.912000 200 200 100
1.203000 1.538000 1.425000 200 200 100
1.234000 1.530000 1.479000 200 200 100
1.294000 1.515000 1.252000 200 200 100
1.135000 1.555000 1.508000 200 200 100
1.319000 1.512000 1.839000 200 200 100
1.398000 1.492000 0.193000 200 200 100
1.403000 1.491000 0.132000 200 200 100
1.416000 1.487000 0.159000 200 200 100
1.395000 1.493000 0.136000 200 200 100
1.235000 1.538000 0.087000 200 200 100
1.389000 1.495000 0.166000 200 200 100
1.317000 1.515000 0.117000 200 200 100
1.378000 1.498000 0.158000 200 200 100
1.426000 1.484000 0.232000 200 200 100
1.277000 1.526000 0.106000 200 200 100
1.428000 1.483000 0.248000 200 200 100
1.302000 1.519000 0.136000 200 200 100
1.307000 1.518000 0.082000 200 200 100
1.235000 1.537000 0.094000 200 200 100
1.333000 1.510000 0.103000 200 200 100
1.365000 1.501000 0.187000 200 200 100
1.412000 1.489000 0.172000 200 200 100
1.434000 1.482000 0.248000 200 200 100
1.258000 1.531000 0.112000 200 200 100
1.354000 1.505000 0.116000 200 200 100
1.312000 1.516000 0.117000 200 200 100
1.337000 1.510000 0.090000 200 200 100
1.386000 1.495000 0.218000 200 200 100
1.349000 1.506000 0.125000 200 200 100
1.244000 1.535000 0.080000 200 200 100
1.323000 1.513000 0.150000 200 200 100
1.303000 1.519000 0.127000 200 200 100
1.355000 1.505000 0.109000 200 200 100
1.431000 1.483000 0.189000 200 200 100
1.218000 1.542000 0.068000 200 200 100
1.411000 1.489000 0.164000 200 200 100
1.520000 1.462000 0.870000 200 200 100
1.533000 1.459000 0.844000 200 200 100
1.533000 1.459000 0.593000 200 200 100
1.545000 1.456000 0.881000 200 200 100
1.642000 1.434000 0.952000 200 200 100
1.375000 1.496000 1.059000 200 200 100
1.582000 1.448000 1.127000 200 200 100
1.666000 1.429000 0.947000 200 200 100
1.471000 1.473000 0.935000 200 200 100
1.450000 1.478000 0.571000 200 200 100
1.597000 1.444000 0.701000 200 200 100
1.351000 1.501000 0.727000 200 200 100
1.366000 1.497000 0.797000 200 200 100
1.574000 1.450000 0.881000 200 200 100
1.315000 1.509000 1.035000 200 200 100
1.608000 1.442000 1.075000 200 200 100
1.437000 1.481000 0.493000 200 200 100
1.702000 1.420000 0.997000 200 200 100
1.504000 1.466000 1.034000 200 200 100
1.683000 1.425000 1.201000 200 200 100
1.502000 1.466000 0.624000 200 200 100
1.503000 1.466000 0.491000 200 200 100
1.337000 1.504000 1.045000 200 200 100
1.430000 1.483000 0.648000 200 200 100
1.659000 1.430000 1.054000 200 200 100
1.592000 1.446000 1.153000 200 200 100
1.317000 1.509000 0.972000 200 200 100
1.441000 1.480000 0.997000 200 200 100
1.478000 1.472000 1.029000 200 200 100
1.660000 1.430000 1.123000 200 200 100
1.496000 1.468000 1.048000 200 200 100
1.692000 1.423000 1.123000 200 200 100
1.410000 1.487000 0.587000 200 200 100
1.431000 1.482000 0.819000 200 200 100
1.624000 1.438000 0.895000 200 200 100
1.642000 1.434000 0.849000 200 200 100
1.436000 1.481000 0.639000 200 200 100
1.459000 1.476000 0.819000 200 200 100
1.382000 1.494000 0.938000 200 200 100
1.594000 1.445000 0.874000 200 200 100
1.321000 1.508000 0.948000 200 200 100
1.528000 1.460000 0.981000 200 200 100
1.570000 1.451000 1.041000 200 200 100
1.650000 1.432000 1.117000 200 200 100
1.369000 1.497000 0.894000 200 200 100
1.491000 1.469000 1.013000 200 200 100
1.504000 1.466000 0.457000 200 200 100
1.654000 1.431000 1.004000 200 200 100
1.367000 1.497000 0.785000 200 200 100
1.493000 1.468000 0.512000 200 200 100
1.405000 1.489000 0.942000 200 200 100
1.774000 1.404000 1.169000 200 200 100
1.629000 1.437000 0.803000 200 200 100
1.517000 1.463000 1.044000 200 200 100
1.505000 1.465000 0.520000 200 200 100
1.387000 1.493000 0.786000 200 200 100
1.605000 1.443000 0.752000 200 200 100
1.489000 1.469000 0.726000 200 200 100
1.445000 1.480000 1.015000 200 200 100
1.310000 1.510000 1.021000 200 200 100
1.550000 1.455000 0.911000 200 200 100
1.662000 1.429000 0.945000 200 200 100
1.374000 1.496000 0.633000 200 200 100
1.557000 1.454000 0.609000 200 200 100
1.350000 1.501000 1.013000 200 200 100
1.650000 1.432000 0.850000 200 200 100
1.406000 1.488000 0.980000 200 200 100
1.382000 1.494000 0.595000 200 200 100
1.443000 1.480000 0.668000 200 200 100
1.460000 1.476000 0.848000 200 200 100
1.492000 1.469000 1.000000 200 200 100
1.462000 1.476000 1.020000 200 200 100
1.471000 1.473000 0.563000 200 200 100
1.396000 1.491000 0.783000 200 200 100
1.449000 1.478000 0.782000 200 200 100
1.467000 1.474000 0.584000 200 200 100
1.505000 1.465000 0.496000 200 200 100
1.408000 1.488000 0.965000 200 200 100
1.415000 1.486000 0.752000 200 200 100
1.372000 1.496000 0.870000 200 200 100
1.687000 1.424000 1.027000 200 200 100
1.440000 1.481000 0.786000 200 200 100
1.487000 1.470000 0.634000 200 200 100
1.671000 1.427000 0.925000 200 200 100
1.504000 1.466000 0.529000 200 200 100
1.627000 1.438000 0.935000 200 200 100
1.581000 1.448000 1.046000 200 200 100
1.501000 1.466000 0.839000 200 200 100
1.742000 1.411000 1.102000 200 200 100
1.488000 1.470000 0.811000 200 200 100
1.402000 1.489000 0.985000 200 200 100
1.677000 1.426000 1.011000 200 200 100
1.487000 1.470000 0.759000 200 200 100
1.720000 1.416000 1.056000 200 200 100
1.553000 1.455000 1.018000 200 200 100
1.446000 1.479000 1.099000 200 200 100
1.389000 1.492000 0.682000 200 200 100
1.620000 1.439000 0.766000 200 200 100
1.679000 1.426000 0.943000 200 200 100
1.640000 1.435000 0.943000 200 200 100
1.499000 1.467000 0.484000 200 200 100
1.475000 1.472000 0.497000 200 200 100
1.482000 1.471000 0.932000 200 200 100
1.391000 1.492000 0.775000 200 200 100
1.362000 1.498000 1.039000 200 200 100
1.405000 1.489000 0.880000 200 200 100
1.674000 1.427000 1.012000 200 200 100
1.488000 1.469000 0.488000 200 200 100
1.423000 1.484000 0.588000 200 200 100
1.645000 1.433000 0.960000 200 200 100
1.432000 1.482000 0.969000 200 200 100
1.343000 1.503000 0.824000 200 200 100
1.530000 1.460000 0.753000 200 200 100
1.458000 1.476000 0.563000 200 200 100
1.463000 1.475000 0.951000 200 200 100
1.320000 1.508000 0.926000 200 200 100
1.659000 1.430000 1.091000 200 200 100
1.578000 1.449000 0.894000 200 200 100
1.472000 1.473000 1.100000 200 200 100
1.375000 1.496000 1.089000 200 200 100
1.521000 1.462000 0.723000 200 200 100
1.370000 1.497000 0.710000 200 200 100
1.359000 1.499000 1.004000 200 200 100
1.732000 1.414000 1.100000 200 200 100
1.504000 1.466000 0.590000 200 200 100
1.499000 1.467000 1.086000 200 200 100
1.766000 1.406000 1.217000 200 200 100
1.547000 1.456000 0.747000 200 200 100
1.433000 1.482000 0.712000 200 200 100
1.460000 1.476000 1.098000 200 200 100
1.598000 1.444000 1.014000 200 200 100
1.416000 1.486000 0.940000 200 200 100
1.546000 1.456000 0.971000 200 200 100
1.460000 1.476000 0.546000 200 200 100
1.394000 1.491000 0.579000 200 200 100
1.589000 1.446000 0.733000 200 200 100
1.587000 1.447000 0.817000 200 200 100
1.685000 1.424000 0.972000 200 200 100
1.521000 1.462000 0.653000 200 200 100
1.392000 1.491000 0.841000 200 200 100
1.656000 1.431000 0.904000 200 200 100
1.441000 1.480000 0.553000 200 200 100
1.589000 1.446000 0.918000 200 200 100
1.363000 1.498000 0.772000 200 200 100
1.679000 1.426000 0.954000 200 200 100
1.413000 1.487000 0.620000 200 200 100
1.416000 1.486000 1.044000 200 200 100
1.543000 1.457000 1.029000 200 200 100
1.512000 1.464000 1.082000 200 200 100
1.564000 1.452000 0.873000 200 200 100
1.584000 1.448000 1.023000 200 200 100
1.537000 1.458000 0.602000 200 200 100
1.527000 1.461000 1.035000 200 200 100
1.378000 1.495000 0.959000 200 200 100
1.601000 1.444000 0.911000 200 200 100
1.606000 1.442000 0.885000 200 200 100
1.496000 1.468000 0.898000 200 200 100
1.678000 1.426000 1.017000 200 200 100
1.365000 1.498000 0.970000 200 200 100
1.426000 1.484000 0.515000 200 200 100
1.733000 1.413000 1.135000 200 200 100
1.451000 1.478000 1.092000 200 200 100
1.723000 1.416000 1.157000 200 200 100
1.583000 1.448000 0.754000 200 200 100
1.367000 1.497000 0.982000 200 200 100
1.486000 1.470000 0.580000 200 200 100
1.416000 1.486000 0.835000 200 200 100
1.486000 1.470000 0.634000 200 200 100
1.688000 1.424000 1.210000 200 200 100
1.365000 1.498000 0.746000 200 200 100
1.382000 1.494000 0.592000 200 200 100
1.639000 1.435000 0.921000 200 200 100
1.670000 1.428000 1.070000 200 200 100
1.361000 1.499000 0.924000 200 200 100
1.540000 1.457000 0.719000 200 200 100
1.595000 1.445000 0.707000 200 200 100
1.357000 1.500000 1.043000 200 200 100
1.398000 1.490000 0.774000 200 200 100
1.372000 1.496000 0.872000 200 200 100
1.505000 1.466000 0.954000 200 200 100
1.487000 1.470000 0.667000 200 200 100
1.754000 1.408000 1.121000 200 200 100
1.549000 1.455000 0.944000 200 200 100
1.316000 1.509000 1.052000 200 200 100
1.481000 1.471000 1.020000 200 200 100
1.441000 1.480000 1.029000 200 200 100
1.403000 1.489000 0.613000 200 200 100
1.386000 1.493000 0.615000 200 200 100
1.465000 1.475000 1.056000 200 200 100
1.428000 1.483000 0.746000 200 200 100
1.491000 1.469000 0.529000 200 200 100
1.602000 1.443000 1.100000 200 200 100
1.554000 1.454000 0.646000 200 200 100
1.556000 1.454000 0.938000 200 200 100
1.402000 1.489000 0.575000 200 200 100
1.448000 1.479000 0.939000 200 200 100
1.683000 1.425000 1.007000 200 200 100
1.397000 1.490000 0.643000 200 200 100
1.675000 1.427000 1.025000 200 200 100
1.551000 1.455000 1.031000 200 200 100
1.622000 1.439000 1.102000 200 200 100
1.627000 1.438000 0.780000 200 200 100
1.586000 1.447000 0.934000 200 200 100
1.675000 1.427000 0.922000 200 200 100
1.432000 1.482000 0.620000 200 200 100
1.523000 1.461000 0.574000 200 200 100
1.724000 1.415000 1.177000 200 200 100
1.317000 1.509000 0.948000 200 200 100
1.582000 1.448000 1.170000 200 200 100
1.422000 1.485000 0.659000 200 200 100
1.522000 1.462000 0.858000 200 200 100
1.448000 1.479000 1.084000 200 200 100
1.607000 1.442000 1.101000 200 200 100
1.433000 1.482000 1.109000 200 200 100
1.470000 1.474000 0.875000 200 200 100
1.410000 1.487000 1.064000 200 200 100
1.450000 1.478000 1.105000 200 200 100
1.491000 1.469000 0.897000 200 200 100
1.472000 1.473000 0.901000 200 200 100
1.641000 1.435000 1.170000 200 200 100
1.511000 1.464000 0.679000 200 200 100
1.441000 1.480000 0.286000 200 200 100
1.635000 1.436000 1.014000 200 200 100
1.457000 1.477000 1.021000 200 200 100
1.440000 1.480000 0.535000 200 200 100
1.437000 1.481000 1.015000 200 200 100
1.493000 1.468000 0.906000 200 200 100
1.518000 1.463000 0.621000 200 200 100
1.562000 1.453000 0.971000 200 200 100
1.506000 1.465000 0.540000 200 200 100
1.429000 1.483000 1.015000 200 200 100
1.526000 1.461000 0.662000 200 200 100
1.690000 1.423000 1.005000 200 200 100
1.474000 1.473000 0.614000 200 200 100
1.439000 1.481000 0.395000 200 200 100
1.581000 1.448000 1.083000 200 200 100
1.453000 1.477000 0.753000 200 200 100
1.461000 1.475000 0.399000 200 200 100
1.668000 1.428000 0.957000 200 200 100
1.345000 1.502000 0.960000 200 200 100
1.380000 1.494000 0.669000 200 200 100
1.656000 1.431000 0.956000 200 200 100
1.369000 1.497000 0.954000 200 200 100
1.402000 1.489000 0.622000 200 200 100
1.620000 1.439000 1.039000 200 200 100
1.549000 1.456000 1.110000 200 200 100
1.754000 1.409000 1.217000 200 200 100
1.583000 1.448000 1.028000 200 200 100
1.610000 1.441000 0.977000 200 200 100
1.497000 1.467000 0.694000 200 200 100
1.551000 1.455000 0.941000 200 200 100
1.599000 1.444000 1.071000 200 200 100
1.516000 1.463000 1.111000 200 200 100
1.507000 1.465000 0.883000 200 200 100
1.505000 1.466000 1.131000 200 200 100
1.465000 1.475000 0.683000 200 200 100
1.705000 1.420000 1.003000 200 200 100
1.339000 1.504000 0.901000 200 200 100
1.642000 1.434000 1.095000 200 200 100
1.717000 1.417000 1.171000 200 200 100
1.482000 1.471000 0.738000 200 200 100
1.411000 1.487000 0.604000 200 200 100
1.644000 1.434000 1.190000 200 200 100
1.318000 1.509000 0.923000 200 200 100
1.671000 1.427000 1.131000 200 200 100
1.394000 1.491000 0.606000 200 200 100
1.362000 1.498000 0.850000 200 200 100
1.544000 1.457000 0.718000 200 200 100
1.424000 1.484000 0.551000 200 200 100
1.623000 1.439000 0.885000 200 200 100
1.450000 1.478000 0.685000 200 200 100
1.682000 1.425000 1.179000 200 200 100
1.536000 1.458000 0.689000 200 200 100
1.457000 1.477000 0.509000 200 200 100
1.450000 1.478000 0.900000 200 200 100
1.594000 1.445000 0.827000 200 200 100
1.548000 1.456000 0.956000 200 200 100
1.342000 1.503000 0.973000 200 200 100
1.728000 1.414000 1.070000 200 200 100
1.421000 1.485000 0.558000 200 200 100
1.479000 1.471000 0.453000 200 200 100
1.362000 1.498000 1.013000 200 200 100
1.418000 1.485000 0.451000 200 200 100
1.741000 1.412000 1.227000 200 200 100
1.421000 1.485000 0.654000 200 200 100
1.451000 1.478000 0.515000 200 200 100
1.520000 1.462000 1.035000 200 200 100
1.398000 1.490000 1.003000 200 200 100
1.471000 1.474000 0.923000 200 200 100
1.646000 1.433000 1.082000 200 200 100
1.704000 1.420000 1.208000 200 200 100
1.399000 1.490000 0.824000 200 200 100
1.499000 1.467000 0.455000 200 200 100
1.475000 1.473000 0.696000 200 200 100
1.479000 1.472000 1.033000 200 200 100
1.464000 1.475000 0.827000 200 200 100
1.699000 1.421000 1.111000 200 200 100
1.503000 1.466000 0.613000 200 200 100
1.506000 1.465000 0.535000 200 200 100
1.635000 1.436000 0.876000 200 200 100
1.426000 1.484000 0.853000 200 200 100
1.476000 1.472000 0.637000 200 200 100
1.653000 1.432000 1.061000 200 200 100
1.578000 1.449000 0.937000 200 200 100
1.514000 1.464000 0.801000 200 200 100
1.449000 1.478000 0.751000 200 200 100
1.441000 1.480000 0.610000 200 200 100
1.415000 1.486000 0.667000 200 200 100
1.427000 1.483000 0.526000 200 200 100
1.437000 1.481000 0.598000 200 200 100
1.502000 1.466000 0.497000 200 200 100
1.663000 1.429000 1.074000 200 200 100
1.529000 1.460000 0.562000 200 200 100
1.594000 1.445000 1.056000 200 200 100
1.401000 1.489000 0.702000 200 200 100
1.379000 1.495000 1.026000 200 200 100
1.508000 1.465000 0.670000 200 200 100
1.416000 1.486000 0.423000 200 200 100
1.682000 1.425000 1.171000 200 200 100
1.465000 1.475000 0.407000 200 200 100
1.531000 1.460000 0.909000 200 200 100
1.649000 1.433000 1.130000 200 200 100
1.501000 1.466000 0.469000 200 200 100
1.587000 1.457000 0.135000 200 200 100
1.674000 1.444000 0.076000 200 200 100
1.599000 1.456000 0.125000 200 200 100
1.576000 1.459000 0.135000 200 200 100
1.458000 1.480000 0.092000 200 200 100
1.484000 1.476000 0.077000 200 200 100
1.599000 1.456000 0.079000 200 200 100
1.527000 1.467000 0.153000 200 200 100
1.523000 1.469000 0.108000 200 200 100
1.550000 1.464000 0.087000 200 200 100
1.572000 1.460000 0.159000 200 200 100
1.686000 1.442000 0.059000 200 200 100
1.458000 1.479000 0.166000 200 200 100
1.544000 1.465000 0.107000 200 200 100
1.677000 1.443000 0.085000 200 200 100
1.561000 1.462000 0.141000 200 200 100
1.618000 1.453000 0.108000 200 200 100
1.509000 1.472000 0.066000 200 200 100
1.522000 1.469000 0.110000 200 200 100
1.602000 1.456000 0.091000 200 200 100
1.497000 1.471000 0.227000 200 200 100
1.624000 1.452000 0.059000 200 200 100
1.522000 1.468000 0.146000 200 200 100
1.602000 1.455000 0.145000 200 200 100
1.616000 1.454000 0.063000 200 200 100
1.538000 1.466000 0.086000 200 200 100
1.607000 1.455000 0.104000 200 200 100
1.760000 1.429000 0.059000 200 200 100
1.519000 1.468000 0.169000 200 200 100
1.633000 1.450000 0.127000 200 200 100
1.440000 1.481000 0.195000 200 200 100
1.563000 1.462000 0.101000 200 200 100
1.653000 1.447000 0.077000 200 200 100
1.648000 1.448000 0.075000 200 200 100
1.511000 1.471000 0.110000 200 200 100
1.541000 1.466000 0.064000 200 200 100
1.648000 1.448000 0.086000 200 200 100
1.443000 1.483000 0.074000 200 200 100
1.685000 1.441000 0.096000 200 200 100
1.456000 1.480000 0.109000 200 200 100
1.661000 1.446000 0.061000 200 200 100
1.726000 1.435000 0.061000 200 200 100
1.576000 1.459000 0.144000 200 200 100
1.528000 1.467000 0.139000 200 200 100
1.449000 1.480000 0.160000 200 200 100
1.638000 1.449000 0.137000 200 200 100
1.495000 1.473000 0.146000 200 200 100
1.524000 1.468000 0.132000 200 200 100
1.606000 1.455000 0.109000 200 200 100
1.704000 1.438000 0.095000 200 200 100
1.641000 1.448000 0.116000 200 200 100
1.651000 1.447000 0.130000 200 200 100
1.545000 1.465000 0.113000 200 200 100
1.512000 1.470000 0.170000 200 200 100
1.452000 1.480000 0.133000 200 200 100
1.651000 1.448000 0.059000 200 200 100
1.450000 1.480000 0.138000 200 200 100
1.542000 1.466000 0.074000 200 200 100
1.440000 1.482000 0.136000 200 200 100
1.436000 1.483000 0.107000 200 200 100
1.554000 1.464000 0.104000 200 200 100
1.577000 1.460000 0.064000 200 200 100
1.503000 1.473000 0.059000 200 200 100
1.448000 1.480000 0.219000 200 200 100
1.449000 1.482000 0.061000 200 200 100
1.452000 1.479000 0.198000 200 200 100
1.643000 1.423000 1.927000 200 200 100
1.696000 1.412000 1.755000 200 200 100
1.643000 1.432000 1.780000 200 200 100
1.690000 1.423000 1.599000 200 200 100
1.668000 1.429000 1.662000 200 200 100
1.756000 1.408000 1.408000 200 200 100
1.746000 1.406000 1.517000 200 200 100
1.727000 1.412000 1.545000 200 200 100
1.680000 1.415000 1.822000 200 200 100
1.737000 1.410000 1.516000 200 200 100
1.630000 1.437000 1.779000 200 200 100
1.597000 1.446000 1.854000 200 200 100
1.768000 1.404000 1.396000 200 200 100
1.697000 1.414000 1.707000 200 200 100
1.695000 1.416000 1.686000 200 200 100
1.702000 1.414000 1.685000 200 200 100
1.682000 1.420000 1.713000 200 200 100
1.728000 1.413000 1.516000 200 200 100
1.658000 1.427000 1.763000 200 200 100
1.659000 1.418000 1.900000 200 200 100
1.668000 1.422000 1.779000 200 200 100
1.639000 1.429000 1.849000 200 200 100
1.642000 1.425000 1.908000 200 200 100
1.632000 1.431000 1.879000 200 200 100
1.661000 1.429000 1.704000 200 200 100
1.679000 1.426000 1.629000 200 200 100
1.734000 1.413000 1.476000 200 200 100
1.715000 1.409000 1.680000 200 200 100
1.675000 1.425000 1.684000 200 200 100
1.774000 1.404000 1.359000 200 200 100
1.730000 1.413000 1.510000 200 200 100
1.673000 1.424000 1.703000 200 200 100
1.655000 1.421000 1.877000 200 200 100
1.776000 1.404000 1.349000 200 200 100
1.623000 1.439000 1.801000 200 200 100
1.690000 1.416000 1.725000 200 200 100
1.601000 1.441000 1.915000 200 200 100
1.680000 1.426000 1.623000 200 200 100
1.597000 1.445000 1.874000 200 200 100
1.625000 1.438000 1.794000 200 200 100
1.751000 1.404000 1.508000 200 200 100
1.751000 1.405000 1.503000 200 200 100
1.676000 1.418000 1.789000 200 200 100
1.681000 1.417000 1.770000 200 200 100
1.650000 1.430000 1.768000 200 200 100
1.756000 1.408000 1.411000 200 200 100
1.752000 1.408000 1.449000 200 200 100
1.722000 1.413000 1.556000 200 200 100
1.650000 1.425000 1.848000 200 200 100
1.661000 1.429000 1.700000 200 200 100
1.677000 1.414000 1.844000 200 200 100
1.739000 1.407000 1.539000 200 200 100
1.669000 1.427000 1.681000 200 200 100
1.644000 1.429000 1.829000 200 200 100
1.722000 1.417000 1.457000 200 200 100
1.454000 1.479000 1.648000 200 200 100
1.521000 1.464000 1.906000 200 200 100
1.401000 1.490000 1.369000 200 200 100
1.426000 1.485000 1.662000 200 200 100
1.408000 1.489000 1.601000 200 200 100
1.572000 1.451000 1.299000 200 200 100
1.434000 1.483000 1.746000 200 200 100
1.582000 1.449000 1.795000 200 200 100
1.390000 1.493000 1.549000 200 200 100
1.603000 1.443000 1.305000 200 200 100
1.674000 1.428000 1.621000 200 200 100
1.528000 1.462000 1.768000 200 200 100
1.691000 1.423000 1.273000 200 200 100
1.642000 1.435000 1.450000 200 200 100
1.415000 1.487000 1.398000 200 200 100
1.729000 1.415000 1.466000 200 200 100
1.440000 1.481000 1.182000 200 200 100
1.436000 1.483000 1.677000 200 200 100
1.346000 1.503000 1.282000 200 200 100
1.729000 1.414000 1.255000 200 200 100
1.637000 1.436000 1.288000 200 200 100
1.485000 1.471000 1.535000 200 200 100
1.649000 1.434000 1.643000 200 200 100
1.559000 1.455000 1.698000 200 200 100
1.439000 1.481000 1.261000 200 200 100
1.416000 1.486000 1.230000 200 200 100
1.469000 1.476000 1.885000 200 200 100
1.492000 1.470000 1.753000 200 200 100
1.368000 1.497000 1.178000 200 200 100
1.654000 1.432000 1.489000 200 200 100
1.687000 1.424000 1.421000 200 200 100
1.495000 1.470000 1.853000 200 200 100
1.667000 1.429000 1.280000 200 200 100
1.472000 1.474000 1.269000 200 200 100
1.714000 1.418000 1.336000 200 200 100
1.454000 1.478000 1.440000 200 200 100
1.416000 1.487000 1.315000 200 200 100
1.503000 1.467000 1.701000 200 200 100
1.571000 1.451000 1.580000 200 200 100
1.460000 1.477000 1.622000 200 200 100
1.370000 1.498000 1.426000 200 200 100
1.444000 1.481000 1.638000 200 200 100
1.719000 1.417000 1.272000 200 200 100
1.520000 1.463000 1.352000 200 200 100
1.782000 1.402000 1.306000 200 200 100
1.373000 1.497000 1.452000 200 200 100
1.620000 1.440000 1.474000 200 200 100
1.525000 1.462000 1.431000 200 200 100
1.517000 1.463000 1.255000 200 200 100
1.498000 1.468000 1.325000 200 200 100
1.559000 1.455000 1.684000 200 200 100
1.436000 1.482000 1.465000 200 200 100
1.451000 1.480000 1.713000 200 200 100
1.638000 1.435000 1.256000 200 200 100
1.494000 1.469000 1.215000 200 200 100
1.608000 1.443000 1.553000 200 200 100
1.666000 1.429000 1.275000 200 200 100
1.719000 1.417000 1.492000 200 200 100
1.607000 1.443000 1.698000 200 200 100
1.462000 1.476000 1.181000 200 200 100
1.474000 1.473000 1.439000 200 200 100
1.456000 1.477000 1.280000 200 200 100
1.448000 1.479000 1.235000 200 200 100
1.508000 1.465000 1.369000 200 200 100
1.560000 1.455000 1.913000 200 200 100
1.493000 1.470000 1.910000 200 200 100
1.666000 1.430000 1.565000 200 200 100
1.531000 1.461000 1.623000 200 200 100
1.496000 1.468000 1.202000 200 200 100
1.732000 1.414000 1.300000 200 200 100
1.492000 1.470000 1.837000 200 200 100
1.493000 1.470000 1.829000 200 200 100
1.431000 1.483000 1.233000 200 200 100
1.548000 1.457000 1.594000 200 200 100
1.591000 1.446000 1.190000 200 200 100
1.581000 1.449000 1.681000 200 200 100
1.574000 1.451000 1.788000 200 200 100
1.614000 1.442000 1.764000 200 200 100
1.553000 1.456000 1.565000 200 200 100
1.536000 1.460000 1.628000 200 200 100
1.609000 1.443000 1.565000 200 200 100
1.461000 1.477000 1.778000 200 200 100
1.581000 1.449000 1.400000 200 200 100
1.494000 1.469000 1.373000 200 200 100
1.516000 1.465000 1.896000 200 200 100
1.502000 1.468000 1.867000 200 200 100
1.737000 1.413000 1.447000 200 200 100
1.440000 1.482000 1.765000 200 200 100
1.513000 1.465000 1.753000 200 200 100
1.444000 1.480000 1.173000 200 200 100
1.622000 1.440000 1.507000 200 200 100
1.458000 1.478000 1.626000 200 200 100
1.506000 1.467000 1.580000 200 200 100
1.647000 1.434000 1.582000 200 200 100
1.383000 1.494000 1.291000 200 200 100
1.459000 1.478000 1.798000 200 200 100
1.427000 1.485000 1.523000 200 200 100
1.508000 1.466000 1.558000 200 200 100
1.497000 1.469000 1.683000 200 200 100
1.759000 1.408000 1.365000 200 200 100
1.693000 1.423000 1.338000 200 200 100
1.407000 1.489000 1.257000 200 200 100
1.771000 1.405000 1.299000 200 200 100
1.444000 1.481000 1.656000 200 200 100
1.684000 1.425000 1.449000 200 200 100
1.402000 1.490000 1.217000 200 200 100
1.590000 1.447000 1.436000 200 200 100
1.669000 1.428000 1.318000 200 200 100
1.486000 1.471000 1.498000 200 200 100
1.754000 1.409000 1.337000 200 200 100
1.402000 1.490000 1.542000 200 200 100
1.654000 1.431000 1.209000 200 200 100
1.555000 1.454000 1.202000 200 200 100
1.614000 1.441000 1.323000 200 200 100
1.637000 1.436000 1.466000 200 200 100
1.396000 1.491000 1.317000 200 200 100
1.328000 1.507000 1.208000 200 200 100
1.580000 1.449000 1.541000 200 200 100
1.516000 1.463000 1.149000 200 200 100
1.413000 1.487000 1.170000 200 200 100
1.501000 1.467000 1.345000 200 200 100
1.588000 1.447000 1.504000 200 200 100
1.375000 1.496000 1.397000 200 200 100
1.507000 1.466000 1.724000 200 200 100
1.711000 1.419000 1.367000 200 200 100
1.479000 1.472000 1.508000 200 200 100
1.585000 1.448000 1.548000 200 200 100
1.744000 1.411000 1.297000 200 200 100
1.381000 1.494000 1.257000 200 200 100
1.380000 1.494000 1.135000 200 200 100
1.510000 1.465000 1.184000 200 200 100
1.417000 1.487000 1.627000 200 200 100
1.490000 1.470000 1.319000 200 200 100
1.610000 1.443000 1.639000 200 200 100
1.719000 1.417000 1.271000 200 200 100
1.515000 1.465000 1.665000 200 200 100
1.690000 1.424000 1.508000 200 200 100
1.746000 1.411000 1.418000 200 200 100
1.586000 1.447000 1.229000 200 200 100
1.554000 1.455000 1.539000 200 200 100
1.510000 1.466000 1.532000 200 200 100
1.723000 1.416000 1.366000 200 200 100
1.526000 1.462000 1.796000 200 200 100
1.395000 1.492000 1.432000 200 200 100
1.478000 1.473000 1.827000 200 200 100
1.510000 1.466000 1.773000 200 200 100
1.465000 1.475000 1.381000 200 200 100
1.476000 1.474000 1.812000 200 200 100
1.593000 1.446000 1.267000 200 200 100
1.561000 1.453000 1.263000 200 200 100
1.419000 1.486000 1.281000 200 200 100
1.628000 1.438000 1.470000 200 200 100
1.541000 1.457000 1.194000 200 200 100
1.497000 1.468000 1.237000 200 200 100
1.383000 1.495000 1.518000 200 200 100
1.592000 1.447000 1.721000 200 200 100
1.508000 1.466000 1.396000 200 200 100
1.763000 1.407000 1.318000 200 200 100
1.509000 1.466000 1.897000 200 200 100
1.532000 1.460000 1.222000 200 200 100
1.458000 1.477000 1.182000 200 200 100
1.342000 1.503000 1.177000 200 200 100
1.668000 1.429000 1.400000 200 200 100
1.447000 1.481000 1.811000 200 200 100
1.646000 1.433000 1.215000 200 200 100
1.451000 1.478000 1.328000 200 200 100
1.525000 1.462000 1.577000 200 200 100
1.776000 1.404000 1.346000 200 200 100
1.379000 1.495000 1.243000 200 200 100
1.572000 1.451000 1.313000 200 200 100
1.580000 1.449000 1.467000 200 200 100
1.403000 1.490000 1.518000 200 200 100
1.579000 1.450000 1.627000 200 200 100
1.356000 1.500000 1.187000 200 200 100
1.486000 1.471000 1.370000 200 200 100
1.527000 1.462000 1.586000 200 200 100
1.705000 1.420000 1.505000 200 200 100
1.691000 1.423000 1.279000 200 200 100
1.650000 1.433000 1.335000 200 200 100
1.552000 1.455000 1.221000 200 200 100
1.522000 1.463000 1.731000 200 200 100
1.580000 1.449000 1.366000 200 200 100
1.510000 1.466000 1.826000 200 200 100
1.559000 1.453000 1.195000 200 200 100
1.566000 1.453000 1.700000 200 200 100
1.439000 1.482000 1.726000 200 200 100
1.620000 1.440000 1.324000 200 200 100
1.384000 1.494000 1.115000 200 200 100
1.396000 1.492000 1.512000 200 200 100
1.613000 1.442000 1.578000 200 200 100
1.495000 1.469000 1.748000 200 200 100
1.501000 1.467000 1.190000 200 200 100
1.735000 1.413000 1.277000 200 200 100
1.301000 1.513000 1.104000 200 200 100
1.480000 1.473000 1.795000 200 200 100
1.675000 1.427000 1.450000 200 200 100
1.466000 1.476000 1.534000 200 200 100
1.459000 1.478000 1.871000 200 200 100
1.622000 1.440000 1.759000 200 200 100
1.528000 1.461000 1.201000 200 200 100
1.642000 1.435000 1.696000 200 200 100
1.563000 1.454000 1.701000 200 200 100
1.444000 1.480000 1.337000 200 200 100
1.532000 1.461000 1.718000 200 200 100
1.726000 1.415000 1.413000 200 200 100
1.612000 1.442000 1.468000 200 200 100
1.517000 1.464000 1.537000 200 200 100
1.496000 1.469000 1.588000 200 200 100
1.436000 1.483000 1.633000 200 200 100
1.554000 1.456000 1.707000 200 200 100
1.660000 1.431000 1.590000 200 200 100
1.659000 1.431000 1.434000 200 200 100
1.386000 1.494000 1.331000 200 200 100
1.446000 1.480000 1.332000 200 200 100
1.425000 1.485000 1.514000 200 200 100
1.502000 1.467000 1.180000 200 200 100
1.423000 1.486000 1.614000 200 200 100
1.641000 1.435000 1.249000 200 200 100
1.540000 1.459000 1.511000 200 200 100
1.545000 1.457000 1.584000 200 200 100
1.511000 1.466000 1.873000 200 200 100
1.684000 1.425000 1.307000 200 200 100
1.604000 1.444000 1.800000 200 200 100
1.498000 1.469000 1.786000 200 200 100
1.550000 1.457000 1.882000 200 200 100
1.646000 1.434000 1.353000 200 200 100
1.451000 1.479000 1.564000 200 200 100
1.508000 1.465000 1.332000 200 200 100
1.375000 1.496000 1.179000 200 200 100
1.673000 1.428000 1.325000 200 200 100
1.503000 1.467000 1.618000 200 200 100
1.348000 1.502000 1.281000 200 200 100
1.604000 1.444000 1.652000 200 200 100
1.467000 1.475000 1.417000 200 200 100
1.521000 1.463000 1.699000 200 200 100
1.568000 1.452000 1.392000 200 200 100
1.434000 1.484000 1.752000 200 200 100
1.410000 1.488000 1.235000 200 200 100
1.457000 1.478000 1.822000 200 200 100
1.712000 1.418000 1.392000 200 200 100
1.529000 1.461000 1.509000 200 200 100
1.379000 1.495000 1.277000 200 200 100
1.436000 1.482000 1.191000 200 200 100
1.587000 1.447000 1.270000 200 200 100
1.598000 1.445000 1.217000 200 200 100
1.521000 1.463000 1.606000 200 200 100
1.669000 1.428000 1.326000 200 200 100
1.471000 1.474000 1.184000 200 200 100
1.467000 1.476000 1.761000 200 200 100
1.421000 1.486000 1.645000 200 200 100
1.420000 1.486000 1.668000 200 200 100
1.751000 1.409000 1.281000 200 200 100
1.704000 1.421000 1.513000 200 200 100
1.364000 1.499000 1.362000 200 200 100
1.427000 1.485000 1.647000 200 200 100
1.484000 1.471000 1.214000 200 200 100
1.451000 1.479000 1.390000 200 200 100
1.508000 1.466000 1.668000 200 200 100
1.564000 1.453000 1.583000 200 200 100
1.633000 1.436000 1.242000 200 200 100
1.659000 1.431000 1.481000 200 200 100
1.448000 1.480000 1.615000 200 200 100
1.509000 1.467000 1.917000 200 200 100
1.613000 1.441000 1.392000 200 200 100
1.591000 1.447000 1.585000 200 200 100
1.560000 1.454000 1.333000 200 200 100
1.522000 1.463000 1.828000 200 200 100
1.401000 1.491000 1.473000 200 200 100
1.755000 1.409000 1.401000 200 200 100
1.751000 1.409000 1.278000 200 200 100
1.673000 1.427000 1.314000 200 200 100
1.542000 1.458000 1.317000 200 200 100
1.464000 1.476000 1.306000 200 200 100
1.633000 1.436000 1.216000 200 200 100
1.502000 1.468000 1.871000 200 200 100
1.644000 1.434000 1.352000 200 200 100
1.604000 1.444000 1.574000 200 200 100
1.463000 1.475000 1.191000 200 200 100
1.722000 1.416000 1.229000 200 200 100
1.585000 1.448000 1.489000 200 200 100
1.590000 1.446000 1.209000 200 200 100
1.455000 1.478000 1.477000 200 200 100
1.557000 1.454000 1.426000 200 200 100
1.458000 1.478000 1.862000 200 200 100
1.594000 1.445000 1.265000 200 200 100
1.750000 1.410000 1.379000 200 200 100
1.404000 1.490000 1.360000 200 200 100
1.677000 1.427000 1.380000 200 200 100
1.776000 1.404000 1.344000 200 200 100
1.373000 1.497000 1.384000 200 200 100
1.480000 1.473000 1.670000 200 200 100
1.530000 1.461000 1.799000 200 200 100
1.393000 1.492000 1.199000 200 200 100
1.666000 1.430000 1.508000 200 200 100
1.535000 1.460000 1.762000 200 200 100
1.440000 1.482000 1.710000 200 200 100
1.553000 1.455000 1.417000 200 200 100
1.420000 1.485000 1.203000 200 200 100
1.552000 1.456000 1.764000 200 200 100
1.401000 1.490000 1.289000 200 200 100
1.549000 1.456000 1.456000 200 200 100
1.406000 1.488000 1.108000 200 200 100
1.514000 1.464000 1.286000 200 200 100
1.466000 1.475000 1.372000 200 200 100
1.574000 1.450000 1.236000 200 200 100
1.590000 1.447000 1.627000 200 200 100
1.454000 1.479000 1.748000 200 200 100
1.572000 1.451000 1.470000 200 200 100
1.526000 1.462000 1.466000 200 200 100
1.407000 1.489000 1.622000 200 200 100
1.424000 1.486000 1.673000 200 200 100
1.565000 1.452000 1.321000 200 200 100
1.525000 1.461000 1.229000 200 200 100
1.394000 1.491000 1.175000 200 200 100
1.652000 1.432000 1.391000 200 200 100
1.560000 1.453000 1.199000 200 200 100
1.554000 1.456000 1.764000 200 200 100
1.642000 1.435000 1.326000 200 200 100
1.487000 1.470000 1.147000 200 200 100
1.526000 1.462000 1.567000 200 200 100
1.520000 1.463000 1.477000 200 200 100
1.456000 1.478000 1.772000 200 200 100
1.413000 1.487000 1.377000 200 200 100
1.715000 1.418000 1.318000 200 200 100
1.476000 1.473000 1.411000 200 200 100
1.427000 1.485000 1.720000 200 200 100
1.545000 1.458000 1.820000 200 200 100
1.573000 1.452000 1.799000 200 200 100
1.576000 1.450000 1.318000 200 200 100
1.442000 1.481000 1.527000 200 200 100
1.453000 1.479000 1.529000 200 200 100
1.724000 1.416000 1.274000 200 200 100
1.451000 1.479000 1.361000 200 200 100
1.497000 1.469000 1.550000 200 200 100
1.657000 1.432000 1.645000 200 200 100
1.515000 1.463000 1.164000 200 200 100
1.468000 1.474000 1.205000 200 200 100
1.477000 1.474000 1.879000 200 200 100
1.402000 1.490000 1.586000 200 200 100
1.536000 1.460000 1.732000 200 200 100
1.578000 1.450000 1.536000 200 200 100
1.539000 1.459000 1.489000 200 200 100
1.406000 1.489000 1.433000 200 200 100
1.417000 1.487000 1.578000 200 200 100
1.734000 1.414000 1.407000 200 200 100
1.536000 1.460000 1.903000 200 200 100
1.586000 1.447000 1.276000 200 200 100
1.337000 1.505000 1.183000 200 200 100
1.365000 1.499000 1.425000 200 200 100
1.587000 1.447000 1.381000 200 200 100
1.461000 1.476000 1.315000 200 200 100
1.458000 1.478000 1.819000 200 200 100
1.408000 1.488000 1.179000 200 200 100
1.419000 1.486000 1.227000 200 200 100
1.500000 1.468000 1.722000 200 200 100
1.437000 1.482000 1.592000 200 200 100
1.420000 1.486000 1.275000 200 200 100
1.663000 1.430000 1.286000 200 200 100
1.751000 1.410000 1.384000 200 200 100
1.515000 1.463000 1.147000 200 200 100
1.348000 1.502000 1.313000 200 200 100
1.402000 1.490000 1.335000 200 200 100
1.608000 1.442000 1.336000 200 200 100
1.533000 1.461000 1.752000 200 200 100
1.491000 1.470000 1.583000 200 200 100
1.486000 1.471000 1.405000 200 200 100
1.450000 1.479000 1.251000 200 200 100
1.554000 1.455000 1.272000 200 200 100
1.784000 1.399000 1.410000 200 200 100
1.774000 1.401000 1.457000 200 200 100
1.794000 1.399000 1.634000 200 200 100
1.810000 1.397000 1.848000 200 200 100
1.790000 1.399000 1.715000 200 200 100
1.772000 1.401000 1.485000 200 200 100
1.795000 1.399000 1.896000 200 200 100
1.720000 1.408000 1.890000 200 200 100
1.782000 1.401000 1.828000 200 200 100
1.806000 1.397000 1.617000 200 200 100
1.804000 1.398000 1.875000 200 200 100
1.809000 1.397000 1.754000 200 200 100
1.813000 1.396000 1.656000 200 200 100
1.793000 1.398000 1.470000 200 200 100
1.800000 1.398000 1.480000 200 200 100
1.743000 1.405000 1.751000 200 200 100
1.691000 1.412000 1.920000 200 200 100
1.781000 1.401000 1.787000 200 200 100
1.720000 1.408000 1.730000 200 200 100
1.796000 1.398000 1.635000 200 200 100
1.750000 1.404000 1.655000 200 200 100
1.724000 1.407000 1.721000 200 200 100
1.780000 1.401000 1.747000 200 200 100
1.670000 1.415000 1.909000 200 200 100
1.757000 1.404000 1.870000 200 200 100
1.780000 1.400000 1.411000 200 200 100
1.754000 1.404000 1.877000 200 200 100
1.757000 1.404000 1.842000 200 200 100
1.725000 1.408000 1.868000 200 200 100
1.826000 1.395000 1.924000 200 200 100
1.760000 1.403000 1.742000 200 200 100
1.797000 1.398000 1.384000 200 200 100
1.784000 1.400000 1.810000 200 200 100
1.765000 1.403000 1.771000 200 200 100
1.762000 1.403000 1.923000 200 200 100
1.693000 1.412000 1.885000 200 200 100
1.818000 1.396000 1.823000 200 200 100
1.749000 1.404000 1.597000 200 200 100
1.741000 1.405000 1.580000 200 200 100
1.816000 1.396000 1.627000 200 200 100
1.756000 1.404000 1.753000 200 200 100
1.808000 1.398000 1.932000 200 200 100
1.791000 1.399000 1.700000 200 200 100
1.797000 1.398000 1.427000 200 200 100
1.705000 1.410000 1.840000 200 200 100
1.811000 1.397000 1.635000 200 200 100
1.778000 1.401000 1.563000 200 200 100
1.758000 1.403000 1.545000 200 200 100
1.788000 1.400000 1.900000 200 200 100
1.696000 1.411000 1.900000 200 200 100
1.776000 1.401000 1.522000 200 200 100
1.745000 1.405000 1.607000 200 200 100
1.716000 1.409000 1.879000 200 200 100
1.732000 1.407000 1.697000 200 200 100
1.720000 1.408000 1.735000 200 200 100
1.747000 1.405000 1.667000 200 200 100
1.746000 1.405000 1.912000 200 200 100
1.788000 1.399000 1.460000 200 200 100
1.805000 1.398000 1.792000 200 200 100
1.777000 1.401000 1.707000 200 200 100
1.817000 1.396000 1.512000 200 200 100
1.712000 1.409000 1.829000 200 200 100
1.794000 1.399000 1.662000 200 200 100
1.818000 1.396000 1.652000 200 200 100
1.798000 1.398000 1.565000 200 200 100
1.805000 1.397000 1.493000 200 200 100
1.805000 1.397000 1.468000 200 200 100
1.729000 1.407000 1.847000 200 200 100
1.815000 1.397000 1.881000 200 200 100
1.773000 1.401000 1.744000 200 200 100
1.688000 1.440000 0.203000 200 200 100
1.787000 1.422000 0.275000 200 200 100
1.676000 1.441000 0.249000 200 200 100
1.825000 1.415000 0.310000 200 200 100
1.752000 1.427000 0.307000 200 200 100
1.791000 1.424000 0.077000 200 200 100
1.837000 1.412000 0.434000 200 200 100
1.720000 1.432000 0.395000 200 200 100
1.762000 1.428000 0.131000 200 200 100
1.745000 1.430000 0.231000 200 200 100
1.742000 1.429000 0.339000 200 200 100
1.734000 1.432000 0.194000 200 200 100
1.683000 1.439000 0.318000 200 200 100
1.689000 1.438000 0.300000 200 200 100
1.725000 1.431000 0.346000 200 200 100
1.850000 1.412000 0.253000 200 200 100
1.864000 1.408000 0.351000 200 200 100
1.838000 1.415000 0.114000 200 200 100
1.711000 1.435000 0.257000 200 200 100
1.712000 1.436000 0.155000 200 200 100
1.736000 1.432000 0.188000 200 200 100
1.653000 1.444000 0.292000 200 200 100
1.742000 1.429000 0.313000 200 200 100
1.807000 1.417000 0.377000 200 200 100
1.550000 1.462000 0.232000 200 200 100
1.605000 1.453000 0.267000 200 200 100
1.720000 1.432000 0.408000 200 200 100
1.789000 1.423000 0.169000 200 200 100
1.723000 1.433000 0.264000 200 200 100
1.769000 1.424000 0.350000 200 200 100
1.607000 1.452000 0.266000 200 200 100
1.762000 1.424000 0.424000 200 200 100
1.811000 1.419000 0.204000 200 200 100
1.768000 1.427000 0.140000 200 200 100
1.698000 1.436000 0.381000 200 200 100
1.794000 1.419000 0.400000 200 200 100
1.723000 1.432000 0.353000 200 200 100
1.738000 1.430000 0.284000 200 200 100
1.632000 1.449000 0.189000 200 200 100
1.626000 1.449000 0.293000 200 200 100
1.591000 1.454000 0.343000 200 200 100
1.490000 1.472000 0.257000 200 200 100
1.618000 1.451000 0.254000 200 200 100
1.737000 1.430000 0.309000 200 200 100
1.693000 1.439000 0.216000 200 200 100
1.788000 1.422000 0.220000 200 200 100
1.770000 1.425000 0.241000 200 200 100
1.763000 1.427000 0.167000 200 200 100
1.777000 1.422000 0.406000 200 200 100
1.797000 1.419000 0.408000 200 200 100
1.714000 1.434000 0.327000 200 200 100
1.726000 1.432000 0.308000 200 200 100
1.683000 1.439000 0.296000 200 200 100
1.634000 1.447000 0.307000 200 200 100
1.474000 1.475000 0.269000 200 200 100
1.628000 1.450000 0.191000 200 200 100
1.739000 1.429000 0.347000 200 200 100
1.621000 1.450000 0.241000 200 200 100
1.745000 1.431000 0.122000 200 200 100
1.545000 1.462000 0.303000 200 200 100
1.766000 1.428000 0.107000 200 200 100
1.618000 1.450000 0.321000 200 200 100
1.595000 1.455000 0.202000 200 200 100
1.706000 1.434000 0.388000 200 200 100
1.753000 1.427000 0.327000 200 200 100
1.654000 1.443000 0.363000 200 200 100
1.778000 1.426000 0.111000 200 200 100
1.794000 1.419000 0.442000 200 200 100
1.748000 1.429000 0.256000 200 200 100
1.712000 1.436000 0.183000 200 200 100
1.733000 1.431000 0.240000 200 200 100
1.596000 1.454000 0.305000 200 200 100
1.810000 1.419000 0.235000 200 200 100
1.679000 1.441000 0.193000 200 200 100
1.775000 1.423000 0.320000 200 200 100
1.593000 1.454000 0.340000 200 200 100
1.796000 1.419000 0.378000 200 200 100
1.714000 1.435000 0.252000 200 200 100
1.794000 1.419000 0.420000 200 200 100
1.832000 1.412000 0.464000 200 200 100
1.638000 1.447000 0.255000 200 200 100
1.690000 1.437000 0.337000 200 200 100
1.491000 1.472000 0.266000 200 200 100
1.785000 1.420000 0.423000 200 200 100
1.728000 1.433000 0.153000 200 200 100
1.762000 1.426000 0.290000 200 200 100
1.677000 1.440000 0.331000 200 200 100
1.549000 1.462000 0.270000 200 200 100
1.773000 1.426000 0.104000 200 200 100
1.785000 1.425000 0.097000 200 200 100
1.522000 1.466000 0.306000 200 200 100
1.658000 1.445000 0.158000 200 200 100
1.824000 1.417000 0.170000 200 200 100
1.730000 1.433000 0.153000 200 200 100
1.853000 1.410000 0.329000 200 200 100
1.668000 1.442000 0.278000 200 200 100
1.835000 1.414000 0.250000 200 200 100
1.838000 1.412000 0.381000 200 200 100
1.793000 1.421000 0.269000 200 200 100
1.815000 1.417000 0.327000 200 200 100
1.732000 1.430000 0.393000 200 200 100
1.660000 1.445000 0.161000 200 200 100
1.817000 1.417000 0.304000 200 200 100
1.637000 1.449000 0.164000 200 200 100
1.572000 1.459000 0.228000 200 200 100
1.782000 1.424000 0.155000 200 200 100
1.670000 1.441000 0.333000 200 200 100
1.617000 1.451000 0.207000 200 200 100
1.493000 1.471000 0.284000 200 200 100
1.807000 1.420000 0.197000 200 200 100
1.689000 1.439000 0.252000 200 200 100
1.783000 1.422000 0.330000 200 200 100
1.637000 1.447000 0.294000 200 200 100
1.835000 1.413000 0.308000 200 200 100
1.767000 1.424000 0.360000 200 200 100
1.811000 1.417000 0.371000 200 200 100
1.543000 1.463000 0.283000 200 200 100
1.753000 1.428000 0.279000 200 200 100
1.634000 1.449000 0.181000 200 200 100
1.840000 1.415000 0.129000 200 200 100
1.779000 1.426000 0.070000 200 200 100
1.616000 1.451000 0.297000 200 200 100
1.505000 1.470000 0.242000 200 200 100
1.710000 1.436000 0.199000 200 200 100
1.611000 1.451000 0.311000 200 200 100
1.584000 1.457000 0.204000 200 200 100
1.740000 1.431000 0.216000 200 200 100
1.778000 1.424000 0.225000 200 200 100
1.512000 1.468000 0.289000 200 200 100
1.848000 1.414000 0.064000 200 200 100
1.741000 1.430000 0.232000 200 200 100
1.805000 1.420000 0.187000 200 200 100
1.671000 1.443000 0.126000 200 200 100
1.621000 1.451000 0.151000 200 200 100
1.554000 1.461000 0.267000 200 200 100
1.758000 1.426000 0.328000 200 200 100
1.799000 1.419000 0.314000 200 200 100
1.848000 1.414000 0.094000 200 200 100
1.694000 1.439000 0.150000 200 200 100
1.664000 1.441000 0.389000 200 200 100
1.741000 1.415000 0.930000 200 200 100
1.763000 1.416000 0.770000 200 200 100
1.641000 1.438000 0.650000 200 200 100
1.667000 1.438000 0.481000 200 200 100
1.805000 1.403000 1.021000 200 200 100
1.457000 1.477000 0.308000 200 200 100
1.843000 1.410000 0.489000 200 200 100
1.706000 1.429000 0.604000 200 200 100
1.542000 1.459000 0.459000 200 200 100
1.682000 1.433000 0.605000 200 200 100
1.579000 1.451000 0.557000 200 200 100
1.542000 1.463000 0.321000 200 200 100
1.856000 1.407000 0.523000 200 200 100
1.664000 1.433000 0.708000 200 200 100
1.488000 1.471000 0.315000 200 200 100
1.543000 1.459000 0.455000 200 200 100
1.639000 1.441000 0.545000 200 200 100
1.787000 1.408000 0.927000 200 200 100
1.752000 1.418000 0.755000 200 200 100
1.854000 1.407000 0.531000 200 200 100
1.769000 1.415000 0.742000 200 200 100
1.770000 1.416000 0.696000 200 200 100
1.470000 1.474000 0.316000 200 200 100
1.558000 1.458000 0.415000 200 200 100
1.771000 1.417000 0.654000 200 200 100
1.839000 1.405000 0.694000 200 200 100
1.730000 1.421000 0.770000 200 200 100
1.533000 1.461000 0.439000 200 200 100
1.795000 1.410000 0.795000 200 200 100
1.720000 1.420000 0.864000 200 200 100
1.837000 1.406000 0.677000 200 200 100
1.598000 1.445000 0.664000 200 200 100
1.502000 1.467000 0.423000 200 200 100
1.777000 1.415000 0.701000 200 200 100
1.694000 1.422000 0.950000 200 200 100
1.645000 1.438000 0.654000 200 200 100
1.767000 1.419000 0.608000 200 200 100
1.807000 1.413000 0.587000 200 200 100
1.711000 1.429000 0.586000 200 200 100
1.673000 1.430000 0.761000 200 200 100
1.533000 1.463000 0.366000 200 200 100
1.808000 1.413000 0.593000 200 200 100
1.694000 1.432000 0.569000 200 200 100
1.510000 1.467000 0.362000 200 200 100
1.707000 1.426000 0.715000 200 200 100
1.757000 1.421000 0.581000 200 200 100
1.756000 1.421000 0.590000 200 200 100
1.713000 1.427000 0.622000 200 200 100
1.839000 1.406000 0.670000 200 200 100
1.579000 1.454000 0.413000 200 200 100
1.731000 1.423000 0.672000 200 200 100
1.800000 1.405000 0.956000 200 200 100
1.714000 1.423000 0.796000 200 200 100
1.835000 1.406000 0.697000 200 200 100
1.508000 1.469000 0.301000 200 200 100
1.846000 1.406000 0.621000 200 200 100
1.780000 1.415000 0.697000 200 200 100
1.694000 1.435000 0.434000 200 200 100
1.688000 1.432000 0.600000 200 200 100
1.846000 1.409000 0.479000 200 200 100
1.843000 1.402000 0.781000 200 200 100
1.852000 1.406000 0.561000 200 200 100
1.721000 1.420000 0.874000 200 200 100
1.779000 1.409000 0.918000 200 200 100
1.816000 1.407000 0.754000 200 200 100
1.519000 1.462000 0.475000 200 200 100
1.731000 1.423000 0.694000 200 200 100
1.832000 1.403000 0.829000 200 200 100
1.783000 1.418000 0.546000 200 200 100
1.709000 1.421000 0.914000 200 200 100
1.499000 1.468000 0.367000 200 200 100
1.824000 1.400000 0.989000 200 200 100
1.548000 1.462000 0.323000 200 200 100
1.721000 1.425000 0.674000 200 200 100
1.767000 1.419000 0.599000 200 200 100
1.661000 1.441000 0.434000 200 200 100
1.715000 1.419000 0.967000 200 200 100
1.802000 1.411000 0.690000 200 200 100
1.771000 1.421000 0.490000 200 200 100
1.741000 1.415000 0.952000 200 200 100
1.842000 1.405000 0.672000 200 200 100
1.790000 1.418000 0.496000 200 200 100
1.727000 1.420000 0.808000 200 200 100
1.701000 1.421000 0.963000 200 200 100
1.778000 1.421000 0.442000 200 200 100
1.783000 1.407000 0.989000 200 200 100
1.581000 1.451000 0.523000 200 200 100
1.692000 1.434000 0.487000 200 200 100
1.745000 1.413000 1.001000 200 200 100
1.510000 1.464000 0.456000 200 200 100
1.760000 1.419000 0.665000 200 200 100
1.815000 1.398000 1.122000 200 200 100
1.830000 1.406000 0.715000 200 200 100
1.701000 1.424000 0.853000 200 200 100
1.640000 1.445000 0.381000 200 200 100
1.809000 1.407000 0.813000 200 200 100
1.747000 1.418000 0.778000 200 200 100
1.526000 1.464000 0.371000 200 200 100
1.743000 1.419000 0.761000 200 200 100
1.709000 1.429000 0.585000 200 200 100
1.814000 1.401000 1.019000 200 200 100
1.633000 1.444000 0.488000 200 200 100
1.735000 1.421000 0.716000 200 200 100
1.761000 1.420000 0.610000 200 200 100
1.794000 1.413000 0.691000 200 200 100
1.526000 1.464000 0.359000 200 200 100
1.596000 1.448000 0.547000 200 200 100
1.729000 1.421000 0.762000 200 200 100
1.690000 1.432000 0.607000 200 200 100
1.680000 1.428000 0.833000 200 200 100
1.757000 1.410000 1.023000 200 200 100
1.847000 1.408000 0.532000 200 200 100
1.685000 1.431000 0.647000 200 200 100
1.747000 1.425000 0.482000 200 200 100
1.524000 1.463000 0.400000 200 200 100
1.782000 1.419000 0.523000 200 200 100
1.831000 1.402000 0.896000 200 200 100
1.653000 1.434000 0.750000 200 200 100
1.640000 1.435000 0.787000 200 200 100
1.666000 1.440000 0.415000 200 200 100
1.651000 1.436000 0.678000 200 200 100
1.726000 1.415000 1.024000 200 200 100
1.798000 1.415000 0.567000 200 200 100
1.797000 1.414000 0.596000 200 200 100
1.726000 1.421000 0.799000 200 200 100
1.676000 1.433000 0.656000 200 200 100
1.806000 1.413000 0.588000 200 200 100
1.657000 1.432000 0.806000 200 200 100
1.761000 1.416000 0.769000 200 200 100
1.667000 1.430000 0.818000 200 200 100
1.620000 1.440000 0.727000 200 200 100
1.758000 1.425000 0.446000 200 200 100
1.803000 1.411000 0.717000 200 200 100
1.464000 1.476000 0.293000 200 200 100
1.847000 1.403000 0.723000 200 200 100
1.783000 1.405000 1.087000 200 200 100
1.714000 1.428000 0.605000 200 200 100
1.790000 1.418000 0.510000 200 200 100
1.746000 1.423000 0.570000 200 200 100
1.801000 1.407000 0.859000 200 200 100
1.783000 1.417000 0.565000 200 200 100
1.623000 1.440000 0.704000 200 200 100
1.567000 1.452000 0.587000 200 200 100
1.789000 1.419000 0.466000 200 200 100
1.772000 1.411000 0.919000 200 200 100
1.576000 1.456000 0.352000 200 200 100
1.749000 1.418000 0.750000 200 200 100
1.777000 1.406000 1.083000 200 200 100
1.777000 1.410000 0.918000 200 200 100
1.526000 1.462000 0.460000 200 200 100
1.800000 1.414000 0.585000 200 200 100
1.765000 1.412000 0.908000 200 200 100
1.751000 1.425000 0.467000 200 200 100
1.619000 1.449000 0.378000 200 200 100
1.665000 1.440000 0.447000 200 200 100
1.576000 1.454000 0.466000 200 200 100
1.766000 1.412000 0.906000 200 200 100
1.800000 1.407000 0.885000 200 200 100
1.788000 1.416000 0.608000 200 200 100
1.572000 1.452000 0.538000 200 200 100
1.788000 1.414000 0.676000 200 200 100
1.777000 1.420000 0.508000 200 200 100
1.580000 1.450000 0.570000 200 200 100
1.822000 1.408000 0.687000 200 200 100
1.659000 1.439000 0.504000 200 200 100
1.806000 1.405000 0.935000 200 200 100
1.514000 1.465000 0.399000 200 200 100
1.824000 1.400000 0.993000 200 200 100
1.767000 1.415000 0.756000 200 200 100
1.696000 1.422000 0.949000 200 200 100
1.759000 1.407000 1.125000 200 200 100
1.720000 1.421000 0.837000 200 200 100
1.835000 1.410000 0.521000 200 200 100
1.850000 1.403000 0.696000 200 200 100
1.660000 1.431000 0.835000 200 200 100
1.580000 1.450000 0.596000 200 200 100
1.656000 1.433000 0.773000 200 200 100
1.801000 1.401000 1.104000 200 200 100
1.489000 1.472000 0.304000 200 200 100
1.821000 1.399000 1.051000 200 200 100
1.701000 1.429000 0.648000 200 200 100
1.855000 1.405000 0.607000 200 200 100
1.674000 1.434000 0.602000 200 200 100
1.797000 1.407000 0.878000 200 200 100
1.812000 1.406000 0.820000 200 200 100
1.782000 1.420000 0.483000 200 200 100
1.612000 1.442000 0.680000 200 200 100
1.750000 1.414000 0.939000 200 200 100
1.834000 1.405000 0.742000 200 200 100
1.684000 1.426000 0.857000 200 200 100
1.753000 1.416000 0.809000 200 200 100
1.849000 1.408000 0.504000 200 200 100
1.745000 1.423000 0.590000 200 200 100
1.547000 1.458000 0.454000 200 200 100
1.810000 1.401000 1.042000 200 200 100
1.647000 1.438000 0.630000 200 200 100
1.755000 1.412000 0.968000 200 200 100
1.725000 1.418000 0.942000 200 200 100
1.751000 1.412000 0.973000 200 200 100
1.545000 1.461000 0.355000 200 200 100
1.726000 1.420000 0.825000 200 200 100
1.727000 1.424000 0.680000 200 200 100
1.796000 1.411000 0.751000 200 200 100
1.734000 1.421000 0.722000 200 200 100
1.742000 1.420000 0.739000 200 200 100
1.772000 1.418000 0.635000 200 200 100
1.672000 1.434000 0.629000 200 200 100
1.562000 1.457000 0.415000 200 200 100
1.682000 1.429000 0.748000 200 200 100
1.754000 1.412000 0.958000 200 200 100
1.797000 1.411000 0.743000 200 200 100
1.781000 1.419000 0.502000 200 200 100
1.839000 1.404000 0.740000 200 200 100
1.545000 1.460000 0.415000 200 200 100
1.838000 1.402000 0.848000 200 200 100
1.787000 1.415000 0.637000 200 200 100
1.759000 1.422000 0.533000 200 200 100
1.660000 1.432000 0.760000 200 200 100
1.802000 1.405000 0.928000 200 200 100
1.827000 1.407000 0.700000 200 200 100
1.694000 1.430000 0.623000 200 200 100
1.830000 1.407000 0.688000 200 200 100
1.779000 1.415000 0.677000 200 200 100
1.776000 1.418000 0.607000 200 200 100
1.615000 1.447000 0.460000 200 200 100
1.727000 1.416000 0.984000 200 200 100
1.823000 1.404000 0.839000 200 200 100
1.789000 1.416000 0.591000 200 200 100
1.525000 1.463000 0.432000 200 200 100
1.593000 1.449000 0.517000 200 200 100
1.625000 1.447000 0.416000 200 200 100
1.719000 1.423000 0.772000 200 200 100
1.799000 1.415000 0.556000 200 200 100
1.687000 1.437000 0.408000 200 200 100
1.700000 1.431000 0.551000 200 200 100
1.817000 1.413000 0.509000 200 200 100
1.689000 1.426000 0.844000 200 200 100
1.735000 1.417000 0.878000 200 200 100
1.518000 1.464000 0.406000 200 200 100
1.801000 1.404000 0.988000 200 200 100
1.630000 1.446000 0.407000 200 200 100
1.659000 1.436000 0.624000 200 200 100
1.742000 1.425000 0.536000 200 200 100
1.679000 1.437000 0.439000 200 200 100
1.811000 1.407000 0.821000 200 200 100
1.527000 1.463000 0.400000 200 200 100
1.789000 1.403000 1.117000 200 200 100
1.784000 1.410000 0.846000 200 200 100
1.870000 1.404000 1.625000 200 200 100
1.840000 1.399000 1.593000 200 200 100
1.849000 1.402000 1.461000 200 200 100
1.873000 1.404000 1.691000 200 200 100
1.821000 1.398000 1.342000 200 200 100
1.831000 1.395000 1.769000 200 200 100
1.869000 1.401000 1.850000 200 200 100
1.873000 1.405000 1.596000 200 200 100
1.811000 1.396000 1.309000 200 200 100
1.880000 1.405000 1.678000 200 200 100
1.863000 1.401000 1.791000 200 200 100
1.837000 1.398000 1.597000 200 200 100
1.854000 1.403000 1.460000 200 200 100
1.859000 1.401000 1.721000 200 200 100
1.864000 1.403000 1.626000 200 200 100
1.837000 1.396000 1.827000 200 200 100
1.863000 1.401000 1.781000 200 200 100
1.825000 1.398000 1.395000 200 200 100
1.880000 1.404000 1.732000 200 200 100
1.814000 1.396000 1.400000 200 200 100
1.842000 1.397000 1.835000 200 200 100
1.833000 1.396000 1.774000 200 200 100
1.859000 1.402000 1.654000 200 200 100
1.837000 1.396000 1.831000 200 200 100
1.851000 1.397000 1.915000 200 200 100
1.867000 1.401000 1.865000 200 200 100
1.869000 1.401000 1.859000 200 200 100
1.872000 1.405000 1.561000 200 200 100
1.877000 1.404000 1.735000 200 200 100
1.812000 1.396000 1.369000 200 200 100
1.859000 1.399000 1.866000 200 200 100
1.829000 1.399000 1.356000 200 200 100
1.824000 1.396000 1.598000 200 200 100
1.821000 1.396000 1.535000 200 200 100
1.832000 1.395000 1.782000 200 200 100
1.891000 1.407000 1.642000 200 200 100
1.812000 1.396000 1.337000 200 200 100
1.831000 1.397000 1.590000 200 200 100
1.861000 1.404000 1.477000 200 200 100
1.882000 1.407000 1.563000 200 200 100
1.902000 1.413000 1.549000 200 200 100
1.847000 1.406000 1.306000 200 200 100
1.864000 1.409000 1.347000 200 200 100
1.919000 1.423000 1.411000 200 200 100
1.916000 1.421000 1.456000 200 200 100
1.887000 1.412000 1.462000 200 200 100
1.910000 1.417000 1.504000 200 200 100
1.896000 1.412000 1.531000 200 200 100
1.917000 1.420000 1.478000 200 200 100
1.892000 1.414000 1.448000 200 200 100
1.911000 1.419000 1.468000 200 200 100
1.901000 1.419000 1.384000 200 200 100
1.895000 1.412000 1.531000 200 200 100
1.896000 1.418000 1.366000 200 200 100
1.860000 1.405000 1.449000 200 200 100
1.912000 1.419000 1.466000 200 200 100
1.934000 1.428000 1.396000 200 200 100
1.873000 1.406000 1.524000 200 200 100
1.894000 1.415000 1.446000 200 200 100
1.915000 1.423000 1.380000 200 200 100
1.914000 1.419000 1.472000 200 200 100
1.888000 1.410000 1.522000 200 200 100
1.916000 1.417000 1.562000 200 200 100
1.930000 1.424000 1.468000 200 200 100
1.885000 1.409000 1.524000 200 200 100
1.928000 1.425000 1.425000 200 200 100
1.919000 1.419000 1.518000 200 200 100
1.890000 1.416000 1.373000 200 200 100
1.886000 1.409000 1.555000 200 200 100
1.909000 1.415000 1.573000 200 200 100
1.876000 1.405000 0.649000 200 200 100
1.830000 1.400000 1.003000 200 200 100
1.922000 1.408000 0.661000 200 200 100
1.912000 1.407000 0.709000 200 200 100
1.899000 1.404000 1.003000 200 200 100
1.879000 1.404000 0.824000 200 200 100
1.861000 1.403000 0.772000 200 200 100
1.881000 1.402000 1.088000 200 200 100
1.834000 1.400000 0.961000 200 200 100
1.849000 1.400000 1.144000 200 200 100
1.830000 1.399000 1.060000 200 200 100
1.855000 1.401000 0.988000 200 200 100
1.835000 1.400000 0.961000 200 200 100
1.946000 1.408000 0.781000 200 200 100
1.914000 1.406000 0.744000 200 200 100
1.921000 1.406000 0.853000 200 200 100
1.840000 1.399000 1.131000 200 200 100
1.919000 1.407000 0.704000 200 200 100
1.880000 1.406000 0.563000 200 200 100
1.854000 1.400000 1.133000 200 200 100
1.877000 1.404000 0.724000 200 200 100
1.906000 1.407000 0.664000 200 200 100
1.926000 1.407000 0.715000 200 200 100
1.863000 1.404000 0.622000 200 200 100
1.863000 1.402000 0.882000 200 200 100
1.869000 1.404000 0.756000 200 200 100
1.869000 1.403000 0.891000 200 200 100
1.878000 1.406000 0.582000 200 200 100
1.863000 1.401000 1.069000 200 200 100
1.850000 1.401000 0.932000 200 200 100
1.949000 1.408000 0.780000 200 200 100
1.957000 1.409000 0.759000 200 200 100
1.924000 1.407000 0.760000 200 200 100
1.853000 1.400000 1.098000 200 200 100
1.875000 1.404000 0.799000 200 200 100
1.868000 1.404000 0.717000 200 200 100
1.835000 1.399000 1.077000 200 200 100
1.867000 1.402000 0.924000 200 200 100
1.891000 1.403000 1.034000 200 200 100
1.855000 1.402000 0.871000 200 200 100
1.870000 1.404000 0.674000 200 200 100
1.876000 1.404000 0.757000 200 200 100
1.831000 1.399000 1.072000 200 200 100
1.951000 1.408000 0.779000 200 200 100
1.954000 1.408000 0.823000 200 200 100
1.836000 1.398000 1.196000 200 200 100
1.942000 1.408000 0.709000 200 200 100
1.896000 1.406000 0.700000 200 200 100
1.953000 1.407000 0.945000 200 200 100
1.891000 1.403000 1.024000 200 200 100
1.880000 1.404000 0.844000 200 200 100
1.912000 1.407000 0.639000 200 200 100
1.883000 1.403000 1.012000 200 200 100
1.917000 1.406000 0.807000 200 200 100
1.854000 1.401000 1.016000 200 200 100
1.882000 1.404000 0.871000 200 200 100
1.907000 1.406000 0.721000 200 200 100
1.915000 1.406000 0.784000 200 200 100
1.831000 1.399000 1.121000 200 200 100
1.829000 1.398000 1.141000 200 200 100
1.908000 1.406000 0.798000 200 200 100
1.881000 1.403000 0.934000 200 200 100
1.867000 1.402000 0.971000 200 200 100
1.870000 1.404000 0.693000 200 200 100
1.907000 1.406000 0.800000 200 200 100
1.943000 1.407000 0.921000 200 200 100
1.963000 1.409000 0.819000 200 200 100
1.937000 1.406000 0.963000 200 200 100
1.856000 1.402000 0.877000 200 200 100
1.906000 1.406000 0.748000 200 200 100
1.931000 1.407000 0.848000 200 200 100
1.892000 1.403000 1.020000 200 200 100
1.874000 1.402000 0.984000 200 200 100
1.930000 1.406000 0.943000 200 200 100
1.928000 1.408000 0.711000 200 200 100
1.834000 1.400000 1.027000 200 200 100
1.873000 1.404000 1.168000 200 200 100
1.907000 1.406000 1.090000 200 200 100
1.896000 1.409000 1.170000 200 200 100
1.945000 1.417000 1.150000 200 200 100
1.867000 1.410000 1.288000 200 200 100
1.937000 1.424000 1.293000 200 200 100
1.833000 1.401000 1.256000 200 200 100
1.891000 1.411000 1.233000 200 200 100
1.889000 1.415000 1.308000 200 200 100
1.911000 1.413000 1.191000 200 200 100
1.884000 1.411000 1.250000 200 200 100
1.930000 1.427000 1.383000 200 200 100
1.935000 1.423000 1.284000 200 200 100
1.942000 1.410000 1.036000 200 200 100
1.964000 1.417000 1.082000 200 200 100
1.870000 1.403000 1.160000 200 200 100
1.928000 1.418000 1.229000 200 200 100
1.915000 1.405000 1.038000 200 200 100
1.949000 1.427000 1.314000 200 200 100
1.937000 1.411000 1.062000 200 200 100
1.851000 1.402000 1.215000 200 200 100
1.958000 1.413000 1.035000 200 200 100
1.875000 1.411000 1.279000 200 200 100
1.949000 1.417000 1.135000 200 200 100
1.844000 1.400000 1.206000 200 200 100
1.927000 1.410000 1.077000 200 200 100
1.923000 1.406000 1.022000 200 200 100
1.925000 1.422000 1.304000 200 200 100
1.825000 1.399000 1.241000 200 200 100
1.922000 1.411000 1.118000 200 200 100
1.916000 1.409000 1.104000 200 200 100
1.933000 1.417000 1.190000 200 200 100
1.820000 1.399000 1.264000 200 200 100
1.916000 1.422000 1.334000 200 200 100
1.947000 1.408000 0.983000 200 200 100
1.895000 1.407000 1.141000 200 200 100
1.944000 1.428000 1.353000 200 200 100
1.916000 1.417000 1.250000 200 200 100
1.923000 1.426000 1.376000 200 200 100
1.936000 1.409000 1.038000 200 200 100
1.899000 1.410000 1.188000 200 200 100
1.894000 1.403000 1.074000 200 200 100
1.868000 1.406000 1.219000 200 200 100
1.930000 1.420000 1.260000 200 200 100
1.938000 1.417000 1.177000 200 200 100
1.920000 1.415000 1.191000 200 200 100
1.898000 1.409000 1.173000 200 200 100
1.820000 1.398000 1.247000 200 200 100
1.896000 1.408000 1.164000 200 200 100
1.929000 1.426000 1.358000 200 200 100
1.890000 1.409000 1.191000 200 200 100
1.915000 1.412000 1.169000 200 200 100
1.886000 1.407000 1.177000 200 200 100
1.822000 1.399000 1.257000 200 200 100
1.870000 1.405000 1.204000 200 200 100
1.859000 1.407000 1.264000 200 200 100
1.879000 1.405000 1.164000 200 200 100
1.958000 1.414000 1.047000 200 200 100
1.894000 1.411000 1.220000 200 200 100
1.925000 1.423000 0.175000 200 200 100
1.875000 1.414000 0.196000 200 200 100
1.964000 1.432000 0.095000 200 200 100
1.960000 1.429000 0.204000 200 200 100
1.898000 1.415000 0.311000 200 200 100
1.873000 1.410000 0.354000 200 200 100
1.924000 1.424000 0.121000 200 200 100
1.889000 1.413000 0.337000 200 200 100
1.885000 1.413000 0.303000 200 200 100
1.884000 1.418000 0.075000 200 200 100
1.952000 1.427000 0.236000 200 200 100
1.932000 1.423000 0.242000 200 200 100
1.867000 1.408000 0.365000 200 200 100
1.917000 1.417000 0.364000 200 200 100
1.943000 1.424000 0.288000 200 200 100
1.960000 1.429000 0.204000 200 200 100
1.954000 1.429000 0.169000 200 200 100
1.866000 1.409000 0.317000 200 200 100
1.906000 1.418000 0.241000 200 200 100
1.925000 1.422000 0.218000 200 200 100
1.887000 1.417000 0.121000 200 200 100
1.879000 1.411000 0.359000 200 200 100
1.901000 1.416000 0.297000 200 200 100
1.870000 1.411000 0.288000 200 200 100
1.875000 1.410000 0.334000 200 200 100
1.873000 1.416000 0.086000 200 200 100
1.889000 1.416000 0.182000 200 200 100
1.899000 1.417000 0.218000 200 200 100
1.889000 1.414000 0.304000 200 200 100
1.960000 1.432000 0.084000 200 200 100
1.927000 1.420000 0.308000 200 200 100
1.894000 1.415000 0.281000 200 200 100
1.918000 1.424000 0.063000 200 200 100
1.904000 1.418000 0.226000 200 200 100
1.866000 1.407000 0.398000 200 200 100
1.907000 1.420000 0.163000 200 200 100
1.878000 1.410000 0.363000 200 200 100
1.918000 1.423000 0.133000 200 200 100
1.963000 1.429000 0.241000 200 200 100
1.894000 1.418000 0.153000 200 200 100
1.895000 1.419000 0.138000 200 200 100
1.923000 1.420000 0.308000 200 200 100
1.864000 1.410000 0.262000 200 200 100
1.953000 1.431000 0.074000 200 200 100
1.890000 1.419000 0.084000 200 200 100
1.956000 1.411000 0.667000 200 200 100
1.918000 1.417000 0.380000 200 200 100
1.899000 1.412000 0.437000 200 200 100
1.909000 1.413000 0.456000 200 200 100
1.926000 1.419000 0.358000 200 200 100
1.907000 1.408000 0.572000 200 200 100
1.931000 1.409000 0.631000 200 200 100
1.961000 1.414000 0.618000 200 200 100
1.909000 1.415000 0.407000 200 200 100
1.931000 1.413000 0.543000 200 200 100
1.883000 1.407000 0.499000 200 200 100
1.947000 1.414000 0.578000 200 200 100
1.962000 1.422000 0.403000 200 200 100
1.904000 1.413000 0.440000 200 200 100
1.899000 1.412000 0.450000 200 200 100
1.929000 1.419000 0.360000 200 200 100
1.953000 1.417000 0.515000 200 200 100
1.957000 1.412000 0.651000 200 200 100
1.927000 1.413000 0.510000 200 200 100
1.964000 1.411000 0.718000 200 200 100
1.912000 1.407000 0.607000 200 200 100
1.961000 1.410000 0.727000 200 200 100
1.956000 1.411000 0.687000 200 200 100
1.915000 1.412000 0.491000 200 200 100
1.905000 1.408000 0.571000 200 200 100
1.938000 1.410000 0.628000 200 200 100
1.963000 1.424000 1.250000 200 200 100
0.960000 1.591000 0.266000 200 200 100
0.961000 1.599000 0.352000 200 200 100
0.964000 1.609000 0.476000 200 200 100
0.974000 1.590000 0.460000 200 200 100
0.958000 1.599000 0.307000 200 200 100
0.969000 1.601000 0.470000 200 200 100
0.958000 1.602000 0.332000 200 200 100
0.975000 1.588000 0.457000 200 200 100
0.980000 1.586000 0.501000 200 200 100
0.960000 1.596000 0.314000 200 200 100
0.960000 1.590000 0.261000 200 200 100
0.132000 1.019000 2.262000 50 50 50
0.158000 0.991000 2.273000 50 50 50
0.162000 0.985000 2.275000 50 50 50
0.147000 1.010000 2.268000 50 50 50
0.149000 1.011000 2.270000 50 50 50
0.160000 1.031000 2.295000 50 50 50
0.169000 1.012000 2.292000 50 50 50
0.168000 1.012000 2.292000 50 50 50
0.145000 1.020000 2.272000 50 50 50
0.191000 0.987000 2.304000 50 50 50
0.196000 0.993000 2.312000 50 50 50
0.202000 1.003000 2.323000 50 50 50
0.206000 0.986000 2.321000 50 50 50
0.175000 0.976000 2.294000 50 50 50
0.194000 0.967000 2.325000 50 50 50
0.157000 0.930000 2.313000 50 50 50
0.138000 0.932000 2.289000 50 50 50
0.166000 0.923000 2.330000 50 50 50
0.169000 0.877000 2.326000 50 50 50
0.134000 0.885000 2.291000 50 50 50
0.166000 0.874000 2.323000 50 50 50
0.171000 0.820000 2.327000 50 50 50
0.132000 0.833000 2.289000 50 50 50
0.135000 0.797000 2.298000 50 50 50
0.137000 0.768000 2.323000 50 50 50
0.136000 0.776000 2.315000 50 50 50
0.254000 1.043000 2.404000 50 50 50
0.305000 0.976000 2.450000 50 50 50
0.336000 0.970000 2.494000 50 50 50
0.354000 0.967000 2.519000 50 50 50
0.415000 0.965000 2.591000 50 50 50
0.339000 0.979000 2.485000 50 50 50
0.279000 0.975000 2.421000 50 50 50
0.363000 0.979000 2.511000 50 50 50
0.430000 0.967000 2.605000 50 50 50
0.403000 0.975000 2.564000 50 50 50
0.255000 0.979000 2.388000 50 50 50
0.515000 0.968000 2.703000 50 50 50
0.369000 0.972000 2.528000 50 50 50
0.283000 0.980000 2.419000 50 50 50
0.485000 0.971000 2.664000 50 50 50
0.275000 0.993000 2.408000 50 50 50
0.264000 1.013000 2.403000 50 50 50
0.267000 1.026000 2.413000 50 50 50
0.237000 1.020000 2.374000 50 50 50
0.441000 1.002000 2.615000 50 50 50
0.441000 0.983000 2.606000 50 50 50
0.382000 0.992000 2.539000 50 50 50
0.407000 1.000000 2.572000 50 50 50
0.246000 0.988000 2.371000 50 50 50
0.336000 1.013000 2.492000 50 50 50
0.361000 0.986000 2.511000 50 50 50
0.499000 0.997000 2.683000 50 50 50
0.423000 0.984000 2.586000 50 50 50
0.512000 0.992000 2.698000 50 50 50
0.505000 0.986000 2.687000 50 50 50
0.345000 1.004000 2.498000 50 50 50
0.443000 1.000000 2.616000 50 50 50
0.337000 1.001000 2.487000 50 50 50
0.258000 1.038000 2.405000 50 50 50
0.519000 0.977000 2.699000 50 50 50
0.239000 0.999000 2.367000 50 50 50
0.455000 0.984000 2.624000 50 50 50
0.510000 0.992000 2.695000 50 50 50
0.286000 1.002000 2.425000 50 50 50
0.341000 0.985000 2.486000 50 50 50
0.279000 0.992000 2.413000 50 50 50
0.258000 0.998000 2.390000 50 50 50
0.247000 0.992000 2.373000 50 50 50
0.285000 0.989000 2.420000 50 50 50
0.621000 0.979000 2.820000 50 50 50
0.543000 1.035000 2.717000 50 50 50
0.618000 1.031000 2.798000 50 50 50
0.630000 1.007000 2.820000 50 50 50
0.362000 1.034000 2.525000 50 50 50
0.500000 1.030000 2.673000 50 50 50
0.602000 1.016000 2.786000 50 50 50
0.618000 1.045000 2.793000 50 50 50
0.585000 0.994000 2.777000 50 50 50
0.557000 1.035000 2.732000 50 50 50
0.489000 1.027000 2.663000 50 50 50
0.618000 1.013000 2.805000 50 50 50
0.342000 1.035000 2.503000 50 50 50
0.459000 1.048000 2.623000 50 50 50
0.412000 1.025000 2.581000 50 50 50
0.567000 0.995000 2.756000 50 50 50
0.568000 0.995000 2.758000 50 50 50
0.613000 1.012000 2.799000 50 50 50
0.616000 1.000000 2.808000 50 50 50
0.500000 0.999000 2.684000 50 50 50
0.580000 0.992000 2.772000 50 50 50
0.582000 1.047000 2.754000 50 50 50
0.460000 1.039000 2.628000 50 50 50
0.606000 1.044000 2.781000 50 50 50
0.636000 0.981000 2.835000 50 50 50
0.507000 1.030000 2.681000 50 50 50
0.604000 1.031000 2.784000 50 50 50
0.559000 1.043000 2.731000 50 50 50
0.542000 1.010000 2.725000 50 50 50
0.599000 1.038000 2.776000 50 50 50
0.617000 1.049000 2.791000 50 50 50
0.572000 1.029000 2.750000 50 50 50
0.384000 1.036000 2.548000 50 50 50
0.363000 0.764000 2.554000 50 50 50
0.303000 0.741000 2.514000 50 50 50
0.198000 0.718000 2.428000 50 50 50
0.245000 0.748000 2.451000 50 50 50
0.364000 0.727000 2.585000 50 50 50
0.309000 0.719000 2.538000 50 50 50
0.167000 0.726000 2.392000 50 50 50
0.247000 0.710000 2.483000 50 50 50
0.235000 0.718000 2.466000 50 50 50
0.262000 0.713000 2.495000 50 50 50
0.332000 0.747000 2.537000 50 50 50
0.167000 0.711000 2.403000 50 50 50
0.239000 0.735000 2.456000 50 50 50
0.218000 0.744000 2.428000 50 50 50
0.149000 0.739000 2.363000 50 50 50
0.256000 0.727000 2.478000 50 50 50
0.318000 0.721000 2.545000 50 50 50
0.252000 0.706000 2.491000 50 50 50
0.285000 0.727000 2.507000 50 50 50
0.322000 0.718000 2.551000 50 50 50
0.334000 0.715000 2.565000 50 50 50
0.388000 0.761000 2.582000 50 50 50
0.400000 0.752000 2.600000 50 50 50
0.382000 0.759000 2.578000 50 50 50
0.437000 0.773000 2.620000 50 50 50
0.379000 0.735000 2.593000 50 50 50
0.218000 0.731000 2.438000 50 50 50
0.287000 0.959000 2.445000 50 50 50
0.215000 0.945000 2.370000 50 50 50
0.208000 0.960000 2.348000 50 50 50
0.290000 0.960000 2.448000 50 50 50
0.218000 0.937000 2.381000 50 50 50
0.296000 0.951000 2.463000 50 50 50
0.219000 0.975000 2.349000 50 50 50
0.256000 0.946000 2.419000 50 50 50
0.274000 0.968000 2.421000 50 50 50
0.224000 0.958000 2.369000 50 50 50
0.217000 0.941000 2.375000 50 50 50
0.210000 0.974000 2.339000 50 50 50
0.210000 0.963000 2.348000 50 50 50
0.227000 0.951000 2.378000 50 50 50
0.212000 0.944000 2.366000 50 50 50
0.310000 0.957000 2.474000 50 50 50
0.242000 0.952000 2.396000 50 50 50
0.259000 0.957000 2.412000 50 50 50
0.280000 0.958000 2.437000 50 50 50
0.361000 0.961000 2.532000 50 50 50
0.345000 0.956000 2.516000 50 50 50
0.237000 0.938000 2.403000 50 50 50
0.472000 0.963000 2.657000 50 50 50
0.547000 0.961000 2.743000 50 50 50
0.278000 0.936000 2.449000 50 50 50
0.472000 0.956000 2.660000 50 50 50
0.260000 0.937000 2.429000 50 50 50
0.193000 0.928000 2.357000 50 50 50
0.575000 0.968000 2.772000 50 50 50
0.442000 0.963000 2.623000 50 50 50
0.581000 0.731000 2.802000 50 50 50
0.494000 0.725000 2.719000 50 50 50
0.383000 0.707000 2.622000 50 50 50
0.388000 0.712000 2.622000 50 50 50
0.504000 0.732000 2.723000 50 50 50
0.456000 0.745000 2.664000 50 50 50
0.461000 0.720000 2.690000 50 50 50
0.378000 0.722000 2.604000 50 50 50
0.536000 0.733000 2.754000 50 50 50
0.452000 0.749000 2.656000 50 50 50
0.582000 0.744000 2.792000 50 50 50
0.445000 0.745000 2.652000 50 50 50
0.442000 0.742000 2.652000 50 50 50
0.645000 0.739000 2.860000 50 50 50
0.409000 0.706000 2.649000 50 50 50
0.434000 0.736000 2.648000 50 50 50
0.553000 0.731000 2.773000 50 50 50
0.502000 0.821000 2.663000 50 50 50
0.412000 0.813000 2.572000 50 50 50
0.501000 0.820000 2.662000 50 50 50
0.366000 0.788000 2.537000 50 50 50
0.531000 0.818000 2.694000 50 50 50
0.527000 0.824000 2.687000 50 50 50
0.400000 0.808000 2.562000 50 50 50
0.364000 0.785000 2.536000 50 50 50
0.411000 0.791000 2.582000 50 50 50
0.578000 0.817000 2.744000 50 50 50
0.335000 0.793000 2.502000 50 50 50
0.291000 0.805000 2.450000 50 50 50
0.700000 0.845000 2.858000 50 50 50
0.503000 0.798000 2.675000 50 50 50
0.431000 0.809000 2.594000 50 50 50
0.604000 0.821000 2.769000 50 50 50
0.514000 0.812000 2.680000 50 50 50
0.408000 0.806000 2.572000 50 50 50
0.354000 0.813000 2.512000 50 50 50
0.317000 0.811000 2.474000 50 50 50
0.429000 0.807000 2.593000 50 50 50
0.457000 0.823000 2.614000 50 50 50
0.432000 0.803000 2.598000 50 50 50
0.444000 0.793000 2.615000 50 50 50
0.475000 0.802000 2.644000 50 50 50
0.502000 0.799000 2.673000 50 50 50
0.605000 0.831000 2.766000 50 50 50
0.402000 0.797000 2.570000 50 50 50
0.658000 0.834000 2.819000 50 50 50
0.514000 0.815000 2.678000 50 50 50
0.432000 0.796000 2.601000 50 50 50
0.503000 0.795000 2.676000 50 50 50
0.452000 0.824000 2.609000 50 50 50
0.481000 0.808000 2.646000 50 50 50
0.621000 0.824000 2.785000 50 50 50
0.552000 0.834000 2.708000 50 50 50
0.487000 0.853000 2.644000 50 50 50
0.463000 0.865000 2.621000 50 50 50
0.183000 0.816000 2.339000 50 50 50
0.187000 0.861000 2.344000 50 50 50
0.423000 0.852000 2.580000 50 50 50
0.522000 0.833000 2.678000 50 50 50
0.380000 0.857000 2.537000 50 50 50
0.383000 0.845000 2.539000 50 50 50
0.373000 0.857000 2.530000 50 50 50
0.424000 0.846000 2.581000 50 50 50
0.222000 0.865000 2.379000 50 50 50
0.326000 0.858000 2.483000 50 50 50
0.309000 0.842000 2.466000 50 50 50
0.454000 0.860000 2.612000 50 50 50
0.264000 0.846000 2.421000 50 50 50
0.358000 0.835000 2.514000 50 50 50
0.547000 0.834000 2.704000 50 50 50
0.217000 0.831000 2.373000 50 50 50
0.233000 0.872000 2.390000 50 50 50
0.341000 0.857000 2.498000 50 50 50
0.335000 0.839000 2.492000 50 50 50
0.434000 0.846000 2.591000 50 50 50
0.348000 0.820000 2.504000 50 50 50
0.312000 0.836000 2.468000 50 50 50
0.275000 0.889000 2.432000 50 50 50
0.212000 0.828000 2.368000 50 50 50
0.275000 0.863000 2.432000 50 50 50
0.216000 0.850000 2.373000 50 50 50
0.260000 0.872000 2.417000 50 50 50
0.336000 0.854000 2.493000 50 50 50
0.338000 0.818000 2.494000 50 50 50
0.323000 0.842000 2.479000 50 50 50
0.510000 0.843000 2.667000 50 50 50
0.476000 0.858000 2.633000 50 50 50
0.500000 0.831000 2.657000 50 50 50
0.494000 0.857000 2.651000 50 50 50
0.189000 0.873000 2.346000 50 50 50
0.182000 0.853000 2.339000 50 50 50
0.308000 0.826000 2.464000 50 50 50
0.235000 0.869000 2.393000 50 50 50
0.190000 0.838000 2.347000 50 50 50
0.383000 0.861000 2.540000 50 50 50
0.603000 0.847000 2.760000 50 50 50
0.396000 0.866000 2.554000 50 50 50
0.258000 0.869000 2.415000 50 50 50
0.376000 0.875000 2.534000 50 50 50
0.279000 0.888000 2.438000 50 50 50
0.434000 0.875000 2.591000 50 50 50
0.218000 0.836000 2.375000 50 50 50
0.390000 0.850000 2.547000 50 50 50
0.333000 0.843000 2.490000 50 50 50
0.418000 0.846000 2.575000 50 50 50
0.491000 0.864000 2.649000 50 50 50
0.400000 0.861000 2.557000 50 50 50
0.258000 0.823000 2.414000 50 50 50
0.314000 0.831000 2.470000 50 50 50
0.338000 0.873000 2.496000 50 50 50
0.459000 0.844000 2.616000 50 50 50
0.324000 0.880000 2.482000 50 50 50
0.188000 0.880000 2.346000 50 50 50
0.243000 0.873000 2.400000 50 50 50
0.391000 0.832000 2.548000 50 50 50
0.191000 0.819000 2.347000 50 50 50
0.593000 0.844000 2.749000 50 50 50
0.635000 0.728000 2.852000 50 50 50
0.569000 0.962000 2.767000 50 50 50
0.614000 0.948000 2.813000 50 50 50
0.550000 0.953000 2.745000 50 50 50
0.595000 0.930000 2.789000 50 50 50
0.270000 0.923000 2.442000 50 50 50
0.215000 0.925000 2.384000 50 50 50
0.487000 0.938000 2.675000 50 50 50
0.420000 0.927000 2.603000 50 50 50
0.449000 0.925000 2.633000 50 50 50
0.281000 0.931000 2.454000 50 50 50
0.629000 0.962000 2.831000 50 50 50
0.585000 0.961000 2.783000 50 50 50
0.350000 0.930000 2.528000 50 50 50
0.341000 0.922000 2.517000 50 50 50
0.536000 0.958000 2.731000 50 50 50
0.405000 0.925000 2.586000 50 50 50
0.397000 0.940000 2.580000 50 50 50
0.400000 0.934000 2.582000 50 50 50
0.483000 0.929000 2.670000 50 50 50
0.324000 0.924000 2.500000 50 50 50
0.402000 0.933000 2.584000 50 50 50
0.502000 0.933000 2.690000 50 50 50
0.639000 0.955000 2.840000 50 50 50
0.422000 0.942000 2.608000 50 50 50
0.521000 0.940000 2.712000 50 50 50
0.532000 0.931000 2.724000 50 50 50
0.647000 0.947000 2.847000 50 50 50
0.246000 0.919000 2.417000 50 50 50
0.251000 0.928000 2.422000 50 50 50
0.640000 0.717000 2.864000 50 50 50
0.638000 0.723000 2.855000 50 50 50
0.628000 0.706000 2.851000 50 50 50
0.622000 0.755000 2.826000 50 50 50
0.611000 0.777000 2.801000 50 50 50
0.484000 0.785000 2.662000 50 50 50
0.562000 0.781000 2.747000 50 50 50
0.658000 0.787000 2.846000 50 50 50
0.602000 0.779000 2.791000 50 50 50
0.485000 0.778000 2.666000 50 50 50
0.612000 0.815000 2.780000 50 50 50
0.580000 0.792000 2.760000 50 50 50
0.635000 0.759000 2.838000 50 50 50
0.638000 0.747000 2.848000 50 50 50
0.653000 0.804000 2.831000 50 50 50
0.618000 0.787000 2.803000 50 50 50
0.608000 0.754000 2.812000 50 50 50
0.493000 0.770000 2.679000 50 50 50
0.615000 0.780000 2.804000 50 50 50
0.634000 0.780000 2.824000 50 50 50
0.582000 0.782000 2.768000 50 50 50
0.647000 0.807000 2.823000 50 50 50
0.697000 0.834000 2.861000 50 50 50
0.653000 0.799000 2.834000 50 50 50
0.628000 0.797000 2.808000 50 50 50
0.364000 0.920000 2.541000 50 50 50
0.347000 0.914000 2.520000 50 50 50
0.580000 0.912000 2.765000 50 50 50
0.441000 0.885000 2.605000 50 50 50
0.239000 0.915000 2.408000 50 50 50
0.659000 0.855000 2.818000 50 50 50
0.663000 0.930000 2.860000 50 50 50
0.684000 0.879000 2.857000 50 50 50
0.615000 0.877000 2.782000 50 50 50
0.512000 0.917000 2.696000 50 50 50
0.622000 0.904000 2.804000 50 50 50
0.689000 0.850000 2.847000 50 50 50
0.649000 0.883000 2.821000 50 50 50
0.649000 0.872000 2.817000 50 50 50
0.434000 0.889000 2.599000 50 50 50
0.545000 0.897000 2.719000 50 50 50
0.582000 0.903000 2.763000 50 50 50
0.223000 0.899000 2.383000 50 50 50
0.332000 0.917000 2.506000 50 50 50
0.469000 0.874000 2.626000 50 50 50
0.489000 0.922000 2.673000 50 50 50
0.654000 0.855000 2.813000 50 50 50
0.280000 0.910000 2.448000 50 50 50
0.337000 0.903000 2.504000 50 50 50
0.481000 0.911000 2.660000 50 50 50
0.684000 0.874000 2.855000 50 50 50
0.348000 0.913000 2.521000 50 50 50
0.508000 0.880000 2.672000 50 50 50
0.361000 0.915000 2.535000 50 50 50
0.391000 0.910000 2.564000 50 50 50
0.657000 0.932000 2.855000 50 50 50
0.664000 0.877000 2.834000 50 50 50
0.554000 0.873000 2.716000 50 50 50
0.452000 0.893000 2.619000 50 50 50
0.606000 0.871000 2.771000 50 50 50
0.406000 0.892000 2.570000 50 50 50
0.291000 0.907000 2.458000 50 50 50
0.539000 0.877000 2.703000 50 50 50
0.440000 0.888000 2.605000 50 50 50
0.690000 0.888000 2.868000 50 50 50
0.591000 0.896000 2.769000 50 50 50
0.547000 0.908000 2.728000 50 50 50
0.304000 0.915000 2.475000 50 50 50
0.684000 0.875000 2.855000 50 50 50
0.550000 0.885000 2.719000 50 50 50
0.276000 0.917000 2.448000 50 50 50
0.460000 0.899000 2.632000 50 50 50
0.601000 0.907000 2.784000 50 50 50
0.494000 0.910000 2.672000 50 50 50
0.203000 0.914000 2.368000 50 50 50
0.637000 0.885000 2.811000 50 50 50
0.349000 0.888000 2.509000 50 50 50
0.340000 0.782000 2.515000 50 50 50
0.297000 0.763000 2.490000 50 50 50
0.403000 0.772000 2.588000 50 50 50
0.261000 0.765000 2.450000 50 50 50
0.197000 0.781000 2.371000 50 50 50
0.391000 0.775000 2.571000 50 50 50
0.323000 0.785000 2.494000 50 50 50
0.272000 0.773000 2.455000 50 50 50
0.348000 0.775000 2.529000 50 50 50
0.315000 0.776000 2.495000 50 50 50
0.318000 0.780000 2.494000 50 50 50
0.349000 0.784000 2.520000 50 50 50
0.257000 0.759000 2.453000 50 50 50
0.282000 0.776000 2.461000 50 50 50
0.219000 0.786000 2.389000 50 50 50
0.308000 0.770000 2.493000 50 50 50
0.175000 0.790000 2.339000 50 50 50
0.228000 0.767000 2.417000 50 50 50
0.321000 0.764000 2.513000 50 50 50
0.157000 0.770000 2.341000 50 50 50
0.142000 0.763000 2.333000 50 50 50
0.180000 0.765000 2.369000 50 50 50
0.183000 0.773000 2.364000 50 50 50
0.202000 0.767000 2.390000 50 50 50
0.155000 0.764000 2.345000 50 50 50
0.171000 0.760000 2.365000 50 50 50
1.485000 1.722000 2.295000 0 255 255
1.483000 1.715000 2.316000 0 255 255
1.482000 1.718000 2.311000 0 255 255
1.490000 1.733000 2.253000 0 255 255
1.484000 1.735000 2.260000 0 255 255
1.455000 1.739000 2.315000 0 255 255
1.482000 1.733000 2.272000 0 255 255
1.473000 1.721000 2.322000 0 255 255
0.828000 1.728000 1.998000 0 255 255
0.162000 1.723000 2.250000 0 255 255
0.144000 1.723000 2.217000 0 255 255
0.185000 1.723000 2.286000 0 255 255
0.110000 1.720000 2.201000 0 255 255
0.136000 1.718000 2.293000 0 255 255
0.137000 1.722000 2.224000 0 255 255
0.096000 1.717000 2.245000 0 255 255
0.220000 1.726000 2.279000 0 255 255
0.112000 1.714000 2.330000 0 255 255
0.071000 1.716000 2.222000 0 255 255
0.273000 1.729000 2.331000 0 255 255
0.205000 1.724000 2.301000 0 255 255
0.184000 1.723000 2.289000 0 255 255
0.267000 1.729000 2.319000 0 255 255
0.195000 1.725000 2.252000 0 255 255
0.108000 1.715000 2.300000 0 255 255
0.092000 1.716000 2.254000 0 255 255
0.114000 1.716000 2.291000 0 255 255
0.191000 1.726000 2.234000 0 255 255
0.153000 1.719000 2.308000 0 255 255
0.144000 1.724000 2.192000 0 255 255
0.088000 1.715000 2.265000 0 255 255
0.153000 1.718000 2.318000 0 255 255
0.150000 1.724000 2.207000 0 255 255
0.108000 1.719000 2.233000 0 255 255
0.184000 1.721000 2.320000 0 255 255
0.123000 1.717000 2.299000 0 255 255
0.152000 1.721000 2.261000 0 255 255
0.357000 1.727000 2.208000 0 255 255
0.347000 1.727000 2.264000 0 255 255
0.298000 1.728000 2.247000 0 255 255
0.352000 1.727000 2.259000 0 255 255
0.230000 1.728000 2.211000 0 255 255
0.409000 1.727000 2.328000 0 255 255
0.329000 1.727000 2.202000 0 255 255
0.328000 1.727000 2.190000 0 255 255
0.293000 1.727000 2.179000 0 255 255
0.328000 1.727000 2.174000 0 255 255
0.298000 1.728000 2.325000 0 255 255
0.393000 1.727000 2.321000 0 255 255
0.345000 1.726000 2.131000 0 255 255
0.326000 1.728000 2.283000 0 255 255
0.342000 1.728000 2.317000 0 255 255
0.264000 1.727000 2.179000 0 255 255
0.398000 1.727000 2.268000 0 255 255
0.284000 1.728000 2.220000 0 255 255
0.385000 1.726000 2.209000 0 255 255
0.364000 1.728000 2.325000 0 255 255
0.355000 1.728000 2.323000 0 255 255
0.358000 1.727000 2.205000 0 255 255
0.325000 1.727000 2.181000 0 255 255
0.254000 1.728000 2.275000 0 255 255
0.323000 1.727000 2.257000 0 255 255
0.269000 1.728000 2.234000 0 255 255
0.222000 1.728000 2.221000 0 255 255
0.311000 1.728000 2.271000 0 255 255
0.253000 1.728000 2.245000 0 255 255
0.292000 1.728000 2.280000 0 255 255
0.381000 1.726000 2.189000 0 255 255
0.372000 1.726000 2.183000 0 255 255
0.343000 1.728000 2.304000 0 255 255
0.322000 1.727000 2.184000 0 255 255
0.388000 1.727000 2.243000 0 255 255
0.316000 1.728000 2.331000 0 255 255
0.371000 1.727000 2.271000 0 255 255
0.335000 1.727000 2.267000 0 255 255
0.355000 1.727000 2.208000 0 255 255
0.364000 1.726000 2.156000 0 255 255
0.220000 1.728000 2.201000 0 255 255
0.316000 1.726000 2.132000 0 255 255
0.203000 1.728000 2.162000 0 255 255
0.272000 1.728000 2.271000 0 255 255
0.411000 1.727000 2.303000 0 255 255
0.343000 1.727000 2.225000 0 255 255
0.292000 1.728000 2.271000 0 255 255
0.291000 1.728000 2.229000 0 255 255
0.272000 1.728000 2.259000 0 255 255
0.388000 1.727000 2.244000 0 255 255
0.220000 1.728000 2.176000 0 255 255
0.329000 1.726000 2.140000 0 255 255
0.353000 1.727000 2.248000 0 255 255
0.554000 1.729000 2.126000 0 255 255
0.546000 1.729000 2.114000 0 255 255
0.438000 1.727000 2.103000 0 255 255
0.525000 1.729000 2.121000 0 255 255
0.505000 1.728000 2.091000 0 255 255
0.556000 1.729000 2.092000 0 255 255
0.543000 1.729000 2.149000 0 255 255
0.504000 1.728000 2.118000 0 255 255
0.559000 1.729000 2.125000 0 255 255
0.534000 1.729000 2.129000 0 255 255
0.519000 1.729000 2.092000 0 255 255
0.558000 1.729000 2.073000 0 255 255
0.668000 1.729000 2.225000 0 255 255
0.618000 1.728000 2.233000 0 255 255
0.721000 1.729000 2.230000 0 255 255
0.640000 1.729000 2.217000 0 255 255
0.615000 1.729000 2.317000 0 255 255
0.621000 1.728000 2.227000 0 255 255
0.663000 1.729000 2.247000 0 255 255
0.676000 1.729000 2.206000 0 255 255
0.735000 1.730000 2.254000 0 255 255
0.578000 1.728000 2.295000 0 255 255
0.787000 1.730000 2.253000 0 255 255
0.563000 1.728000 2.329000 0 255 255
0.763000 1.730000 2.305000 0 255 255
0.556000 1.728000 2.322000 0 255 255
0.639000 1.729000 2.245000 0 255 255
0.548000 1.728000 2.311000 0 255 255
0.789000 1.730000 2.261000 0 255 255
0.578000 1.728000 2.265000 0 255 255
0.628000 1.729000 2.302000 0 255 255
0.611000 1.728000 2.284000 0 255 255
0.615000 1.729000 2.332000 0 255 255
0.773000 1.730000 2.257000 0 255 255
0.843000 1.731000 2.270000 0 255 255
0.730000 1.730000 2.277000 0 255 255
0.623000 1.728000 2.241000 0 255 255
0.568000 1.728000 2.257000 0 255 255
0.765000 1.730000 2.306000 0 255 255
0.579000 1.728000 2.296000 0 255 255
0.708000 1.729000 2.315000 0 255 255
0.643000 1.729000 2.244000 0 255 255
0.600000 1.728000 2.321000 0 255 255
0.650000 1.729000 2.234000 0 255 255
0.837000 1.730000 2.271000 0 255 255
0.758000 1.730000 2.265000 0 255 255
0.584000 1.728000 2.311000 0 255 255
0.687000 1.729000 2.233000 0 255 255
0.756000 1.708000 2.083000 0 255 255
0.748000 1.706000 2.091000 0 255 255
0.838000 1.725000 2.011000 0 255 255
0.844000 1.724000 2.015000 0 255 255
0.779000 1.714000 2.058000 0 255 255
0.735000 1.728000 2.020000 0 255 255
0.751000 1.727000 2.018000 0 255 255
0.802000 1.728000 2.008000 0 255 255
0.715000 1.708000 2.092000 0 255 255
0.665000 1.724000 2.043000 0 255 255
0.676000 1.712000 2.084000 0 255 255
0.727000 1.715000 2.063000 0 255 255
0.769000 1.716000 2.053000 0 255 255
0.746000 1.708000 2.085000 0 255 255
0.706000 1.719000 2.054000 0 255 255
0.795000 1.708000 2.078000 0 255 255
0.760000 1.708000 2.084000 0 255 255
0.865000 1.731000 2.306000 0 255 255
0.833000 1.731000 2.328000 0 255 255
0.885000 1.731000 2.314000 0 255 255
0.916000 1.731000 2.302000 0 255 255
0.955000 1.731000 2.311000 0 255 255
0.870000 1.731000 2.290000 0 255 255
0.899000 1.731000 2.318000 0 255 255
0.960000 1.731000 2.323000 0 255 255
0.895000 1.731000 2.317000 0 255 255
0.869000 1.731000 2.291000 0 255 255
0.885000 1.731000 2.311000 0 255 255
0.822000 1.730000 2.288000 0 255 255
0.793000 1.730000 2.309000 0 255 255
0.811000 1.730000 2.322000 0 255 255
0.777000 1.730000 2.326000 0 255 255
0.797000 1.730000 2.318000 0 255 255
0.765000 1.730000 2.314000 0 255 255
0.801000 1.730000 2.320000 0 255 255
0.593000 1.728000 2.197000 0 255 255
0.477000 1.727000 2.316000 0 255 255
0.478000 1.727000 2.240000 0 255 255
0.523000 1.728000 2.286000 0 255 255
0.546000 1.728000 2.276000 0 255 255
0.454000 1.727000 2.276000 0 255 255
0.463000 1.727000 2.314000 0 255 255
0.465000 1.727000 2.329000 0 255 255
0.485000 1.727000 2.240000 0 255 255
0.481000 1.727000 2.241000 0 255 255
0.548000 1.728000 2.230000 0 255 255
0.542000 1.728000 2.253000 0 255 255
0.421000 1.727000 2.305000 0 255 255
0.523000 1.728000 2.308000 0 255 255
0.533000 1.728000 2.264000 0 255 255
0.516000 1.728000 2.297000 0 255 255
0.491000 1.727000 2.231000 0 255 255
0.095000 1.706000 2.311000 0 255 255
0.077000 1.701000 2.290000 0 255 255
0.113000 1.703000 2.331000 0 255 255
0.636000 1.730000 2.193000 0 255 255
0.582000 1.728000 2.165000 0 255 255
0.677000 1.729000 2.202000 0 255 255
0.770000 1.730000 2.236000 0 255 255
0.474000 1.727000 2.127000 0 255 255
0.520000 1.728000 2.146000 0 255 255
0.611000 1.712000 2.055000 0 255 255
0.610000 1.711000 2.056000 0 255 255
0.640000 1.712000 2.070000 0 255 255
0.617000 1.704000 2.065000 0 255 255
1.008000 1.732000 2.328000 0 255 255
1.003000 1.733000 2.329000 0 255 255
0.424000 1.727000 2.196000 0 255 255
0.436000 1.726000 2.113000 0 255 255
0.491000 1.727000 2.147000 0 255 255
0.424000 1.727000 2.251000 0 255 255
0.463000 1.727000 2.191000 0 255 255
0.484000 1.727000 2.208000 0 255 255
0.552000 1.728000 2.179000 0 255 255
0.403000 1.726000 2.142000 0 255 255
0.410000 1.726000 2.172000 0 255 255
0.487000 1.727000 2.161000 0 255 255
0.401000 1.726000 2.225000 0 255 255
0.471000 1.727000 2.169000 0 255 255
0.413000 1.726000 2.118000 0 255 255
0.402000 1.726000 2.160000 0 255 255
0.405000 1.726000 2.173000 0 255 255
0.413000 1.727000 2.238000 0 255 255
0.423000 1.726000 2.198000 0 255 255
0.447000 1.727000 2.211000 0 255 255
0.533000 1.727000 2.163000 0 255 255
0.429000 1.727000 2.249000 0 255 255
0.415000 1.726000 2.210000 0 255 255
0.479000 1.727000 2.128000 0 255 255
0.495000 1.727000 2.203000 0 255 255
0.400000 1.726000 2.112000 0 255 255
0.453000 1.727000 2.151000 0 255 255
0.588000 1.728000 2.168000 0 255 255
0.374000 1.726000 2.151000 0 255 255
0.454000 1.727000 2.200000 0 255 255
0.969000 1.734000 2.300000 0 255 255
1.032000 1.737000 2.279000 0 255 255
1.046000 1.737000 2.285000 0 255 255
1.076000 1.737000 2.315000 0 255 255
0.938000 1.734000 2.272000 0 255 255
0.939000 1.733000 2.304000 0 255 255
0.970000 1.735000 2.288000 0 255 255
0.934000 1.735000 2.258000 0 255 255
0.928000 1.733000 2.301000 0 255 255
1.051000 1.735000 2.326000 0 255 255
1.054000 1.736000 2.316000 0 255 255
1.042000 1.737000 2.270000 0 255 255
1.002000 1.736000 2.281000 0 255 255
1.016000 1.737000 2.250000 0 255 255
0.979000 1.737000 2.230000 0 255 255
1.039000 1.737000 2.246000 0 255 255
1.034000 1.737000 2.249000 0 255 255
1.127000 1.735000 2.282000 0 255 255
1.040000 1.736000 2.215000 0 255 255
1.158000 1.733000 2.237000 0 255 255
1.115000 1.735000 2.267000 0 255 255
1.121000 1.737000 2.315000 0 255 255
1.181000 1.732000 2.237000 0 255 255
1.071000 1.735000 2.222000 0 255 255
0.981000 1.737000 2.212000 0 255 255
1.104000 1.735000 2.240000 0 255 255
1.033000 1.736000 2.228000 0 255 255
1.023000 1.737000 2.224000 0 255 255
1.135000 1.735000 2.290000 0 255 255
1.160000 1.735000 2.297000 0 255 255
1.091000 1.734000 2.222000 0 255 255
1.182000 1.732000 2.224000 0 255 255
1.037000 1.734000 2.331000 0 255 255
1.225000 1.737000 2.303000 0 255 255
1.204000 1.731000 2.216000 0 255 255
1.220000 1.734000 2.259000 0 255 255
1.263000 1.738000 2.317000 0 255 255
1.194000 1.736000 2.306000 0 255 255
1.216000 1.732000 2.225000 0 255 255
1.196000 1.735000 2.284000 0 255 255
1.165000 1.736000 2.319000 0 255 255
1.233000 1.736000 2.289000 0 255 255
1.184000 1.737000 2.325000 0 255 255
0.836000 1.730000 2.192000 0 255 255
0.723000 1.730000 2.169000 0 255 255
0.846000 1.730000 2.176000 0 255 255
0.683000 1.730000 2.168000 0 255 255
0.801000 1.730000 2.224000 0 255 255
0.802000 1.730000 2.223000 0 255 255
0.766000 1.730000 2.200000 0 255 255
0.758000 1.730000 2.231000 0 255 255
0.843000 1.730000 2.222000 0 255 255
0.852000 1.731000 2.250000 0 255 255
0.846000 1.730000 2.196000 0 255 255
0.778000 1.730000 2.234000 0 255 255
0.707000 1.730000 2.202000 0 255 255
0.852000 1.731000 2.257000 0 255 255
0.707000 1.730000 2.212000 0 255 255
0.844000 1.730000 2.213000 0 255 255
0.559000 1.729000 2.164000 0 255 255
0.683000 1.730000 2.203000 0 255 255
0.819000 1.730000 2.235000 0 255 255
1.273000 1.727000 2.291000 0 255 255
1.255000 1.713000 2.250000 0 255 255
1.228000 1.727000 2.231000 0 255 255
1.229000 1.719000 2.223000 0 255 255
1.241000 1.728000 2.249000 0 255 255
1.374000 1.726000 2.264000 0 255 255
1.325000 1.729000 2.287000 0 255 255
1.443000 1.735000 2.246000 0 255 255
1.334000 1.717000 2.267000 0 255 255
1.344000 1.718000 2.266000 0 255 255
1.373000 1.725000 2.262000 0 255 255
1.374000 1.717000 2.252000 0 255 255
1.296000 1.716000 2.282000 0 255 255
1.303000 1.718000 2.281000 0 255 255
1.362000 1.716000 2.255000 0 255 255
1.301000 1.746000 2.325000 0 255 255
1.308000 1.746000 2.324000 0 255 255
1.413000 1.746000 2.280000 0 255 255
1.353000 1.739000 2.289000 0 255 255
0.556000 1.715000 2.145000 0 255 255
0.568000 1.724000 2.161000 0 255 255
0.591000 1.704000 2.137000 0 255 255
0.580000 1.714000 2.148000 0 255 255
0.559000 1.723000 2.157000 0 255 255
0.564000 1.710000 2.140000 0 255 255
0.554000 1.729000 2.151000 0 255 255
0.580000 1.708000 2.078000 0 255 255
0.570000 1.722000 2.108000 0 255 255
0.579000 1.726000 2.085000 0 255 255
0.583000 1.726000 2.074000 0 255 255
0.271000 1.722000 2.455000 0 255 255
0.203000 1.720000 2.372000 0 255 255
0.235000 1.719000 2.466000 0 255 255
0.437000 1.729000 2.625000 0 255 255
0.308000 1.723000 2.502000 0 255 255
0.328000 1.726000 2.484000 0 255 255
0.394000 1.724000 2.642000 0 255 255
0.403000 1.728000 2.578000 0 255 255
0.224000 1.723000 2.355000 0 255 255
0.422000 1.727000 2.650000 0 255 255
0.325000 1.728000 2.444000 0 255 255
0.364000 1.723000 2.607000 0 255 255
0.185000 1.719000 2.356000 0 255 255
0.202000 1.718000 2.418000 0 255 255
0.244000 1.723000 2.400000 0 255 255
0.294000 1.722000 2.503000 0 255 255
0.515000 1.729000 2.763000 0 255 255
0.268000 1.727000 2.357000 0 255 255
0.290000 1.721000 2.526000 0 255 255
0.433000 1.729000 2.620000 0 255 255
0.457000 1.728000 2.675000 0 255 255
0.164000 1.716000 2.384000 0 255 255
0.165000 1.716000 2.385000 0 255 255
0.317000 1.724000 2.512000 0 255 255
0.388000 1.724000 2.645000 0 255 255
0.424000 1.727000 2.650000 0 255 255
0.278000 1.725000 2.409000 0 255 255
0.289000 1.723000 2.485000 0 255 255
0.195000 1.721000 2.354000 0 255 255
0.235000 1.720000 2.441000 0 255 255
0.408000 1.727000 2.606000 0 255 255
0.206000 1.722000 2.349000 0 255 255
0.292000 1.723000 2.491000 0 255 255
0.431000 1.726000 2.669000 0 255 255
0.281000 1.722000 2.491000 0 255 255
0.241000 1.724000 2.365000 0 255 255
0.251000 1.725000 2.375000 0 255 255
0.338000 1.725000 2.516000 0 255 255
0.396000 1.724000 2.648000 0 255 255
0.414000 1.728000 2.601000 0 255 255
0.404000 1.725000 2.652000 0 255 255
0.362000 1.723000 2.610000 0 255 255
0.293000 1.728000 2.390000 0 255 255
0.143000 1.717000 2.340000 0 255 255
0.304000 1.721000 2.545000 0 255 255
0.193000 1.721000 2.332000 0 255 255
0.223000 1.721000 2.389000 0 255 255
0.250000 1.721000 2.454000 0 255 255
0.384000 1.726000 2.593000 0 255 255
0.457000 1.728000 2.691000 0 255 255
0.341000 1.723000 2.570000 0 255 255
0.399000 1.728000 2.584000 0 255 255
0.270000 1.726000 2.377000 0 255 255
0.389000 1.728000 2.430000 0 255 255
0.325000 1.728000 2.351000 0 255 255
0.472000 1.729000 2.644000 0 255 255
0.412000 1.729000 2.535000 0 255 255
0.451000 1.728000 2.458000 0 255 255
0.443000 1.728000 2.506000 0 255 255
0.379000 1.727000 2.334000 0 255 255
0.404000 1.728000 2.390000 0 255 255
0.471000 1.728000 2.550000 0 255 255
0.464000 1.728000 2.524000 0 255 255
0.480000 1.728000 2.571000 0 255 255
0.489000 1.729000 2.692000 0 255 255
0.417000 1.728000 2.514000 0 255 255
0.416000 1.728000 2.515000 0 255 255
0.435000 1.727000 2.389000 0 255 255
0.400000 1.728000 2.472000 0 255 255
0.410000 1.727000 2.382000 0 255 255
0.440000 1.729000 2.628000 0 255 255
0.372000 1.729000 2.500000 0 255 255
0.427000 1.729000 2.603000 0 255 255
0.462000 1.728000 2.536000 0 255 255
0.445000 1.729000 2.584000 0 255 255
0.418000 1.729000 2.548000 0 255 255
0.451000 1.729000 2.634000 0 255 255
0.366000 1.728000 2.418000 0 255 255
0.446000 1.728000 2.492000 0 255 255
0.529000 1.729000 2.744000 0 255 255
0.398000 1.728000 2.487000 0 255 255
0.430000 1.728000 2.416000 0 255 255
0.387000 1.728000 2.446000 0 255 255
0.394000 1.727000 2.364000 0 255 255
0.420000 1.728000 2.514000 0 255 255
0.348000 1.729000 2.431000 0 255 255
0.329000 1.728000 2.367000 0 255 255
0.371000 1.729000 2.466000 0 255 255
0.403000 1.727000 2.335000 0 255 255
0.509000 1.729000 2.729000 0 255 255
0.422000 1.728000 2.465000 0 255 255
0.323000 1.729000 2.399000 0 255 255
0.382000 1.728000 2.394000 0 255 255
0.513000 1.729000 2.708000 0 255 255
0.517000 1.729000 2.745000 0 255 255
0.398000 1.728000 2.403000 0 255 255
0.430000 1.729000 2.596000 0 255 255
0.357000 1.729000 2.454000 0 255 255
0.475000 1.729000 2.615000 0 255 255
0.507000 1.729000 2.747000 0 255 255
0.316000 1.729000 2.396000 0 255 255
0.536000 1.728000 2.359000 0 255 255
0.489000 1.728000 2.425000 0 255 255
0.530000 1.728000 2.407000 0 255 255
0.489000 1.728000 2.429000 0 255 255
0.549000 1.728000 2.368000 0 255 255
0.537000 1.728000 2.417000 0 255 255
0.564000 1.728000 2.352000 0 255 255
0.509000 1.728000 2.413000 0 255 255
0.632000 1.729000 2.368000 0 255 255
0.592000 1.729000 2.363000 0 255 255
0.523000 1.728000 2.360000 0 255 255
0.654000 1.729000 2.336000 0 255 255
0.493000 1.728000 2.425000 0 255 255
0.896000 1.730000 2.550000 0 255 255
0.787000 1.730000 2.446000 0 255 255
0.704000 1.730000 2.833000 0 255 255
0.846000 1.730000 2.823000 0 255 255
0.814000 1.730000 2.763000 0 255 255
0.794000 1.730000 2.909000 0 255 255
0.947000 1.730000 2.998000 0 255 255
0.927000 1.730000 2.985000 0 255 255
0.930000 1.730000 2.727000 0 255 255
0.908000 1.730000 2.847000 0 255 255
0.815000 1.730000 2.883000 0 255 255
0.791000 1.730000 2.636000 0 255 255
0.750000 1.730000 2.866000 0 255 255
0.877000 1.730000 2.798000 0 255 255
0.828000 1.730000 2.680000 0 255 255
0.733000 1.730000 2.742000 0 255 255
0.702000 1.730000 2.906000 0 255 255
0.912000 1.730000 2.601000 0 255 255
0.872000 1.730000 2.782000 0 255 255
0.992000 1.730000 3.023000 0 255 255
0.803000 1.730000 2.831000 0 255 255
0.694000 1.730000 2.655000 0 255 255
0.835000 1.730000 2.658000 0 255 255
0.881000 1.730000 2.679000 0 255 255
0.708000 1.730000 2.812000 0 255 255
0.791000 1.730000 2.526000 0 255 255
0.668000 1.730000 2.757000 0 255 255
0.951000 1.730000 2.808000 0 255 255
0.923000 1.730000 2.513000 0 255 255
0.891000 1.730000 2.485000 0 255 255
0.733000 1.730000 2.797000 0 255 255
0.794000 1.730000 2.544000 0 255 255
0.728000 1.730000 2.890000 0 255 255
0.822000 1.730000 2.953000 0 255 255
0.595000 1.730000 2.816000 0 255 255
0.889000 1.730000 2.879000 0 255 255
0.821000 1.730000 2.440000 0 255 255
0.757000 1.730000 2.816000 0 255 255
1.012000 1.730000 2.920000 0 255 255
0.829000 1.730000 2.437000 0 255 255
0.912000 1.730000 2.935000 0 255 255
0.707000 1.730000 2.565000 0 255 255
0.685000 1.730000 2.657000 0 255 255
0.784000 1.730000 2.553000 0 255 255
0.829000 1.730000 2.904000 0 255 255
0.911000 1.730000 2.599000 0 255 255
0.686000 1.730000 2.808000 0 255 255
0.684000 1.730000 2.879000 0 255 255
0.839000 1.730000 2.716000 0 255 255
0.876000 1.730000 2.863000 0 255 255
0.939000 1.730000 2.742000 0 255 255
1.046000 1.730000 3.036000 0 255 255
0.950000 1.730000 2.722000 0 255 255
0.891000 1.730000 2.520000 0 255 255
0.940000 1.730000 2.848000 0 255 255
0.802000 1.730000 2.556000 0 255 255
0.702000 1.730000 2.600000 0 255 255
0.807000 1.730000 2.444000 0 255 255
0.790000 1.730000 2.683000 0 255 255
0.854000 1.730000 2.792000 0 255 255
0.801000 1.730000 2.442000 0 255 255
1.007000 1.730000 2.987000 0 255 255
0.961000 1.730000 2.711000 0 255 255
0.613000 1.730000 2.742000 0 255 255
0.913000 1.730000 2.475000 0 255 255
0.785000 1.730000 2.879000 0 255 255
0.900000 1.730000 2.969000 0 255 255
0.852000 1.730000 2.860000 0 255 255
0.869000 1.730000 2.775000 0 255 255
0.755000 1.730000 2.694000 0 255 255
0.724000 1.730000 2.602000 0 255 255
0.798000 1.730000 2.437000 0 255 255
0.734000 1.730000 2.603000 0 255 255
0.941000 1.730000 2.912000 0 255 255
0.804000 1.730000 2.640000 0 255 255
0.857000 1.730000 2.441000 0 255 255
0.915000 1.730000 2.940000 0 255 255
0.829000 1.730000 2.527000 0 255 255
0.884000 1.730000 2.548000 0 255 255
0.865000 1.730000 2.726000 0 255 255
0.699000 1.730000 2.634000 0 255 255
0.865000 1.731000 2.400000 0 255 255
0.929000 1.730000 2.854000 0 255 255
0.671000 1.730000 2.687000 0 255 255
0.834000 1.730000 2.730000 0 255 255
0.942000 1.730000 2.793000 0 255 255
0.889000 1.730000 2.556000 0 255 255
0.929000 1.730000 3.002000 0 255 255
0.890000 1.730000 2.608000 0 255 255
0.756000 1.730000 2.786000 0 255 255
0.720000 1.730000 2.865000 0 255 255
0.853000 1.731000 2.369000 0 255 255
0.898000 1.730000 2.883000 0 255 255
0.864000 1.730000 2.724000 0 255 255
0.667000 1.730000 2.861000 0 255 255
0.938000 1.730000 2.612000 0 255 255
0.840000 1.730000 2.960000 0 255 255
0.770000 1.730000 2.536000 0 255 255
0.758000 1.730000 2.546000 0 255 255
0.966000 1.730000 3.032000 0 255 255
0.703000 1.730000 2.773000 0 255 255
0.709000 1.730000 2.675000 0 255 255
0.717000 1.730000 2.602000 0 255 255
1.000000 1.730000 2.903000 0 255 255
0.817000 1.730000 2.518000 0 255 255
0.916000 1.730000 2.550000 0 255 255
0.905000 1.730000 3.001000 0 255 255
0.820000 1.730000 2.900000 0 255 255
0.963000 1.730000 2.706000 0 255 255
0.790000 1.730000 2.517000 0 255 255
0.878000 1.730000 2.887000 0 255 255
0.886000 1.730000 2.812000 0 255 255
0.970000 1.730000 2.824000 0 255 255
0.848000 1.731000 2.354000 0 255 255
0.681000 1.730000 2.696000 0 255 255
0.929000 1.730000 2.566000 0 255 255
0.838000 1.730000 2.969000 0 255 255
0.712000 1.730000 2.608000 0 255 255
0.710000 1.730000 2.685000 0 255 255
0.941000 1.730000 2.880000 0 255 255
0.631000 1.730000 2.834000 0 255 255
0.777000 1.730000 2.503000 0 255 255
0.734000 1.730000 2.837000 0 255 255
0.975000 1.730000 2.831000 0 255 255
0.957000 1.730000 2.731000 0 255 255
0.875000 1.730000 2.885000 0 255 255
0.916000 1.730000 2.643000 0 255 255
0.936000 1.730000 2.609000 0 255 255
0.904000 1.730000 2.940000 0 255 255
0.944000 1.730000 2.997000 0 255 255
0.773000 1.730000 2.704000 0 255 255
0.878000 1.730000 2.538000 0 255 255
0.744000 1.730000 2.503000 0 255 255
0.582000 1.730000 2.837000 0 255 255
0.961000 1.730000 2.761000 0 255 255
0.967000 1.730000 2.935000 0 255 255
0.850000 1.730000 2.635000 0 255 255
0.867000 1.730000 2.619000 0 255 255
0.833000 1.730000 2.482000 0 255 255
0.887000 1.730000 2.914000 0 255 255
0.893000 1.730000 2.544000 0 255 255
0.731000 1.730000 2.531000 0 255 255
0.707000 1.730000 2.628000 0 255 255
0.661000 1.730000 2.767000 0 255 255
0.967000 1.730000 2.737000 0 255 255
0.718000 1.730000 2.845000 0 255 255
0.775000 1.730000 2.655000 0 255 255
0.822000 1.730000 2.606000 0 255 255
0.836000 1.730000 2.804000 0 255 255
0.890000 1.730000 2.512000 0 255 255
0.856000 1.730000 2.701000 0 255 255
0.871000 1.730000 2.592000 0 255 255
0.900000 1.730000 2.512000 0 255 255
0.916000 1.730000 2.856000 0 255 255
0.769000 1.730000 2.681000 0 255 255
0.776000 1.730000 2.633000 0 255 255
0.860000 1.730000 2.550000 0 255 255
0.819000 1.730000 2.418000 0 255 255
0.822000 1.730000 2.925000 0 255 255
0.929000 1.730000 2.525000 0 255 255
0.657000 1.730000 2.691000 0 255 255
0.732000 1.730000 2.853000 0 255 255
0.627000 1.730000 2.746000 0 255 255
0.790000 1.730000 2.941000 0 255 255
0.754000 1.730000 2.922000 0 255 255
0.765000 1.730000 2.920000 0 255 255
0.648000 1.730000 2.755000 0 255 255
0.804000 1.730000 2.485000 0 255 255
0.961000 1.730000 2.942000 0 255 255
0.968000 1.730000 2.949000 0 255 255
0.755000 1.730000 2.922000 0 255 255
0.867000 1.730000 2.697000 0 255 255
0.761000 1.730000 2.915000 0 255 255
1.005000 1.730000 2.980000 0 255 255
0.735000 1.730000 2.845000 0 255 255
0.756000 1.730000 2.474000 0 255 255
0.680000 1.730000 2.749000 0 255 255
1.034000 1.730000 2.950000 0 255 255
0.824000 1.730000 2.679000 0 255 255
0.730000 1.730000 2.877000 0 255 255
0.856000 1.730000 2.857000 0 255 255
0.779000 1.730000 2.837000 0 255 255
0.853000 1.730000 2.571000 0 255 255
0.957000 1.730000 2.969000 0 255 255
0.957000 1.730000 3.012000 0 255 255
0.705000 1.730000 2.910000 0 255 255
0.840000 1.730000 2.455000 0 255 255
0.806000 1.730000 2.836000 0 255 255
0.677000 1.730000 2.784000 0 255 255
0.758000 1.730000 2.819000 0 255 255
0.777000 1.730000 2.472000 0 255 255
0.797000 1.730000 2.475000 0 255 255
0.862000 1.730000 2.561000 0 255 255
0.753000 1.730000 2.532000 0 255 255
0.945000 1.730000 2.880000 0 255 255
0.782000 1.730000 2.607000 0 255 255
0.788000 1.730000 2.836000 0 255 255
1.026000 1.730000 2.964000 0 255 255
0.904000 1.730000 2.587000 0 255 255
0.827000 1.730000 2.915000 0 255 255
0.938000 1.730000 2.563000 0 255 255
1.005000 1.730000 3.041000 0 255 255
0.794000 1.730000 2.661000 0 255 255
0.800000 1.730000 2.802000 0 255 255
1.000000 1.730000 2.836000 0 255 255
0.958000 1.730000 3.003000 0 255 255
1.036000 1.730000 2.980000 0 255 255
0.828000 1.730000 2.906000 0 255 255
0.667000 1.730000 2.790000 0 255 255
0.858000 1.730000 2.501000 0 255 255
0.619000 1.730000 2.780000 0 255 255
0.740000 1.730000 2.692000 0 255 255
0.803000 1.730000 2.754000 0 255 255
0.909000 1.730000 2.683000 0 255 255
0.700000 1.730000 2.634000 0 255 255
0.754000 1.730000 2.821000 0 255 255
0.768000 1.730000 2.750000 0 255 255
0.798000 1.730000 2.485000 0 255 255
0.705000 1.730000 2.712000 0 255 255
0.788000 1.730000 2.544000 0 255 255
0.847000 1.730000 2.796000 0 255 255
0.767000 1.730000 2.479000 0 255 255
0.951000 1.730000 3.022000 0 255 255
0.798000 1.730000 2.559000 0 255 255
0.775000 1.730000 2.880000 0 255 255
0.991000 1.730000 2.891000 0 255 255
0.945000 1.730000 2.674000 0 255 255
0.668000 1.730000 2.745000 0 255 255
0.588000 1.730000 2.827000 0 255 255
1.006000 1.730000 2.892000 0 255 255
0.763000 1.730000 2.592000 0 255 255
0.966000 1.730000 2.991000 0 255 255
0.927000 1.730000 2.595000 0 255 255
0.891000 1.731000 2.395000 0 255 255
0.568000 1.730000 2.840000 0 255 255
0.640000 1.730000 2.832000 0 255 255
0.818000 1.730000 2.731000 0 255 255
0.990000 1.730000 2.955000 0 255 255
0.861000 1.730000 2.601000 0 255 255
0.851000 1.730000 2.418000 0 255 255
0.879000 1.730000 2.972000 0 255 255
0.919000 1.730000 2.842000 0 255 255
0.837000 1.731000 2.390000 0 255 255
0.814000 1.730000 2.543000 0 255 255
0.964000 1.730000 2.912000 0 255 255
0.567000 1.730000 2.827000 0 255 255
0.648000 1.730000 2.881000 0 255 255
0.688000 1.730000 2.624000 0 255 255
0.602000 1.730000 2.835000 0 255 255
0.793000 1.730000 2.585000 0 255 255
0.943000 1.731000 2.527000 0 255 255
1.054000 1.731000 2.684000 0 255 255
1.067000 1.731000 2.811000 0 255 255
1.149000 1.732000 2.531000 0 255 255
0.958000 1.731000 2.401000 0 255 255
1.001000 1.731000 2.480000 0 255 255
1.236000 1.733000 2.545000 0 255 255
1.051000 1.730000 2.870000 0 255 255
1.145000 1.732000 2.486000 0 255 255
1.153000 1.732000 2.751000 0 255 255
1.095000 1.732000 2.616000 0 255 255
0.953000 1.731000 2.481000 0 255 255
0.951000 1.731000 2.453000 0 255 255
1.170000 1.732000 2.676000 0 255 255
0.997000 1.731000 2.528000 0 255 255
1.219000 1.733000 2.414000 0 255 255
1.101000 1.732000 2.379000 0 255 255
1.107000 1.732000 2.659000 0 255 255
1.090000 1.732000 2.592000 0 255 255
1.040000 1.730000 2.825000 0 255 255
1.166000 1.732000 2.681000 0 255 255
1.004000 1.730000 2.747000 0 255 255
1.030000 1.731000 2.532000 0 255 255
1.237000 1.733000 2.468000 0 255 255
1.092000 1.731000 2.822000 0 255 255
1.062000 1.731000 2.607000 0 255 255
1.042000 1.731000 2.562000 0 255 255
1.154000 1.732000 2.662000 0 255 255
1.087000 1.731000 2.799000 0 255 255
0.975000 1.730000 2.676000 0 255 255
1.073000 1.732000 2.526000 0 255 255
1.115000 1.732000 2.604000 0 255 255
0.985000 1.731000 2.393000 0 255 255
0.997000 1.732000 2.350000 0 255 255
1.178000 1.733000 2.504000 0 255 255
0.993000 1.731000 2.472000 0 255 255
1.175000 1.732000 2.619000 0 255 255
1.129000 1.732000 2.512000 0 255 255
1.092000 1.732000 2.374000 0 255 255
1.052000 1.732000 2.428000 0 255 255
1.021000 1.730000 2.853000 0 255 255
0.992000 1.731000 2.619000 0 255 255
1.089000 1.730000 2.940000 0 255 255
0.975000 1.730000 2.681000 0 255 255
1.170000 1.733000 2.413000 0 255 255
1.096000 1.731000 2.943000 0 255 255
1.150000 1.732000 2.587000 0 255 255
1.098000 1.732000 2.491000 0 255 255
1.162000 1.733000 2.451000 0 255 255
1.064000 1.732000 2.394000 0 255 255
1.145000 1.731000 2.828000 0 255 255
1.145000 1.733000 2.452000 0 255 255
1.078000 1.731000 2.661000 0 255 255
1.003000 1.731000 2.418000 0 255 255
1.021000 1.732000 2.391000 0 255 255
1.075000 1.730000 2.917000 0 255 255
1.095000 1.731000 2.706000 0 255 255
1.170000 1.733000 2.465000 0 255 255
1.166000 1.732000 2.636000 0 255 255
1.113000 1.732000 2.399000 0 255 255
1.181000 1.732000 2.665000 0 255 255
1.196000 1.733000 2.419000 0 255 255
1.007000 1.730000 2.765000 0 255 255
1.123000 1.731000 2.736000 0 255 255
1.121000 1.731000 2.756000 0 255 255
1.076000 1.732000 2.492000 0 255 255
1.173000 1.732000 2.647000 0 255 255
1.249000 1.734000 2.426000 0 255 255
1.187000 1.733000 2.584000 0 255 255
1.096000 1.731000 2.733000 0 255 255
0.976000 1.730000 2.654000 0 255 255
0.976000 1.731000 2.401000 0 255 255
1.039000 1.732000 2.418000 0 255 255
1.244000 1.733000 2.529000 0 255 255
1.103000 1.732000 2.433000 0 255 255
1.057000 1.731000 2.577000 0 255 255
1.003000 1.731000 2.657000 0 255 255
1.173000 1.732000 2.718000 0 255 255
1.007000 1.730000 2.805000 0 255 255
0.998000 1.730000 2.746000 0 255 255
0.953000 1.730000 2.592000 0 255 255
1.120000 1.732000 2.687000 0 255 255
1.117000 1.731000 2.823000 0 255 255
1.218000 1.733000 2.594000 0 255 255
1.081000 1.732000 2.520000 0 255 255
1.154000 1.732000 2.618000 0 255 255
1.007000 1.730000 2.758000 0 255 255
1.106000 1.732000 2.509000 0 255 255
1.055000 1.731000 2.703000 0 255 255
1.029000 1.730000 2.847000 0 255 255
1.050000 1.731000 2.775000 0 255 255
1.074000 1.732000 2.408000 0 255 255
1.099000 1.731000 2.799000 0 255 255
1.044000 1.731000 2.643000 0 255 255
1.012000 1.730000 2.797000 0 255 255
1.120000 1.732000 2.631000 0 255 255
1.124000 1.731000 2.840000 0 255 255
1.221000 1.733000 2.415000 0 255 255
1.079000 1.732000 2.474000 0 255 255
1.182000 1.733000 2.402000 0 255 255
1.055000 1.732000 2.363000 0 255 255
0.997000 1.731000 2.642000 0 255 255
1.001000 1.731000 2.574000 0 255 255
1.137000 1.731000 2.764000 0 255 255
1.032000 1.731000 2.559000 0 255 255
0.938000 1.731000 2.468000 0 255 255
1.093000 1.731000 2.729000 0 255 255
1.113000 1.732000 2.552000 0 255 255
0.947000 1.731000 2.507000 0 255 255
1.013000 1.731000 2.620000 0 255 255
1.003000 1.730000 2.776000 0 255 255
1.045000 1.730000 2.894000 0 255 255
1.074000 1.730000 3.045000 0 255 255
1.243000 1.734000 2.436000 0 255 255
1.154000 1.732000 2.638000 0 255 255
1.135000 1.733000 2.440000 0 255 255
1.138000 1.732000 2.663000 0 255 255
1.250000 1.733000 2.489000 0 255 255
1.076000 1.732000 2.453000 0 255 255
1.216000 1.733000 2.451000 0 255 255
1.046000 1.732000 2.481000 0 255 255
1.007000 1.730000 2.729000 0 255 255
1.134000 1.732000 2.648000 0 255 255
1.214000 1.733000 2.445000 0 255 255
0.921000 1.731000 2.342000 0 255 255
0.990000 1.731000 2.460000 0 255 255
1.227000 1.733000 2.569000 0 255 255
1.074000 1.731000 2.797000 0 255 255
1.136000 1.733000 2.414000 0 255 255
0.964000 1.731000 2.411000 0 255 255
1.237000 1.733000 2.576000 0 255 255
1.106000 1.731000 2.931000 0 255 255
1.034000 1.732000 2.366000 0 255 255
1.040000 1.731000 2.774000 0 255 255
1.097000 1.732000 2.644000 0 255 255
1.209000 1.733000 2.400000 0 255 255
1.048000 1.732000 2.428000 0 255 255
1.111000 1.732000 2.676000 0 255 255
1.122000 1.732000 2.700000 0 255 255
0.995000 1.731000 2.660000 0 255 255
1.030000 1.730000 2.789000 0 255 255
1.102000 1.732000 2.518000 0 255 255
1.090000 1.730000 3.037000 0 255 255
1.123000 1.732000 2.607000 0 255 255
1.080000 1.731000 2.774000 0 255 255
1.014000 1.732000 2.388000 0 255 255
0.978000 1.731000 2.491000 0 255 255
1.175000 1.732000 2.781000 0 255 255
1.044000 1.731000 2.576000 0 255 255
1.153000 1.732000 2.644000 0 255 255
1.078000 1.732000 2.426000 0 255 255
1.127000 1.733000 2.367000 0 255 255
1.227000 1.733000 2.602000 0 255 255
0.986000 1.732000 2.353000 0 255 255
1.123000 1.732000 2.686000 0 255 255
1.072000 1.731000 2.774000 0 255 255
0.987000 1.731000 2.585000 0 255 255
0.980000 1.730000 2.652000 0 255 255
1.236000 1.733000 2.433000 0 255 255
0.983000 1.731000 2.481000 0 255 255
1.080000 1.731000 2.886000 0 255 255
1.065000 1.732000 2.518000 0 255 255
1.032000 1.731000 2.518000 0 255 255
1.090000 1.732000 2.420000 0 255 255
1.216000 1.733000 2.419000 0 255 255
1.256000 1.734000 2.470000 0 255 255
1.159000 1.732000 2.549000 0 255 255
1.080000 1.732000 2.464000 0 255 255
1.091000 1.732000 2.474000 0 255 255
1.170000 1.732000 2.552000 0 255 255
1.130000 1.731000 2.875000 0 255 255
1.194000 1.732000 2.718000 0 255 255
0.966000 1.731000 2.540000 0 255 255
1.165000 1.732000 2.681000 0 255 255
1.130000 1.732000 2.592000 0 255 255
1.105000 1.732000 2.539000 0 255 255
1.142000 1.732000 2.652000 0 255 255
1.046000 1.731000 2.545000 0 255 255
0.994000 1.731000 2.444000 0 255 255
1.026000 1.731000 2.739000 0 255 255
1.167000 1.733000 2.508000 0 255 255
1.101000 1.732000 2.503000 0 255 255
1.111000 1.732000 2.683000 0 255 255
1.027000 1.731000 2.673000 0 255 255
0.924000 1.731000 2.386000 0 255 255
1.028000 1.730000 2.856000 0 255 255
1.002000 1.732000 2.345000 0 255 255
1.085000 1.730000 2.972000 0 255 255
1.084000 1.732000 2.465000 0 255 255
0.900000 1.731000 2.403000 0 255 255
1.064000 1.731000 2.669000 0 255 255
1.115000 1.731000 2.780000 0 255 255
1.195000 1.733000 2.561000 0 255 255
1.163000 1.733000 2.442000 0 255 255
1.083000 1.731000 2.773000 0 255 255
1.053000 1.731000 2.713000 0 255 255
1.145000 1.732000 2.697000 0 255 255
1.141000 1.732000 2.592000 0 255 255
1.006000 1.731000 2.678000 0 255 255
1.010000 1.731000 2.604000 0 255 255
1.131000 1.732000 2.472000 0 255 255
1.197000 1.733000 2.424000 0 255 255
0.955000 1.731000 2.574000 0 255 255
1.217000 1.733000 2.463000 0 255 255
1.051000 1.731000 2.656000 0 255 255
1.072000 1.730000 2.909000 0 255 255
1.100000 1.732000 2.498000 0 255 255
1.163000 1.732000 2.743000 0 255 255
1.116000 1.732000 2.546000 0 255 255
1.054000 1.730000 2.984000 0 255 255
1.196000 1.732000 2.723000 0 255 255
1.238000 1.733000 2.689000 0 255 255
1.269000 1.733000 2.686000 0 255 255
1.305000 1.733000 2.666000 0 255 255
1.329000 1.733000 2.804000 0 255 255
1.286000 1.733000 2.780000 0 255 255
1.327000 1.733000 2.662000 0 255 255
1.374000 1.733000 2.872000 0 255 255
1.418000 1.733000 2.912000 0 255 255
1.302000 1.732000 2.854000 0 255 255
1.355000 1.732000 2.921000 0 255 255
1.385000 1.733000 2.915000 0 255 255
1.380000 1.733000 2.850000 0 255 255
1.337000 1.733000 2.850000 0 255 255
1.241000 1.733000 2.593000 0 255 255
1.377000 1.733000 2.875000 0 255 255
1.433000 1.733000 2.999000 0 255 255
1.302000 1.734000 2.550000 0 255 255
1.295000 1.733000 2.687000 0 255 255
1.241000 1.733000 2.618000 0 255 255
1.229000 1.733000 2.655000 0 255 255
1.325000 1.733000 2.736000 0 255 255
1.259000 1.733000 2.623000 0 255 255
1.237000 1.733000 2.640000 0 255 255
1.242000 1.733000 2.633000 0 255 255
1.354000 1.733000 2.834000 0 255 255
1.318000 1.733000 2.619000 0 255 255
1.230000 1.732000 2.765000 0 255 255
1.240000 1.732000 2.810000 0 255 255
1.365000 1.733000 2.735000 0 255 255
1.335000 1.733000 2.864000 0 255 255
1.325000 1.734000 2.581000 0 255 255
1.299000 1.733000 2.792000 0 255 255
1.299000 1.734000 2.538000 0 255 255
1.311000 1.732000 2.902000 0 255 255
1.272000 1.733000 2.739000 0 255 255
1.315000 1.733000 2.770000 0 255 255
1.263000 1.733000 2.581000 0 255 255
1.263000 1.733000 2.677000 0 255 255
1.344000 1.733000 2.831000 0 255 255
1.248000 1.733000 2.581000 0 255 255
1.388000 1.733000 2.878000 0 255 255
1.438000 1.733000 3.026000 0 255 255
1.306000 1.732000 2.847000 0 255 255
1.323000 1.733000 2.641000 0 255 255
1.252000 1.732000 2.752000 0 255 255
1.261000 1.732000 2.769000 0 255 255
1.262000 1.733000 2.577000 0 255 255
1.396000 1.733000 2.845000 0 255 255
1.247000 1.733000 2.569000 0 255 255
1.254000 1.733000 2.675000 0 255 255
1.337000 1.733000 2.662000 0 255 255
1.365000 1.733000 2.748000 0 255 255
1.289000 1.733000 2.581000 0 255 255
1.266000 1.733000 2.508000 0 255 255
1.272000 1.733000 2.541000 0 255 255
1.239000 1.732000 2.744000 0 255 255
1.268000 1.733000 2.663000 0 255 255
1.293000 1.733000 2.762000 0 255 255
1.433000 1.733000 2.964000 0 255 255
1.256000 1.733000 2.572000 0 255 255
1.268000 1.732000 2.831000 0 255 255
1.461000 1.733000 3.079000 0 255 255
1.254000 1.733000 2.663000 0 255 255
1.312000 1.733000 2.762000 0 255 255
1.382000 1.733000 2.934000 0 255 255
1.359000 1.733000 2.829000 0 255 255
1.274000 1.733000 2.662000 0 255 255
1.235000 1.732000 2.772000 0 255 255
1.427000 1.733000 3.007000 0 255 255
1.276000 1.733000 2.672000 0 255 255
1.273000 1.733000 2.723000 0 255 255
1.338000 1.732000 2.901000 0 255 255
1.360000 1.733000 2.728000 0 255 255
1.255000 1.732000 2.738000 0 255 255
1.439000 1.733000 2.988000 0 255 255
1.241000 1.733000 2.591000 0 255 255
1.356000 1.733000 2.853000 0 255 255
1.207000 1.732000 2.696000 0 255 255
1.438000 1.733000 2.592000 0 255 255
1.399000 1.733000 2.728000 0 255 255
1.436000 1.733000 2.638000 0 255 255
1.427000 1.733000 2.705000 0 255 255
1.421000 1.733000 2.707000 0 255 255
1.425000 1.733000 2.605000 0 255 255
1.391000 1.733000 2.743000 0 255 255
1.434000 1.733000 2.597000 0 255 255
1.460000 1.733000 2.665000 0 255 255
1.440000 1.733000 2.539000 0 255 255
1.469000 1.733000 2.653000 0 255 255
1.390000 1.733000 2.459000 0 255 255
1.545000 1.731000 3.127000 0 255 255
1.563000 1.731000 3.129000 0 255 255
1.573000 1.731000 2.908000 0 255 255
1.565000 1.731000 2.950000 0 255 255
1.581000 1.731000 2.958000 0 255 255
1.554000 1.731000 3.035000 0 255 255
1.507000 1.732000 3.082000 0 255 255
1.526000 1.731000 3.098000 0 255 255
1.562000 1.731000 3.090000 0 255 255
1.558000 1.731000 3.039000 0 255 255
1.563000 1.731000 2.934000 0 255 255
1.578000 1.730000 3.094000 0 255 255
1.530000 1.732000 3.013000 0 255 255
1.579000 1.731000 2.972000 0 255 255
1.561000 1.731000 3.054000 0 255 255
1.565000 1.731000 3.116000 0 255 255
1.564000 1.731000 3.012000 0 255 255
1.475000 1.732000 3.095000 0 255 255
1.522000 1.732000 3.004000 0 255 255
1.512000 1.732000 3.063000 0 255 255
0.528000 1.729000 2.570000 0 255 255
0.628000 1.729000 2.484000 0 255 255
0.664000 1.730000 2.620000 0 255 255
0.606000 1.729000 2.464000 0 255 255
0.511000 1.728000 2.563000 0 255 255
0.797000 1.730000 2.368000 0 255 255
0.553000 1.729000 2.724000 0 255 255
0.573000 1.729000 2.595000 0 255 255
0.604000 1.729000 2.515000 0 255 255
0.553000 1.728000 2.431000 0 255 255
0.681000 1.730000 2.513000 0 255 255
0.725000 1.730000 2.515000 0 255 255
0.751000 1.730000 2.345000 0 255 255
0.576000 1.729000 2.748000 0 255 255
0.780000 1.730000 2.340000 0 255 255
0.528000 1.729000 2.723000 0 255 255
0.538000 1.728000 2.514000 0 255 255
0.513000 1.728000 2.581000 0 255 255
0.587000 1.730000 2.764000 0 255 255
0.695000 1.730000 2.380000 0 255 255
0.731000 1.730000 2.455000 0 255 255
0.523000 1.728000 2.429000 0 255 255
0.669000 1.729000 2.412000 0 255 255
0.668000 1.730000 2.542000 0 255 255
0.623000 1.729000 2.480000 0 255 255
0.656000 1.729000 2.496000 0 255 255
0.544000 1.728000 2.420000 0 255 255
0.764000 1.730000 2.337000 0 255 255
0.518000 1.728000 2.574000 0 255 255
0.628000 1.730000 2.593000 0 255 255
0.636000 1.729000 2.428000 0 255 255
0.725000 1.730000 2.445000 0 255 255
0.679000 1.729000 2.361000 0 255 255
0.548000 1.729000 2.754000 0 255 255
0.655000 1.730000 2.649000 0 255 255
0.483000 1.728000 2.471000 0 255 255
0.767000 1.730000 2.394000 0 255 255
0.575000 1.729000 2.705000 0 255 255
0.562000 1.729000 2.520000 0 255 255
0.603000 1.729000 2.447000 0 255 255
0.750000 1.730000 2.333000 0 255 255
0.527000 1.728000 2.554000 0 255 255
0.816000 1.731000 2.350000 0 255 255
0.528000 1.728000 2.517000 0 255 255
0.616000 1.729000 2.473000 0 255 255
0.711000 1.730000 2.498000 0 255 255
0.659000 1.730000 2.640000 0 255 255
0.536000 1.729000 2.734000 0 255 255
0.565000 1.729000 2.755000 0 255 255
0.740000 1.730000 2.402000 0 255 255
0.529000 1.729000 2.628000 0 255 255
0.631000 1.729000 2.565000 0 255 255
0.650000 1.730000 2.552000 0 255 255
0.733000 1.730000 2.493000 0 255 255
0.624000 1.729000 2.419000 0 255 255
0.589000 1.729000 2.679000 0 255 255
0.702000 1.730000 2.401000 0 255 255
0.595000 1.729000 2.444000 0 255 255
0.565000 1.729000 2.737000 0 255 255
0.646000 1.729000 2.418000 0 255 255
0.607000 1.729000 2.595000 0 255 255
0.540000 1.728000 2.449000 0 255 255
0.647000 1.730000 2.621000 0 255 255
0.543000 1.728000 2.467000 0 255 255
0.747000 1.730000 2.452000 0 255 255
0.598000 1.730000 2.752000 0 255 255
0.533000 1.729000 2.711000 0 255 255
0.557000 1.730000 2.821000 0 255 255
0.611000 1.729000 2.389000 0 255 255
0.777000 1.730000 2.424000 0 255 255
0.637000 1.729000 2.469000 0 255 255
0.691000 1.730000 2.426000 0 255 255
0.575000 1.730000 2.787000 0 255 255
0.675000 1.730000 2.572000 0 255 255
0.652000 1.730000 2.624000 0 255 255
0.757000 1.730000 2.371000 0 255 255
0.680000 1.730000 2.556000 0 255 255
0.641000 1.729000 2.429000 0 255 255
0.690000 1.730000 2.525000 0 255 255
0.676000 1.730000 2.450000 0 255 255
0.574000 1.730000 2.790000 0 255 255
0.576000 1.729000 2.592000 0 255 255
0.692000 1.730000 2.503000 0 255 255
0.732000 1.730000 2.486000 0 255 255
0.668000 1.730000 2.533000 0 255 255
0.590000 1.729000 2.610000 0 255 255
0.775000 1.730000 2.394000 0 255 255
0.644000 1.730000 2.561000 0 255 255
0.647000 1.730000 2.538000 0 255 255
0.661000 1.729000 2.478000 0 255 255
0.667000 1.729000 2.455000 0 255 255
0.632000 1.729000 2.534000 0 255 255
0.767000 1.730000 2.350000 0 255 255
0.508000 1.728000 2.443000 0 255 255
0.618000 1.730000 2.694000 0 255 255
0.551000 1.729000 2.711000 0 255 255
0.574000 1.729000 2.513000 0 255 255
0.715000 1.730000 2.401000 0 255 255
0.604000 1.730000 2.725000 0 255 255
0.553000 1.729000 2.758000 0 255 255
0.529000 1.728000 2.509000 0 255 255
0.755000 1.730000 2.335000 0 255 255
0.650000 1.730000 2.530000 0 255 255
0.547000 1.729000 2.661000 0 255 255
0.610000 1.729000 2.417000 0 255 255
0.542000 1.729000 2.684000 0 255 255
0.536000 1.728000 2.479000 0 255 255
0.490000 1.728000 2.584000 0 255 255
0.492000 1.728000 2.522000 0 255 255
0.709000 1.730000 2.379000 0 255 255
0.525000 1.728000 2.437000 0 255 255
1.468000 1.733000 3.004000 0 255 255
1.467000 1.733000 2.841000 0 255 255
1.427000 1.733000 2.864000 0 255 255
1.423000 1.733000 2.875000 0 255 255
1.475000 1.733000 2.843000 0 255 255
1.417000 1.733000 2.845000 0 255 255
1.492000 1.732000 2.925000 0 255 255
1.521000 1.732000 2.820000 0 255 255
1.494000 1.732000 2.964000 0 255 255
1.445000 1.733000 2.829000 0 255 255
1.410000 1.733000 2.823000 0 255 255
1.426000 1.733000 2.822000 0 255 255
1.482000 1.732000 2.957000 0 255 255
1.480000 1.733000 2.920000 0 255 255
1.514000 1.732000 2.827000 0 255 255
1.409000 1.733000 2.869000 0 255 255
1.499000 1.732000 2.834000 0 255 255
1.455000 1.733000 2.813000 0 255 255
1.423000 1.733000 2.817000 0 255 255
1.481000 1.732000 2.999000 0 255 255
1.418000 1.733000 2.814000 0 255 255
1.450000 1.733000 2.942000 0 255 255
1.407000 1.733000 2.829000 0 255 255
1.477000 1.733000 2.925000 0 255 255
1.466000 1.733000 2.819000 0 255 255
1.472000 1.733000 3.056000 0 255 255
1.480000 1.733000 2.960000 0 255 255
1.446000 1.733000 2.835000 0 255 255
0.679000 1.714000 2.937000 0 255 255
0.746000 1.717000 2.962000 0 255 255
0.720000 1.713000 2.961000 0 255 255
0.743000 1.724000 2.943000 0 255 255
0.603000 1.729000 2.862000 0 255 255
0.779000 1.726000 2.955000 0 255 255
0.732000 1.726000 2.933000 0 255 255
0.612000 1.723000 2.880000 0 255 255
0.652000 1.726000 2.893000 0 255 255
0.667000 1.720000 2.915000 0 255 255
0.750000 1.720000 2.956000 0 255 255
0.656000 1.726000 2.896000 0 255 255
0.806000 1.727000 2.967000 0 255 255
0.636000 1.724000 2.892000 0 255 255
1.535000 1.732000 2.887000 0 255 255
1.493000 1.732000 3.000000 0 255 255
1.555000 1.732000 2.854000 0 255 255
1.504000 1.732000 2.938000 0 255 255
1.535000 1.732000 2.891000 0 255 255
1.516000 1.732000 2.919000 0 255 255
1.558000 1.732000 2.837000 0 255 255
1.550000 1.732000 2.881000 0 255 255
1.535000 1.732000 2.827000 0 255 255
1.513000 1.732000 2.987000 0 255 255
1.528000 1.732000 2.857000 0 255 255
1.522000 1.732000 2.881000 0 255 255
1.555000 1.732000 2.841000 0 255 255
1.520000 1.732000 2.909000 0 255 255
1.179000 1.732000 2.813000 0 255 255
1.248000 1.732000 2.967000 0 255 255
1.112000 1.730000 3.048000 0 255 255
1.227000 1.732000 2.886000 0 255 255
1.156000 1.731000 2.924000 0 255 255
1.265000 1.732000 2.858000 0 255 255
1.242000 1.732000 2.868000 0 255 255
1.129000 1.731000 2.998000 0 255 255
1.239000 1.731000 2.963000 0 255 255
1.191000 1.732000 2.872000 0 255 255
1.175000 1.732000 2.805000 0 255 255
1.174000 1.731000 2.941000 0 255 255
1.197000 1.731000 2.909000 0 255 255
1.253000 1.732000 2.882000 0 255 255
1.241000 1.732000 2.863000 0 255 255
1.122000 1.730000 3.023000 0 255 255
1.312000 1.732000 2.916000 0 255 255
1.202000 1.732000 2.789000 0 255 255
1.295000 1.732000 2.939000 0 255 255
1.108000 1.730000 3.010000 0 255 255
1.184000 1.731000 2.976000 0 255 255
1.280000 1.732000 2.916000 0 255 255
1.141000 1.731000 2.922000 0 255 255
1.189000 1.731000 2.973000 0 255 255
1.174000 1.731000 2.949000 0 255 255
1.152000 1.731000 3.014000 0 255 255
1.178000 1.732000 2.828000 0 255 255
1.188000 1.731000 2.991000 0 255 255
1.172000 1.731000 2.900000 0 255 255
1.258000 1.732000 2.850000 0 255 255
1.217000 1.731000 2.956000 0 255 255
1.195000 1.731000 2.979000 0 255 255
1.219000 1.731000 2.974000 0 255 255
1.262000 1.732000 2.864000 0 255 255
1.159000 1.731000 2.938000 0 255 255
1.102000 1.730000 3.029000 0 255 255
1.184000 1.732000 2.838000 0 255 255
1.200000 1.731000 3.011000 0 255 255
1.171000 1.731000 3.002000 0 255 255
1.271000 1.732000 2.958000 0 255 255
1.222000 1.731000 2.946000 0 255 255
1.183000 1.732000 2.822000 0 255 255
1.127000 1.730000 3.046000 0 255 255
1.161000 1.731000 3.005000 0 255 255
1.128000 1.731000 2.959000 0 255 255
1.140000 1.731000 3.035000 0 255 255
0.450000 1.727000 2.398000 0 255 255
0.458000 1.727000 2.365000 0 255 255
0.440000 1.727000 2.340000 0 255 255
0.498000 1.728000 2.364000 0 255 255
0.478000 1.727000 2.332000 0 255 255
0.470000 1.728000 2.403000 0 255 255
1.378000 1.733000 2.734000 0 255 255
1.406000 1.733000 2.550000 0 255 255
1.381000 1.733000 2.555000 0 255 255
1.357000 1.733000 2.507000 0 255 255
1.333000 1.734000 2.569000 0 255 255
1.373000 1.733000 2.483000 0 255 255
1.395000 1.733000 2.549000 0 255 255
1.333000 1.734000 2.545000 0 255 255
1.402000 1.733000 2.482000 0 255 255
1.347000 1.733000 2.524000 0 255 255
1.318000 1.734000 2.535000 0 255 255
1.380000 1.733000 2.522000 0 255 255
1.332000 1.734000 2.471000 0 255 255
1.382000 1.733000 2.655000 0 255 255
1.326000 1.734000 2.541000 0 255 255
1.421000 1.733000 2.488000 0 255 255
1.424000 1.733000 2.485000 0 255 255
1.410000 1.733000 2.545000 0 255 255
1.385000 1.733000 2.592000 0 255 255
1.366000 1.733000 2.656000 0 255 255
1.346000 1.734000 2.486000 0 255 255
1.390000 1.733000 2.475000 0 255 255
1.385000 1.733000 2.555000 0 255 255
1.355000 1.733000 2.504000 0 255 255
1.319000 1.734000 2.485000 0 255 255
1.372000 1.733000 2.653000 0 255 255
1.407000 1.733000 2.546000 0 255 255
1.475000 1.733000 2.795000 0 255 255
1.492000 1.732000 2.724000 0 255 255
1.490000 1.733000 2.693000 0 255 255
1.409000 1.733000 2.759000 0 255 255
1.510000 1.732000 2.793000 0 255 255
1.431000 1.733000 2.718000 0 255 255
1.489000 1.733000 2.699000 0 255 255
1.474000 1.733000 2.747000 0 255 255
1.493000 1.732000 2.754000 0 255 255
1.495000 1.732000 2.749000 0 255 255
1.459000 1.733000 2.689000 0 255 255
1.470000 1.733000 2.705000 0 255 255
1.481000 1.733000 2.736000 0 255 255
1.509000 1.732000 2.777000 0 255 255
1.462000 1.733000 2.685000 0 255 255
0.352000 1.703000 2.605000 0 255 255
0.130000 1.705000 2.351000 0 255 255
0.264000 1.713000 2.504000 0 255 255
0.198000 1.701000 2.428000 0 255 255
0.479000 1.705000 2.749000 0 255 255
0.336000 1.710000 2.586000 0 255 255
0.238000 1.709000 2.474000 0 255 255
0.370000 1.715000 2.624000 0 255 255
0.170000 1.695000 2.397000 0 255 255
0.387000 1.711000 2.644000 0 255 255
0.398000 1.710000 2.656000 0 255 255
0.543000 1.726000 2.822000 0 255 255
0.284000 1.705000 2.527000 0 255 255
0.518000 1.710000 2.794000 0 255 255
0.378000 1.705000 2.634000 0 255 255
0.252000 1.705000 2.491000 0 255 255
0.359000 1.707000 2.612000 0 255 255
0.428000 1.713000 2.692000 0 255 255
0.323000 1.720000 2.571000 0 255 255
1.734000 1.729000 2.588000 0 255 255
1.714000 1.729000 2.563000 0 255 255
1.751000 1.729000 2.628000 0 255 255
1.766000 1.728000 2.617000 0 255 255
1.739000 1.728000 2.588000 0 255 255
1.774000 1.727000 2.620000 0 255 255
1.739000 1.729000 2.607000 0 255 255
1.723000 1.730000 2.599000 0 255 255
1.727000 1.729000 2.578000 0 255 255
1.749000 1.729000 2.622000 0 255 255
1.710000 1.732000 2.627000 0 255 255
1.734000 1.730000 2.611000 0 255 255
1.824000 1.726000 2.667000 0 255 255
1.735000 1.734000 2.707000 0 255 255
1.777000 1.729000 2.662000 0 255 255
1.795000 1.730000 2.714000 0 255 255
1.832000 1.732000 2.795000 0 255 255
1.739000 1.733000 2.692000 0 255 255
1.813000 1.726000 2.653000 0 255 255
1.812000 1.727000 2.666000 0 255 255
1.819000 1.731000 2.759000 0 255 255
1.833000 1.730000 2.767000 0 255 255
1.754000 1.733000 2.715000 0 255 255
1.751000 1.731000 2.662000 0 255 255
1.812000 1.730000 2.742000 0 255 255
1.766000 1.730000 2.663000 0 255 255
1.833000 1.733000 2.824000 0 255 255
1.810000 1.732000 2.782000 0 255 255
1.784000 1.733000 2.752000 0 255 255
1.768000 1.733000 2.729000 0 255 255
1.739000 1.732000 2.661000 0 255 255
1.801000 1.727000 2.656000 0 255 255
1.674000 1.735000 2.646000 0 255 255
1.686000 1.736000 2.667000 0 255 255
1.797000 1.729000 2.700000 0 255 255
1.824000 1.734000 2.832000 0 255 255
1.768000 1.729000 2.989000 0 255 255
1.764000 1.734000 2.818000 0 255 255
1.724000 1.728000 3.015000 0 255 255
1.718000 1.732000 2.842000 0 255 255
1.660000 1.730000 2.888000 0 255 255
1.720000 1.731000 2.885000 0 255 255
1.658000 1.731000 2.865000 0 255 255
1.761000 1.730000 2.936000 0 255 255
1.666000 1.731000 2.873000 0 255 255
1.698000 1.730000 2.930000 0 255 255
1.821000 1.734000 2.847000 0 255 255
1.727000 1.733000 2.800000 0 255 255
1.686000 1.727000 3.015000 0 255 255
1.737000 1.735000 2.738000 0 255 255
1.742000 1.731000 2.909000 0 255 255
1.752000 1.734000 2.799000 0 255 255
1.701000 1.732000 2.837000 0 255 255
1.673000 1.725000 3.074000 0 255 255
1.669000 1.729000 2.926000 0 255 255
1.680000 1.735000 2.719000 0 255 255
1.720000 1.729000 2.978000 0 255 255
1.770000 1.730000 2.945000 0 255 255
1.714000 1.731000 2.877000 0 255 255
1.680000 1.728000 2.961000 0 255 255
1.754000 1.729000 3.001000 0 255 255
1.722000 1.730000 2.942000 0 255 255
1.682000 1.731000 2.873000 0 255 255
1.693000 1.731000 2.864000 0 255 255
1.810000 1.732000 2.906000 0 255 255
1.727000 1.735000 2.757000 0 255 255
1.730000 1.731000 2.906000 0 255 255
1.796000 1.733000 2.841000 0 255 255
1.667000 1.728000 2.975000 0 255 255
1.659000 1.735000 2.692000 0 255 255
1.756000 1.733000 2.823000 0 255 255
1.726000 1.728000 2.990000 0 255 255
1.742000 1.735000 2.750000 0 255 255
1.720000 1.730000 2.916000 0 255 255
1.687000 1.726000 3.059000 0 255 255
1.832000 1.734000 2.855000 0 255 255
1.669000 1.735000 2.702000 0 255 255
1.831000 1.732000 2.898000 0 255 255
1.667000 1.734000 2.747000 0 255 255
1.806000 1.734000 2.829000 0 255 255
1.689000 1.733000 2.789000 0 255 255
1.674000 1.728000 2.962000 0 255 255
1.757000 1.731000 2.907000 0 255 255
1.818000 1.732000 2.900000 0 255 255
1.686000 1.734000 2.741000 0 255 255
1.751000 1.729000 2.994000 0 255 255
1.766000 1.733000 2.828000 0 255 255
1.670000 1.725000 3.076000 0 255 255
1.658000 1.734000 2.745000 0 255 255
1.687000 1.733000 2.788000 0 255 255
1.718000 1.734000 2.789000 0 255 255
1.665000 1.728000 2.983000 0 255 255
1.702000 1.726000 3.066000 0 255 255
1.803000 1.734000 2.837000 0 255 255
1.715000 1.733000 2.801000 0 255 255
1.656000 1.730000 2.879000 0 255 255
1.678000 1.734000 2.741000 0 255 255
1.663000 1.728000 2.975000 0 255 255
1.720000 1.728000 3.017000 0 255 255
1.657000 1.727000 3.018000 0 255 255
1.731000 1.735000 2.748000 0 255 255
1.691000 1.735000 2.734000 0 255 255
1.750000 1.732000 2.869000 0 255 255
1.677000 1.728000 2.974000 0 255 255
1.685000 1.732000 2.819000 0 255 255
1.851000 1.733000 2.896000 0 255 255
1.680000 1.735000 2.735000 0 255 255
1.835000 1.733000 2.868000 0 255 255
1.719000 1.733000 2.798000 0 255 255
1.716000 1.731000 2.891000 0 255 255
1.710000 1.731000 2.891000 0 255 255
1.718000 1.730000 2.909000 0 255 255
1.729000 1.731000 2.876000 0 255 255
1.782000 1.725000 3.026000 0 255 255
1.770000 1.719000 3.092000 0 255 255
1.801000 1.720000 3.065000 0 255 255
1.767000 1.723000 3.057000 0 255 255
1.767000 1.723000 3.053000 0 255 255
1.786000 1.724000 3.031000 0 255 255
1.813000 1.724000 3.022000 0 255 255
1.688000 1.722000 3.107000 0 255 255
1.739000 1.720000 3.097000 0 255 255
1.807000 1.714000 3.116000 0 255 255
1.786000 1.721000 3.059000 0 255 255
1.736000 1.714000 3.159000 0 255 255
1.710000 1.719000 3.125000 0 255 255
1.699000 1.725000 3.076000 0 255 255
1.795000 1.715000 3.111000 0 255 255
1.707000 1.720000 3.122000 0 255 255
1.784000 1.711000 3.155000 0 255 255
1.821000 1.714000 3.112000 0 255 255
1.688000 1.724000 3.094000 0 255 255
1.805000 1.728000 2.985000 0 255 255
1.784000 1.725000 3.030000 0 255 255
1.834000 1.721000 3.037000 0 255 255
1.839000 1.716000 3.084000 0 255 255
1.653000 1.724000 3.117000 0 255 255
1.818000 1.721000 3.046000 0 255 255
1.738000 1.721000 3.092000 0 255 255
1.728000 1.717000 3.131000 0 255 255
1.837000 1.717000 3.075000 0 255 255
1.853000 1.729000 2.953000 0 255 255
1.788000 1.714000 3.130000 0 255 255
1.792000 1.728000 2.997000 0 255 255
1.827000 1.729000 2.969000 0 255 255
1.772000 1.710000 3.172000 0 255 255
1.826000 1.725000 3.001000 0 255 255
1.737000 1.717000 3.128000 0 255 255
1.772000 1.726000 3.026000 0 255 255
1.863000 1.732000 2.916000 0 255 255
1.828000 1.724000 3.011000 0 255 255
1.736000 1.725000 3.060000 0 255 255
1.434000 1.734000 2.454000 0 255 255
1.440000 1.734000 2.464000 0 255 255
1.476000 1.733000 2.490000 0 255 255
1.583000 1.731000 2.740000 0 255 255
1.584000 1.731000 2.786000 0 255 255
1.559000 1.732000 2.777000 0 255 255
1.574000 1.731000 2.779000 0 255 255
1.581000 1.731000 2.822000 0 255 255
1.568000 1.732000 2.783000 0 255 255
1.581000 1.732000 2.593000 0 255 255
1.571000 1.731000 2.802000 0 255 255
1.576000 1.731000 2.749000 0 255 255
1.577000 1.731000 2.816000 0 255 255
1.573000 1.732000 2.703000 0 255 255
1.536000 1.732000 2.773000 0 255 255
1.567000 1.731000 2.814000 0 255 255
1.539000 1.732000 2.823000 0 255 255
1.567000 1.732000 2.672000 0 255 255
1.578000 1.732000 2.706000 0 255 255
1.569000 1.732000 2.734000 0 255 255
1.522000 1.732000 2.643000 0 255 255
1.542000 1.732000 2.691000 0 255 255
1.520000 1.732000 2.751000 0 255 255
1.517000 1.732000 2.785000 0 255 255
1.539000 1.732000 2.637000 0 255 255
1.516000 1.732000 2.754000 0 255 255
1.565000 1.732000 2.618000 0 255 255
1.526000 1.732000 2.663000 0 255 255
1.531000 1.732000 2.684000 0 255 255
1.542000 1.732000 2.599000 0 255 255
1.508000 1.732000 2.673000 0 255 255
1.510000 1.732000 2.723000 0 255 255
1.515000 1.732000 2.724000 0 255 255
1.522000 1.732000 2.741000 0 255 255
1.520000 1.732000 2.720000 0 255 255
1.522000 1.732000 2.722000 0 255 255
1.523000 1.732000 2.627000 0 255 255
1.537000 1.732000 2.691000 0 255 255
1.483000 1.733000 2.496000 0 255 255
1.478000 1.733000 2.498000 0 255 255
1.547000 1.732000 2.528000 0 255 255
1.496000 1.732000 2.627000 0 255 255
1.548000 1.732000 2.566000 0 255 255
1.526000 1.732000 2.535000 0 255 255
1.484000 1.733000 2.621000 0 255 255
1.472000 1.733000 2.603000 0 255 255
1.507000 1.732000 2.542000 0 255 255
1.446000 1.733000 2.520000 0 255 255
1.501000 1.732000 2.529000 0 255 255
1.506000 1.732000 2.569000 0 255 255
1.464000 1.733000 2.516000 0 255 255
0.658000 1.715000 2.924000 0 255 255
1.086000 1.733000 2.358000 0 255 255
1.136000 1.733000 2.374000 0 255 255
1.077000 1.735000 2.344000 0 255 255
1.235000 1.734000 2.405000 0 255 255
1.086000 1.734000 2.354000 0 255 255
1.118000 1.735000 2.354000 0 255 255
1.136000 1.734000 2.373000 0 255 255
1.113000 1.735000 2.353000 0 255 255
1.179000 1.738000 2.334000 0 255 255
0.066000 1.709000 2.022000 0 255 255
0.067000 1.711000 2.051000 0 255 255
0.077000 1.710000 2.020000 0 255 255
0.084000 1.710000 1.995000 0 255 255
0.071000 1.707000 1.970000 0 255 255
0.067000 1.706000 1.953000 0 255 255
0.070000 1.699000 1.634000 0 255 255
0.069000 1.700000 1.674000 0 255 255
0.078000 1.703000 1.750000 0 255 255
0.078000 1.705000 1.859000 0 255 255
0.075000 1.702000 1.719000 0 255 255
0.072000 1.704000 1.905000 0 255 255
0.103000 1.714000 1.979000 0 255 255
0.073000 1.703000 1.801000 0 255 255
0.101000 1.713000 1.942000 0 255 255
0.070000 1.702000 1.766000 0 255 255
0.071000 1.717000 2.155000 0 255 255
0.132000 1.723000 2.084000 0 255 255
0.124000 1.722000 2.080000 0 255 255
0.141000 1.727000 2.112000 0 255 255
0.069000 1.715000 2.135000 0 255 255
0.092000 1.721000 2.153000 0 255 255
0.101000 1.712000 1.785000 0 255 255
0.110000 1.713000 1.363000 0 255 255
0.107000 1.715000 1.964000 0 255 255
0.089000 1.704000 1.239000 0 255 255
0.128000 1.718000 1.218000 0 255 255
0.097000 1.707000 1.323000 0 255 255
0.093000 1.705000 1.186000 0 255 255
0.086000 1.704000 1.459000 0 255 255
0.089000 1.707000 1.788000 0 255 255
0.090000 1.704000 1.173000 0 255 255
0.069000 1.696000 1.174000 0 255 255
0.072000 1.698000 1.301000 0 255 255
0.123000 1.719000 1.562000 0 255 255
0.090000 1.704000 1.148000 0 255 255
0.103000 1.709000 1.178000 0 255 255
0.108000 1.714000 1.663000 0 255 255
0.134000 1.721000 1.298000 0 255 255
0.094000 1.707000 1.466000 0 255 255
0.100000 1.710000 1.629000 0 255 255
0.138000 1.722000 1.120000 0 255 255
0.077000 1.702000 1.652000 0 255 255
0.101000 1.711000 1.733000 0 255 255
0.134000 1.720000 1.118000 0 255 255
0.118000 1.717000 1.653000 0 255 255
0.079000 1.700000 1.172000 0 255 255
0.092000 1.706000 1.396000 0 255 255
0.105000 1.710000 1.191000 0 255 255
0.118000 1.718000 1.822000 0 255 255
0.102000 1.709000 1.224000 0 255 255
0.110000 1.713000 1.463000 0 255 255
0.136000 1.721000 1.066000 0 255 255
0.080000 1.700000 1.231000 0 255 255
0.083000 1.701000 1.110000 0 255 255
0.084000 1.704000 1.631000 0 255 255
0.115000 1.715000 1.405000 0 255 255
0.126000 1.718000 1.297000 0 255 255
0.127000 1.720000 1.448000 0 255 255
0.120000 1.717000 1.499000 0 255 255
0.118000 1.718000 1.790000 0 255 255
0.117000 1.714000 1.216000 0 255 255
0.078000 1.701000 1.426000 0 255 255
0.124000 1.718000 1.368000 0 255 255
0.097000 1.709000 1.515000 0 255 255
0.097000 1.707000 1.275000 0 255 255
0.102000 1.708000 1.114000 0 255 255
0.113000 1.713000 1.221000 0 255 255
0.121000 1.717000 1.457000 0 255 255
0.094000 1.705000 1.179000 0 255 255
0.073000 1.700000 1.597000 0 255 255
0.112000 1.712000 1.159000 0 255 255
0.103000 1.713000 1.948000 0 255 255
0.095000 1.709000 1.653000 0 255 255
0.141000 1.723000 1.096000 0 255 255
0.070000 1.697000 1.204000 0 255 255
0.093000 1.707000 1.552000 0 255 255
0.069000 1.697000 1.294000 0 255 255
0.083000 1.704000 1.660000 0 255 255
0.083000 1.702000 1.183000 0 255 255
0.116000 1.716000 1.611000 0 255 255
0.092000 1.706000 1.378000 0 255 255
0.113000 1.713000 1.203000 0 255 255
0.082000 1.702000 1.368000 0 255 255
0.071000 1.698000 1.487000 0 255 255
0.103000 1.709000 1.139000 0 255 255
0.116000 1.715000 1.406000 0 255 255
0.102000 1.709000 1.340000 0 255 255
0.087000 1.706000 1.693000 0 255 255
0.126000 1.719000 1.369000 0 255 255
0.124000 1.717000 1.157000 0 255 255
0.110000 1.713000 1.380000 0 255 255
0.095000 1.706000 1.151000 0 255 255
0.110000 1.713000 1.327000 0 255 255
0.087000 1.706000 1.663000 0 255 255
0.087000 1.702000 1.114000 0 255 255
0.089000 1.707000 1.810000 0 255 255
0.072000 1.700000 1.596000 0 255 255
0.074000 1.700000 1.484000 0 255 255
0.071000 1.700000 1.604000 0 255 255
0.118000 1.715000 1.202000 0 255 255
0.107000 1.712000 1.511000 0 255 255
0.112000 1.717000 1.966000 0 255 255
0.113000 1.716000 1.656000 0 255 255
0.123000 1.719000 1.542000 0 255 255
0.115000 1.717000 1.879000 0 255 255
0.111000 1.717000 1.985000 0 255 255
0.139000 1.722000 1.090000 0 255 255
0.095000 1.708000 1.609000 0 255 255
0.106000 1.713000 1.751000 0 255 255
0.109000 1.712000 1.347000 0 255 255
0.102000 1.711000 1.668000 0 255 255
0.276000 1.722000 1.604000 0 255 255
0.761000 1.727000 1.936000 0 255 255
0.142000 1.719000 1.898000 0 255 255
0.639000 1.726000 1.908000 0 255 255
0.238000 1.722000 1.418000 0 255 255
0.126000 1.719000 1.760000 0 255 255
0.127000 1.719000 1.790000 0 255 255
0.308000 1.723000 1.571000 0 255 255
0.514000 1.725000 1.726000 0 255 255
0.562000 1.726000 1.662000 0 255 255
0.146000 1.721000 1.418000 0 255 255
0.487000 1.724000 1.848000 0 255 255
0.283000 1.723000 1.447000 0 255 255
0.462000 1.724000 1.782000 0 255 255
0.331000 1.722000 1.732000 0 255 255
0.726000 1.727000 1.835000 0 255 255
0.182000 1.722000 1.361000 0 255 255
0.158000 1.721000 1.518000 0 255 255
0.156000 1.720000 1.719000 0 255 255
0.179000 1.721000 1.490000 0 255 255
0.808000 1.728000 1.944000 0 255 255
0.489000 1.724000 1.835000 0 255 255
0.197000 1.723000 1.270000 0 255 255
0.590000 1.726000 1.760000 0 255 255
0.262000 1.720000 1.947000 0 255 255
0.217000 1.720000 1.908000 0 255 255
0.514000 1.726000 1.572000 0 255 255
0.278000 1.722000 1.690000 0 255 255
0.537000 1.725000 1.688000 0 255 255
0.257000 1.721000 1.818000 0 255 255
0.224000 1.720000 1.781000 0 255 255
0.254000 1.722000 1.540000 0 255 255
0.539000 1.724000 2.007000 0 255 255
0.620000 1.725000 1.943000 0 255 255
0.197000 1.721000 1.555000 0 255 255
0.126000 1.719000 1.821000 0 255 255
0.319000 1.721000 1.847000 0 255 255
0.506000 1.724000 1.815000 0 255 255
0.432000 1.724000 1.671000 0 255 255
0.246000 1.720000 1.883000 0 255 255
0.118000 1.718000 1.980000 0 255 255
0.249000 1.721000 1.719000 0 255 255
0.339000 1.721000 1.950000 0 255 255
0.227000 1.722000 1.389000 0 255 255
0.252000 1.720000 1.930000 0 255 255
0.287000 1.722000 1.582000 0 255 255
0.388000 1.722000 1.880000 0 255 255
0.374000 1.722000 1.861000 0 255 255
0.688000 1.727000 1.782000 0 255 255
0.277000 1.723000 1.502000 0 255 255
0.443000 1.723000 1.858000 0 255 255
0.219000 1.722000 1.445000 0 255 255
0.326000 1.723000 1.551000 0 255 255
0.127000 1.718000 1.987000 0 255 255
0.495000 1.724000 1.853000 0 255 255
0.514000 1.724000 1.883000 0 255 255
0.690000 1.726000 1.979000 0 255 255
0.665000 1.727000 1.798000 0 255 255
0.163000 1.721000 1.563000 0 255 255
0.251000 1.720000 1.948000 0 255 255
0.280000 1.721000 1.900000 0 255 255
0.414000 1.725000 1.495000 0 255 255
0.382000 1.723000 1.803000 0 255 255
0.322000 1.724000 1.427000 0 255 255
0.419000 1.724000 1.704000 0 255 255
0.421000 1.724000 1.690000 0 255 255
0.495000 1.725000 1.654000 0 255 255
0.366000 1.723000 1.669000 0 255 255
0.689000 1.727000 1.882000 0 255 255
0.135000 1.718000 1.959000 0 255 255
0.510000 1.724000 1.960000 0 255 255
0.330000 1.721000 1.934000 0 255 255
0.621000 1.725000 1.970000 0 255 255
0.670000 1.726000 1.968000 0 255 255
0.730000 1.727000 1.962000 0 255 255
0.354000 1.724000 1.351000 0 255 255
0.142000 1.720000 1.622000 0 255 255
0.327000 1.722000 1.767000 0 255 255
0.268000 1.721000 1.876000 0 255 255
0.205000 1.721000 1.629000 0 255 255
0.139000 1.721000 1.364000 0 255 255
0.239000 1.723000 1.401000 0 255 255
0.401000 1.722000 1.894000 0 255 255
0.512000 1.725000 1.639000 0 255 255
0.230000 1.720000 1.785000 0 255 255
0.225000 1.720000 1.907000 0 255 255
0.428000 1.725000 1.551000 0 255 255
0.149000 1.722000 1.202000 0 255 255
0.180000 1.720000 1.651000 0 255 255
0.287000 1.721000 1.749000 0 255 255
0.416000 1.722000 1.972000 0 255 255
0.592000 1.724000 2.014000 0 255 255
0.564000 1.725000 1.853000 0 255 255
0.499000 1.723000 2.017000 0 255 255
0.567000 1.724000 1.967000 0 255 255
0.344000 1.724000 1.334000 0 255 255
0.132000 1.719000 1.782000 0 255 255
0.673000 1.726000 1.884000 0 255 255
0.249000 1.723000 1.340000 0 255 255
0.159000 1.722000 1.209000 0 255 255
0.586000 1.725000 1.979000 0 255 255
0.155000 1.721000 1.400000 0 255 255
0.236000 1.720000 1.811000 0 255 255
0.212000 1.723000 1.238000 0 255 255
0.499000 1.725000 1.648000 0 255 255
0.198000 1.720000 1.775000 0 255 255
0.714000 1.727000 1.881000 0 255 255
0.355000 1.724000 1.545000 0 255 255
0.226000 1.721000 1.576000 0 255 255
0.384000 1.722000 1.968000 0 255 255
0.149000 1.721000 1.492000 0 255 255
0.161000 1.722000 1.358000 0 255 255
0.517000 1.726000 1.586000 0 255 255
0.283000 1.722000 1.717000 0 255 255
0.599000 1.726000 1.764000 0 255 255
0.156000 1.719000 1.850000 0 255 255
0.485000 1.723000 2.022000 0 255 255
0.643000 1.725000 1.973000 0 255 255
0.401000 1.723000 1.705000 0 255 255
0.435000 1.723000 1.877000 0 255 255
0.366000 1.724000 1.487000 0 255 255
0.539000 1.724000 1.921000 0 255 255
0.346000 1.723000 1.643000 0 255 255
0.176000 1.718000 2.020000 0 255 255
0.645000 1.726000 1.852000 0 255 255
0.503000 1.724000 1.914000 0 255 255
0.251000 1.720000 2.010000 0 255 255
0.228000 1.720000 1.782000 0 255 255
0.379000 1.724000 1.490000 0 255 255
0.230000 1.723000 1.337000 0 255 255
0.155000 1.721000 1.454000 0 255 255
0.485000 1.723000 1.983000 0 255 255
0.387000 1.724000 1.466000 0 255 255
0.347000 1.722000 1.848000 0 255 255
0.578000 1.725000 1.781000 0 255 255
0.447000 1.723000 1.965000 0 255 255
0.345000 1.722000 1.852000 0 255 255
0.211000 1.722000 1.487000 0 255 255
0.505000 1.725000 1.741000 0 255 255
0.606000 1.725000 1.963000 0 255 255
0.597000 1.725000 1.842000 0 255 255
0.333000 1.724000 1.359000 0 255 255
0.140000 1.721000 1.517000 0 255 255
0.397000 1.724000 1.651000 0 255 255
0.266000 1.722000 1.608000 0 255 255
0.578000 1.725000 1.906000 0 255 255
0.227000 1.722000 1.504000 0 255 255
0.556000 1.726000 1.631000 0 255 255
0.197000 1.721000 1.539000 0 255 255
0.602000 1.726000 1.836000 0 255 255
0.733000 1.727000 1.973000 0 255 255
0.151000 1.718000 2.035000 0 255 255
0.420000 1.724000 1.725000 0 255 255
0.228000 1.722000 1.563000 0 255 255
0.199000 1.720000 1.778000 0 255 255
0.736000 1.727000 1.852000 0 255 255
0.126000 1.719000 1.725000 0 255 255
0.526000 1.724000 1.904000 0 255 255
0.346000 1.722000 1.780000 0 255 255
0.624000 1.726000 1.867000 0 255 255
0.354000 1.723000 1.672000 0 255 255
0.495000 1.724000 1.778000 0 255 255
0.161000 1.718000 1.983000 0 255 255
0.786000 1.728000 1.912000 0 255 255
0.339000 1.721000 1.903000 0 255 255
0.434000 1.725000 1.474000 0 255 255
0.802000 1.728000 1.993000 0 255 255
0.178000 1.722000 1.250000 0 255 255
0.210000 1.720000 1.874000 0 255 255
0.263000 1.722000 1.578000 0 255 255
0.712000 1.726000 1.992000 0 255 255
0.703000 1.726000 1.956000 0 255 255
0.504000 1.724000 1.775000 0 255 255
0.361000 1.724000 1.529000 0 255 255
0.307000 1.723000 1.435000 0 255 255
0.135000 1.721000 1.346000 0 255 255
0.239000 1.719000 2.004000 0 255 255
0.146000 1.720000 1.623000 0 255 255
0.297000 1.722000 1.614000 0 255 255
0.572000 1.724000 1.987000 0 255 255
0.197000 1.723000 1.265000 0 255 255
0.178000 1.722000 1.306000 0 255 255
0.254000 1.723000 1.285000 0 255 255
0.534000 1.725000 1.735000 0 255 255
0.201000 1.723000 1.211000 0 255 255
0.439000 1.723000 1.894000 0 255 255
0.271000 1.721000 1.803000 0 255 255
0.244000 1.721000 1.700000 0 255 255
0.598000 1.726000 1.679000 0 255 255
0.261000 1.720000 1.999000 0 255 255
0.330000 1.724000 1.423000 0 255 255
0.158000 1.718000 2.036000 0 255 255
0.538000 1.724000 1.864000 0 255 255
0.254000 1.723000 1.407000 0 255 255
0.128000 1.720000 1.588000 0 255 255
0.268000 1.723000 1.421000 0 255 255
0.218000 1.720000 1.846000 0 255 255
0.192000 1.721000 1.587000 0 255 255
0.271000 1.723000 1.365000 0 255 255
0.258000 1.720000 1.985000 0 255 255
0.270000 1.721000 1.730000 0 255 255
0.598000 1.725000 1.929000 0 255 255
0.248000 1.722000 1.547000 0 255 255
0.262000 1.720000 1.963000 0 255 255
0.568000 1.724000 1.988000 0 255 255
0.412000 1.722000 2.003000 0 255 255
0.820000 1.728000 1.987000 0 255 255
0.718000 1.727000 1.893000 0 255 255
0.146000 1.721000 1.439000 0 255 255
0.315000 1.722000 1.712000 0 255 255
0.402000 1.723000 1.760000 0 255 255
0.247000 1.722000 1.452000 0 255 255
0.237000 1.720000 1.986000 0 255 255
0.821000 1.728000 1.978000 0 255 255
0.464000 1.723000 1.994000 0 255 255
0.187000 1.719000 1.981000 0 255 255
0.295000 1.720000 1.992000 0 255 255
0.567000 1.725000 1.765000 0 255 255
0.764000 1.727000 1.920000 0 255 255
0.322000 1.723000 1.619000 0 255 255
0.197000 1.723000 1.217000 0 255 255
0.308000 1.724000 1.372000 0 255 255
0.424000 1.723000 1.802000 0 255 255
0.623000 1.727000 1.703000 0 255 255
0.147000 1.718000 1.950000 0 255 255
0.244000 1.720000 1.954000 0 255 255
0.194000 1.719000 2.021000 0 255 255
0.170000 1.721000 1.557000 0 255 255
0.390000 1.725000 1.447000 0 255 255
0.161000 1.720000 1.743000 0 255 255
0.405000 1.723000 1.753000 0 255 255
0.284000 1.724000 1.336000 0 255 255
0.352000 1.722000 1.892000 0 255 255
0.416000 1.722000 2.004000 0 255 255
0.304000 1.720000 2.033000 0 255 255
0.198000 1.722000 1.482000 0 255 255
0.416000 1.723000 1.795000 0 255 255
0.411000 1.723000 1.728000 0 255 255
0.564000 1.725000 1.843000 0 255 255
0.447000 1.723000 1.829000 0 255 255
0.734000 1.727000 2.000000 0 255 255
0.619000 1.726000 1.782000 0 255 255
0.364000 1.724000 1.521000 0 255 255
0.339000 1.722000 1.835000 0 255 255
0.228000 1.720000 1.949000 0 255 255
0.348000 1.724000 1.507000 0 255 255
0.198000 1.722000 1.325000 0 255 255
0.481000 1.723000 1.943000 0 255 255
0.494000 1.724000 1.799000 0 255 255
0.585000 1.724000 2.015000 0 255 255
0.214000 1.722000 1.425000 0 255 255
0.278000 1.721000 1.826000 0 255 255
0.424000 1.723000 1.746000 0 255 255
0.290000 1.724000 1.360000 0 255 255
0.238000 1.721000 1.669000 0 255 255
0.171000 1.723000 1.185000 0 255 255
0.428000 1.725000 1.469000 0 255 255
0.211000 1.719000 2.023000 0 255 255
0.216000 1.722000 1.373000 0 255 255
0.563000 1.724000 1.988000 0 255 255
0.685000 1.727000 1.830000 0 255 255
0.442000 1.724000 1.700000 0 255 255
0.140000 1.722000 1.292000 0 255 255
0.154000 1.723000 1.128000 0 255 255
0.357000 1.721000 1.992000 0 255 255
0.263000 1.723000 1.428000 0 255 255
0.144000 1.719000 1.882000 0 255 255
0.395000 1.724000 1.531000 0 255 255
0.223000 1.721000 1.599000 0 255 255
0.733000 1.727000 2.003000 0 255 255
0.304000 1.722000 1.668000 0 255 255
0.360000 1.722000 1.773000 0 255 255
0.365000 1.723000 1.619000 0 255 255
0.217000 1.720000 1.794000 0 255 255
0.620000 1.725000 1.970000 0 255 255
0.715000 1.727000 1.886000 0 255 255
0.207000 1.722000 1.368000 0 255 255
0.185000 1.721000 1.636000 0 255 255
0.450000 1.723000 2.003000 0 255 255
0.415000 1.722000 1.966000 0 255 255
0.601000 1.725000 2.012000 0 255 255
0.208000 1.720000 1.737000 0 255 255
0.237000 1.720000 1.992000 0 255 255
0.354000 1.724000 1.502000 0 255 255
0.340000 1.722000 1.785000 0 255 255
0.748000 1.727000 1.940000 0 255 255
0.351000 1.721000 2.020000 0 255 255
0.339000 1.723000 1.549000 0 255 255
0.684000 1.727000 1.825000 0 255 255
0.272000 1.721000 1.855000 0 255 255
0.349000 1.721000 2.008000 0 255 255
0.232000 1.722000 1.421000 0 255 255
0.452000 1.725000 1.497000 0 255 255
0.180000 1.721000 1.536000 0 255 255
0.550000 1.725000 1.821000 0 255 255
0.244000 1.722000 1.613000 0 255 255
0.232000 1.721000 1.770000 0 255 255
0.391000 1.722000 2.006000 0 255 255
0.277000 1.721000 1.874000 0 255 255
0.248000 1.723000 1.282000 0 255 255
0.247000 1.721000 1.803000 0 255 255
0.183000 1.722000 1.341000 0 255 255
0.226000 1.724000 1.180000 0 255 255
0.314000 1.722000 1.644000 0 255 255
0.313000 1.721000 1.988000 0 255 255
0.260000 1.722000 1.609000 0 255 255
0.210000 1.723000 1.238000 0 255 255
0.808000 1.728000 1.999000 0 255 255
0.325000 1.722000 1.757000 0 255 255
0.277000 1.720000 1.932000 0 255 255
0.156000 1.723000 1.176000 0 255 255
0.660000 1.727000 1.808000 0 255 255
0.700000 1.727000 1.897000 0 255 255
0.412000 1.724000 1.704000 0 255 255
0.554000 1.725000 1.733000 0 255 255
0.246000 1.721000 1.792000 0 255 255
0.162000 1.720000 1.613000 0 255 255
0.693000 1.727000 1.862000 0 255 255
0.528000 1.725000 1.803000 0 255 255
0.366000 1.723000 1.728000 0 255 255
0.640000 1.726000 1.778000 0 255 255
0.708000 1.726000 1.987000 0 255 255
0.544000 1.725000 1.799000 0 255 255
0.287000 1.721000 1.892000 0 255 255
0.464000 1.725000 1.624000 0 255 255
0.805000 1.728000 1.950000 0 255 255
0.221000 1.721000 1.726000 0 255 255
0.169000 1.722000 1.261000 0 255 255
0.280000 1.720000 1.981000 0 255 255
0.160000 1.722000 1.392000 0 255 255
0.236000 1.722000 1.529000 0 255 255
0.139000 1.718000 1.929000 0 255 255
0.137000 1.719000 1.792000 0 255 255
0.369000 1.724000 1.565000 0 255 255
0.467000 1.724000 1.673000 0 255 255
0.261000 1.722000 1.572000 0 255 255
0.622000 1.726000 1.802000 0 255 255
0.248000 1.720000 2.017000 0 255 255
0.368000 1.723000 1.646000 0 255 255
0.421000 1.722000 1.925000 0 255 255
0.210000 1.721000 1.607000 0 255 255
0.533000 1.724000 1.893000 0 255 255
0.157000 1.720000 1.687000 0 255 255
0.618000 1.726000 1.724000 0 255 255
0.272000 1.720000 1.908000 0 255 255
0.336000 1.722000 1.763000 0 255 255
0.698000 1.726000 1.941000 0 255 255
0.581000 1.725000 1.879000 0 255 255
0.479000 1.725000 1.563000 0 255 255
0.421000 1.723000 1.907000 0 255 255
0.147000 1.720000 1.727000 0 255 255
0.504000 1.725000 1.712000 0 255 255
0.169000 1.722000 1.283000 0 255 255
0.497000 1.725000 1.558000 0 255 255
0.628000 1.726000 1.865000 0 255 255
0.265000 1.723000 1.300000 0 255 255
0.577000 1.726000 1.755000 0 255 255
0.325000 1.723000 1.484000 0 255 255
0.148000 1.719000 1.872000 0 255 255
0.471000 1.723000 1.975000 0 255 255
0.529000 1.724000 1.844000 0 255 255
0.204000 1.722000 1.445000 0 255 255
0.393000 1.723000 1.781000 0 255 255
0.449000 1.723000 1.815000 0 255 255
0.175000 1.721000 1.473000 0 255 255
0.347000 1.722000 1.771000 0 255 255
0.449000 1.723000 1.856000 0 255 255
0.236000 1.722000 1.444000 0 255 255
0.707000 1.727000 1.835000 0 255 255
0.223000 1.721000 1.580000 0 255 255
0.512000 1.723000 1.983000 0 255 255
0.176000 1.723000 1.168000 0 255 255
0.167000 1.721000 1.566000 0 255 255
0.284000 1.721000 1.795000 0 255 255
0.192000 1.723000 1.198000 0 255 255
0.619000 1.726000 1.712000 0 255 255
0.151000 1.723000 1.097000 0 255 255
0.532000 1.724000 2.004000 0 255 255
0.264000 1.720000 1.945000 0 255 255
0.412000 1.722000 1.972000 0 255 255
0.362000 1.723000 1.615000 0 255 255
0.327000 1.722000 1.733000 0 255 255
0.592000 1.726000 1.718000 0 255 255
0.603000 1.726000 1.829000 0 255 255
0.514000 1.725000 1.691000 0 255 255
0.220000 1.723000 1.211000 0 255 255
0.529000 1.725000 1.772000 0 255 255
0.139000 1.720000 1.626000 0 255 255
0.665000 1.726000 1.973000 0 255 255
0.625000 1.726000 1.860000 0 255 255
0.419000 1.724000 1.725000 0 255 255
0.373000 1.724000 1.484000 0 255 255
0.620000 1.725000 1.968000 0 255 255
0.476000 1.725000 1.670000 0 255 255
0.532000 1.726000 1.632000 0 255 255
0.351000 1.723000 1.716000 0 255 255
0.263000 1.723000 1.365000 0 255 255
0.348000 1.722000 1.867000 0 255 255
0.590000 1.725000 1.967000 0 255 255
0.301000 1.723000 1.561000 0 255 255
0.234000 1.720000 1.955000 0 255 255
0.352000 1.723000 1.721000 0 255 255
0.519000 1.725000 1.759000 0 255 255
0.592000 1.726000 1.731000 0 255 255
0.693000 1.727000 1.803000 0 255 255
0.206000 1.721000 1.677000 0 255 255
0.394000 1.722000 1.941000 0 255 255
0.341000 1.721000 1.933000 0 255 255
0.523000 1.726000 1.569000 0 255 255
0.682000 1.727000 1.843000 0 255 255
0.299000 1.721000 1.930000 0 255 255
0.530000 1.724000 1.997000 0 255 255
0.217000 1.719000 1.942000 0 255 255
0.639000 1.727000 1.736000 0 255 255
0.238000 1.722000 1.531000 0 255 255
0.235000 1.723000 1.263000 0 255 255
0.268000 1.722000 1.520000 0 255 255
0.553000 1.726000 1.683000 0 255 255
0.249000 1.723000 1.414000 0 255 255
0.422000 1.724000 1.562000 0 255 255
0.350000 1.724000 1.381000 0 255 255
0.196000 1.722000 1.363000 0 255 255
0.484000 1.723000 1.951000 0 255 255
0.145000 1.719000 1.867000 0 255 255
0.584000 1.725000 1.860000 0 255 255
0.120000 1.719000 1.797000 0 255 255
0.248000 1.720000 1.878000 0 255 255
0.471000 1.724000 1.792000 0 255 255
0.287000 1.722000 1.578000 0 255 255
0.436000 1.723000 1.810000 0 255 255
0.704000 1.727000 1.871000 0 255 255
0.538000 1.724000 1.875000 0 255 255
0.211000 1.722000 1.426000 0 255 255
0.223000 1.720000 1.868000 0 255 255
0.434000 1.725000 1.543000 0 255 255
0.457000 1.724000 1.726000 0 255 255
0.170000 1.722000 1.401000 0 255 255
0.545000 1.724000 1.889000 0 255 255
0.257000 1.720000 2.010000 0 255 255
0.310000 1.721000 1.954000 0 255 255
0.459000 1.723000 1.918000 0 255 255
0.289000 1.723000 1.543000 0 255 255
0.193000 1.722000 1.307000 0 255 255
0.507000 1.725000 1.609000 0 255 255
0.571000 1.725000 1.784000 0 255 255
0.244000 1.720000 1.852000 0 255 255
0.175000 1.719000 1.905000 0 255 255
0.345000 1.722000 1.846000 0 255 255
0.493000 1.724000 1.888000 0 255 255
0.170000 1.719000 1.828000 0 255 255
0.352000 1.724000 1.345000 0 255 255
0.364000 1.723000 1.672000 0 255 255
0.391000 1.722000 1.896000 0 255 255
0.171000 1.720000 1.801000 0 255 255
0.215000 1.720000 1.813000 0 255 255
0.124000 1.719000 1.699000 0 255 255
0.146000 1.721000 1.382000 0 255 255
0.327000 1.721000 1.970000 0 255 255
0.626000 1.725000 1.927000 0 255 255
0.276000 1.722000 1.678000 0 255 255
0.231000 1.719000 2.041000 0 255 255
0.342000 1.724000 1.328000 0 255 255
0.288000 1.723000 1.511000 0 255 255
0.229000 1.723000 1.207000 0 255 255
0.569000 1.726000 1.652000 0 255 255
0.588000 1.726000 1.647000 0 255 255
0.177000 1.722000 1.285000 0 255 255
0.391000 1.722000 1.931000 0 255 255
0.321000 1.721000 2.004000 0 255 255
0.359000 1.724000 1.528000 0 255 255
0.335000 1.722000 1.871000 0 255 255
0.689000 1.726000 2.002000 0 255 255
0.305000 1.724000 1.301000 0 255 255
0.292000 1.722000 1.735000 0 255 255
0.671000 1.727000 1.823000 0 255 255
0.276000 1.723000 1.344000 0 255 255
0.440000 1.724000 1.623000 0 255 255
0.130000 1.719000 1.808000 0 255 255
0.454000 1.723000 1.935000 0 255 255
0.712000 1.727000 1.858000 0 255 255
0.299000 1.724000 1.305000 0 255 255
0.279000 1.723000 1.338000 0 255 255
0.668000 1.726000 1.989000 0 255 255
0.167000 1.722000 1.234000 0 255 255
0.373000 1.723000 1.741000 0 255 255
0.423000 1.722000 1.997000 0 255 255
0.293000 1.723000 1.432000 0 255 255
0.175000 1.719000 1.828000 0 255 255
0.640000 1.726000 1.885000 0 255 255
0.557000 1.724000 2.009000 0 255 255
0.730000 1.727000 1.846000 0 255 255
0.339000 1.724000 1.428000 0 255 255
0.141000 1.719000 1.908000 0 255 255
0.519000 1.725000 1.689000 0 255 255
0.681000 1.726000 1.956000 0 255 255
0.530000 1.725000 1.716000 0 255 255
0.618000 1.726000 1.699000 0 255 255
0.273000 1.721000 1.749000 0 255 255
0.565000 1.726000 1.614000 0 255 255
0.165000 1.722000 1.263000 0 255 255
0.143000 1.723000 1.122000 0 255 255
0.539000 1.724000 1.893000 0 255 255
0.233000 1.724000 1.202000 0 255 255
0.762000 1.726000 1.214000 0 255 255
0.744000 1.726000 1.200000 0 255 255
0.647000 1.726000 1.318000 0 255 255
0.768000 1.728000 1.794000 0 255 255
0.271000 1.724000 1.055000 0 255 255
0.523000 1.726000 1.414000 0 255 255
0.474000 1.725000 1.495000 0 255 255
0.848000 1.727000 1.504000 0 255 255
0.775000 1.727000 1.567000 0 255 255
0.719000 1.727000 1.647000 0 255 255
0.615000 1.725000 1.129000 0 255 255
0.650000 1.726000 1.160000 0 255 255
0.661000 1.727000 1.593000 0 255 255
0.810000 1.727000 1.620000 0 255 255
0.673000 1.726000 1.116000 0 255 255
0.431000 1.725000 1.216000 0 255 255
0.529000 1.726000 1.539000 0 255 255
0.585000 1.725000 1.212000 0 255 255
0.684000 1.727000 1.500000 0 255 255
0.597000 1.726000 1.499000 0 255 255
0.402000 1.725000 1.337000 0 255 255
0.319000 1.724000 1.138000 0 255 255
0.824000 1.727000 1.389000 0 255 255
0.606000 1.726000 1.547000 0 255 255
0.620000 1.726000 1.519000 0 255 255
0.598000 1.726000 1.248000 0 255 255
0.558000 1.725000 1.034000 0 255 255
0.841000 1.728000 1.761000 0 255 255
0.856000 1.726000 0.969000 0 255 255
0.434000 1.725000 1.212000 0 255 255
0.338000 1.724000 1.161000 0 255 255
0.651000 1.727000 1.581000 0 255 255
0.809000 1.728000 1.839000 0 255 255
0.629000 1.725000 1.033000 0 255 255
0.478000 1.725000 1.072000 0 255 255
0.625000 1.726000 1.367000 0 255 255
0.834000 1.727000 1.535000 0 255 255
0.717000 1.726000 1.233000 0 255 255
0.852000 1.728000 1.572000 0 255 255
0.769000 1.726000 1.112000 0 255 255
0.733000 1.727000 1.645000 0 255 255
0.841000 1.727000 1.162000 0 255 255
0.464000 1.725000 1.139000 0 255 255
0.496000 1.725000 1.202000 0 255 255
0.640000 1.726000 1.415000 0 255 255
0.817000 1.728000 1.817000 0 255 255
0.740000 1.727000 1.616000 0 255 255
0.703000 1.727000 1.593000 0 255 255
0.681000 1.726000 1.205000 0 255 255
0.807000 1.726000 1.136000 0 255 255
0.268000 1.724000 1.119000 0 255 255
0.826000 1.728000 1.776000 0 255 255
0.597000 1.725000 1.083000 0 255 255
0.299000 1.724000 1.246000 0 255 255
0.622000 1.726000 1.342000 0 255 255
0.843000 1.727000 1.456000 0 255 255
0.516000 1.725000 1.167000 0 255 255
0.829000 1.726000 0.991000 0 255 255
0.761000 1.726000 1.152000 0 255 255
0.198000 1.723000 1.098000 0 255 255
0.813000 1.727000 1.261000 0 255 255
0.760000 1.726000 0.981000 0 255 255
0.677000 1.726000 1.431000 0 255 255
0.605000 1.726000 1.512000 0 255 255
0.727000 1.727000 1.801000 0 255 255
0.651000 1.726000 1.411000 0 255 255
0.781000 1.728000 1.806000 0 255 255
0.541000 1.725000 1.293000 0 255 255
0.674000 1.726000 1.486000 0 255 255
0.847000 1.728000 1.688000 0 255 255
0.795000 1.727000 1.573000 0 255 255
0.760000 1.726000 1.216000 0 255 255
0.515000 1.725000 1.068000 0 255 255
0.711000 1.726000 0.984000 0 255 255
0.848000 1.727000 1.479000 0 255 255
0.457000 1.725000 1.101000 0 255 255
0.855000 1.728000 1.911000 0 255 255
0.659000 1.726000 1.145000 0 255 255
0.340000 1.724000 1.309000 0 255 255
0.266000 1.724000 1.199000 0 255 255
0.376000 1.724000 1.055000 0 255 255
0.745000 1.727000 1.743000 0 255 255
0.684000 1.727000 1.527000 0 255 255
0.749000 1.726000 1.121000 0 255 255
0.828000 1.727000 1.479000 0 255 255
0.814000 1.726000 0.973000 0 255 255
0.823000 1.728000 1.762000 0 255 255
0.682000 1.726000 1.455000 0 255 255
0.798000 1.728000 1.760000 0 255 255
0.365000 1.724000 1.042000 0 255 255
0.475000 1.725000 1.201000 0 255 255
0.564000 1.726000 1.509000 0 255 255
0.628000 1.727000 1.625000 0 255 255
0.409000 1.725000 1.335000 0 255 255
0.581000 1.726000 1.398000 0 255 255
0.773000 1.727000 1.673000 0 255 255
0.800000 1.728000 1.702000 0 255 255
0.569000 1.726000 1.496000 0 255 255
0.645000 1.726000 1.515000 0 255 255
0.489000 1.725000 1.089000 0 255 255
0.852000 1.727000 1.339000 0 255 255
0.331000 1.724000 1.041000 0 255 255
0.602000 1.726000 1.283000 0 255 255
0.481000 1.725000 1.109000 0 255 255
0.398000 1.724000 1.093000 0 255 255
0.276000 1.724000 1.148000 0 255 255
0.772000 1.726000 0.971000 0 255 255
0.854000 1.727000 1.354000 0 255 255
0.811000 1.727000 1.647000 0 255 255
0.650000 1.725000 0.995000 0 255 255
0.322000 1.724000 1.052000 0 255 255
0.854000 1.728000 1.917000 0 255 255
0.698000 1.727000 1.620000 0 255 255
0.391000 1.725000 1.358000 0 255 255
0.317000 1.724000 1.141000 0 255 255
0.679000 1.726000 1.409000 0 255 255
0.206000 1.723000 1.089000 0 255 255
0.639000 1.726000 1.449000 0 255 255
0.458000 1.725000 1.385000 0 255 255
0.417000 1.724000 1.097000 0 255 255
0.645000 1.727000 1.603000 0 255 255
0.689000 1.727000 1.588000 0 255 255
0.610000 1.725000 1.027000 0 255 255
0.477000 1.725000 1.095000 0 255 255
0.794000 1.726000 1.117000 0 255 255
0.577000 1.725000 1.097000 0 255 255
0.820000 1.728000 1.783000 0 255 255
0.486000 1.725000 1.475000 0 255 255
0.807000 1.728000 1.718000 0 255 255
0.683000 1.726000 1.208000 0 255 255
0.761000 1.727000 1.445000 0 255 255
0.612000 1.726000 1.331000 0 255 255
0.843000 1.727000 1.111000 0 255 255
0.700000 1.726000 1.203000 0 255 255
0.859000 1.727000 1.247000 0 255 255
0.760000 1.727000 1.427000 0 255 255
0.750000 1.726000 1.143000 0 255 255
0.703000 1.726000 1.066000 0 255 255
0.747000 1.726000 1.002000 0 255 255
0.649000 1.726000 1.459000 0 255 255
0.553000 1.725000 1.009000 0 255 255
0.248000 1.724000 1.128000 0 255 255
0.725000 1.726000 1.357000 0 255 255
0.461000 1.725000 1.401000 0 255 255
0.787000 1.726000 0.961000 0 255 255
0.262000 1.724000 1.091000 0 255 255
0.740000 1.727000 1.499000 0 255 255
0.665000 1.726000 1.426000 0 255 255
0.770000 1.727000 1.291000 0 255 255
0.447000 1.725000 1.182000 0 255 255
0.727000 1.727000 1.484000 0 255 255
0.510000 1.726000 1.450000 0 255 255
0.539000 1.726000 1.362000 0 255 255
0.411000 1.724000 1.150000 0 255 255
0.817000 1.727000 1.125000 0 255 255
0.397000 1.725000 1.370000 0 255 255
0.802000 1.726000 1.050000 0 255 255
0.735000 1.726000 1.199000 0 255 255
0.560000 1.725000 1.239000 0 255 255
0.487000 1.725000 1.114000 0 255 255
0.458000 1.725000 1.359000 0 255 255
0.773000 1.726000 1.212000 0 255 255
0.768000 1.726000 1.178000 0 255 255
0.711000 1.727000 1.565000 0 255 255
0.622000 1.726000 1.314000 0 255 255
0.716000 1.727000 1.806000 0 255 255
0.707000 1.727000 1.748000 0 255 255
0.762000 1.726000 1.063000 0 255 255
0.677000 1.727000 1.660000 0 255 255
0.848000 1.728000 1.683000 0 255 255
0.828000 1.728000 1.757000 0 255 255
0.814000 1.726000 1.058000 0 255 255
0.536000 1.725000 1.244000 0 255 255
0.279000 1.724000 1.049000 0 255 255
0.473000 1.725000 1.219000 0 255 255
0.705000 1.727000 1.748000 0 255 255
0.799000 1.728000 1.730000 0 255 255
0.695000 1.727000 1.444000 0 255 255
0.839000 1.727000 1.231000 0 255 255
0.401000 1.724000 1.122000 0 255 255
0.338000 1.724000 1.215000 0 255 255
0.281000 1.724000 1.116000 0 255 255
0.541000 1.726000 1.392000 0 255 255
0.497000 1.725000 1.412000 0 255 255
0.576000 1.726000 1.574000 0 255 255
0.818000 1.728000 1.885000 0 255 255
0.504000 1.725000 1.131000 0 255 255
0.504000 1.725000 1.211000 0 255 255
0.258000 1.724000 1.138000 0 255 255
0.693000 1.727000 1.457000 0 255 255
0.661000 1.726000 1.501000 0 255 255
0.780000 1.727000 1.320000 0 255 255
0.542000 1.725000 1.001000 0 255 255
0.613000 1.726000 1.222000 0 255 255
0.754000 1.728000 1.805000 0 255 255
0.508000 1.725000 1.265000 0 255 255
0.859000 1.728000 1.761000 0 255 255
0.597000 1.725000 1.129000 0 255 255
0.826000 1.727000 1.525000 0 255 255
0.609000 1.726000 1.248000 0 255 255
0.850000 1.728000 1.891000 0 255 255
0.847000 1.727000 1.232000 0 255 255
0.634000 1.726000 1.261000 0 255 255
0.713000 1.726000 1.037000 0 255 255
0.689000 1.726000 1.287000 0 255 255
0.357000 1.725000 1.339000 0 255 255
0.720000 1.726000 1.244000 0 255 255
0.579000 1.725000 1.187000 0 255 255
0.582000 1.726000 1.551000 0 255 255
0.697000 1.727000 1.659000 0 255 255
0.451000 1.724000 1.045000 0 255 255
0.510000 1.725000 1.116000 0 255 255
0.717000 1.727000 1.558000 0 255 255
0.836000 1.727000 1.324000 0 255 255
0.768000 1.728000 1.804000 0 255 255
0.474000 1.725000 1.123000 0 255 255
0.638000 1.727000 1.636000 0 255 255
0.827000 1.727000 1.149000 0 255 255
0.548000 1.725000 1.296000 0 255 255
0.496000 1.725000 1.099000 0 255 255
0.767000 1.728000 1.782000 0 255 255
0.340000 1.724000 1.270000 0 255 255
0.367000 1.724000 1.106000 0 255 255
0.821000 1.727000 1.441000 0 255 255
0.679000 1.726000 1.163000 0 255 255
0.618000 1.725000 1.007000 0 255 255
0.745000 1.726000 1.088000 0 255 255
0.739000 1.726000 1.128000 0 255 255
0.793000 1.726000 0.992000 0 255 255
0.707000 1.726000 1.012000 0 255 255
0.853000 1.727000 1.449000 0 255 255
0.555000 1.725000 1.113000 0 255 255
0.340000 1.724000 1.274000 0 255 255
0.485000 1.725000 1.403000 0 255 255
0.751000 1.727000 1.299000 0 255 255
0.726000 1.726000 1.136000 0 255 255
0.304000 1.724000 1.250000 0 255 255
0.650000 1.725000 1.033000 0 255 255
0.596000 1.725000 1.054000 0 255 255
0.647000 1.726000 1.502000 0 255 255
0.436000 1.725000 1.182000 0 255 255
0.635000 1.725000 1.015000 0 255 255
0.775000 1.727000 1.361000 0 255 255
0.730000 1.726000 1.079000 0 255 255
0.650000 1.726000 1.144000 0 255 255
0.386000 1.724000 1.149000 0 255 255
0.694000 1.727000 1.778000 0 255 255
0.470000 1.725000 1.351000 0 255 255
0.332000 1.724000 1.078000 0 255 255
0.547000 1.725000 1.239000 0 255 255
0.819000 1.727000 1.121000 0 255 255
0.692000 1.727000 1.478000 0 255 255
0.799000 1.727000 1.677000 0 255 255
0.538000 1.725000 1.337000 0 255 255
0.853000 1.726000 0.995000 0 255 255
0.536000 1.725000 1.004000 0 255 255
0.711000 1.727000 1.728000 0 255 255
0.470000 1.725000 1.269000 0 255 255
0.840000 1.727000 1.229000 0 255 255
0.466000 1.725000 1.156000 0 255 255
0.508000 1.725000 1.284000 0 255 255
0.586000 1.726000 1.245000 0 255 255
0.226000 1.723000 1.081000 0 255 255
0.704000 1.726000 1.245000 0 255 255
0.804000 1.728000 1.760000 0 255 255
0.625000 1.726000 1.424000 0 255 255
0.508000 1.725000 1.144000 0 255 255
0.540000 1.725000 1.211000 0 255 255
0.859000 1.727000 1.156000 0 255 255
0.402000 1.725000 1.244000 0 255 255
0.424000 1.725000 1.182000 0 255 255
0.721000 1.726000 1.009000 0 255 255
0.745000 1.726000 1.125000 0 255 255
0.849000 1.727000 1.494000 0 255 255
0.689000 1.727000 1.729000 0 255 255
0.666000 1.726000 1.358000 0 255 255
0.243000 1.723000 1.055000 0 255 255
0.777000 1.727000 1.317000 0 255 255
0.465000 1.725000 1.450000 0 255 255
0.395000 1.724000 1.034000 0 255 255
0.832000 1.726000 0.979000 0 255 255
0.833000 1.728000 1.754000 0 255 255
0.720000 1.727000 1.806000 0 255 255
0.755000 1.727000 1.335000 0 255 255
0.679000 1.726000 1.126000 0 255 255
0.376000 1.724000 1.160000 0 255 255
0.730000 1.727000 1.536000 0 255 255
0.653000 1.726000 1.365000 0 255 255
0.591000 1.725000 1.144000 0 255 255
0.528000 1.725000 1.269000 0 255 255
0.469000 1.725000 1.374000 0 255 255
0.506000 1.726000 1.513000 0 255 255
0.439000 1.724000 1.077000 0 255 255
0.777000 1.726000 1.156000 0 255 255
0.849000 1.727000 1.360000 0 255 255
0.843000 1.727000 1.459000 0 255 255
0.680000 1.726000 1.002000 0 255 255
0.389000 1.724000 1.147000 0 255 255
0.815000 1.728000 1.653000 0 255 255
0.820000 1.727000 1.456000 0 255 255
0.504000 1.725000 1.419000 0 255 255
0.756000 1.726000 1.134000 0 255 255
0.788000 1.726000 1.024000 0 255 255
0.713000 1.727000 1.733000 0 255 255
0.838000 1.727000 1.523000 0 255 255
0.351000 1.724000 1.048000 0 255 255
0.743000 1.726000 1.147000 0 255 255
0.776000 1.726000 0.999000 0 255 255
0.657000 1.726000 1.059000 0 255 255
0.641000 1.727000 1.649000 0 255 255
0.684000 1.727000 1.638000 0 255 255
0.507000 1.725000 1.412000 0 255 255
0.488000 1.725000 1.378000 0 255 255
0.670000 1.727000 1.711000 0 255 255
0.507000 1.725000 1.119000 0 255 255
0.447000 1.725000 1.434000 0 255 255
0.840000 1.728000 1.761000 0 255 255
0.577000 1.725000 1.145000 0 255 255
0.654000 1.726000 1.154000 0 255 255
0.693000 1.726000 1.404000 0 255 255
0.540000 1.726000 1.409000 0 255 255
0.789000 1.727000 1.386000 0 255 255
0.603000 1.725000 1.049000 0 255 255
0.684000 1.726000 1.411000 0 255 255
0.678000 1.726000 1.105000 0 255 255
0.831000 1.727000 1.420000 0 255 255
0.670000 1.726000 1.028000 0 255 255
0.691000 1.727000 1.476000 0 255 255
0.739000 1.726000 1.201000 0 255 255
0.840000 1.727000 1.390000 0 255 255
0.564000 1.726000 1.517000 0 255 255
0.857000 1.727000 1.461000 0 255 255
0.393000 1.724000 1.087000 0 255 255
0.673000 1.725000 0.978000 0 255 255
0.745000 1.727000 1.411000 0 255 255
0.406000 1.725000 1.278000 0 255 255
0.557000 1.726000 1.571000 0 255 255
0.563000 1.725000 1.267000 0 255 255
0.834000 1.727000 1.279000 0 255 255
0.250000 1.724000 1.095000 0 255 255
0.723000 1.726000 1.025000 0 255 255
0.843000 1.727000 1.295000 0 255 255
0.328000 1.724000 1.077000 0 255 255
0.230000 1.724000 1.153000 0 255 255
0.618000 1.726000 1.383000 0 255 255
0.496000 1.726000 1.456000 0 255 255
0.787000 1.726000 1.001000 0 255 255
0.815000 1.727000 1.517000 0 255 255
0.540000 1.726000 1.348000 0 255 255
0.651000 1.727000 1.624000 0 255 255
0.565000 1.726000 1.288000 0 255 255
0.783000 1.727000 1.365000 0 255 255
0.499000 1.726000 1.516000 0 255 255
0.808000 1.726000 1.137000 0 255 255
0.811000 1.727000 1.645000 0 255 255
0.843000 1.728000 1.807000 0 255 255
0.728000 1.727000 1.765000 0 255 255
0.403000 1.724000 1.051000 0 255 255
0.814000 1.728000 1.804000 0 255 255
0.694000 1.727000 1.609000 0 255 255
0.645000 1.727000 1.680000 0 255 255
0.819000 1.728000 1.820000 0 255 255
0.823000 1.727000 1.500000 0 255 255
0.329000 1.724000 1.088000 0 255 255
0.833000 1.728000 1.934000 0 255 255
0.837000 1.728000 1.592000 0 255 255
0.657000 1.726000 1.297000 0 255 255
0.858000 1.728000 1.883000 0 255 255
0.791000 1.727000 1.624000 0 255 255
0.410000 1.725000 1.388000 0 255 255
0.434000 1.725000 1.197000 0 255 255
0.463000 1.725000 1.244000 0 255 255
0.670000 1.726000 1.019000 0 255 255
0.449000 1.725000 1.131000 0 255 255
0.685000 1.726000 1.341000 0 255 255
0.833000 1.728000 1.738000 0 255 255
0.703000 1.726000 1.040000 0 255 255
0.498000 1.725000 1.242000 0 255 255
0.729000 1.726000 1.304000 0 255 255
0.451000 1.725000 1.080000 0 255 255
0.484000 1.726000 1.488000 0 255 255
0.819000 1.727000 1.293000 0 255 255
0.649000 1.726000 1.530000 0 255 255
0.296000 1.724000 1.215000 0 255 255
0.648000 1.727000 1.578000 0 255 255
0.331000 1.724000 1.136000 0 255 255
0.549000 1.725000 1.063000 0 255 255
0.784000 1.727000 1.273000 0 255 255
0.702000 1.726000 1.193000 0 255 255
0.575000 1.725000 1.232000 0 255 255
0.700000 1.726000 1.013000 0 255 255
0.679000 1.726000 1.001000 0 255 255
0.809000 1.728000 1.736000 0 255 255
0.234000 1.724000 1.154000 0 255 255
0.734000 1.727000 1.752000 0 255 255
0.659000 1.726000 1.289000 0 255 255
0.762000 1.727000 1.519000 0 255 255
0.262000 1.724000 1.088000 0 255 255
0.561000 1.726000 1.454000 0 255 255
0.761000 1.726000 0.964000 0 255 255
0.284000 1.724000 1.072000 0 255 255
0.706000 1.727000 1.481000 0 255 255
0.637000 1.727000 1.689000 0 255 255
0.513000 1.726000 1.511000 0 255 255
0.354000 1.724000 1.294000 0 255 255
0.768000 1.726000 0.989000 0 255 255
0.780000 1.726000 0.964000 0 255 255
0.805000 1.727000 1.576000 0 255 255
0.478000 1.725000 1.376000 0 255 255
0.437000 1.725000 1.125000 0 255 255
0.430000 1.724000 1.033000 0 255 255
0.622000 1.726000 1.398000 0 255 255
0.702000 1.726000 1.280000 0 255 255
0.785000 1.727000 1.364000 0 255 255
0.289000 1.724000 1.166000 0 255 255
0.537000 1.725000 1.216000 0 255 255
0.438000 1.725000 1.098000 0 255 255
0.535000 1.725000 1.027000 0 255 255
0.837000 1.728000 1.721000 0 255 255
0.712000 1.727000 1.570000 0 255 255
0.451000 1.725000 1.169000 0 255 255
0.599000 1.725000 1.020000 0 255 255
0.453000 1.725000 1.196000 0 255 255
0.772000 1.727000 1.409000 0 255 255
0.590000 1.726000 1.617000 0 255 255
0.620000 1.726000 1.160000 0 255 255
0.744000 1.727000 1.650000 0 255 255
0.563000 1.726000 1.408000 0 255 255
0.568000 1.725000 1.109000 0 255 255
0.574000 1.726000 1.570000 0 255 255
0.632000 1.726000 1.486000 0 255 255
0.736000 1.726000 1.066000 0 255 255
0.860000 1.727000 1.485000 0 255 255
0.552000 1.726000 1.533000 0 255 255
0.747000 1.727000 1.448000 0 255 255
0.452000 1.725000 1.223000 0 255 255
0.660000 1.727000 1.591000 0 255 255
0.528000 1.725000 1.115000 0 255 255
0.414000 1.725000 1.310000 0 255 255
0.734000 1.727000 1.760000 0 255 255
0.337000 1.724000 1.062000 0 255 255
0.811000 1.727000 1.449000 0 255 255
0.402000 1.725000 1.194000 0 255 255
0.612000 1.726000 1.197000 0 255 255
0.712000 1.727000 1.475000 0 255 255
0.430000 1.725000 1.247000 0 255 255
0.693000 1.726000 1.087000 0 255 255
0.777000 1.727000 1.513000 0 255 255
0.467000 1.725000 1.484000 0 255 255
0.543000 1.726000 1.481000 0 255 255
0.771000 1.727000 1.422000 0 255 255
0.627000 1.726000 1.370000 0 255 255
0.391000 1.724000 1.051000 0 255 255
0.699000 1.726000 1.084000 0 255 255
0.278000 1.724000 1.071000 0 255 255
0.763000 1.727000 1.700000 0 255 255
0.629000 1.726000 1.469000 0 255 255
0.601000 1.726000 1.467000 0 255 255
0.391000 1.724000 1.102000 0 255 255
0.603000 1.725000 1.028000 0 255 255
0.404000 1.725000 1.399000 0 255 255
0.628000 1.726000 1.610000 0 255 255
0.554000 1.725000 1.263000 0 255 255
0.699000 1.727000 1.675000 0 255 255
0.751000 1.727000 1.595000 0 255 255
0.810000 1.727000 1.385000 0 255 255
0.528000 1.725000 1.286000 0 255 255
0.584000 1.726000 1.523000 0 255 255
0.800000 1.726000 1.138000 0 255 255
0.657000 1.726000 1.257000 0 255 255
0.486000 1.725000 1.347000 0 255 255
0.339000 1.724000 1.313000 0 255 255
0.692000 1.727000 1.677000 0 255 255
0.354000 1.724000 1.217000 0 255 255
0.482000 1.725000 1.215000 0 255 255
0.762000 1.727000 1.624000 0 255 255
0.458000 1.725000 1.356000 0 255 255
0.701000 1.726000 1.323000 0 255 255
0.818000 1.728000 1.834000 0 255 255
0.693000 1.727000 1.698000 0 255 255
0.643000 1.725000 1.009000 0 255 255
0.621000 1.725000 1.050000 0 255 255
0.477000 1.725000 1.322000 0 255 255
0.746000 1.727000 1.641000 0 255 255
0.776000 1.726000 0.971000 0 255 255
0.802000 1.727000 1.374000 0 255 255
0.587000 1.726000 1.457000 0 255 255
0.467000 1.725000 1.192000 0 255 255
0.521000 1.726000 1.479000 0 255 255
0.524000 1.726000 1.471000 0 255 255
0.652000 1.727000 1.635000 0 255 255
0.370000 1.724000 1.228000 0 255 255
0.401000 1.725000 1.315000 0 255 255
0.580000 1.726000 1.520000 0 255 255
0.327000 1.724000 1.270000 0 255 255
0.337000 1.724000 1.312000 0 255 255
0.416000 1.725000 1.223000 0 255 255
0.749000 1.726000 1.040000 0 255 255
0.596000 1.726000 1.230000 0 255 255
0.559000 1.725000 1.102000 0 255 255
0.849000 1.727000 1.048000 0 255 255
0.844000 1.727000 1.331000 0 255 255
0.598000 1.726000 1.245000 0 255 255
0.710000 1.727000 1.448000 0 255 255
0.756000 1.727000 1.342000 0 255 255
0.792000 1.727000 1.239000 0 255 255
0.548000 1.726000 1.422000 0 255 255
0.493000 1.725000 1.153000 0 255 255
0.740000 1.727000 1.676000 0 255 255
0.345000 1.724000 1.135000 0 255 255
0.855000 1.727000 1.093000 0 255 255
0.418000 1.725000 1.386000 0 255 255
0.801000 1.728000 1.741000 0 255 255
0.562000 1.726000 1.561000 0 255 255
0.291000 1.724000 1.187000 0 255 255
0.285000 1.724000 1.171000 0 255 255
0.705000 1.727000 1.620000 0 255 255
0.551000 1.725000 1.145000 0 255 255
0.559000 1.725000 1.195000 0 255 255
0.313000 1.724000 1.240000 0 255 255
0.696000 1.726000 1.298000 0 255 255
0.411000 1.724000 1.044000 0 255 255
0.633000 1.726000 1.483000 0 255 255
0.743000 1.727000 1.482000 0 255 255
0.748000 1.726000 1.213000 0 255 255
0.671000 1.726000 1.155000 0 255 255
0.698000 1.726000 1.253000 0 255 255
0.360000 1.725000 1.332000 0 255 255
0.856000 1.727000 1.402000 0 255 255
0.854000 1.728000 1.806000 0 255 255
0.612000 1.725000 1.143000 0 255 255
0.613000 1.726000 1.155000 0 255 255
0.843000 1.727000 1.401000 0 255 255
0.652000 1.727000 1.697000 0 255 255
0.629000 1.726000 1.346000 0 255 255
0.835000 1.727000 1.381000 0 255 255
0.734000 1.727000 1.401000 0 255 255
0.609000 1.726000 1.431000 0 255 255
0.759000 1.727000 1.561000 0 255 255
0.739000 1.727000 1.341000 0 255 255
0.419000 1.724000 1.108000 0 255 255
0.431000 1.725000 1.336000 0 255 255
0.850000 1.728000 1.684000 0 255 255
0.828000 1.727000 1.229000 0 255 255
0.408000 1.725000 1.323000 0 255 255
0.485000 1.725000 1.298000 0 255 255
0.191000 1.723000 1.090000 0 255 255
0.828000 1.726000 1.009000 0 255 255
0.810000 1.727000 1.469000 0 255 255
0.145000 1.733000 0.204000 0 255 255
0.102000 1.730000 0.144000 0 255 255
0.115000 1.732000 0.189000 0 255 255
0.146000 1.731000 0.163000 0 255 255
0.134000 1.730000 0.124000 0 255 255
0.088000 1.730000 0.148000 0 255 255
0.132000 1.732000 0.179000 0 255 255
0.169000 1.732000 0.161000 0 255 255
0.158000 1.730000 0.121000 0 255 255
0.180000 1.729000 0.082000 0 255 255
0.171000 1.732000 0.185000 0 255 255
0.144000 1.730000 0.128000 0 255 255
0.205000 1.729000 0.061000 0 255 255
0.136000 1.731000 0.148000 0 255 255
0.111000 1.730000 0.131000 0 255 255
0.076000 1.730000 0.158000 0 255 255
0.183000 1.730000 0.097000 0 255 255
0.138000 1.730000 0.125000 0 255 255
0.188000 1.729000 0.078000 0 255 255
0.679000 1.724000 0.959000 0 255 255
0.481000 1.719000 0.935000 0 255 255
0.214000 1.706000 0.808000 0 255 255
0.271000 1.722000 1.018000 0 255 255
0.720000 1.725000 0.967000 0 255 255
0.199000 1.721000 1.029000 0 255 255
0.185000 1.717000 0.976000 0 255 255
0.224000 1.710000 0.858000 0 255 255
0.478000 1.721000 0.959000 0 255 255
0.203000 1.719000 1.000000 0 255 255
0.346000 1.713000 0.871000 0 255 255
0.289000 1.720000 0.982000 0 255 255
0.294000 1.719000 0.973000 0 255 255
0.821000 1.725000 0.939000 0 255 255
0.179000 1.711000 0.889000 0 255 255
0.272000 1.716000 0.935000 0 255 255
0.245000 1.716000 0.939000 0 255 255
0.269000 1.722000 1.016000 0 255 255
0.224000 1.711000 0.877000 0 255 255
0.178000 1.721000 1.026000 0 255 255
0.664000 1.723000 0.941000 0 255 255
0.428000 1.714000 0.868000 0 255 255
0.229000 1.722000 1.038000 0 255 255
0.208000 1.717000 0.967000 0 255 255
0.571000 1.718000 0.899000 0 255 255
0.410000 1.719000 0.943000 0 255 255
0.491000 1.719000 0.925000 0 255 255
0.210000 1.711000 0.871000 0 255 255
0.456000 1.721000 0.964000 0 255 255
0.209000 1.710000 0.858000 0 255 255
0.596000 1.723000 0.956000 0 255 255
0.340000 1.717000 0.928000 0 255 255
0.534000 1.718000 0.906000 0 255 255
0.237000 1.718000 0.978000 0 255 255
0.635000 1.721000 0.919000 0 255 255
0.553000 1.724000 0.980000 0 255 255
0.323000 1.712000 0.858000 0 255 255
0.165000 1.712000 0.902000 0 255 255
0.603000 1.722000 0.945000 0 255 255
0.284000 1.719000 0.976000 0 255 255
0.130000 1.710000 0.885000 0 255 255
0.362000 1.713000 0.862000 0 255 255
0.616000 1.723000 0.962000 0 255 255
0.202000 1.713000 0.908000 0 255 255
0.204000 1.721000 1.018000 0 255 255
0.496000 1.724000 1.002000 0 255 255
0.317000 1.712000 0.862000 0 255 255
0.193000 1.710000 0.863000 0 255 255
0.357000 1.718000 0.941000 0 255 255
0.459000 1.720000 0.946000 0 255 255
0.268000 1.723000 1.031000 0 255 255
0.621000 1.721000 0.922000 0 255 255
0.611000 1.723000 0.953000 0 255 255
0.576000 1.724000 0.982000 0 255 255
0.188000 1.713000 0.905000 0 255 255
0.153000 1.722000 1.050000 0 255 255
0.321000 1.716000 0.916000 0 255 255
0.255000 1.707000 0.811000 0 255 255
0.320000 1.716000 0.923000 0 255 255
0.251000 1.720000 1.000000 0 255 255
0.200000 1.716000 0.946000 0 255 255
0.232000 1.723000 1.046000 0 255 255
0.481000 1.716000 0.890000 0 255 255
0.148000 1.706000 0.819000 0 255 255
0.524000 1.719000 0.920000 0 255 255
0.387000 1.715000 0.893000 0 255 255
0.113000 1.705000 0.806000 0 255 255
0.261000 1.709000 0.834000 0 255 255
0.348000 1.715000 0.895000 0 255 255
0.570000 1.724000 0.982000 0 255 255
0.450000 1.715000 0.879000 0 255 255
0.179000 1.710000 0.866000 0 255 255
0.361000 1.715000 0.905000 0 255 255
0.373000 1.720000 0.968000 0 255 255
0.288000 1.711000 0.859000 0 255 255
0.277000 1.718000 0.965000 0 255 255
0.308000 1.710000 0.832000 0 255 255
0.284000 1.721000 1.006000 0 255 255
0.700000 1.721000 0.911000 0 255 255
0.278000 1.723000 1.041000 0 255 255
0.339000 1.714000 0.885000 0 255 255
0.136000 1.707000 0.833000 0 255 255
0.183000 1.717000 0.976000 0 255 255
0.154000 1.722000 1.052000 0 255 255
0.775000 1.725000 0.941000 0 255 255
0.563000 1.723000 0.970000 0 255 255
0.452000 1.716000 0.886000 0 255 255
0.512000 1.722000 0.961000 0 255 255
0.293000 1.712000 0.870000 0 255 255
0.190000 1.708000 0.829000 0 255 255
0.463000 1.724000 1.009000 0 255 255
0.224000 1.711000 0.869000 0 255 255
0.293000 1.718000 0.958000 0 255 255
0.395000 1.722000 0.995000 0 255 255
0.441000 1.722000 0.984000 0 255 255
0.194000 1.714000 0.926000 0 255 255
0.321000 1.712000 0.865000 0 255 255
0.388000 1.720000 0.964000 0 255 255
0.184000 1.706000 0.811000 0 255 255
0.283000 1.712000 0.875000 0 255 255
0.432000 1.717000 0.909000 0 255 255
0.548000 1.723000 0.968000 0 255 255
0.433000 1.718000 0.930000 0 255 255
0.142000 1.706000 0.819000 0 255 255
0.409000 1.716000 0.896000 0 255 255
0.132000 1.714000 0.932000 0 255 255
0.603000 1.720000 0.910000 0 255 255
0.275000 1.719000 0.982000 0 255 255
0.587000 1.718000 0.889000 0 255 255
0.443000 1.715000 0.878000 0 255 255
0.305000 1.721000 1.006000 0 255 255
0.136000 1.704000 0.795000 0 255 255
0.334000 1.714000 0.885000 0 255 255
0.423000 1.719000 0.939000 0 255 255
0.339000 1.718000 0.942000 0 255 255
0.565000 1.719000 0.909000 0 255 255
0.760000 1.723000 0.927000 0 255 255
0.324000 1.717000 0.934000 0 255 255
0.214000 1.712000 0.882000 0 255 255
0.219000 1.723000 1.046000 0 255 255
0.652000 1.721000 0.913000 0 255 255
0.352000 1.710000 0.832000 0 255 255
0.193000 1.719000 0.999000 0 255 255
0.463000 1.715000 0.874000 0 255 255
0.257000 1.708000 0.820000 0 255 255
0.187000 1.705000 0.799000 0 255 255
0.265000 1.719000 0.981000 0 255 255
0.145000 1.710000 0.883000 0 255 255
0.245000 1.712000 0.888000 0 255 255
0.245000 1.710000 0.850000 0 255 255
0.129000 1.711000 0.895000 0 255 255
0.427000 1.718000 0.922000 0 255 255
0.396000 1.714000 0.876000 0 255 255
0.722000 1.723000 0.923000 0 255 255
0.524000 1.719000 0.924000 0 255 255
0.447000 1.722000 0.981000 0 255 255
0.175000 1.706000 0.810000 0 255 255
0.474000 1.719000 0.936000 0 255 255
0.393000 1.718000 0.932000 0 255 255
0.494000 1.717000 0.889000 0 255 255
0.562000 1.717000 0.884000 0 255 255
0.124000 1.709000 0.868000 0 255 255
0.544000 1.720000 0.934000 0 255 255
0.117000 1.705000 0.815000 0 255 255
0.720000 1.729000 2.015000 0 255 255
0.344000 1.721000 2.036000 0 255 255
0.748000 1.729000 2.011000 0 255 255
0.293000 1.721000 2.044000 0 255 255
0.405000 1.724000 2.039000 0 255 255
0.606000 1.727000 2.024000 0 255 255
0.375000 1.723000 2.038000 0 255 255
0.503000 1.727000 2.035000 0 255 255
0.366000 1.722000 2.037000 0 255 255
0.590000 1.726000 2.020000 0 255 255
0.595000 1.729000 2.030000 0 255 255
0.212000 1.731000 0.232000 0 255 255
0.260000 1.728000 0.189000 0 255 255
0.220000 1.730000 0.119000 0 255 255
0.260000 1.728000 0.176000 0 255 255
0.241000 1.729000 0.250000 0 255 255
0.204000 1.731000 0.256000 0 255 255
0.258000 1.728000 0.246000 0 255 255
0.212000 1.730000 0.153000 0 255 255
0.186000 1.732000 0.208000 0 255 255
0.191000 1.731000 0.178000 0 255 255
0.237000 1.729000 0.196000 0 255 255
0.240000 1.729000 0.133000 0 255 255
0.270000 1.728000 0.280000 0 255 255
0.235000 1.729000 0.207000 0 255 255
0.242000 1.729000 0.129000 0 255 255
0.184000 1.732000 0.196000 0 255 255
0.285000 1.727000 0.229000 0 255 255
0.196000 1.731000 0.240000 0 255 255
0.249000 1.728000 0.107000 0 255 255
0.181000 1.732000 0.182000 0 255 255
0.220000 1.730000 0.179000 0 255 255
0.229000 1.729000 0.066000 0 255 255
0.273000 1.728000 0.266000 0 255 255
0.244000 1.729000 0.193000 0 255 255
0.222000 1.729000 0.066000 0 255 255
0.263000 1.728000 0.314000 0 255 255
0.248000 1.729000 0.305000 0 255 255
0.212000 1.730000 0.204000 0 255 255
0.287000 1.727000 0.238000 0 255 255
0.166000 1.705000 0.779000 0 255 255
0.653000 1.721000 0.870000 0 255 255
0.852000 1.726000 0.945000 0 255 255
0.172000 1.705000 0.771000 0 255 255
0.527000 1.719000 0.804000 0 255 255
0.577000 1.722000 0.795000 0 255 255
0.501000 1.719000 0.776000 0 255 255
0.608000 1.720000 0.865000 0 255 255
0.469000 1.719000 0.750000 0 255 255
0.600000 1.723000 0.782000 0 255 255
0.708000 1.722000 0.898000 0 255 255
0.644000 1.722000 0.846000 0 255 255
0.318000 1.710000 0.815000 0 255 255
0.521000 1.720000 0.779000 0 255 255
0.197000 1.707000 0.764000 0 255 255
0.733000 1.722000 0.915000 0 255 255
0.466000 1.719000 0.751000 0 255 255
0.790000 1.725000 0.923000 0 255 255
0.227000 1.708000 0.766000 0 255 255
0.305000 1.709000 0.808000 0 255 255
0.653000 1.722000 0.851000 0 255 255
0.604000 1.723000 0.795000 0 255 255
0.541000 1.720000 0.797000 0 255 255
0.316000 1.711000 0.783000 0 255 255
0.446000 1.714000 0.847000 0 255 255
0.522000 1.720000 0.776000 0 255 255
0.340000 1.714000 0.753000 0 255 255
0.700000 1.723000 0.870000 0 255 255
0.847000 1.726000 0.942000 0 255 255
0.474000 1.715000 0.850000 0 255 255
0.250000 1.709000 0.760000 0 255 255
0.591000 1.719000 0.860000 0 255 255
0.525000 1.722000 0.740000 0 255 255
0.546000 1.719000 0.832000 0 255 255
0.680000 1.724000 0.847000 0 255 255
0.675000 1.723000 0.846000 0 255 255
0.671000 1.721000 0.891000 0 255 255
0.459000 1.714000 0.844000 0 255 255
0.444000 1.717000 0.776000 0 255 255
0.612000 1.724000 0.785000 0 255 255
0.426000 1.716000 0.782000 0 255 255
0.300000 1.710000 0.797000 0 255 255
0.781000 1.725000 0.897000 0 255 255
0.466000 1.719000 0.745000 0 255 255
0.650000 1.723000 0.827000 0 255 255
0.405000 1.714000 0.793000 0 255 255
0.302000 1.711000 0.777000 0 255 255
0.714000 1.723000 0.898000 0 255 255
0.688000 1.723000 0.870000 0 255 255
0.657000 1.723000 0.832000 0 255 255
0.509000 1.719000 0.782000 0 255 255
0.642000 1.724000 0.810000 0 255 255
0.271000 1.708000 0.808000 0 255 255
0.564000 1.719000 0.833000 0 255 255
0.367000 1.714000 0.769000 0 255 255
0.503000 1.719000 0.792000 0 255 255
0.697000 1.722000 0.904000 0 255 255
0.807000 1.726000 0.918000 0 255 255
0.493000 1.715000 0.863000 0 255 255
0.304000 1.711000 0.784000 0 255 255
0.415000 1.714000 0.816000 0 255 255
0.472000 1.717000 0.805000 0 255 255
0.642000 1.722000 0.852000 0 255 255
0.425000 1.716000 0.784000 0 255 255
0.501000 1.720000 0.759000 0 255 255
0.644000 1.724000 0.813000 0 255 255
0.600000 1.720000 0.854000 0 255 255
0.551000 1.722000 0.760000 0 255 255
0.491000 1.716000 0.832000 0 255 255
0.643000 1.723000 0.819000 0 255 255
0.222000 1.708000 0.764000 0 255 255
0.548000 1.722000 0.771000 0 255 255
0.482000 1.720000 0.754000 0 255 255
0.514000 1.718000 0.816000 0 255 255
0.364000 1.711000 0.825000 0 255 255
0.482000 1.717000 0.810000 0 255 255
0.640000 1.723000 0.820000 0 255 255
0.439000 1.714000 0.832000 0 255 255
0.518000 1.720000 0.771000 0 255 255
0.576000 1.723000 0.765000 0 255 255
0.252000 1.708000 0.791000 0 255 255
0.241000 1.707000 0.792000 0 255 255
0.425000 1.713000 0.842000 0 255 255
0.211000 1.708000 0.764000 0 255 255
0.518000 1.722000 0.734000 0 255 255
0.777000 1.724000 0.920000 0 255 255
0.118000 1.724000 2.135000 0 255 255
0.162000 1.727000 2.157000 0 255 255
0.124000 1.723000 2.177000 0 255 255
0.135000 1.725000 2.159000 0 255 255
0.138000 1.725000 2.145000 0 255 255
0.149000 1.727000 2.142000 0 255 255
0.117000 1.722000 2.172000 0 255 255
0.320000 1.726000 2.093000 0 255 255
0.319000 1.726000 2.121000 0 255 255
0.224000 1.728000 2.131000 0 255 255
0.316000 1.726000 2.105000 0 255 255
0.212000 1.728000 2.128000 0 255 255
0.320000 1.726000 2.098000 0 255 255
0.239000 1.727000 2.145000 0 255 255
0.328000 1.726000 2.112000 0 255 255
0.395000 1.726000 2.086000 0 255 255
0.432000 1.727000 2.089000 0 255 255
0.402000 1.726000 2.079000 0 255 255
0.414000 1.727000 2.074000 0 255 255
0.405000 1.726000 2.074000 0 255 255
0.526000 1.729000 2.072000 0 255 255
0.493000 1.728000 2.062000 0 255 255
0.583000 1.730000 2.045000 0 255 255
0.558000 1.729000 2.049000 0 255 255
0.459000 1.728000 2.088000 0 255 255
0.559000 1.729000 2.049000 0 255 255
0.226000 1.721000 2.052000 0 255 255
0.528000 1.729000 2.044000 0 255 255
0.438000 1.726000 2.049000 0 255 255
0.555000 1.729000 2.041000 0 255 255
0.204000 1.720000 2.051000 0 255 255
0.186000 1.720000 2.054000 0 255 255
0.345000 1.724000 2.049000 0 255 255
0.270000 1.723000 2.070000 0 255 255
0.267000 1.723000 2.069000 0 255 255
0.384000 1.726000 2.072000 0 255 255
0.629000 1.726000 0.663000 0 255 255
0.425000 1.726000 0.434000 0 255 255
0.572000 1.726000 0.643000 0 255 255
0.513000 1.726000 0.552000 0 255 255
0.457000 1.727000 0.416000 0 255 255
0.382000 1.726000 0.441000 0 255 255
0.385000 1.726000 0.407000 0 255 255
0.559000 1.727000 0.574000 0 255 255
0.707000 1.727000 0.744000 0 255 255
0.276000 1.728000 0.130000 0 255 255
0.348000 1.727000 0.265000 0 255 255
0.771000 1.726000 0.850000 0 255 255
0.651000 1.727000 0.679000 0 255 255
0.386000 1.727000 0.310000 0 255 255
0.345000 1.727000 0.305000 0 255 255
0.373000 1.726000 0.422000 0 255 255
0.293000 1.728000 0.106000 0 255 255
0.387000 1.727000 0.298000 0 255 255
0.588000 1.726000 0.624000 0 255 255
0.268000 1.728000 0.126000 0 255 255
0.726000 1.726000 0.789000 0 255 255
0.525000 1.727000 0.479000 0 255 255
0.407000 1.728000 0.293000 0 255 255
0.318000 1.726000 0.293000 0 255 255
0.590000 1.727000 0.563000 0 255 255
0.373000 1.728000 0.246000 0 255 255
0.560000 1.726000 0.596000 0 255 255
0.424000 1.727000 0.325000 0 255 255
0.548000 1.726000 0.600000 0 255 255
0.487000 1.727000 0.399000 0 255 255
0.450000 1.727000 0.374000 0 255 255
0.405000 1.727000 0.324000 0 255 255
0.498000 1.727000 0.434000 0 255 255
0.307000 1.728000 0.155000 0 255 255
0.440000 1.727000 0.353000 0 255 255
0.390000 1.727000 0.332000 0 255 255
0.592000 1.727000 0.555000 0 255 255
0.533000 1.726000 0.594000 0 255 255
0.395000 1.727000 0.341000 0 255 255
0.338000 1.727000 0.297000 0 255 255
0.701000 1.727000 0.720000 0 255 255
0.592000 1.727000 0.582000 0 255 255
0.845000 1.726000 0.930000 0 255 255
0.612000 1.726000 0.659000 0 255 255
0.641000 1.726000 0.698000 0 255 255
0.321000 1.727000 0.276000 0 255 255
0.630000 1.727000 0.635000 0 255 255
0.380000 1.726000 0.361000 0 255 255
0.308000 1.726000 0.297000 0 255 255
0.544000 1.727000 0.492000 0 255 255
0.571000 1.727000 0.519000 0 255 255
0.590000 1.727000 0.574000 0 255 255
0.415000 1.726000 0.457000 0 255 255
0.289000 1.728000 0.113000 0 255 255
0.311000 1.727000 0.217000 0 255 255
0.338000 1.728000 0.200000 0 255 255
0.390000 1.726000 0.425000 0 255 255
0.404000 1.727000 0.303000 0 255 255
0.289000 1.728000 0.138000 0 255 255
0.588000 1.726000 0.638000 0 255 255
0.544000 1.726000 0.596000 0 255 255
0.470000 1.727000 0.391000 0 255 255
0.490000 1.727000 0.422000 0 255 255
0.492000 1.727000 0.430000 0 255 255
0.675000 1.726000 0.720000 0 255 255
0.308000 1.727000 0.240000 0 255 255
0.310000 1.727000 0.266000 0 255 255
0.338000 1.727000 0.248000 0 255 255
0.302000 1.727000 0.229000 0 255 255
0.526000 1.727000 0.526000 0 255 255
0.289000 1.727000 0.207000 0 255 255
0.338000 1.727000 0.265000 0 255 255
0.659000 1.726000 0.703000 0 255 255
0.471000 1.727000 0.449000 0 255 255
0.458000 1.726000 0.482000 0 255 255
0.652000 1.727000 0.668000 0 255 255
0.833000 1.726000 0.909000 0 255 255
0.367000 1.727000 0.325000 0 255 255
0.696000 1.727000 0.708000 0 255 255
0.581000 1.726000 0.637000 0 255 255
0.455000 1.726000 0.455000 0 255 255
0.700000 1.726000 0.764000 0 255 255
0.405000 1.727000 0.376000 0 255 255
0.283000 1.727000 0.209000 0 255 255
0.717000 1.726000 0.788000 0 255 255
0.680000 1.726000 0.757000 0 255 255
0.287000 1.727000 0.200000 0 255 255
0.320000 1.727000 0.248000 0 255 255
0.265000 1.728000 0.089000 0 255 255
0.452000 1.726000 0.459000 0 255 255
0.565000 1.727000 0.513000 0 255 255
0.389000 1.727000 0.334000 0 255 255
0.795000 1.727000 0.854000 0 255 255
0.493000 1.726000 0.526000 0 255 255
0.322000 1.727000 0.277000 0 255 255
0.597000 1.726000 0.653000 0 255 255
0.392000 1.726000 0.441000 0 255 255
0.306000 1.726000 0.307000 0 255 255
0.438000 1.728000 0.327000 0 255 255
0.439000 1.728000 0.332000 0 255 255
0.436000 1.727000 0.384000 0 255 255
0.520000 1.726000 0.544000 0 255 255
0.467000 1.727000 0.430000 0 255 255
0.799000 1.726000 0.876000 0 255 255
0.305000 1.728000 0.152000 0 255 255
0.690000 1.727000 0.653000 0 255 255
0.548000 1.726000 0.273000 0 255 255
0.788000 1.724000 0.505000 0 255 255
0.524000 1.726000 0.193000 0 255 255
0.368000 1.728000 0.172000 0 255 255
0.848000 1.720000 0.073000 0 255 255
0.696000 1.723000 0.228000 0 255 255
0.811000 1.723000 0.406000 0 255 255
0.724000 1.723000 0.269000 0 255 255
0.660000 1.725000 0.354000 0 255 255
0.782000 1.724000 0.535000 0 255 255
0.642000 1.723000 0.082000 0 255 255
0.641000 1.726000 0.405000 0 255 255
0.523000 1.726000 0.242000 0 255 255
0.564000 1.724000 0.095000 0 255 255
0.456000 1.726000 0.090000 0 255 255
0.540000 1.725000 0.152000 0 255 255
0.511000 1.725000 0.139000 0 255 255
0.829000 1.724000 0.623000 0 255 255
0.723000 1.726000 0.652000 0 255 255
0.490000 1.726000 0.239000 0 255 255
0.809000 1.721000 0.165000 0 255 255
0.681000 1.723000 0.177000 0 255 255
0.446000 1.726000 0.090000 0 255 255
0.735000 1.725000 0.537000 0 255 255
0.480000 1.727000 0.301000 0 255 255
0.841000 1.721000 0.180000 0 255 255
0.772000 1.723000 0.328000 0 255 255
0.679000 1.725000 0.422000 0 255 255
0.778000 1.722000 0.218000 0 255 255
0.696000 1.724000 0.281000 0 255 255
0.470000 1.727000 0.319000 0 255 255
0.595000 1.726000 0.423000 0 255 255
0.736000 1.723000 0.287000 0 255 255
0.676000 1.726000 0.577000 0 255 255
0.683000 1.726000 0.512000 0 255 255
0.595000 1.725000 0.220000 0 255 255
0.628000 1.726000 0.451000 0 255 255
0.842000 1.721000 0.109000 0 255 255
0.503000 1.727000 0.283000 0 255 255
0.571000 1.727000 0.509000 0 255 255
0.802000 1.722000 0.241000 0 255 255
0.744000 1.725000 0.533000 0 255 255
0.833000 1.726000 0.773000 0 255 255
0.751000 1.725000 0.602000 0 255 255
0.585000 1.725000 0.207000 0 255 255
0.639000 1.726000 0.436000 0 255 255
0.488000 1.726000 0.164000 0 255 255
0.610000 1.727000 0.508000 0 255 255
0.665000 1.726000 0.530000 0 255 255
0.756000 1.723000 0.295000 0 255 255
0.794000 1.724000 0.524000 0 255 255
0.753000 1.726000 0.683000 0 255 255
0.786000 1.722000 0.134000 0 255 255
0.421000 1.727000 0.172000 0 255 255
0.859000 1.725000 0.753000 0 255 255
0.857000 1.726000 0.841000 0 255 255
0.666000 1.724000 0.196000 0 255 255
0.635000 1.725000 0.377000 0 255 255
0.841000 1.720000 0.070000 0 255 255
0.610000 1.727000 0.541000 0 255 255
0.787000 1.725000 0.603000 0 255 255
0.618000 1.727000 0.542000 0 255 255
0.602000 1.724000 0.183000 0 255 255
0.387000 1.727000 0.167000 0 255 255
0.658000 1.726000 0.524000 0 255 255
0.799000 1.724000 0.473000 0 255 255
0.810000 1.725000 0.631000 0 255 255
0.340000 1.728000 0.115000 0 255 255
0.397000 1.727000 0.195000 0 255 255
0.668000 1.726000 0.573000 0 255 255
0.753000 1.726000 0.738000 0 255 255
0.711000 1.725000 0.415000 0 255 255
0.409000 1.726000 0.067000 0 255 255
0.318000 1.728000 0.098000 0 255 255
0.749000 1.725000 0.554000 0 255 255
0.814000 1.721000 0.141000 0 255 255
0.847000 1.726000 0.879000 0 255 255
0.810000 1.725000 0.598000 0 255 255
0.585000 1.726000 0.416000 0 255 255
0.802000 1.725000 0.582000 0 255 255
0.425000 1.727000 0.201000 0 255 255
0.481000 1.728000 0.382000 0 255 255
0.497000 1.726000 0.158000 0 255 255
0.674000 1.725000 0.359000 0 255 255
0.823000 1.726000 0.833000 0 255 255
0.571000 1.726000 0.353000 0 255 255
0.581000 1.725000 0.221000 0 255 255
0.812000 1.726000 0.831000 0 255 255
0.762000 1.724000 0.490000 0 255 255
0.482000 1.727000 0.345000 0 255 255
0.624000 1.725000 0.264000 0 255 255
0.702000 1.723000 0.153000 0 255 255
0.540000 1.726000 0.256000 0 255 255
0.565000 1.726000 0.281000 0 255 255
0.859000 1.720000 0.086000 0 255 255
0.357000 1.727000 0.107000 0 255 255
0.664000 1.723000 0.102000 0 255 255
0.699000 1.726000 0.606000 0 255 255
0.820000 1.724000 0.479000 0 255 255
0.852000 1.722000 0.343000 0 255 255
0.726000 1.723000 0.271000 0 255 255
0.341000 1.727000 0.059000 0 255 255
0.512000 1.726000 0.277000 0 255 255
0.370000 1.727000 0.079000 0 255 255
0.725000 1.723000 0.228000 0 255 255
0.800000 1.726000 0.816000 0 255 255
0.598000 1.724000 0.087000 0 255 255
0.836000 1.724000 0.590000 0 255 255
0.791000 1.725000 0.628000 0 255 255
0.738000 1.724000 0.419000 0 255 255
0.453000 1.727000 0.288000 0 255 255
0.794000 1.725000 0.672000 0 255 255
0.577000 1.727000 0.470000 0 255 255
0.738000 1.726000 0.658000 0 255 255
0.548000 1.727000 0.447000 0 255 255
0.711000 1.723000 0.158000 0 255 255
0.776000 1.725000 0.608000 0 255 255
0.626000 1.726000 0.501000 0 255 255
0.797000 1.724000 0.503000 0 255 255
0.848000 1.722000 0.329000 0 255 255
0.792000 1.727000 0.835000 0 255 255
0.763000 1.726000 0.773000 0 255 255
0.499000 1.726000 0.186000 0 255 255
0.705000 1.723000 0.232000 0 255 255
0.796000 1.722000 0.179000 0 255 255
0.784000 1.723000 0.340000 0 255 255
0.752000 1.724000 0.365000 0 255 255
0.713000 1.723000 0.205000 0 255 255
0.549000 1.725000 0.163000 0 255 255
0.842000 1.725000 0.707000 0 255 255
0.741000 1.726000 0.628000 0 255 255
0.630000 1.726000 0.403000 0 255 255
0.636000 1.723000 0.105000 0 255 255
0.566000 1.726000 0.347000 0 255 255
0.583000 1.724000 0.135000 0 255 255
0.778000 1.722000 0.218000 0 255 255
0.722000 1.724000 0.323000 0 255 255
0.613000 1.725000 0.273000 0 255 255
0.739000 1.723000 0.307000 0 255 255
0.426000 1.727000 0.236000 0 255 255
0.672000 1.725000 0.387000 0 255 255
0.432000 1.726000 0.086000 0 255 255
0.821000 1.726000 0.750000 0 255 255
0.453000 1.726000 0.077000 0 255 255
0.517000 1.726000 0.170000 0 255 255
0.665000 1.723000 0.088000 0 255 255
0.794000 1.725000 0.627000 0 255 255
0.592000 1.724000 0.127000 0 255 255
0.774000 1.723000 0.264000 0 255 255
0.604000 1.725000 0.314000 0 255 255
0.544000 1.725000 0.147000 0 255 255
0.839000 1.723000 0.469000 0 255 255
0.833000 1.725000 0.659000 0 255 255
0.427000 1.727000 0.219000 0 255 255
0.748000 1.723000 0.257000 0 255 255
0.818000 1.723000 0.419000 0 255 255
0.608000 1.724000 0.114000 0 255 255
0.610000 1.726000 0.448000 0 255 255
0.553000 1.727000 0.420000 0 255 255
0.764000 1.721000 0.072000 0 255 255
0.729000 1.723000 0.257000 0 255 255
0.655000 1.727000 0.609000 0 255 255
0.300000 1.728000 0.068000 0 255 255
0.641000 1.724000 0.254000 0 255 255
0.599000 1.727000 0.507000 0 255 255
0.739000 1.724000 0.337000 0 255 255
0.626000 1.725000 0.365000 0 255 255
0.370000 1.728000 0.182000 0 255 255
0.602000 1.724000 0.160000 0 255 255
0.511000 1.727000 0.294000 0 255 255
0.690000 1.724000 0.292000 0 255 255
0.505000 1.726000 0.167000 0 255 255
0.671000 1.726000 0.486000 0 255 255
0.605000 1.726000 0.433000 0 255 255
0.842000 1.724000 0.562000 0 255 255
0.845000 1.724000 0.560000 0 255 255
0.670000 1.724000 0.249000 0 255 255
0.641000 1.724000 0.191000 0 255 255
0.494000 1.725000 0.083000 0 255 255
0.669000 1.724000 0.236000 0 255 255
0.802000 1.724000 0.472000 0 255 255
0.601000 1.725000 0.223000 0 255 255
0.626000 1.727000 0.548000 0 255 255
0.376000 1.727000 0.133000 0 255 255
0.700000 1.723000 0.155000 0 255 255
0.710000 1.725000 0.465000 0 255 255
0.557000 1.726000 0.355000 0 255 255
0.769000 1.727000 0.797000 0 255 255
0.611000 1.725000 0.224000 0 255 255
0.803000 1.723000 0.306000 0 255 255
0.848000 1.726000 0.913000 0 255 255
0.701000 1.724000 0.314000 0 255 255
0.579000 1.727000 0.520000 0 255 255
0.535000 1.726000 0.232000 0 255 255
0.653000 1.724000 0.249000 0 255 255
0.799000 1.722000 0.227000 0 255 255
0.745000 1.723000 0.248000 0 255 255
0.301000 1.728000 0.067000 0 255 255
0.477000 1.727000 0.277000 0 255 255
0.594000 1.724000 0.142000 0 255 255
0.790000 1.725000 0.606000 0 255 255
0.820000 1.722000 0.269000 0 255 255
0.716000 1.726000 0.581000 0 255 255
0.582000 1.726000 0.333000 0 255 255
0.856000 1.721000 0.186000 0 255 255
0.788000 1.722000 0.150000 0 255 255
0.556000 1.725000 0.142000 0 255 255
0.713000 1.727000 0.721000 0 255 255
0.433000 1.727000 0.143000 0 255 255
0.828000 1.723000 0.366000 0 255 255
0.607000 1.727000 0.528000 0 255 255
0.521000 1.726000 0.268000 0 255 255
0.549000 1.726000 0.266000 0 255 255
0.459000 1.727000 0.271000 0 255 255
0.749000 1.722000 0.062000 0 255 255
0.610000 1.727000 0.483000 0 255 255
0.614000 1.724000 0.158000 0 255 255
0.575000 1.725000 0.188000 0 255 255
0.421000 1.727000 0.173000 0 255 255
0.845000 1.725000 0.701000 0 255 255
0.329000 1.728000 0.144000 0 255 255
0.808000 1.723000 0.407000 0 255 255
0.411000 1.727000 0.158000 0 255 255
0.843000 1.722000 0.353000 0 255 255
0.669000 1.724000 0.262000 0 255 255
0.294000 1.728000 0.073000 0 255 255
0.484000 1.727000 0.314000 0 255 255
0.810000 1.722000 0.235000 0 255 255
0.790000 1.724000 0.486000 0 255 255
0.489000 1.727000 0.270000 0 255 255
0.769000 1.725000 0.544000 0 255 255
0.303000 1.728000 0.078000 0 255 255
0.800000 1.726000 0.808000 0 255 255
0.591000 1.725000 0.261000 0 255 255
0.704000 1.725000 0.409000 0 255 255
0.855000 1.723000 0.483000 0 255 255
0.698000 1.727000 0.672000 0 255 255
0.414000 1.728000 0.283000 0 255 255
0.400000 1.727000 0.178000 0 255 255
0.727000 1.724000 0.334000 0 255 255
0.717000 1.726000 0.626000 0 255 255
0.692000 1.726000 0.533000 0 255 255
0.530000 1.725000 0.132000 0 255 255
0.724000 1.723000 0.154000 0 255 255
0.454000 1.726000 0.131000 0 255 255
0.465000 1.726000 0.093000 0 255 255
0.644000 1.726000 0.486000 0 255 255
0.717000 1.727000 0.703000 0 255 255
0.741000 1.726000 0.640000 0 255 255
0.706000 1.725000 0.461000 0 255 255
0.431000 1.728000 0.298000 0 255 255
0.540000 1.727000 0.441000 0 255 255
0.799000 1.725000 0.637000 0 255 255
0.743000 1.724000 0.438000 0 255 255
0.748000 1.725000 0.505000 0 255 255
0.701000 1.724000 0.274000 0 255 255
0.851000 1.724000 0.595000 0 255 255
0.621000 1.726000 0.484000 0 255 255
0.621000 1.726000 0.478000 0 255 255
0.581000 1.726000 0.363000 0 255 255
0.709000 1.725000 0.457000 0 255 255
0.688000 1.723000 0.196000 0 255 255
0.857000 1.724000 0.580000 0 255 255
0.521000 1.726000 0.287000 0 255 255
0.617000 1.726000 0.387000 0 255 255
0.787000 1.722000 0.175000 0 255 255
0.736000 1.725000 0.471000 0 255 255
0.771000 1.725000 0.652000 0 255 255
0.544000 1.726000 0.317000 0 255 255
0.716000 1.726000 0.616000 0 255 255
0.773000 1.722000 0.115000 0 255 255
0.813000 1.722000 0.194000 0 255 255
0.752000 1.725000 0.529000 0 255 255
0.687000 1.725000 0.483000 0 255 255
0.687000 1.723000 0.170000 0 255 255
0.594000 1.726000 0.349000 0 255 255
0.542000 1.726000 0.270000 0 255 255
0.512000 1.726000 0.231000 0 255 255
0.819000 1.723000 0.376000 0 255 255
0.836000 1.720000 0.068000 0 255 255
0.612000 1.725000 0.290000 0 255 255
0.642000 1.726000 0.492000 0 255 255
0.844000 1.722000 0.316000 0 255 255
0.573000 1.725000 0.245000 0 255 255
0.513000 1.725000 0.139000 0 255 255
0.594000 1.726000 0.445000 0 255 255
0.657000 1.725000 0.354000 0 255 255
0.580000 1.726000 0.343000 0 255 255
0.417000 1.727000 0.182000 0 255 255
0.855000 1.724000 0.596000 0 255 255
0.593000 1.724000 0.162000 0 255 255
0.537000 1.726000 0.205000 0 255 255
0.589000 1.724000 0.156000 0 255 255
0.312000 1.728000 0.103000 0 255 255
0.649000 1.726000 0.426000 0 255 255
0.794000 1.726000 0.737000 0 255 255
0.702000 1.723000 0.166000 0 255 255
0.622000 1.726000 0.490000 0 255 255
0.700000 1.727000 0.684000 0 255 255
0.746000 1.723000 0.293000 0 255 255
0.311000 1.728000 0.110000 0 255 255
0.481000 1.726000 0.171000 0 255 255
0.668000 1.727000 0.597000 0 255 255
0.396000 1.727000 0.172000 0 255 255
0.563000 1.725000 0.180000 0 255 255
0.386000 1.728000 0.222000 0 255 255
0.689000 1.723000 0.124000 0 255 255
0.800000 1.725000 0.635000 0 255 255
0.812000 1.723000 0.334000 0 255 255
0.783000 1.726000 0.706000 0 255 255
0.651000 1.723000 0.090000 0 255 255
0.562000 1.725000 0.248000 0 255 255
0.628000 1.726000 0.466000 0 255 255
0.437000 1.727000 0.164000 0 255 255
0.811000 1.721000 0.130000 0 255 255
0.548000 1.725000 0.174000 0 255 255
0.784000 1.726000 0.788000 0 255 255
0.841000 1.723000 0.456000 0 255 255
0.829000 1.725000 0.765000 0 255 255
0.606000 1.725000 0.238000 0 255 255
0.575000 1.726000 0.291000 0 255 255
0.681000 1.727000 0.668000 0 255 255
0.808000 1.721000 0.168000 0 255 255
0.577000 1.725000 0.201000 0 255 255
0.825000 1.721000 0.110000 0 255 255
0.562000 1.726000 0.292000 0 255 255
0.340000 1.728000 0.124000 0 255 255
0.764000 1.726000 0.729000 0 255 255
0.505000 1.726000 0.157000 0 255 255
0.590000 1.727000 0.526000 0 255 255
0.788000 1.724000 0.414000 0 255 255
0.570000 1.725000 0.252000 0 255 255
0.774000 1.727000 0.811000 0 255 255
0.727000 1.722000 0.114000 0 255 255
0.649000 1.726000 0.517000 0 255 255
0.806000 1.724000 0.470000 0 255 255
0.750000 1.723000 0.233000 0 255 255
0.512000 1.726000 0.224000 0 255 255
0.453000 1.727000 0.207000 0 255 255
0.768000 1.722000 0.107000 0 255 255
0.546000 1.725000 0.135000 0 255 255
0.380000 1.727000 0.063000 0 255 255
0.673000 1.727000 0.642000 0 255 255
0.765000 1.723000 0.248000 0 255 255
0.817000 1.725000 0.713000 0 255 255
0.700000 1.727000 0.671000 0 255 255
0.545000 1.727000 0.373000 0 255 255
0.781000 1.724000 0.409000 0 255 255
0.387000 1.727000 0.183000 0 255 255
0.590000 1.727000 0.544000 0 255 255
0.859000 1.722000 0.277000 0 255 255
0.662000 1.724000 0.251000 0 255 255
0.621000 1.724000 0.150000 0 255 255
0.723000 1.723000 0.263000 0 255 255
0.644000 1.726000 0.477000 0 255 255
0.812000 1.721000 0.079000 0 255 255
0.549000 1.727000 0.384000 0 255 255
0.511000 1.726000 0.265000 0 255 255
0.504000 1.726000 0.206000 0 255 255
0.512000 1.726000 0.175000 0 255 255
0.776000 1.725000 0.590000 0 255 255
0.811000 1.723000 0.437000 0 255 255
0.662000 1.726000 0.552000 0 255 255
0.621000 1.725000 0.237000 0 255 255
0.648000 1.723000 0.096000 0 255 255
0.673000 1.725000 0.341000 0 255 255
0.615000 1.726000 0.694000 0 255 255
0.721000 1.726000 0.823000 0 255 255
0.587000 1.726000 0.673000 0 255 255
0.646000 1.726000 0.744000 0 255 255
0.644000 1.725000 0.778000 0 255 255
0.686000 1.725000 0.805000 0 255 255
0.529000 1.723000 0.720000 0 255 255
0.485000 1.724000 0.649000 0 255 255
0.591000 1.724000 0.747000 0 255 255
0.844000 1.726000 0.935000 0 255 255
0.505000 1.725000 0.611000 0 255 255
0.678000 1.725000 0.814000 0 255 255
0.468000 1.726000 0.542000 0 255 255
0.625000 1.725000 0.730000 0 255 255
0.665000 1.726000 0.758000 0 255 255
0.544000 1.725000 0.646000 0 255 255
0.653000 1.724000 0.803000 0 255 255
0.380000 1.725000 0.457000 0 255 255
0.512000 1.725000 0.620000 0 255 255
0.506000 1.724000 0.636000 0 255 255
0.632000 1.725000 0.748000 0 255 255
0.577000 1.725000 0.699000 0 255 255
0.596000 1.725000 0.718000 0 255 255
0.612000 1.724000 0.757000 0 255 255
0.582000 1.726000 0.674000 0 255 255
0.609000 1.724000 0.763000 0 255 255
0.433000 1.725000 0.512000 0 255 255
0.437000 1.725000 0.547000 0 255 255
0.710000 1.726000 0.792000 0 255 255
0.426000 1.725000 0.506000 0 255 255
0.431000 1.726000 0.502000 0 255 255
0.490000 1.726000 0.566000 0 255 255
0.427000 1.725000 0.529000 0 255 255
0.394000 1.725000 0.472000 0 255 255
0.618000 1.726000 0.707000 0 255 255
0.612000 1.724000 0.759000 0 255 255
0.466000 1.724000 0.610000 0 255 255
0.622000 1.725000 0.744000 0 255 255
0.491000 1.725000 0.592000 0 255 255
0.483000 1.724000 0.628000 0 255 255
0.491000 1.725000 0.580000 0 255 255
0.564000 1.723000 0.745000 0 255 255
0.401000 1.725000 0.476000 0 255 255
0.626000 1.725000 0.739000 0 255 255
0.499000 1.725000 0.614000 0 255 255
0.567000 1.723000 0.751000 0 255 255
0.549000 1.726000 0.629000 0 255 255
0.535000 1.725000 0.648000 0 255 255
0.724000 1.729000 2.017000 0 255 255
0.652000 1.726000 2.039000 0 255 255
0.622000 1.730000 2.032000 0 255 255
0.659000 1.727000 2.035000 0 255 255
0.685000 1.727000 2.030000 0 255 255
0.642000 1.727000 2.038000 0 255 255
0.734000 1.728000 2.018000 0 255 255
0.455000 1.716000 0.732000 0 255 255
0.228000 1.705000 0.760000 0 255 255
0.511000 1.704000 0.725000 0 255 255
0.471000 1.714000 0.730000 0 255 255
0.171000 1.701000 0.766000 0 255 255
0.376000 1.703000 0.741000 0 255 255
0.106000 1.690000 0.754000 0 255 255
0.109000 1.703000 0.821000 0 255 255
0.132000 1.716000 0.993000 0 255 255
0.125000 1.700000 1.003000 0 255 255
0.130000 1.709000 1.011000 0 255 255
0.123000 1.708000 0.944000 0 255 255
0.112000 1.699000 0.877000 0 255 255
0.129000 1.713000 0.980000 0 255 255
0.135000 1.713000 1.046000 0 255 255
0.116000 1.691000 0.968000 0 255 255
0.127000 1.699000 1.040000 0 255 255
0.106000 1.701000 0.801000 0 255 255
0.411000 1.717000 0.533000 0 255 255
0.361000 1.715000 0.446000 0 255 255
0.441000 1.706000 0.581000 0 255 255
0.392000 1.715000 0.501000 0 255 255
0.480000 1.714000 0.651000 0 255 255
0.107000 1.700000 0.763000 0 255 255
0.117000 1.696000 0.743000 0 255 255
0.126000 1.690000 0.716000 0 255 255
0.117000 1.698000 0.756000 0 255 255
0.378000 1.704000 0.487000 0 255 255
0.131000 1.703000 0.075000 0 255 255
0.119000 1.722000 0.106000 0 255 255
0.095000 1.728000 0.132000 0 255 255
0.081000 1.692000 0.101000 0 255 255
0.112000 1.724000 0.114000 0 255 255
0.142000 1.699000 0.062000 0 255 255
0.117000 1.695000 0.077000 0 255 255
0.116000 1.714000 0.099000 0 255 255
0.106000 1.702000 0.092000 0 255 255
0.169000 1.715000 2.087000 0 255 255
0.157000 1.723000 2.099000 0 255 255
0.184000 1.710000 2.085000 0 255 255
0.171000 1.721000 2.104000 0 255 255
0.177000 1.713000 2.088000 0 255 255
0.142000 1.716000 2.062000 0 255 255
0.260000 1.713000 2.087000 0 255 255
0.332000 1.723000 2.081000 0 255 255
0.208000 1.713000 2.078000 0 255 255
0.195000 1.708000 2.086000 0 255 255
0.302000 1.717000 2.088000 0 255 255
0.282000 1.721000 2.076000 0 255 255
0.178000 1.718000 2.063000 0 255 255
0.237000 1.717000 2.077000 0 255 255
0.217000 1.716000 2.101000 0 255 255
0.225000 1.724000 2.098000 0 255 255
0.130000 1.718000 1.062000 0 255 255
0.593000 1.722000 2.047000 0 255 255
0.010000 0.587000 2.227000 0 255 0
0.010000 0.617000 2.227000 0 255 0
0.009000 0.548000 2.227000 0 255 0
0.010000 0.583000 2.231000 0 255 0
0.016000 0.979000 2.242000 0 255 0
0.012000 0.808000 2.239000 0 255 0
0.017000 1.067000 2.242000 0 255 0
0.016000 1.191000 2.236000 0 255 0
0.014000 1.171000 2.232000 0 255 0
0.014000 1.617000 2.221000 0 255 0
0.016000 1.014000 2.240000 0 255 0
0.011000 0.781000 2.235000 0 255 0
0.014000 1.402000 2.215000 0 255 0
0.013000 1.153000 2.229000 0 255 0
0.013000 0.926000 2.229000 0 255 0
0.011000 0.764000 2.228000 0 255 0
0.013000 1.116000 2.223000 0 255 0
0.012000 0.907000 2.231000 0 255 0
0.013000 0.966000 2.226000 0 255 0
0.013000 1.090000 2.229000 0 255 0
0.014000 1.473000 2.215000 0 255 0
0.013000 1.198000 2.227000 0 255 0
0.013000 1.185000 2.223000 0 255 0
0.013000 1.025000 2.225000 0 255 0
0.012000 0.887000 2.228000 0 255 0
0.013000 0.943000 2.227000 0 255 0
0.013000 1.032000 2.229000 0 255 0
0.011000 0.767000 2.230000 0 255 0
0.013000 1.087000 2.230000 0 255 0
0.026000 0.259000 2.250000 0 255 0
0.064000 0.121000 2.304000 0 255 0
0.022000 0.497000 2.250000 0 255 0
0.031000 0.401000 2.261000 0 255 0
0.061000 0.170000 2.300000 0 255 0
0.038000 0.328000 2.270000 0 255 0
0.040000 0.327000 2.272000 0 255 0
0.058000 0.173000 2.296000 0 255 0
0.012000 0.291000 2.230000 0 255 0
0.020000 0.350000 2.243000 0 255 0
0.011000 0.664000 2.238000 0 255 0
0.025000 0.377000 2.252000 0 255 0
0.015000 0.285000 2.234000 0 255 0
0.042000 0.211000 2.273000 0 255 0
0.037000 0.216000 2.266000 0 255 0
0.025000 0.428000 2.253000 0 255 0
0.019000 0.515000 2.246000 0 255 0
0.028000 0.211000 2.253000 0 255 0
0.040000 0.228000 2.271000 0 255 0
0.032000 0.317000 2.260000 0 255 0
0.010000 0.547000 2.234000 0 255 0
0.026000 0.319000 2.252000 0 255 0
0.060000 0.100000 2.296000 0 255 0
0.030000 0.192000 2.255000 0 255 0
0.021000 0.303000 2.243000 0 255 0
0.013000 0.375000 2.233000 0 255 0
0.009000 0.491000 2.231000 0 255 0
0.010000 0.596000 2.234000 0 255 0
0.050000 0.253000 2.285000 0 255 0
0.037000 0.197000 2.265000 0 255 0
0.011000 0.370000 2.231000 0 255 0
0.029000 0.167000 2.253000 0 255 0
0.033000 0.177000 2.260000 0 255 0
0.037000 0.396000 2.269000 0 255 0
0.067000 0.091000 2.307000 0 255 0
0.017000 0.119000 2.234000 0 255 0
0.026000 0.266000 2.250000 0 255 0
0.056000 0.159000 2.293000 0 255 0
0.039000 0.396000 2.273000 0 255 0
0.023000 0.548000 2.253000 0 255 0
0.039000 0.127000 2.267000 0 255 0
0.011000 0.475000 2.233000 0 255 0
0.053000 0.154000 2.288000 0 255 0
0.043000 0.339000 2.277000 0 255 0
0.049000 0.285000 2.285000 0 255 0
0.038000 0.230000 2.268000 0 255 0
0.011000 0.381000 2.232000 0 255 0
0.016000 0.419000 2.240000 0 255 0
0.036000 0.425000 2.269000 0 255 0
0.037000 0.192000 2.265000 0 255 0
0.018000 0.396000 2.242000 0 255 0
0.027000 0.221000 2.251000 0 255 0
0.041000 0.247000 2.272000 0 255 0
0.017000 0.588000 2.244000 0 255 0
0.011000 0.601000 2.236000 0 255 0
0.092000 0.334000 2.325000 0 255 0
0.054000 0.465000 2.286000 0 255 0
0.048000 0.354000 2.284000 0 255 0
0.047000 0.424000 2.281000 0 255 0
0.093000 0.407000 2.323000 0 255 0
0.081000 0.553000 2.307000 0 255 0
0.097000 0.462000 2.325000 0 255 0
0.084000 0.233000 2.320000 0 255 0
0.021000 0.620000 2.251000 0 255 0
0.057000 0.557000 2.286000 0 255 0
0.088000 0.156000 2.326000 0 255 0
0.066000 0.506000 2.296000 0 255 0
0.080000 0.181000 2.319000 0 255 0
0.063000 0.322000 2.298000 0 255 0
0.063000 0.579000 2.290000 0 255 0
0.082000 0.342000 2.315000 0 255 0
0.052000 0.417000 2.285000 0 255 0
0.049000 0.460000 2.281000 0 255 0
0.068000 0.285000 2.305000 0 255 0
0.042000 0.472000 2.275000 0 255 0
0.062000 0.199000 2.302000 0 255 0
0.052000 0.316000 2.288000 0 255 0
0.035000 0.647000 2.263000 0 255 0
0.059000 0.397000 2.292000 0 255 0
0.067000 0.159000 2.307000 0 255 0
0.062000 0.429000 2.294000 0 255 0
0.076000 0.296000 2.311000 0 255 0
0.066000 0.506000 2.295000 0 255 0
0.088000 0.244000 2.324000 0 255 0
0.034000 0.590000 2.264000 0 255 0
0.032000 0.645000 2.261000 0 255 0
0.048000 0.497000 2.280000 0 255 0
0.048000 0.482000 2.280000 0 255 0
0.078000 0.321000 2.312000 0 255 0
0.074000 0.560000 2.301000 0 255 0
0.082000 0.319000 2.316000 0 255 0
0.036000 0.624000 2.265000 0 255 0
0.073000 0.131000 2.313000 0 255 0
0.076000 0.305000 2.311000 0 255 0
0.072000 0.147000 2.313000 0 255 0
0.056000 0.289000 2.293000 0 255 0
0.073000 0.531000 2.301000 0 255 0
0.084000 0.184000 2.322000 0 255 0
0.057000 0.461000 2.289000 0 255 0
0.090000 0.125000 2.329000 0 255 0
0.102000 0.487000 2.328000 0 255 0
0.074000 0.496000 2.303000 0 255 0
0.090000 0.253000 2.325000 0 255 0
0.099000 0.316000 2.332000 0 255 0
0.076000 0.095000 2.317000 0 255 0
0.033000 0.657000 2.260000 0 255 0
0.046000 0.393000 2.281000 0 255 0
0.030000 0.671000 2.258000 0 255 0
0.073000 0.481000 2.303000 0 255 0
0.084000 0.577000 2.310000 0 255 0
0.051000 0.715000 2.283000 0 255 0
0.087000 0.622000 2.317000 0 255 0
0.075000 0.633000 2.305000 0 255 0
0.097000 0.565000 2.324000 0 255 0
0.064000 0.693000 2.297000 0 255 0
0.091000 0.561000 2.318000 0 255 0
0.062000 0.696000 2.295000 0 255 0
0.098000 0.584000 2.327000 0 255 0
0.099000 0.575000 2.327000 0 255 0
0.049000 0.688000 2.279000 0 255 0
0.092000 0.658000 2.326000 0 255 0
0.058000 0.652000 2.287000 0 255 0
0.031000 0.716000 2.261000 0 255 0
0.035000 0.695000 2.264000 0 255 0
0.049000 0.697000 2.280000 0 255 0
0.032000 1.248000 2.254000 0 255 0
0.087000 1.199000 2.318000 0 255 0
0.019000 1.604000 2.227000 0 255 0
0.040000 1.197000 2.265000 0 255 0
0.071000 1.683000 2.285000 0 255 0
0.047000 1.258000 2.271000 0 255 0
0.020000 1.301000 2.239000 0 255 0
0.091000 1.402000 2.317000 0 255 0
0.069000 1.627000 2.284000 0 255 0
0.017000 1.500000 2.229000 0 255 0
0.051000 1.150000 2.279000 0 255 0
0.088000 1.559000 2.308000 0 255 0
0.080000 1.423000 2.303000 0 255 0
0.081000 1.436000 2.304000 0 255 0
0.022000 1.629000 2.230000 0 255 0
0.043000 1.669000 2.253000 0 255 0
0.037000 1.122000 2.264000 0 255 0
0.034000 1.481000 2.249000 0 255 0
0.022000 1.281000 2.241000 0 255 0
0.073000 1.258000 2.301000 0 255 0
0.076000 1.563000 2.295000 0 255 0
0.109000 1.661000 2.329000 0 255 0
0.100000 1.346000 2.328000 0 255 0
0.044000 1.396000 2.264000 0 255 0
0.058000 1.620000 2.272000 0 255 0
0.044000 1.379000 2.263000 0 255 0
0.041000 1.554000 2.254000 0 255 0
0.045000 1.193000 2.271000 0 255 0
0.060000 1.540000 2.276000 0 255 0
0.037000 1.464000 2.253000 0 255 0
0.050000 1.233000 2.275000 0 255 0
0.077000 1.651000 2.292000 0 255 0
0.096000 1.531000 2.318000 0 255 0
0.040000 1.389000 2.259000 0 255 0
0.060000 1.396000 2.281000 0 255 0
0.072000 1.470000 2.293000 0 255 0
0.027000 1.405000 2.243000 0 255 0
0.027000 1.459000 2.241000 0 255 0
0.028000 1.274000 2.248000 0 255 0
0.049000 1.286000 2.272000 0 255 0
0.021000 1.138000 2.245000 0 255 0
0.079000 1.580000 2.297000 0 255 0
0.071000 1.348000 2.295000 0 255 0
0.089000 1.253000 2.319000 0 255 0
0.067000 1.640000 2.281000 0 255 0
0.040000 1.342000 2.260000 0 255 0
0.082000 1.204000 2.313000 0 255 0
0.046000 1.686000 2.256000 0 255 0
0.024000 1.154000 2.248000 0 255 0
0.035000 1.414000 2.252000 0 255 0
0.070000 1.500000 2.290000 0 255 0
0.036000 1.587000 2.248000 0 255 0
0.020000 1.280000 2.239000 0 255 0
0.056000 1.174000 2.284000 0 255 0
0.062000 1.478000 2.281000 0 255 0
0.044000 1.250000 2.268000 0 255 0
0.038000 1.285000 2.260000 0 255 0
0.026000 1.258000 2.247000 0 255 0
0.092000 1.235000 2.323000 0 255 0
0.034000 1.553000 2.247000 0 255 0
0.092000 1.630000 2.310000 0 255 0
0.051000 1.192000 2.277000 0 255 0
0.088000 1.334000 2.315000 0 255 0
0.070000 1.291000 2.296000 0 255 0
0.040000 1.668000 2.250000 0 255 0
0.053000 1.607000 2.267000 0 255 0
0.093000 1.334000 2.321000 0 255 0
0.018000 1.246000 2.238000 0 255 0
0.069000 1.228000 2.297000 0 255 0
0.071000 1.222000 2.299000 0 255 0
0.081000 1.226000 2.311000 0 255 0
0.074000 1.451000 2.296000 0 255 0
0.070000 1.683000 2.284000 0 255 0
0.023000 1.594000 2.233000 0 255 0
0.094000 1.425000 2.320000 0 255 0
0.018000 1.443000 2.232000 0 255 0
0.050000 1.365000 2.270000 0 255 0
0.024000 1.116000 2.250000 0 255 0
0.056000 1.193000 2.284000 0 255 0
0.071000 1.530000 2.289000 0 255 0
0.029000 1.218000 2.252000 0 255 0
0.093000 1.525000 2.315000 0 255 0
0.095000 1.303000 2.325000 0 255 0
0.040000 1.496000 2.255000 0 255 0
0.049000 1.440000 2.267000 0 255 0
0.069000 1.630000 2.284000 0 255 0
0.045000 1.206000 2.271000 0 255 0
0.088000 1.640000 2.306000 0 255 0
0.050000 1.473000 2.267000 0 255 0
0.071000 1.118000 2.302000 0 255 0
0.056000 1.132000 2.285000 0 255 0
0.030000 1.094000 2.257000 0 255 0
0.034000 1.097000 2.262000 0 255 0
0.096000 1.129000 2.331000 0 255 0
0.072000 1.124000 2.303000 0 255 0
0.046000 1.097000 2.275000 0 255 0
0.088000 1.115000 2.322000 0 255 0
0.027000 1.090000 2.254000 0 255 0
0.019000 0.797000 2.241000 0 255 0
0.043000 0.928000 2.245000 0 255 0
0.034000 1.025000 2.245000 0 255 0
0.041000 0.815000 2.243000 0 255 0
0.027000 0.899000 2.243000 0 255 0
0.030000 0.893000 2.243000 0 255 0
0.025000 0.942000 2.243000 0 255 0
0.036000 1.030000 2.245000 0 255 0
0.034000 0.863000 2.243000 0 255 0
0.048000 0.985000 2.246000 0 255 0
0.026000 0.932000 2.243000 0 255 0
0.017000 0.879000 2.242000 0 255 0
0.029000 0.807000 2.242000 0 255 0
0.046000 0.807000 2.244000 0 255 0
0.021000 1.056000 2.244000 0 255 0
0.045000 0.932000 2.245000 0 255 0
0.031000 0.873000 2.243000 0 255 0
0.042000 0.762000 2.250000 0 255 0
0.061000 0.762000 2.261000 0 255 0
0.034000 0.750000 2.248000 0 255 0
0.034000 0.777000 2.242000 0 255 0
0.043000 0.765000 2.250000 0 255 0
0.045000 0.770000 2.250000 0 255 0
0.056000 0.755000 2.259000 0 255 0
0.044000 0.754000 2.253000 0 255 0
0.074000 0.736000 2.290000 0 255 0
0.047000 0.731000 2.268000 0 255 0
0.115000 0.743000 2.326000 0 255 0
0.618000 1.051000 2.791000 0 255 0
0.160000 0.262000 2.389000 0 255 0
0.152000 0.292000 2.381000 0 255 0
0.141000 0.313000 2.370000 0 255 0
0.189000 0.149000 2.419000 0 255 0
0.220000 0.164000 2.446000 0 255 0
0.139000 0.426000 2.364000 0 255 0
0.230000 0.173000 2.455000 0 255 0
0.105000 0.407000 2.334000 0 255 0
0.163000 0.156000 2.395000 0 255 0
0.180000 0.229000 2.408000 0 255 0
0.103000 0.305000 2.335000 0 255 0
0.117000 0.307000 2.348000 0 255 0
0.134000 0.115000 2.369000 0 255 0
0.103000 0.195000 2.339000 0 255 0
0.206000 0.291000 2.429000 0 255 0
0.140000 0.436000 2.365000 0 255 0
0.183000 0.253000 2.409000 0 255 0
0.185000 0.188000 2.413000 0 255 0
0.167000 0.282000 2.394000 0 255 0
0.153000 0.145000 2.386000 0 255 0
0.117000 0.163000 2.352000 0 255 0
0.191000 0.269000 2.417000 0 255 0
0.250000 0.186000 2.473000 0 255 0
0.127000 0.117000 2.363000 0 255 0
0.144000 0.233000 2.375000 0 255 0
0.119000 0.184000 2.354000 0 255 0
0.154000 0.266000 2.383000 0 255 0
0.186000 0.217000 2.413000 0 255 0
0.189000 0.229000 2.416000 0 255 0
0.116000 0.344000 2.346000 0 255 0
0.126000 0.183000 2.360000 0 255 0
0.190000 0.302000 2.414000 0 255 0
0.140000 0.258000 2.371000 0 255 0
0.120000 0.475000 2.345000 0 255 0
0.137000 0.258000 2.368000 0 255 0
0.161000 0.399000 2.386000 0 255 0
0.150000 0.184000 2.382000 0 255 0
0.109000 0.442000 2.336000 0 255 0
0.164000 0.168000 2.395000 0 255 0
0.182000 0.200000 2.410000 0 255 0
0.139000 0.275000 2.369000 0 255 0
0.115000 0.497000 2.340000 0 255 0
0.129000 0.405000 2.356000 0 255 0
0.141000 0.127000 2.375000 0 255 0
0.198000 0.311000 2.422000 0 255 0
0.225000 0.249000 2.448000 0 255 0
0.139000 0.262000 2.370000 0 255 0
0.197000 0.150000 2.426000 0 255 0
0.138000 0.359000 2.365000 0 255 0
0.110000 0.230000 2.345000 0 255 0
0.190000 0.155000 2.419000 0 255 0
0.158000 0.187000 2.389000 0 255 0
0.124000 0.420000 2.350000 0 255 0
0.106000 0.268000 2.339000 0 255 0
0.104000 0.380000 2.334000 0 255 0
0.132000 0.351000 2.360000 0 255 0
0.211000 0.216000 2.436000 0 255 0
0.186000 0.184000 2.415000 0 255 0
0.134000 0.162000 2.368000 0 255 0
0.268000 0.579000 2.521000 0 255 0
0.199000 0.440000 2.432000 0 255 0
0.260000 0.305000 2.490000 0 255 0
0.174000 0.690000 2.423000 0 255 0
0.202000 0.585000 2.447000 0 255 0
0.225000 0.547000 2.470000 0 255 0
0.162000 0.658000 2.406000 0 255 0
0.207000 0.567000 2.450000 0 255 0
0.200000 0.573000 2.443000 0 255 0
0.198000 0.672000 2.449000 0 255 0
0.126000 0.703000 2.369000 0 255 0
0.202000 0.593000 2.447000 0 255 0
0.246000 0.261000 2.471000 0 255 0
0.163000 0.589000 2.401000 0 255 0
0.170000 0.441000 2.398000 0 255 0
0.266000 0.533000 2.515000 0 255 0
0.222000 0.661000 2.476000 0 255 0
0.208000 0.499000 2.446000 0 255 0
0.264000 0.559000 2.515000 0 255 0
0.175000 0.682000 2.423000 0 255 0
0.262000 0.677000 2.523000 0 255 0
0.152000 0.690000 2.398000 0 255 0
0.129000 0.574000 2.362000 0 255 0
0.168000 0.673000 2.414000 0 255 0
0.201000 0.605000 2.446000 0 255 0
0.125000 0.533000 2.354000 0 255 0
0.249000 0.558000 2.499000 0 255 0
0.252000 0.241000 2.476000 0 255 0
0.170000 0.530000 2.406000 0 255 0
0.227000 0.354000 2.456000 0 255 0
0.208000 0.688000 2.462000 0 255 0
0.118000 0.540000 2.347000 0 255 0
0.150000 0.605000 2.389000 0 255 0
0.182000 0.403000 2.408000 0 255 0
0.233000 0.292000 2.458000 0 255 0
0.144000 0.575000 2.379000 0 255 0
0.255000 0.470000 2.498000 0 255 0
0.234000 0.377000 2.466000 0 255 0
0.257000 0.510000 2.504000 0 255 0
0.116000 0.636000 2.351000 0 255 0
0.137000 0.470000 2.362000 0 255 0
0.256000 0.329000 2.487000 0 255 0
0.265000 0.225000 2.489000 0 255 0
0.212000 0.590000 2.458000 0 255 0
0.261000 0.265000 2.489000 0 255 0
0.238000 0.535000 2.483000 0 255 0
0.195000 0.454000 2.427000 0 255 0
0.156000 0.677000 2.401000 0 255 0
0.211000 0.424000 2.444000 0 255 0
0.225000 0.546000 2.470000 0 255 0
0.122000 0.603000 2.356000 0 255 0
0.239000 0.301000 2.466000 0 255 0
0.102000 0.647000 2.336000 0 255 0
0.252000 0.637000 2.508000 0 255 0
0.148000 0.501000 2.378000 0 255 0
0.098000 0.664000 2.333000 0 255 0
0.242000 0.588000 2.492000 0 255 0
0.185000 0.536000 2.423000 0 255 0
0.198000 0.467000 2.433000 0 255 0
0.247000 0.383000 2.482000 0 255 0
0.150000 0.437000 2.374000 0 255 0
0.233000 0.551000 2.479000 0 255 0
0.130000 0.475000 2.355000 0 255 0
0.220000 0.649000 2.472000 0 255 0
0.165000 0.640000 2.409000 0 255 0
0.100000 0.622000 2.333000 0 255 0
0.197000 0.531000 2.436000 0 255 0
0.120000 0.518000 2.347000 0 255 0
0.110000 0.569000 2.339000 0 255 0
0.256000 0.513000 2.502000 0 255 0
0.265000 0.197000 2.487000 0 255 0
0.099000 0.685000 2.336000 0 255 0
0.201000 0.601000 2.446000 0 255 0
0.168000 0.487000 2.399000 0 255 0
0.218000 0.484000 2.457000 0 255 0
0.182000 0.391000 2.408000 0 255 0
0.179000 0.369000 2.402000 0 255 0
0.213000 0.363000 2.441000 0 255 0
0.199000 0.566000 2.441000 0 255 0
0.190000 0.689000 2.441000 0 255 0
0.191000 0.519000 2.429000 0 255 0
0.185000 0.504000 2.421000 0 255 0
0.213000 0.686000 2.468000 0 255 0
0.266000 0.278000 2.495000 0 255 0
0.242000 0.561000 2.490000 0 255 0
0.218000 0.423000 2.451000 0 255 0
0.144000 0.630000 2.384000 0 255 0
0.246000 0.584000 2.496000 0 255 0
0.167000 0.596000 2.407000 0 255 0
0.120000 0.695000 2.361000 0 255 0
0.268000 0.580000 2.522000 0 255 0
0.146000 0.521000 2.377000 0 255 0
0.175000 0.578000 2.415000 0 255 0
0.201000 0.545000 2.442000 0 255 0
0.266000 0.395000 2.505000 0 255 0
0.206000 0.639000 2.455000 0 255 0
0.247000 0.238000 2.470000 0 255 0
0.109000 0.643000 2.345000 0 255 0
0.240000 0.534000 2.486000 0 255 0
0.142000 0.657000 2.383000 0 255 0
0.242000 0.528000 2.488000 0 255 0
0.239000 0.473000 2.480000 0 255 0
0.125000 0.512000 2.352000 0 255 0
0.251000 0.526000 2.498000 0 255 0
0.200000 0.331000 2.424000 0 255 0
0.123000 0.540000 2.352000 0 255 0
0.216000 0.509000 2.456000 0 255 0
0.154000 0.601000 2.393000 0 255 0
0.216000 0.304000 2.440000 0 255 0
0.178000 0.667000 2.425000 0 255 0
0.129000 0.517000 2.358000 0 255 0
0.180000 0.445000 2.410000 0 255 0
0.168000 0.391000 2.392000 0 255 0
0.171000 0.437000 2.399000 0 255 0
0.189000 0.377000 2.415000 0 255 0
0.219000 0.675000 2.473000 0 255 0
0.378000 1.566000 2.639000 0 255 0
0.115000 1.230000 2.350000 0 255 0
0.140000 1.579000 2.367000 0 255 0
0.406000 1.635000 2.669000 0 255 0
0.150000 1.428000 2.383000 0 255 0
0.390000 1.545000 2.653000 0 255 0
0.217000 1.558000 2.455000 0 255 0
0.426000 1.621000 2.692000 0 255 0
0.265000 1.552000 2.510000 0 255 0
0.334000 1.570000 2.589000 0 255 0
0.198000 1.595000 2.432000 0 255 0
0.155000 1.465000 2.387000 0 255 0
0.186000 1.665000 2.416000 0 255 0
0.136000 1.646000 2.360000 0 255 0
0.110000 1.227000 2.344000 0 255 0
0.142000 1.391000 2.375000 0 255 0
0.201000 1.546000 2.438000 0 255 0
0.102000 1.261000 2.334000 0 255 0
0.177000 1.615000 2.407000 0 255 0
0.288000 1.450000 2.540000 0 255 0
0.105000 1.226000 2.338000 0 255 0
0.379000 1.525000 2.642000 0 255 0
0.150000 1.450000 2.382000 0 255 0
0.285000 1.406000 2.537000 0 255 0
0.236000 1.553000 2.478000 0 255 0
0.140000 1.436000 2.371000 0 255 0
0.101000 1.192000 2.335000 0 255 0
0.439000 1.657000 2.705000 0 255 0
0.161000 1.272000 2.401000 0 255 0
0.110000 1.259000 2.343000 0 255 0
0.122000 1.293000 2.356000 0 255 0
0.162000 1.501000 2.394000 0 255 0
0.301000 1.476000 2.554000 0 255 0
0.142000 1.674000 2.366000 0 255 0
0.495000 1.686000 2.768000 0 255 0
0.246000 1.554000 2.489000 0 255 0
0.140000 1.456000 2.371000 0 255 0
0.253000 1.681000 2.492000 0 255 0
0.282000 1.549000 2.530000 0 255 0
0.118000 1.284000 2.352000 0 255 0
0.251000 1.679000 2.490000 0 255 0
0.291000 1.414000 2.545000 0 255 0
0.168000 1.360000 2.406000 0 255 0
0.353000 1.589000 2.609000 0 255 0
0.177000 1.346000 2.416000 0 255 0
0.189000 1.667000 2.420000 0 255 0
0.432000 1.644000 2.697000 0 255 0
0.155000 1.660000 2.381000 0 255 0
0.349000 1.641000 2.603000 0 255 0
0.421000 1.680000 2.684000 0 255 0
0.322000 1.588000 2.574000 0 255 0
0.436000 1.653000 2.702000 0 255 0
0.269000 1.460000 2.518000 0 255 0
0.112000 1.468000 2.338000 0 255 0
0.258000 1.676000 2.498000 0 255 0
0.206000 1.446000 2.446000 0 255 0
0.189000 1.482000 2.426000 0 255 0
0.110000 1.584000 2.332000 0 255 0
0.340000 1.585000 2.595000 0 255 0
0.257000 1.564000 2.500000 0 255 0
0.132000 1.476000 2.361000 0 255 0
0.394000 1.538000 2.658000 0 255 0
0.115000 1.652000 2.336000 0 255 0
0.187000 1.615000 2.419000 0 255 0
0.277000 1.481000 2.527000 0 255 0
0.204000 1.493000 2.442000 0 255 0
0.164000 1.427000 2.399000 0 255 0
0.101000 1.235000 2.333000 0 255 0
0.200000 1.473000 2.439000 0 255 0
0.390000 1.631000 2.650000 0 255 0
0.217000 1.607000 2.453000 0 255 0
0.286000 1.682000 2.529000 0 255 0
0.252000 1.585000 2.494000 0 255 0
0.139000 1.569000 2.366000 0 255 0
0.349000 1.532000 2.607000 0 255 0
0.238000 1.357000 2.486000 0 255 0
0.278000 1.505000 2.527000 0 255 0
0.257000 1.444000 2.505000 0 255 0
0.392000 1.592000 2.654000 0 255 0
0.237000 1.351000 2.485000 0 255 0
0.202000 1.395000 2.444000 0 255 0
0.325000 1.461000 2.582000 0 255 0
0.118000 1.226000 2.353000 0 255 0
0.515000 1.689000 2.791000 0 255 0
0.243000 1.486000 2.488000 0 255 0
0.121000 1.289000 2.355000 0 255 0
0.330000 1.511000 2.585000 0 255 0
0.191000 1.650000 2.423000 0 255 0
0.278000 1.632000 2.523000 0 255 0
0.461000 1.689000 2.730000 0 255 0
0.267000 1.657000 2.509000 0 255 0
0.220000 1.340000 2.466000 0 255 0
0.185000 1.659000 2.416000 0 255 0
0.211000 1.420000 2.453000 0 255 0
0.142000 1.474000 2.372000 0 255 0
0.379000 1.602000 2.639000 0 255 0
0.463000 1.671000 2.732000 0 255 0
0.456000 1.646000 2.725000 0 255 0
0.277000 1.511000 2.525000 0 255 0
0.240000 1.648000 2.478000 0 255 0
0.196000 1.569000 2.430000 0 255 0
0.203000 1.465000 2.442000 0 255 0
0.364000 1.581000 2.622000 0 255 0
0.249000 1.615000 2.489000 0 255 0
0.157000 1.608000 2.385000 0 255 0
0.222000 1.660000 2.457000 0 255 0
0.110000 1.445000 2.337000 0 255 0
0.146000 1.551000 2.374000 0 255 0
0.399000 1.576000 2.662000 0 255 0
0.106000 1.225000 2.339000 0 255 0
0.282000 1.445000 2.533000 0 255 0
0.161000 1.398000 2.397000 0 255 0
0.267000 1.555000 2.512000 0 255 0
0.361000 1.514000 2.621000 0 255 0
0.407000 1.664000 2.669000 0 255 0
0.166000 1.473000 2.400000 0 255 0
0.230000 1.579000 2.470000 0 255 0
0.361000 1.679000 2.616000 0 255 0
0.236000 1.425000 2.481000 0 255 0
0.117000 1.209000 2.352000 0 255 0
0.306000 1.639000 2.555000 0 255 0
0.124000 1.219000 2.360000 0 255 0
0.160000 1.565000 2.390000 0 255 0
0.138000 1.307000 2.374000 0 255 0
0.492000 1.674000 2.765000 0 255 0
0.207000 1.641000 2.441000 0 255 0
0.287000 1.450000 2.539000 0 255 0
0.182000 1.554000 2.415000 0 255 0
0.251000 1.575000 2.493000 0 255 0
0.357000 1.548000 2.615000 0 255 0
0.508000 1.683000 2.783000 0 255 0
0.161000 1.484000 2.394000 0 255 0
0.256000 1.438000 2.503000 0 255 0
0.269000 1.665000 2.511000 0 255 0
0.260000 1.522000 2.506000 0 255 0
0.176000 1.608000 2.406000 0 255 0
0.135000 1.638000 2.360000 0 255 0
0.144000 1.512000 2.374000 0 255 0
0.238000 1.611000 2.477000 0 255 0
0.197000 1.632000 2.430000 0 255 0
0.351000 1.542000 2.609000 0 255 0
0.380000 1.631000 2.639000 0 255 0
0.136000 1.274000 2.372000 0 255 0
0.272000 1.594000 2.517000 0 255 0
0.106000 1.423000 2.333000 0 255 0
0.296000 1.541000 2.546000 0 255 0
0.229000 1.383000 2.474000 0 255 0
0.171000 1.376000 2.409000 0 255 0
0.263000 1.433000 2.511000 0 255 0
0.339000 1.475000 2.598000 0 255 0
0.355000 1.654000 2.609000 0 255 0
0.237000 1.487000 2.480000 0 255 0
0.288000 1.548000 2.537000 0 255 0
0.250000 1.377000 2.498000 0 255 0
0.138000 1.511000 2.366000 0 255 0
0.455000 1.663000 2.723000 0 255 0
0.179000 1.641000 2.409000 0 255 0
0.450000 1.605000 2.720000 0 255 0
0.340000 1.605000 2.594000 0 255 0
0.110000 1.203000 2.345000 0 255 0
0.198000 1.477000 2.436000 0 255 0
0.395000 1.584000 2.658000 0 255 0
0.257000 1.508000 2.503000 0 255 0
0.197000 1.556000 2.433000 0 255 0
0.208000 1.451000 2.449000 0 255 0
0.167000 1.295000 2.406000 0 255 0
0.204000 1.603000 2.439000 0 255 0
0.278000 1.641000 2.522000 0 255 0
0.301000 1.478000 2.554000 0 255 0
0.198000 1.515000 2.435000 0 255 0
0.106000 1.416000 2.333000 0 255 0
0.443000 1.645000 2.710000 0 255 0
0.130000 1.309000 2.364000 0 255 0
0.192000 1.603000 2.425000 0 255 0
0.295000 1.465000 2.547000 0 255 0
0.204000 1.417000 2.445000 0 255 0
0.244000 1.577000 2.486000 0 255 0
0.256000 1.514000 2.501000 0 255 0
0.159000 1.489000 2.392000 0 255 0
0.431000 1.618000 2.697000 0 255 0
0.207000 1.481000 2.446000 0 255 0
0.487000 1.666000 2.759000 0 255 0
0.238000 1.406000 2.484000 0 255 0
0.288000 1.685000 2.532000 0 255 0
0.122000 1.603000 2.345000 0 255 0
0.193000 1.425000 2.432000 0 255 0
0.251000 1.423000 2.498000 0 255 0
0.335000 1.670000 2.587000 0 255 0
0.318000 1.533000 2.571000 0 255 0
0.163000 1.613000 2.392000 0 255 0
0.198000 1.652000 2.430000 0 255 0
0.210000 1.587000 2.446000 0 255 0
0.131000 1.328000 2.365000 0 255 0
0.311000 1.621000 2.561000 0 255 0
0.417000 1.647000 2.681000 0 255 0
0.171000 1.619000 2.400000 0 255 0
0.416000 1.583000 2.682000 0 255 0
0.106000 1.214000 2.340000 0 255 0
0.371000 1.621000 2.629000 0 255 0
0.469000 1.678000 2.739000 0 255 0
0.259000 1.415000 2.508000 0 255 0
0.338000 1.558000 2.593000 0 255 0
0.140000 1.276000 2.376000 0 255 0
0.314000 1.531000 2.567000 0 255 0
0.448000 1.623000 2.717000 0 255 0
0.137000 1.278000 2.374000 0 255 0
0.150000 1.688000 2.374000 0 255 0
0.228000 1.560000 2.467000 0 255 0
0.454000 1.636000 2.724000 0 255 0
0.219000 1.654000 2.454000 0 255 0
0.198000 1.379000 2.439000 0 255 0
0.123000 1.250000 2.358000 0 255 0
0.123000 1.368000 2.355000 0 255 0
0.254000 1.540000 2.498000 0 255 0
0.202000 1.539000 2.439000 0 255 0
0.258000 1.406000 2.508000 0 255 0
0.124000 1.350000 2.356000 0 255 0
0.136000 1.261000 2.372000 0 255 0
0.421000 1.567000 2.687000 0 255 0
0.191000 1.641000 2.423000 0 255 0
0.189000 1.646000 2.420000 0 255 0
0.411000 1.573000 2.677000 0 255 0
0.333000 1.486000 2.590000 0 255 0
0.324000 1.580000 2.576000 0 255 0
0.403000 1.638000 2.665000 0 255 0
0.183000 1.631000 2.414000 0 255 0
0.219000 1.662000 2.454000 0 255 0
0.148000 1.640000 2.374000 0 255 0
0.142000 1.330000 2.377000 0 255 0
0.457000 1.614000 2.727000 0 255 0
0.111000 1.627000 2.332000 0 255 0
0.332000 1.567000 2.587000 0 255 0
0.210000 1.579000 2.447000 0 255 0
0.168000 1.413000 2.404000 0 255 0
0.115000 1.342000 2.346000 0 255 0
0.183000 1.612000 2.415000 0 255 0
0.264000 1.440000 2.513000 0 255 0
0.312000 1.658000 2.560000 0 255 0
0.182000 1.444000 2.419000 0 255 0
0.202000 0.695000 2.450000 0 255 0
0.269000 0.689000 2.521000 0 255 0
0.156000 0.699000 2.402000 0 255 0
0.319000 0.701000 2.561000 0 255 0
0.264000 0.700000 2.508000 0 255 0
0.125000 0.709000 2.364000 0 255 0
0.154000 1.083000 2.398000 0 255 0
0.158000 1.108000 2.401000 0 255 0
0.183000 1.245000 2.427000 0 255 0
0.164000 1.116000 2.408000 0 255 0
0.341000 1.412000 2.601000 0 255 0
0.130000 1.125000 2.370000 0 255 0
0.296000 1.386000 2.551000 0 255 0
0.462000 1.606000 2.733000 0 255 0
0.201000 1.176000 2.448000 0 255 0
0.317000 1.430000 2.573000 0 255 0
0.282000 1.396000 2.535000 0 255 0
0.256000 1.231000 2.509000 0 255 0
0.452000 1.569000 2.723000 0 255 0
0.200000 1.233000 2.446000 0 255 0
0.331000 1.443000 2.589000 0 255 0
0.487000 1.625000 2.761000 0 255 0
0.402000 1.471000 2.669000 0 255 0
0.341000 1.417000 2.600000 0 255 0
0.351000 1.476000 2.610000 0 255 0
0.249000 1.243000 2.501000 0 255 0
0.148000 1.211000 2.387000 0 255 0
0.425000 1.565000 2.693000 0 255 0
0.342000 1.393000 2.603000 0 255 0
0.493000 1.644000 2.767000 0 255 0
0.333000 1.407000 2.592000 0 255 0
0.196000 1.174000 2.443000 0 255 0
0.244000 1.243000 2.495000 0 255 0
0.122000 1.113000 2.360000 0 255 0
0.499000 1.650000 2.774000 0 255 0
0.108000 1.184000 2.343000 0 255 0
0.147000 1.186000 2.387000 0 255 0
0.125000 1.183000 2.362000 0 255 0
0.310000 1.381000 2.567000 0 255 0
0.160000 1.112000 2.403000 0 255 0
0.205000 1.162000 2.452000 0 255 0
0.316000 1.412000 2.573000 0 255 0
0.351000 1.467000 2.611000 0 255 0
0.142000 1.070000 2.384000 0 255 0
0.145000 1.160000 2.385000 0 255 0
0.107000 1.092000 2.344000 0 255 0
0.172000 1.087000 2.418000 0 255 0
0.329000 1.356000 2.588000 0 255 0
0.211000 1.221000 2.459000 0 255 0
0.469000 1.595000 2.741000 0 255 0
0.231000 1.337000 2.478000 0 255 0
0.267000 1.382000 2.518000 0 255 0
0.137000 1.163000 2.376000 0 255 0
0.423000 1.520000 2.691000 0 255 0
0.204000 1.220000 2.450000 0 255 0
0.279000 1.323000 2.533000 0 255 0
0.470000 1.598000 2.742000 0 255 0
0.413000 1.495000 2.681000 0 255 0
0.177000 1.145000 2.421000 0 255 0
0.126000 1.145000 2.364000 0 255 0
0.201000 1.209000 2.447000 0 255 0
0.279000 1.321000 2.533000 0 255 0
0.239000 1.232000 2.489000 0 255 0
0.233000 1.242000 2.482000 0 255 0
0.244000 1.347000 2.493000 0 255 0
0.383000 1.446000 2.647000 0 255 0
0.168000 1.215000 2.410000 0 255 0
0.259000 1.356000 2.510000 0 255 0
0.141000 1.225000 2.380000 0 255 0
0.269000 1.296000 2.523000 0 255 0
0.185000 1.131000 2.431000 0 255 0
0.174000 1.190000 2.417000 0 255 0
0.298000 1.400000 2.553000 0 255 0
0.288000 1.398000 2.542000 0 255 0
0.326000 1.447000 2.583000 0 255 0
0.165000 1.094000 2.409000 0 255 0
0.121000 1.116000 2.359000 0 255 0
0.167000 1.089000 2.412000 0 255 0
0.371000 1.425000 2.635000 0 255 0
0.212000 1.249000 2.459000 0 255 0
0.218000 1.214000 2.466000 0 255 0
0.417000 1.528000 2.684000 0 255 0
0.301000 1.319000 2.558000 0 255 0
0.107000 1.171000 2.342000 0 255 0
0.109000 1.134000 2.346000 0 255 0
0.401000 1.477000 2.668000 0 255 0
0.182000 1.157000 2.427000 0 255 0
0.459000 1.595000 2.730000 0 255 0
0.098000 1.144000 2.333000 0 255 0
0.241000 1.230000 2.492000 0 255 0
0.271000 1.269000 2.525000 0 255 0
0.251000 1.291000 2.503000 0 255 0
0.434000 1.564000 2.702000 0 255 0
0.175000 1.269000 2.417000 0 255 0
0.311000 1.371000 2.568000 0 255 0
0.447000 1.546000 2.717000 0 255 0
0.412000 1.500000 2.679000 0 255 0
0.186000 1.141000 2.432000 0 255 0
0.128000 1.158000 2.367000 0 255 0
0.184000 1.149000 2.430000 0 255 0
0.226000 1.215000 2.475000 0 255 0
0.217000 1.186000 2.466000 0 255 0
0.346000 1.456000 2.606000 0 255 0
0.317000 1.352000 2.575000 0 255 0
0.135000 1.174000 2.374000 0 255 0
0.133000 1.184000 2.371000 0 255 0
0.540000 1.673000 2.819000 0 255 0
0.512000 1.442000 2.793000 0 255 0
0.331000 1.338000 2.591000 0 255 0
0.456000 1.538000 2.728000 0 255 0
0.345000 1.240000 2.609000 0 255 0
0.511000 1.247000 2.795000 0 255 0
0.192000 1.089000 2.439000 0 255 0
0.591000 1.438000 2.881000 0 255 0
0.493000 1.581000 2.769000 0 255 0
0.559000 1.599000 2.842000 0 255 0
0.568000 1.508000 2.854000 0 255 0
0.456000 1.450000 2.730000 0 255 0
0.433000 1.288000 2.706000 0 255 0
0.556000 1.303000 2.844000 0 255 0
0.273000 1.208000 2.529000 0 255 0
0.332000 1.237000 2.594000 0 255 0
0.605000 1.276000 2.900000 0 255 0
0.521000 1.491000 2.802000 0 255 0
0.477000 1.409000 2.754000 0 255 0
0.340000 1.248000 2.603000 0 255 0
0.361000 1.230000 2.627000 0 255 0
0.532000 1.516000 2.813000 0 255 0
0.556000 1.301000 2.844000 0 255 0
0.434000 1.417000 2.705000 0 255 0
0.434000 1.436000 2.705000 0 255 0
0.368000 1.317000 2.633000 0 255 0
0.499000 1.570000 2.775000 0 255 0
0.393000 1.349000 2.661000 0 255 0
0.347000 1.168000 2.612000 0 255 0
0.596000 1.291000 2.889000 0 255 0
0.519000 1.494000 2.799000 0 255 0
0.462000 1.414000 2.737000 0 255 0
0.594000 1.419000 2.885000 0 255 0
0.378000 1.299000 2.645000 0 255 0
0.419000 1.257000 2.692000 0 255 0
0.504000 1.381000 2.785000 0 255 0
0.525000 1.407000 2.807000 0 255 0
0.464000 1.475000 2.738000 0 255 0
0.547000 1.251000 2.835000 0 255 0
0.365000 1.256000 2.631000 0 255 0
0.315000 1.245000 2.575000 0 255 0
0.531000 1.346000 2.815000 0 255 0
0.335000 1.345000 2.596000 0 255 0
0.181000 1.095000 2.428000 0 255 0
0.369000 1.214000 2.636000 0 255 0
0.544000 1.391000 2.829000 0 255 0
0.516000 1.563000 2.795000 0 255 0
0.528000 1.286000 2.813000 0 255 0
0.427000 1.220000 2.701000 0 255 0
0.534000 1.477000 2.816000 0 255 0
0.561000 1.614000 2.844000 0 255 0
0.411000 1.183000 2.684000 0 255 0
0.456000 1.444000 2.730000 0 255 0
0.314000 1.233000 2.574000 0 255 0
0.439000 1.437000 2.711000 0 255 0
0.449000 1.539000 2.720000 0 255 0
0.413000 1.186000 2.685000 0 255 0
0.414000 1.373000 2.684000 0 255 0
0.564000 1.263000 2.854000 0 255 0
0.547000 1.515000 2.831000 0 255 0
0.507000 1.494000 2.786000 0 255 0
0.575000 1.599000 2.861000 0 255 0
0.493000 1.590000 2.768000 0 255 0
0.456000 1.373000 2.731000 0 255 0
0.340000 1.161000 2.604000 0 255 0
0.544000 1.652000 2.825000 0 255 0
0.447000 1.391000 2.720000 0 255 0
0.377000 1.388000 2.642000 0 255 0
0.311000 1.158000 2.572000 0 255 0
0.473000 1.293000 2.751000 0 255 0
0.567000 1.328000 2.856000 0 255 0
0.311000 1.151000 2.573000 0 255 0
0.566000 1.489000 2.852000 0 255 0
0.477000 1.588000 2.751000 0 255 0
0.414000 1.390000 2.684000 0 255 0
0.339000 1.329000 2.600000 0 255 0
0.313000 1.174000 2.574000 0 255 0
0.378000 1.370000 2.644000 0 255 0
0.493000 1.523000 2.770000 0 255 0
0.513000 1.511000 2.792000 0 255 0
0.494000 1.550000 2.771000 0 255 0
0.358000 1.375000 2.621000 0 255 0
0.552000 1.403000 2.838000 0 255 0
0.515000 1.544000 2.794000 0 255 0
0.506000 1.614000 2.783000 0 255 0
0.234000 1.130000 2.486000 0 255 0
0.551000 1.456000 2.836000 0 255 0
0.490000 1.328000 2.769000 0 255 0
0.527000 1.413000 2.809000 0 255 0
0.454000 1.250000 2.731000 0 255 0
0.446000 1.422000 2.719000 0 255 0
0.236000 1.110000 2.489000 0 255 0
0.331000 1.227000 2.593000 0 255 0
0.298000 1.207000 2.557000 0 255 0
0.483000 1.309000 2.762000 0 255 0
0.492000 1.456000 2.770000 0 255 0
0.262000 1.219000 2.516000 0 255 0
0.612000 1.315000 2.906000 0 255 0
0.246000 1.149000 2.499000 0 255 0
0.360000 1.261000 2.625000 0 255 0
0.306000 1.253000 2.564000 0 255 0
0.443000 1.211000 2.719000 0 255 0
0.441000 1.527000 2.712000 0 255 0
0.469000 1.422000 2.745000 0 255 0
0.585000 1.500000 2.873000 0 255 0
0.501000 1.533000 2.778000 0 255 0
0.319000 1.148000 2.582000 0 255 0
0.267000 1.130000 2.523000 0 255 0
0.450000 1.237000 2.726000 0 255 0
0.345000 1.300000 2.608000 0 255 0
0.495000 1.565000 2.772000 0 255 0
0.437000 1.406000 2.709000 0 255 0
0.404000 1.470000 2.671000 0 255 0
0.572000 1.262000 2.862000 0 255 0
0.553000 1.333000 2.840000 0 255 0
0.537000 1.684000 2.816000 0 255 0
0.284000 1.183000 2.541000 0 255 0
0.448000 1.379000 2.722000 0 255 0
0.522000 1.348000 2.805000 0 255 0
0.310000 1.155000 2.571000 0 255 0
0.463000 1.326000 2.740000 0 255 0
0.369000 1.372000 2.633000 0 255 0
0.352000 1.157000 2.618000 0 255 0
0.512000 1.427000 2.792000 0 255 0
0.377000 1.233000 2.645000 0 255 0
0.348000 1.216000 2.613000 0 255 0
0.524000 1.627000 2.803000 0 255 0
0.479000 1.338000 2.757000 0 255 0
0.483000 1.317000 2.762000 0 255 0
0.526000 1.278000 2.811000 0 255 0
0.544000 1.509000 2.827000 0 255 0
0.604000 1.314000 2.898000 0 255 0
0.493000 1.495000 2.771000 0 255 0
0.537000 1.261000 2.824000 0 255 0
0.377000 1.204000 2.645000 0 255 0
0.552000 1.468000 2.836000 0 255 0
0.586000 1.344000 2.877000 0 255 0
0.469000 1.445000 2.744000 0 255 0
0.448000 1.214000 2.724000 0 255 0
0.511000 1.360000 2.792000 0 255 0
0.515000 1.282000 2.798000 0 255 0
0.243000 1.159000 2.495000 0 255 0
0.209000 1.125000 2.459000 0 255 0
0.346000 1.307000 2.609000 0 255 0
0.532000 1.290000 2.817000 0 255 0
0.589000 1.505000 2.878000 0 255 0
0.307000 1.162000 2.567000 0 255 0
0.596000 1.451000 2.886000 0 255 0
0.571000 1.419000 2.859000 0 255 0
0.420000 1.484000 2.688000 0 255 0
0.546000 1.532000 2.829000 0 255 0
0.364000 1.297000 2.630000 0 255 0
0.468000 1.533000 2.741000 0 255 0
0.219000 1.128000 2.469000 0 255 0
0.448000 1.459000 2.721000 0 255 0
0.489000 1.365000 2.768000 0 255 0
0.585000 1.494000 2.873000 0 255 0
0.441000 1.407000 2.714000 0 255 0
0.594000 1.479000 2.883000 0 255 0
0.395000 1.281000 2.664000 0 255 0
0.344000 1.264000 2.607000 0 255 0
0.220000 1.151000 2.470000 0 255 0
0.584000 1.533000 2.872000 0 255 0
0.453000 1.290000 2.729000 0 255 0
0.449000 1.522000 2.720000 0 255 0
0.452000 1.418000 2.725000 0 255 0
0.504000 1.384000 2.784000 0 255 0
0.470000 1.387000 2.747000 0 255 0
0.423000 1.351000 2.694000 0 255 0
0.570000 1.570000 2.855000 0 255 0
0.611000 1.373000 2.904000 0 255 0
0.437000 1.460000 2.708000 0 255 0
0.439000 1.354000 2.712000 0 255 0
0.321000 1.262000 2.582000 0 255 0
0.215000 1.139000 2.465000 0 255 0
0.346000 1.363000 2.608000 0 255 0
0.446000 1.421000 2.719000 0 255 0
0.574000 1.453000 2.861000 0 255 0
0.471000 1.324000 2.748000 0 255 0
0.597000 1.341000 2.890000 0 255 0
0.513000 1.606000 2.791000 0 255 0
0.490000 1.325000 2.769000 0 255 0
0.426000 1.492000 2.695000 0 255 0
0.566000 1.502000 2.852000 0 255 0
0.543000 1.412000 2.827000 0 255 0
0.622000 1.296000 2.918000 0 255 0
0.383000 1.336000 2.650000 0 255 0
0.541000 1.680000 2.820000 0 255 0
0.447000 1.498000 2.718000 0 255 0
0.535000 1.327000 2.821000 0 255 0
0.465000 1.440000 2.740000 0 255 0
0.523000 1.296000 2.807000 0 255 0
0.395000 1.384000 2.663000 0 255 0
0.459000 1.558000 2.731000 0 255 0
0.498000 1.243000 2.780000 0 255 0
0.399000 1.348000 2.668000 0 255 0
0.557000 1.598000 2.840000 0 255 0
0.559000 1.325000 2.847000 0 255 0
0.335000 1.243000 2.597000 0 255 0
0.590000 1.348000 2.881000 0 255 0
0.557000 1.486000 2.842000 0 255 0
0.479000 1.382000 2.757000 0 255 0
0.517000 1.631000 2.795000 0 255 0
0.514000 1.280000 2.798000 0 255 0
0.521000 1.617000 2.799000 0 255 0
0.216000 1.145000 2.465000 0 255 0
0.187000 1.103000 2.434000 0 255 0
0.525000 1.416000 2.807000 0 255 0
0.580000 1.348000 2.870000 0 255 0
0.422000 1.474000 2.691000 0 255 0
0.461000 1.253000 2.739000 0 255 0
0.520000 1.244000 2.805000 0 255 0
0.543000 1.550000 2.825000 0 255 0
0.559000 1.624000 2.842000 0 255 0
0.463000 1.254000 2.741000 0 255 0
0.553000 1.328000 2.841000 0 255 0
0.521000 1.523000 2.802000 0 255 0
0.495000 1.553000 2.772000 0 255 0
0.509000 1.370000 2.791000 0 255 0
0.371000 1.235000 2.637000 0 255 0
0.332000 1.172000 2.595000 0 255 0
0.394000 1.415000 2.661000 0 255 0
0.497000 1.309000 2.777000 0 255 0
0.445000 1.432000 2.717000 0 255 0
0.463000 1.269000 2.740000 0 255 0
0.597000 1.324000 2.890000 0 255 0
0.394000 1.224000 2.664000 0 255 0
0.332000 1.290000 2.593000 0 255 0
0.539000 1.406000 2.823000 0 255 0
0.246000 1.181000 2.498000 0 255 0
0.521000 1.243000 2.806000 0 255 0
0.453000 1.233000 2.730000 0 255 0
0.482000 1.352000 2.761000 0 255 0
0.571000 1.318000 2.861000 0 255 0
0.473000 1.516000 2.747000 0 255 0
0.586000 1.553000 2.873000 0 255 0
0.212000 1.127000 2.462000 0 255 0
0.255000 1.188000 2.509000 0 255 0
0.409000 1.434000 2.677000 0 255 0
0.460000 1.252000 2.737000 0 255 0
0.605000 1.409000 2.897000 0 255 0
0.517000 1.456000 2.798000 0 255 0
0.394000 1.208000 2.664000 0 255 0
0.492000 1.386000 2.771000 0 255 0
0.459000 0.215000 2.706000 0 255 0
0.475000 0.210000 2.723000 0 255 0
0.505000 0.234000 2.758000 0 255 0
0.308000 0.495000 2.559000 0 255 0
0.605000 0.258000 2.872000 0 255 0
0.287000 0.472000 2.534000 0 255 0
0.303000 0.412000 2.547000 0 255 0
0.282000 0.665000 2.544000 0 255 0
0.419000 0.306000 2.669000 0 255 0
0.397000 0.402000 2.652000 0 255 0
0.372000 0.208000 2.608000 0 255 0
0.293000 0.319000 2.529000 0 255 0
0.400000 0.423000 2.657000 0 255 0
0.320000 0.192000 2.548000 0 255 0
0.489000 0.394000 2.753000 0 255 0
0.482000 0.243000 2.734000 0 255 0
0.316000 0.472000 2.566000 0 255 0
0.486000 0.273000 2.740000 0 255 0
0.293000 0.382000 2.534000 0 255 0
0.514000 0.210000 2.766000 0 255 0
0.472000 0.281000 2.725000 0 255 0
0.543000 0.277000 2.805000 0 255 0
0.382000 0.226000 2.621000 0 255 0
0.495000 0.327000 2.755000 0 255 0
0.448000 0.409000 2.709000 0 255 0
0.369000 0.489000 2.628000 0 255 0
0.347000 0.552000 2.608000 0 255 0
0.344000 0.533000 2.603000 0 255 0
0.561000 0.317000 2.828000 0 255 0
0.362000 0.225000 2.598000 0 255 0
0.445000 0.277000 2.695000 0 255 0
0.454000 0.317000 2.709000 0 255 0
0.328000 0.360000 2.571000 0 255 0
0.303000 0.533000 2.557000 0 255 0
0.315000 0.541000 2.571000 0 255 0
0.389000 0.360000 2.639000 0 255 0
0.509000 0.357000 2.773000 0 255 0
0.388000 0.335000 2.636000 0 255 0
0.313000 0.529000 2.568000 0 255 0
0.315000 0.593000 2.575000 0 255 0
0.405000 0.343000 2.655000 0 255 0
0.540000 0.248000 2.799000 0 255 0
0.436000 0.328000 2.689000 0 255 0
0.380000 0.315000 2.625000 0 255 0
0.439000 0.258000 2.687000 0 255 0
0.524000 0.286000 2.784000 0 255 0
0.373000 0.305000 2.617000 0 255 0
0.502000 0.372000 2.766000 0 255 0
0.642000 0.214000 2.910000 0 255 0
0.382000 0.331000 2.629000 0 255 0
0.517000 0.285000 2.776000 0 255 0
0.431000 0.325000 2.683000 0 255 0
0.427000 0.261000 2.673000 0 255 0
0.583000 0.209000 2.843000 0 255 0
0.329000 0.416000 2.577000 0 255 0
0.555000 0.262000 2.817000 0 255 0
0.381000 0.447000 2.638000 0 255 0
0.614000 0.247000 2.882000 0 255 0
0.443000 0.391000 2.702000 0 255 0
0.532000 0.272000 2.792000 0 255 0
0.361000 0.560000 2.624000 0 255 0
0.277000 0.194000 2.500000 0 255 0
0.550000 0.257000 2.810000 0 255 0
0.315000 0.440000 2.563000 0 255 0
0.417000 0.389000 2.673000 0 255 0
0.322000 0.330000 2.562000 0 255 0
0.374000 0.214000 2.611000 0 255 0
0.365000 0.533000 2.626000 0 255 0
0.543000 0.314000 2.808000 0 255 0
0.489000 0.289000 2.745000 0 255 0
0.377000 0.448000 2.633000 0 255 0
0.347000 0.348000 2.591000 0 255 0
0.406000 0.295000 2.652000 0 255 0
0.532000 0.300000 2.794000 0 255 0
0.399000 0.383000 2.652000 0 255 0
0.305000 0.259000 2.537000 0 255 0
0.417000 0.267000 2.663000 0 255 0
0.287000 0.395000 2.528000 0 255 0
0.482000 0.369000 2.744000 0 255 0
0.432000 0.344000 2.686000 0 255 0
0.298000 0.538000 2.552000 0 255 0
0.344000 0.510000 2.601000 0 255 0
0.377000 0.316000 2.623000 0 255 0
0.341000 0.462000 2.594000 0 255 0
0.294000 0.591000 2.552000 0 255 0
0.559000 0.252000 2.821000 0 255 0
0.421000 0.303000 2.670000 0 255 0
0.395000 0.289000 2.640000 0 255 0
0.415000 0.312000 2.664000 0 255 0
0.487000 0.366000 2.749000 0 255 0
0.512000 0.297000 2.772000 0 255 0
0.586000 0.256000 2.850000 0 255 0
0.288000 0.284000 2.520000 0 255 0
0.308000 0.431000 2.554000 0 255 0
0.399000 0.236000 2.640000 0 255 0
0.492000 0.216000 2.742000 0 255 0
0.343000 0.324000 2.585000 0 255 0
0.389000 0.261000 2.631000 0 255 0
0.398000 0.383000 2.651000 0 255 0
0.341000 0.584000 2.604000 0 255 0
0.521000 0.221000 2.775000 0 255 0
0.491000 0.378000 2.754000 0 255 0
0.491000 0.246000 2.744000 0 255 0
0.630000 0.230000 2.898000 0 255 0
0.396000 0.320000 2.644000 0 255 0
0.437000 0.361000 2.693000 0 255 0
0.640000 0.234000 2.909000 0 255 0
0.343000 0.269000 2.581000 0 255 0
0.295000 0.394000 2.537000 0 255 0
0.499000 0.270000 2.755000 0 255 0
0.292000 0.298000 2.526000 0 255 0
0.399000 0.490000 2.660000 0 255 0
0.309000 0.297000 2.545000 0 255 0
0.283000 0.213000 2.509000 0 255 0
0.473000 0.210000 2.721000 0 255 0
0.284000 0.216000 2.510000 0 255 0
0.315000 0.301000 2.552000 0 255 0
0.423000 0.335000 2.676000 0 255 0
0.597000 0.244000 2.863000 0 255 0
0.357000 0.425000 2.609000 0 255 0
0.320000 0.424000 2.567000 0 255 0
0.508000 0.320000 2.769000 0 255 0
0.296000 0.572000 2.553000 0 255 0
0.281000 0.601000 2.539000 0 255 0
0.562000 0.298000 2.827000 0 255 0
0.577000 0.306000 2.845000 0 255 0
0.457000 0.305000 2.710000 0 255 0
0.294000 0.458000 2.541000 0 255 0
0.336000 0.269000 2.573000 0 255 0
0.285000 0.534000 2.537000 0 255 0
0.470000 0.419000 2.734000 0 255 0
0.514000 0.217000 2.767000 0 255 0
0.463000 0.372000 2.723000 0 255 0
0.491000 0.393000 2.756000 0 255 0
0.404000 0.245000 2.646000 0 255 0
0.276000 0.259000 2.505000 0 255 0
0.317000 0.288000 2.553000 0 255 0
0.295000 0.275000 2.527000 0 255 0
0.494000 0.326000 2.754000 0 255 0
0.461000 0.359000 2.719000 0 255 0
0.571000 0.300000 2.838000 0 255 0
0.289000 0.572000 2.545000 0 255 0
0.465000 0.427000 2.729000 0 255 0
0.277000 0.255000 2.506000 0 255 0
0.333000 0.572000 2.594000 0 255 0
0.385000 0.370000 2.636000 0 255 0
0.414000 0.207000 2.654000 0 255 0
0.404000 0.470000 2.665000 0 255 0
0.516000 0.342000 2.780000 0 255 0
0.445000 0.331000 2.699000 0 255 0
0.294000 0.272000 2.526000 0 255 0
0.543000 0.261000 2.804000 0 255 0
0.392000 0.489000 2.652000 0 255 0
0.543000 0.279000 2.805000 0 255 0
0.354000 0.350000 2.599000 0 255 0
0.349000 0.536000 2.609000 0 255 0
0.307000 0.209000 2.536000 0 255 0
0.310000 0.521000 2.564000 0 255 0
0.498000 0.300000 2.757000 0 255 0
0.388000 0.364000 2.639000 0 255 0
0.396000 0.350000 2.646000 0 255 0
0.323000 0.418000 2.571000 0 255 0
0.508000 0.360000 2.772000 0 255 0
0.352000 0.451000 2.605000 0 255 0
0.270000 0.187000 2.493000 0 255 0
0.300000 0.295000 2.534000 0 255 0
0.385000 0.232000 2.624000 0 255 0
0.338000 0.325000 2.579000 0 255 0
0.377000 0.235000 2.615000 0 255 0
0.401000 0.191000 2.639000 0 255 0
0.583000 0.224000 2.844000 0 255 0
0.448000 0.251000 2.697000 0 255 0
0.542000 0.232000 2.800000 0 255 0
0.332000 0.208000 2.563000 0 255 0
0.514000 0.306000 2.774000 0 255 0
0.361000 0.254000 2.599000 0 255 0
0.478000 0.314000 2.735000 0 255 0
0.469000 0.387000 2.730000 0 255 0
0.510000 0.266000 2.766000 0 255 0
0.290000 0.319000 2.525000 0 255 0
0.398000 0.246000 2.640000 0 255 0
0.450000 0.350000 2.706000 0 255 0
0.441000 0.297000 2.692000 0 255 0
0.366000 0.450000 2.621000 0 255 0
0.424000 0.281000 2.671000 0 255 0
0.310000 0.448000 2.558000 0 255 0
0.471000 0.194000 2.718000 0 255 0
0.427000 0.343000 2.680000 0 255 0
0.362000 0.452000 2.616000 0 255 0
0.428000 0.490000 2.693000 0 255 0
0.287000 0.274000 2.518000 0 255 0
0.279000 0.475000 2.526000 0 255 0
0.329000 0.456000 2.580000 0 255 0
0.278000 0.569000 2.532000 0 255 0
0.295000 0.218000 2.522000 0 255 0
0.483000 0.327000 2.741000 0 255 0
0.454000 0.253000 2.703000 0 255 0
0.354000 0.243000 2.591000 0 255 0
0.441000 0.236000 2.687000 0 255 0
0.501000 0.384000 2.766000 0 255 0
0.280000 0.250000 2.508000 0 255 0
0.497000 0.400000 2.763000 0 255 0
0.314000 0.242000 2.546000 0 255 0
0.444000 0.247000 2.692000 0 255 0
0.338000 0.181000 2.567000 0 255 0
0.563000 0.296000 2.828000 0 255 0
0.436000 0.246000 2.682000 0 255 0
0.619000 0.228000 2.885000 0 255 0
0.352000 0.542000 2.612000 0 255 0
0.408000 0.365000 2.661000 0 255 0
0.281000 0.436000 2.525000 0 255 0
0.355000 0.536000 2.615000 0 255 0
0.275000 0.368000 2.512000 0 255 0
0.340000 0.221000 2.573000 0 255 0
0.456000 1.081000 2.735000 0 255 0
0.549000 1.109000 2.838000 0 255 0
0.574000 1.168000 2.866000 0 255 0
0.458000 1.173000 2.736000 0 255 0
0.520000 1.206000 2.805000 0 255 0
0.446000 1.152000 2.723000 0 255 0
0.361000 1.076000 2.629000 0 255 0
0.411000 1.131000 2.684000 0 255 0
0.291000 1.066000 2.551000 0 255 0
0.599000 1.258000 2.893000 0 255 0
0.387000 1.095000 2.657000 0 255 0
0.491000 1.182000 2.773000 0 255 0
0.263000 1.063000 2.519000 0 255 0
0.401000 1.133000 2.673000 0 255 0
0.492000 1.103000 2.775000 0 255 0
0.381000 1.087000 2.651000 0 255 0
0.579000 1.178000 2.871000 0 255 0
0.395000 1.089000 2.667000 0 255 0
0.585000 1.156000 2.878000 0 255 0
0.557000 1.189000 2.847000 0 255 0
0.458000 1.074000 2.737000 0 255 0
0.477000 1.124000 2.758000 0 255 0
0.465000 1.149000 2.744000 0 255 0
0.469000 1.072000 2.749000 0 255 0
0.507000 1.128000 2.791000 0 255 0
0.494000 1.150000 2.777000 0 255 0
0.533000 1.155000 2.820000 0 255 0
0.623000 1.253000 2.920000 0 255 0
0.613000 1.163000 2.909000 0 255 0
0.568000 1.220000 2.859000 0 255 0
0.290000 1.070000 2.549000 0 255 0
0.450000 1.179000 2.727000 0 255 0
0.536000 1.232000 2.823000 0 255 0
0.604000 1.136000 2.899000 0 255 0
0.421000 1.175000 2.695000 0 255 0
0.481000 1.141000 2.762000 0 255 0
0.296000 1.075000 2.556000 0 255 0
0.609000 1.086000 2.905000 0 255 0
0.361000 1.149000 2.628000 0 255 0
0.369000 1.065000 2.637000 0 255 0
0.408000 1.091000 2.682000 0 255 0
0.485000 1.160000 2.767000 0 255 0
0.506000 1.174000 2.790000 0 255 0
0.538000 1.128000 2.826000 0 255 0
0.500000 1.111000 2.784000 0 255 0
0.327000 1.109000 2.590000 0 255 0
0.530000 1.171000 2.816000 0 255 0
0.483000 1.110000 2.764000 0 255 0
0.546000 1.076000 2.835000 0 255 0
0.401000 1.110000 2.673000 0 255 0
0.588000 1.230000 2.882000 0 255 0
0.506000 1.208000 2.790000 0 255 0
0.617000 1.202000 2.914000 0 255 0
0.195000 1.064000 2.443000 0 255 0
0.527000 1.219000 2.813000 0 255 0
0.564000 1.188000 2.854000 0 255 0
0.576000 1.233000 2.868000 0 255 0
0.482000 1.166000 2.763000 0 255 0
0.262000 1.065000 2.519000 0 255 0
0.294000 1.100000 2.553000 0 255 0
0.213000 1.082000 2.464000 0 255 0
0.199000 1.074000 2.448000 0 255 0
0.244000 1.079000 2.498000 0 255 0
0.298000 1.115000 2.558000 0 255 0
0.575000 1.152000 2.867000 0 255 0
0.488000 1.100000 2.770000 0 255 0
0.591000 1.114000 2.885000 0 255 0
0.381000 1.088000 2.650000 0 255 0
0.194000 1.076000 2.443000 0 255 0
0.563000 1.163000 2.854000 0 255 0
0.376000 1.064000 2.645000 0 255 0
0.617000 1.267000 2.913000 0 255 0
0.345000 1.105000 2.611000 0 255 0
0.568000 1.068000 2.859000 0 255 0
0.490000 1.075000 2.772000 0 255 0
0.407000 1.139000 2.679000 0 255 0
0.562000 1.063000 2.853000 0 255 0
0.597000 1.239000 2.890000 0 255 0
0.419000 1.070000 2.694000 0 255 0
0.348000 1.130000 2.614000 0 255 0
0.446000 1.122000 2.723000 0 255 0
0.562000 1.187000 2.852000 0 255 0
0.332000 1.091000 2.596000 0 255 0
0.461000 1.132000 2.739000 0 255 0
0.484000 1.149000 2.766000 0 255 0
0.525000 1.182000 2.811000 0 255 0
0.327000 1.103000 2.591000 0 255 0
0.474000 1.170000 2.754000 0 255 0
0.379000 1.106000 2.649000 0 255 0
0.467000 1.160000 2.747000 0 255 0
0.325000 1.101000 2.588000 0 255 0
0.441000 1.135000 2.718000 0 255 0
0.646000 0.346000 2.932000 0 255 0
0.582000 0.500000 2.878000 0 255 0
0.546000 0.400000 2.820000 0 255 0
0.565000 0.367000 2.838000 0 255 0
0.630000 0.252000 2.900000 0 255 0
0.617000 0.387000 2.904000 0 255 0
0.550000 0.531000 2.844000 0 255 0
0.586000 0.469000 2.878000 0 255 0
0.618000 0.434000 2.911000 0 255 0
0.612000 0.551000 2.921000 0 255 0
0.620000 0.350000 2.901000 0 255 0
0.471000 0.568000 2.755000 0 255 0
0.412000 0.609000 2.691000 0 255 0
0.333000 0.650000 2.602000 0 255 0
0.328000 0.627000 2.593000 0 255 0
0.653000 0.245000 2.926000 0 255 0
0.464000 0.551000 2.744000 0 255 0
0.614000 0.454000 2.909000 0 255 0
0.625000 0.270000 2.896000 0 255 0
0.562000 0.504000 2.855000 0 255 0
0.417000 0.558000 2.689000 0 255 0
0.559000 0.538000 2.855000 0 255 0
0.478000 0.608000 2.769000 0 255 0
0.385000 0.611000 2.659000 0 255 0
0.546000 0.374000 2.817000 0 255 0
0.490000 0.579000 2.780000 0 255 0
0.545000 0.355000 2.813000 0 255 0
0.529000 0.508000 2.816000 0 255 0
0.659000 0.222000 2.930000 0 255 0
0.394000 0.574000 2.664000 0 255 0
0.517000 0.554000 2.808000 0 255 0
0.618000 0.392000 2.906000 0 255 0
0.634000 0.395000 2.925000 0 255 0
0.566000 0.446000 2.851000 0 255 0
0.565000 0.461000 2.852000 0 255 0
0.593000 0.447000 2.883000 0 255 0
0.484000 0.502000 2.761000 0 255 0
0.599000 0.339000 2.875000 0 255 0
0.533000 0.427000 2.809000 0 255 0
0.635000 0.273000 2.909000 0 255 0
0.596000 0.337000 2.871000 0 255 0
0.522000 0.548000 2.813000 0 255 0
0.542000 0.419000 2.818000 0 255 0
0.383000 0.635000 2.660000 0 255 0
0.643000 0.356000 2.930000 0 255 0
0.516000 0.452000 2.792000 0 255 0
0.594000 0.407000 2.879000 0 255 0
0.600000 0.403000 2.886000 0 255 0
0.487000 0.580000 2.776000 0 255 0
0.591000 0.572000 2.899000 0 255 0
0.537000 0.572000 2.834000 0 255 0
0.471000 0.443000 2.737000 0 255 0
0.558000 0.519000 2.852000 0 255 0
0.473000 0.565000 2.757000 0 255 0
0.577000 0.346000 2.850000 0 255 0
0.478000 0.444000 2.747000 0 255 0
0.475000 0.444000 2.743000 0 255 0
0.613000 0.477000 2.912000 0 255 0
0.534000 0.592000 2.833000 0 255 0
0.456000 0.608000 2.743000 0 255 0
0.616000 0.428000 2.908000 0 255 0
0.484000 0.497000 2.761000 0 255 0
0.480000 0.471000 2.752000 0 255 0
0.559000 0.419000 2.838000 0 255 0
0.594000 0.313000 2.865000 0 255 0
0.338000 0.638000 2.607000 0 255 0
0.607000 0.372000 2.889000 0 255 0
0.518000 0.393000 2.786000 0 255 0
0.388000 0.568000 2.656000 0 255 0
0.466000 0.477000 2.737000 0 255 0
0.609000 0.390000 2.895000 0 255 0
0.469000 0.496000 2.743000 0 255 0
0.464000 0.492000 2.736000 0 255 0
0.535000 0.485000 2.820000 0 255 0
0.453000 0.576000 2.735000 0 255 0
0.644000 0.343000 2.929000 0 255 0
0.642000 0.278000 2.918000 0 255 0
0.641000 0.293000 2.919000 0 255 0
0.630000 0.298000 2.906000 0 255 0
0.525000 0.468000 2.805000 0 255 0
0.506000 0.431000 2.777000 0 255 0
0.644000 0.296000 2.923000 0 255 0
0.486000 0.521000 2.767000 0 255 0
0.470000 0.599000 2.758000 0 255 0
0.516000 0.523000 2.803000 0 255 0
0.568000 0.512000 2.863000 0 255 0
0.580000 0.561000 2.884000 0 255 0
0.518000 0.398000 2.787000 0 255 0
0.492000 0.495000 2.769000 0 255 0
0.643000 0.321000 2.925000 0 255 0
0.414000 0.541000 2.683000 0 255 0
0.500000 0.516000 2.782000 0 255 0
0.499000 0.461000 2.774000 0 255 0
0.556000 0.572000 2.857000 0 255 0
0.369000 0.629000 2.642000 0 255 0
0.635000 0.311000 2.914000 0 255 0
0.535000 0.501000 2.821000 0 255 0
0.491000 0.496000 2.768000 0 255 0
0.549000 0.393000 2.823000 0 255 0
0.501000 0.549000 2.788000 0 255 0
0.473000 0.607000 2.763000 0 255 0
0.460000 0.540000 2.738000 0 255 0
0.599000 0.461000 2.893000 0 255 0
0.493000 0.585000 2.784000 0 255 0
0.479000 0.530000 2.759000 0 255 0
0.402000 0.605000 2.678000 0 255 0
0.623000 0.328000 2.902000 0 255 0
0.519000 0.488000 2.801000 0 255 0
0.508000 0.467000 2.785000 0 255 0
0.604000 0.441000 2.895000 0 255 0
0.642000 0.272000 2.917000 0 255 0
0.379000 0.695000 2.628000 0 255 0
0.333000 0.702000 2.575000 0 255 0
0.411000 0.704000 2.652000 0 255 0
0.332000 0.686000 2.587000 0 255 0
0.306000 0.685000 2.562000 0 255 0
0.338000 0.699000 2.583000 0 255 0
0.352000 0.698000 2.597000 0 255 0
0.333000 0.687000 2.588000 0 255 0
0.546000 0.698000 2.771000 0 255 0
0.480000 0.670000 2.711000 0 255 0
0.593000 0.690000 2.810000 0 255 0
0.479000 0.695000 2.714000 0 255 0
0.452000 0.695000 2.692000 0 255 0
0.369000 0.671000 2.617000 0 255 0
0.426000 0.689000 2.669000 0 255 0
0.539000 0.676000 2.763000 0 255 0
0.404000 0.693000 2.650000 0 255 0
0.479000 0.691000 2.714000 0 255 0
0.352000 0.673000 2.603000 0 255 0
0.584000 0.683000 2.802000 0 255 0
0.544000 0.663000 2.765000 0 255 0
0.538000 0.705000 2.766000 0 255 0
0.569000 0.699000 2.792000 0 255 0
0.547000 0.693000 2.772000 0 255 0
0.653000 1.366000 2.951000 0 255 0
0.658000 1.476000 2.954000 0 255 0
0.606000 1.545000 2.896000 0 255 0
0.617000 1.460000 2.910000 0 255 0
0.629000 1.525000 2.922000 0 255 0
0.629000 1.313000 2.925000 0 255 0
0.614000 1.576000 2.904000 0 255 0
0.630000 1.320000 2.927000 0 255 0
0.609000 1.560000 2.899000 0 255 0
0.603000 1.458000 2.894000 0 255 0
0.630000 1.398000 2.925000 0 255 0
0.636000 1.460000 2.930000 0 255 0
0.608000 1.459000 2.899000 0 255 0
0.594000 1.517000 2.883000 0 255 0
0.668000 1.410000 2.966000 0 255 0
0.612000 1.518000 2.903000 0 255 0
0.652000 1.441000 2.948000 0 255 0
0.659000 1.353000 2.958000 0 255 0
0.632000 1.527000 2.925000 0 255 0
0.626000 1.487000 2.918000 0 255 0
0.618000 1.541000 2.909000 0 255 0
0.668000 1.472000 2.965000 0 255 0
0.599000 1.632000 2.886000 0 255 0
0.633000 1.414000 2.928000 0 255 0
0.604000 1.482000 2.895000 0 255 0
0.662000 1.359000 2.961000 0 255 0
0.580000 1.630000 2.865000 0 255 0
0.688000 1.408000 2.989000 0 255 0
0.676000 1.382000 2.975000 0 255 0
0.615000 1.382000 2.909000 0 255 0
0.656000 1.423000 2.953000 0 255 0
0.605000 1.563000 2.894000 0 255 0
0.645000 1.384000 2.942000 0 255 0
0.606000 1.455000 2.897000 0 255 0
0.643000 0.420000 2.940000 0 255 0
0.663000 0.283000 2.945000 0 255 0
0.635000 0.496000 2.943000 0 255 0
0.651000 0.371000 2.944000 0 255 0
0.656000 0.316000 2.941000 0 255 0
0.642000 0.471000 2.948000 0 255 0
0.626000 0.482000 2.928000 0 255 0
0.565000 0.657000 2.784000 0 255 0
0.585000 0.625000 2.838000 0 255 0
0.602000 0.633000 2.864000 0 255 0
0.612000 0.646000 2.872000 0 255 0
0.609000 0.595000 2.900000 0 255 0
0.593000 0.645000 2.840000 0 255 0
0.610000 0.613000 2.891000 0 255 0
0.611000 0.678000 2.846000 0 255 0
0.613000 0.674000 2.854000 0 255 0
0.607000 0.686000 2.833000 0 255 0
0.611000 0.695000 2.832000 0 255 0
0.579000 0.664000 2.803000 0 255 0
0.690000 0.278000 2.987000 0 255 0
0.703000 0.306000 3.011000 0 255 0
0.683000 0.250000 2.970000 0 255 0
0.676000 0.234000 2.957000 0 255 0
0.750000 0.239000 3.043000 0 255 0
0.711000 0.267000 3.007000 0 255 0
0.687000 0.244000 2.973000 0 255 0
0.727000 0.237000 3.016000 0 255 0
0.706000 0.312000 3.016000 0 255 0
0.702000 0.331000 3.017000 0 255 0
0.711000 0.286000 3.013000 0 255 0
0.694000 0.237000 2.979000 0 255 0
0.686000 0.252000 2.973000 0 255 0
0.768000 0.228000 3.060000 0 255 0
0.742000 0.232000 3.032000 0 255 0
0.702000 0.263000 2.996000 0 255 0
0.684000 0.222000 2.962000 0 255 0
0.725000 0.300000 3.034000 0 255 0
0.674000 0.243000 2.956000 0 255 0
0.670000 0.215000 2.943000 0 255 0
0.696000 0.352000 3.012000 0 255 0
0.669000 0.242000 2.946000 0 255 0
0.667000 0.348000 2.964000 0 255 0
0.671000 0.338000 2.967000 0 255 0
0.665000 0.341000 2.959000 0 255 0
0.694000 0.344000 3.008000 0 255 0
0.683000 0.337000 2.987000 0 255 0
0.673000 0.227000 2.950000 0 255 0
0.671000 0.351000 2.970000 0 255 0
0.676000 0.276000 2.965000 0 255 0
0.673000 0.357000 2.976000 0 255 0
0.688000 0.287000 2.986000 0 255 0
0.677000 0.242000 2.959000 0 255 0
0.683000 1.509000 2.984000 0 255 0
0.688000 1.493000 2.989000 0 255 0
0.700000 1.492000 3.003000 0 255 0
0.652000 1.545000 2.947000 0 255 0
0.649000 1.612000 2.944000 0 255 0
0.671000 1.519000 2.969000 0 255 0
0.658000 1.516000 2.954000 0 255 0
0.705000 1.443000 3.008000 0 255 0
0.730000 1.534000 3.038000 0 255 0
0.672000 1.499000 2.970000 0 255 0
0.685000 1.555000 2.986000 0 255 0
0.718000 1.509000 3.024000 0 255 0
0.657000 1.566000 2.954000 0 255 0
0.646000 1.619000 2.942000 0 255 0
0.625000 1.580000 2.915000 0 255 0
0.718000 1.501000 3.025000 0 255 0
0.669000 1.491000 2.967000 0 255 0
0.616000 1.638000 2.906000 0 255 0
0.626000 1.594000 2.917000 0 255 0
0.655000 1.618000 2.952000 0 255 0
0.642000 1.584000 2.935000 0 255 0
0.676000 1.535000 2.975000 0 255 0
0.636000 1.581000 2.929000 0 255 0
0.693000 1.515000 2.995000 0 255 0
0.652000 1.540000 2.947000 0 255 0
0.694000 1.460000 2.995000 0 255 0
0.664000 1.574000 2.961000 0 255 0
0.624000 1.646000 2.916000 0 255 0
0.661000 1.515000 2.957000 0 255 0
0.615000 1.603000 2.905000 0 255 0
0.655000 1.603000 2.951000 0 255 0
0.634000 1.571000 2.926000 0 255 0
0.732000 1.593000 3.038000 0 255 0
0.656000 1.637000 2.952000 0 255 0
0.735000 1.611000 3.041000 0 255 0
0.662000 1.628000 2.959000 0 255 0
0.669000 1.623000 2.967000 0 255 0
0.756000 1.589000 3.065000 0 255 0
0.749000 1.609000 3.057000 0 255 0
0.665000 1.633000 2.963000 0 255 0
0.768000 1.612000 3.077000 0 255 0
0.664000 1.662000 2.959000 0 255 0
0.761000 1.566000 3.072000 0 255 0
0.709000 1.634000 3.011000 0 255 0
0.741000 1.591000 3.048000 0 255 0
0.744000 1.526000 3.055000 0 255 0
0.704000 1.633000 3.006000 0 255 0
0.721000 1.585000 3.026000 0 255 0
0.629000 1.674000 2.920000 0 255 0
0.729000 1.627000 3.034000 0 255 0
0.751000 1.566000 3.061000 0 255 0
0.660000 1.672000 2.955000 0 255 0
0.723000 1.598000 3.028000 0 255 0
0.753000 1.610000 3.061000 0 255 0
0.677000 1.607000 2.977000 0 255 0
0.577000 0.203000 2.827000 0 255 0
0.603000 0.206000 2.856000 0 255 0
0.630000 0.203000 2.895000 0 255 0
0.170000 0.126000 2.403000 0 255 0
0.217000 0.155000 2.403000 0 255 0
0.215000 0.148000 2.442000 0 255 0
0.278000 0.176000 2.496000 0 255 0
0.297000 0.179000 2.510000 0 255 0
0.540000 0.209000 2.771000 0 255 0
0.481000 0.197000 2.718000 0 255 0
0.504000 0.203000 2.736000 0 255 0
0.415000 0.189000 2.649000 0 255 0
0.468000 0.196000 2.703000 0 255 0
0.371000 0.191000 2.589000 0 255 0
0.346000 0.184000 2.571000 0 255 0
0.319000 0.182000 2.540000 0 255 0
0.514000 0.194000 2.763000 0 255 0
0.536000 0.650000 2.769000 0 255 0
0.497000 0.649000 2.740000 0 255 0
0.486000 0.639000 2.743000 0 255 0
0.544000 0.614000 2.817000 0 255 0
0.583000 0.597000 2.866000 0 255 0
0.410000 0.636000 2.688000 0 255 0
0.454000 0.652000 2.704000 0 255 0
0.548000 0.639000 2.791000 0 255 0
0.359000 0.669000 2.612000 0 255 0
0.578000 0.625000 2.829000 0 255 0
0.437000 0.660000 2.681000 0 255 0
0.481000 0.612000 2.770000 0 255 0
0.375000 0.657000 2.637000 0 255 0
0.532000 0.610000 2.811000 0 255 0
0.548000 0.640000 2.790000 0 255 0
0.422000 0.633000 2.701000 0 255 0
0.599000 0.583000 2.894000 0 255 0
0.585000 0.592000 2.872000 0 255 0
0.570000 0.595000 2.859000 0 255 0
0.532000 0.658000 2.757000 0 255 0
0.583000 0.607000 2.854000 0 255 0
0.514000 0.621000 2.784000 0 255 0
0.495000 0.630000 2.760000 0 255 0
0.442000 0.647000 2.700000 0 255 0
0.482000 0.661000 2.715000 0 255 0
0.529000 0.602000 2.818000 0 255 0
0.536000 0.648000 2.771000 0 255 0
0.450000 0.658000 2.694000 0 255 0
0.455000 0.622000 2.738000 0 255 0
0.497000 0.617000 2.777000 0 255 0
0.542000 0.639000 2.787000 0 255 0
0.572000 0.592000 2.863000 0 255 0
0.530000 0.653000 2.761000 0 255 0
0.723000 1.647000 3.024000 0 255 0
0.755000 1.643000 3.050000 0 255 0
0.686000 1.664000 2.984000 0 255 0
0.683000 1.685000 2.965000 0 255 0
0.756000 1.635000 3.058000 0 255 0
0.722000 1.677000 3.000000 0 255 0
0.736000 1.665000 3.020000 0 255 0
0.738000 1.672000 3.016000 0 255 0
0.702000 1.662000 2.997000 0 255 0
0.679000 1.668000 2.976000 0 255 0
0.732000 1.670000 3.013000 0 255 0
0.748000 1.680000 3.016000 0 255 0
0.669000 1.679000 2.959000 0 255 0
0.157000 0.120000 2.396000 0 255 0
0.262000 1.567000 0.024000 0 0 255
0.400000 1.590000 0.026000 0 0 255
0.429000 1.596000 0.026000 0 0 255
0.314000 1.573000 0.026000 0 0 255
0.401000 1.591000 0.026000 0 0 255
0.607000 1.556000 0.024000 0 0 255
0.578000 1.583000 0.026000 0 0 255
0.558000 1.540000 0.025000 0 0 255
0.574000 1.555000 0.025000 0 0 255
0.617000 1.634000 0.026000 0 0 255
0.540000 1.504000 0.025000 0 0 255
0.597000 1.618000 0.026000 0 0 255
0.591000 1.542000 0.024000 0 0 255
0.641000 1.605000 0.024000 0 0 255
0.629000 1.597000 0.024000 0 0 255
0.568000 1.554000 0.025000 0 0 255
0.532000 1.501000 0.025000 0 0 255
0.547000 1.505000 0.025000 0 0 255
0.564000 1.558000 0.026000 0 0 255
0.576000 1.516000 0.024000 0 0 255
0.231000 1.457000 0.058000 0 0 255
0.127000 1.387000 0.024000 0 0 255
0.225000 1.413000 0.045000 0 0 255
0.284000 1.391000 0.042000 0 0 255
0.174000 1.380000 0.026000 0 0 255
0.195000 1.374000 0.025000 0 0 255
0.306000 1.349000 0.026000 0 0 255
0.352000 1.351000 0.032000 0 0 255
0.145000 1.390000 0.027000 0 0 255
0.332000 1.361000 0.034000 0 0 255
0.197000 1.413000 0.042000 0 0 255
0.206000 1.423000 0.047000 0 0 255
0.401000 1.320000 0.024000 0 0 255
0.245000 1.419000 0.049000 0 0 255
0.108000 1.405000 0.029000 0 0 255
0.329000 1.366000 0.036000 0 0 255
0.381000 1.326000 0.025000 0 0 255
0.147000 1.398000 0.031000 0 0 255
0.115000 1.395000 0.026000 0 0 255
0.132000 1.399000 0.029000 0 0 255
0.275000 1.405000 0.046000 0 0 255
0.371000 1.566000 0.032000 0 0 255
0.296000 1.555000 0.030000 0 0 255
0.491000 1.604000 0.028000 0 0 255
0.476000 1.601000 0.028000 0 0 255
0.450000 1.588000 0.030000 0 0 255
0.239000 1.549000 0.028000 0 0 255
0.320000 1.550000 0.033000 0 0 255
0.409000 1.583000 0.029000 0 0 255
0.372000 1.564000 0.033000 0 0 255
0.414000 1.587000 0.028000 0 0 255
0.246000 1.525000 0.036000 0 0 255
0.373000 1.572000 0.030000 0 0 255
0.264000 1.463000 0.040000 0 0 255
0.262000 1.414000 0.048000 0 0 255
0.237000 1.468000 0.045000 0 0 255
0.300000 1.411000 0.041000 0 0 255
0.250000 1.424000 0.049000 0 0 255
0.294000 1.428000 0.040000 0 0 255
0.285000 1.426000 0.042000 0 0 255
0.446000 1.318000 0.027000 0 0 255
0.250000 1.466000 0.042000 0 0 255
0.372000 1.357000 0.035000 0 0 255
0.331000 1.381000 0.039000 0 0 255
0.242000 1.439000 0.048000 0 0 255
0.233000 1.467000 0.045000 0 0 255
0.335000 1.415000 0.034000 0 0 255
0.346000 1.414000 0.032000 0 0 255
0.268000 1.448000 0.042000 0 0 255
0.495000 1.402000 0.024000 0 0 255
0.559000 1.590000 0.027000 0 0 255
0.456000 1.496000 0.029000 0 0 255
0.550000 1.588000 0.027000 0 0 255
0.457000 1.411000 0.026000 0 0 255
0.489000 1.552000 0.029000 0 0 255
0.474000 1.559000 0.030000 0 0 255
0.316000 1.454000 0.034000 0 0 255
0.443000 1.370000 0.025000 0 0 255
0.420000 1.450000 0.029000 0 0 255
0.525000 1.584000 0.029000 0 0 255
0.527000 1.556000 0.027000 0 0 255
0.437000 1.545000 0.031000 0 0 255
0.408000 1.388000 0.027000 0 0 255
0.379000 1.448000 0.031000 0 0 255
0.421000 1.373000 0.026000 0 0 255
0.386000 1.432000 0.030000 0 0 255
0.335000 1.441000 0.033000 0 0 255
0.366000 1.422000 0.031000 0 0 255
0.540000 1.568000 0.027000 0 0 255
0.478000 1.458000 0.026000 0 0 255
0.416000 1.545000 0.032000 0 0 255
0.540000 1.524000 0.026000 0 0 255
0.378000 1.418000 0.030000 0 0 255
0.517000 1.538000 0.027000 0 0 255
0.262000 1.490000 0.038000 0 0 255
0.408000 1.381000 0.027000 0 0 255
0.453000 1.526000 0.030000 0 0 255
0.314000 1.513000 0.036000 0 0 255
0.395000 1.512000 0.032000 0 0 255
0.255000 1.508000 0.039000 0 0 255
0.452000 1.545000 0.031000 0 0 255
0.554000 1.591000 0.027000 0 0 255
0.475000 1.438000 0.026000 0 0 255
0.464000 1.456000 0.027000 0 0 255
0.562000 1.611000 0.028000 0 0 255
0.450000 1.445000 0.027000 0 0 255
0.448000 1.431000 0.027000 0 0 255
0.442000 1.569000 0.032000 0 0 255
0.466000 1.495000 0.028000 0 0 255
0.401000 1.516000 0.032000 0 0 255
0.253000 1.508000 0.039000 0 0 255
0.295000 1.500000 0.037000 0 0 255
0.485000 1.398000 0.024000 0 0 255
0.339000 1.437000 0.032000 0 0 255
0.390000 1.511000 0.032000 0 0 255
0.566000 1.618000 0.028000 0 0 255
0.398000 1.410000 0.029000 0 0 255
0.306000 1.530000 0.037000 0 0 255
0.402000 1.449000 0.030000 0 0 255
0.480000 1.581000 0.031000 0 0 255
0.383000 1.500000 0.032000 0 0 255
0.403000 1.379000 0.027000 0 0 255
0.267000 1.520000 0.039000 0 0 255
0.375000 1.432000 0.030000 0 0 255
0.448000 1.519000 0.030000 0 0 255
0.477000 1.499000 0.028000 0 0 255
0.490000 1.534000 0.028000 0 0 255
0.427000 1.389000 0.026000 0 0 255
0.569000 1.608000 0.027000 0 0 255
0.454000 1.469000 0.028000 0 0 255
0.254000 1.509000 0.039000 0 0 255
0.453000 1.478000 0.028000 0 0 255
0.518000 1.529000 0.027000 0 0 255
0.475000 1.462000 0.027000 0 0 255
0.430000 1.396000 0.027000 0 0 255
0.524000 1.594000 0.029000 0 0 255
0.321000 1.444000 0.033000 0 0 255
0.564000 1.616000 0.028000 0 0 255
0.450000 1.536000 0.030000 0 0 255
0.088000 1.408000 0.049000 0 0 255
0.177000 1.426000 0.052000 0 0 255
0.168000 1.423000 0.043000 0 0 255
0.064000 1.403000 0.043000 0 0 255
0.931000 1.525000 0.012000 0 0 255
0.954000 1.486000 0.013000 0 0 255
0.917000 1.461000 0.014000 0 0 255
1.002000 1.505000 0.013000 0 0 255
0.878000 1.487000 0.013000 0 0 255
1.073000 1.566000 0.012000 0 0 255
0.912000 1.510000 0.012000 0 0 255
1.004000 1.551000 0.012000 0 0 255
0.934000 1.561000 0.011000 0 0 255
1.099000 1.566000 0.012000 0 0 255
0.875000 1.453000 0.014000 0 0 255
1.060000 1.543000 0.012000 0 0 255
0.950000 1.562000 0.011000 0 0 255
0.983000 1.540000 0.012000 0 0 255
0.894000 1.448000 0.014000 0 0 255
1.060000 1.580000 0.011000 0 0 255
0.887000 1.487000 0.013000 0 0 255
0.966000 1.499000 0.013000 0 0 255
1.007000 1.523000 0.013000 0 0 255
1.125000 1.123000 0.008000 0 0 255
1.152000 1.104000 0.008000 0 0 255
1.129000 1.414000 0.011000 0 0 255
0.980000 1.237000 0.011000 0 0 255
1.096000 1.097000 0.008000 0 0 255
1.067000 1.325000 0.011000 0 0 255
1.071000 1.429000 0.012000 0 0 255
0.888000 1.131000 0.011000 0 0 255
0.920000 1.199000 0.011000 0 0 255
1.018000 1.342000 0.012000 0 0 255
1.058000 1.031000 0.008000 0 0 255
0.977000 1.117000 0.010000 0 0 255
0.960000 1.123000 0.010000 0 0 255
0.965000 1.105000 0.010000 0 0 255
1.077000 1.342000 0.011000 0 0 255
0.974000 1.141000 0.010000 0 0 255
0.892000 1.145000 0.011000 0 0 255
1.102000 1.498000 0.012000 0 0 255
1.156000 1.125000 0.008000 0 0 255
0.963000 1.046000 0.009000 0 0 255
1.078000 1.449000 0.012000 0 0 255
1.111000 1.277000 0.010000 0 0 255
1.162000 0.962000 0.006000 0 0 255
1.081000 1.105000 0.008000 0 0 255
1.066000 1.075000 0.008000 0 0 255
1.034000 1.368000 0.012000 0 0 255
1.070000 1.112000 0.009000 0 0 255
1.006000 1.139000 0.010000 0 0 255
1.147000 1.123000 0.008000 0 0 255
1.036000 1.376000 0.012000 0 0 255
1.151000 1.264000 0.009000 0 0 255
1.094000 1.415000 0.011000 0 0 255
1.003000 1.024000 0.009000 0 0 255
1.057000 1.232000 0.010000 0 0 255
1.143000 1.209000 0.009000 0 0 255
1.135000 1.426000 0.011000 0 0 255
1.105000 0.987000 0.007000 0 0 255
1.023000 1.082000 0.009000 0 0 255
1.088000 1.006000 0.007000 0 0 255
1.025000 1.033000 0.008000 0 0 255
1.155000 0.988000 0.006000 0 0 255
1.138000 1.281000 0.009000 0 0 255
0.993000 1.085000 0.009000 0 0 255
1.114000 0.995000 0.007000 0 0 255
0.930000 1.163000 0.011000 0 0 255
1.076000 1.118000 0.009000 0 0 255
1.051000 1.404000 0.012000 0 0 255
0.939000 1.170000 0.011000 0 0 255
1.106000 1.248000 0.010000 0 0 255
1.141000 1.132000 0.008000 0 0 255
1.154000 1.016000 0.007000 0 0 255
0.930000 1.101000 0.010000 0 0 255
1.110000 1.036000 0.007000 0 0 255
0.944000 1.120000 0.010000 0 0 255
1.154000 0.949000 0.006000 0 0 255
1.062000 1.028000 0.008000 0 0 255
0.978000 1.240000 0.011000 0 0 255
1.103000 1.374000 0.011000 0 0 255
1.052000 1.214000 0.010000 0 0 255
1.068000 1.151000 0.009000 0 0 255
0.978000 1.134000 0.010000 0 0 255
1.037000 1.027000 0.008000 0 0 255
1.132000 1.210000 0.009000 0 0 255
0.962000 1.209000 0.011000 0 0 255
1.053000 1.242000 0.010000 0 0 255
1.119000 1.477000 0.012000 0 0 255
0.883000 1.098000 0.011000 0 0 255
1.095000 1.301000 0.010000 0 0 255
1.128000 1.050000 0.007000 0 0 255
1.056000 1.366000 0.011000 0 0 255
1.042000 1.159000 0.009000 0 0 255
1.050000 1.019000 0.008000 0 0 255
1.139000 1.134000 0.008000 0 0 255
1.073000 1.389000 0.011000 0 0 255
1.146000 1.125000 0.008000 0 0 255
0.929000 1.140000 0.011000 0 0 255
1.107000 1.239000 0.009000 0 0 255
1.142000 1.090000 0.008000 0 0 255
0.984000 1.187000 0.010000 0 0 255
1.118000 1.498000 0.012000 0 0 255
1.099000 1.140000 0.009000 0 0 255
1.069000 1.088000 0.008000 0 0 255
1.116000 1.247000 0.009000 0 0 255
0.974000 1.278000 0.012000 0 0 255
1.151000 1.287000 0.009000 0 0 255
1.027000 1.296000 0.011000 0 0 255
1.142000 1.251000 0.009000 0 0 255
0.935000 1.219000 0.011000 0 0 255
1.077000 1.094000 0.008000 0 0 255
1.037000 1.206000 0.010000 0 0 255
1.125000 0.990000 0.007000 0 0 255
1.064000 0.991000 0.008000 0 0 255
0.940000 1.155000 0.011000 0 0 255
1.074000 1.374000 0.011000 0 0 255
1.067000 1.389000 0.011000 0 0 255
1.151000 0.958000 0.006000 0 0 255
1.026000 1.281000 0.011000 0 0 255
0.932000 1.074000 0.010000 0 0 255
1.125000 1.442000 0.011000 0 0 255
1.003000 1.045000 0.009000 0 0 255
0.997000 1.150000 0.010000 0 0 255
1.034000 1.085000 0.009000 0 0 255
0.939000 1.052000 0.010000 0 0 255
1.022000 1.204000 0.010000 0 0 255
0.969000 1.204000 0.011000 0 0 255
0.883000 1.086000 0.011000 0 0 255
0.977000 1.188000 0.011000 0 0 255
1.142000 1.391000 0.011000 0 0 255
1.120000 1.455000 0.011000 0 0 255
1.100000 1.409000 0.011000 0 0 255
1.087000 1.263000 0.010000 0 0 255
1.077000 1.450000 0.012000 0 0 255
1.029000 1.007000 0.008000 0 0 255
0.912000 1.125000 0.011000 0 0 255
1.051000 1.138000 0.009000 0 0 255
1.127000 1.345000 0.010000 0 0 255
1.088000 1.468000 0.012000 0 0 255
1.053000 1.041000 0.008000 0 0 255
1.036000 1.037000 0.008000 0 0 255
1.076000 1.409000 0.012000 0 0 255
0.982000 1.302000 0.012000 0 0 255
1.120000 1.007000 0.007000 0 0 255
1.100000 1.107000 0.008000 0 0 255
1.087000 1.221000 0.010000 0 0 255
1.062000 1.179000 0.009000 0 0 255
1.063000 1.086000 0.008000 0 0 255
1.040000 1.147000 0.009000 0 0 255
1.107000 0.964000 0.007000 0 0 255
0.985000 1.155000 0.010000 0 0 255
0.971000 1.062000 0.009000 0 0 255
1.112000 1.151000 0.009000 0 0 255
1.078000 1.404000 0.011000 0 0 255
1.129000 1.215000 0.009000 0 0 255
1.127000 1.538000 0.012000 0 0 255
0.957000 1.082000 0.010000 0 0 255
1.078000 1.199000 0.009000 0 0 255
1.028000 1.208000 0.010000 0 0 255
1.152000 1.291000 0.009000 0 0 255
1.164000 1.099000 0.007000 0 0 255
1.003000 1.319000 0.012000 0 0 255
0.986000 1.108000 0.010000 0 0 255
0.960000 1.099000 0.010000 0 0 255
1.087000 1.255000 0.010000 0 0 255
1.131000 1.224000 0.009000 0 0 255
1.042000 1.055000 0.008000 0 0 255
0.897000 1.147000 0.011000 0 0 255
1.011000 1.284000 0.011000 0 0 255
1.022000 1.289000 0.011000 0 0 255
1.053000 1.260000 0.010000 0 0 255
0.995000 1.076000 0.009000 0 0 255
1.046000 1.186000 0.010000 0 0 255
1.100000 1.286000 0.010000 0 0 255
1.003000 1.314000 0.012000 0 0 255
1.045000 0.343000 0.008000 0 0 255
1.049000 0.355000 0.006000 0 0 255
1.158000 0.867000 0.006000 0 0 255
1.128000 0.600000 0.002000 0 0 255
1.129000 0.779000 0.006000 0 0 255
1.033000 0.695000 0.011000 0 0 255
1.117000 0.624000 0.003000 0 0 255
1.003000 0.418000 0.007000 0 0 255
1.008000 0.509000 0.009000 0 0 255
1.142000 0.814000 0.006000 0 0 255
1.033000 0.543000 0.008000 0 0 255
1.073000 0.517000 0.004000 0 0 255
1.083000 0.689000 0.007000 0 0 255
1.003000 0.462000 0.008000 0 0 255
1.162000 0.895000 0.006000 0 0 255
1.054000 0.688000 0.010000 0 0 255
1.091000 0.466000 0.002000 0 0 255
1.045000 0.614000 0.009000 0 0 255
1.006000 0.404000 0.007000 0 0 255
1.004000 0.531000 0.010000 0 0 255
1.068000 0.452000 0.003000 0 0 255
1.082000 0.670000 0.007000 0 0 255
1.011000 0.626000 0.011000 0 0 255
1.033000 0.624000 0.010000 0 0 255
1.062000 0.743000 0.010000 0 0 255
1.055000 0.408000 0.003000 0 0 255
1.127000 0.778000 0.006000 0 0 255
1.104000 0.517000 0.002000 0 0 255
1.034000 0.442000 0.005000 0 0 255
1.008000 0.494000 0.009000 0 0 255
0.989000 0.451000 0.009000 0 0 255
1.031000 0.524000 0.008000 0 0 255
1.133000 0.754000 0.005000 0 0 255
1.155000 0.829000 0.005000 0 0 255
1.019000 0.622000 0.011000 0 0 255
1.002000 0.559000 0.011000 0 0 255
1.011000 0.590000 0.011000 0 0 255
1.034000 0.669000 0.011000 0 0 255
1.092000 0.595000 0.005000 0 0 255
1.055000 0.729000 0.010000 0 0 255
1.030000 0.524000 0.008000 0 0 255
1.008000 0.421000 0.007000 0 0 255
1.097000 0.779000 0.008000 0 0 255
1.084000 0.709000 0.008000 0 0 255
1.077000 0.636000 0.007000 0 0 255
1.064000 0.589000 0.007000 0 0 255
0.999000 0.435000 0.008000 0 0 255
1.076000 0.562000 0.005000 0 0 255
0.996000 0.570000 0.011000 0 0 255
1.049000 0.387000 0.003000 0 0 255
1.107000 0.540000 0.002000 0 0 255
1.053000 0.581000 0.007000 0 0 255
1.007000 0.583000 0.011000 0 0 255
1.048000 0.456000 0.005000 0 0 255
1.038000 0.612000 0.009000 0 0 255
1.024000 0.670000 0.011000 0 0 255
1.141000 0.674000 0.003000 0 0 255
1.081000 0.501000 0.003000 0 0 255
1.038000 0.611000 0.009000 0 0 255
1.043000 0.451000 0.005000 0 0 255
1.145000 0.751000 0.004000 0 0 255
1.069000 0.675000 0.008000 0 0 255
1.151000 0.732000 0.003000 0 0 255
1.109000 0.584000 0.003000 0 0 255
1.065000 0.743000 0.010000 0 0 255
1.050000 0.585000 0.007000 0 0 255
1.094000 0.594000 0.004000 0 0 255
1.039000 0.451000 0.005000 0 0 255
1.085000 0.533000 0.004000 0 0 255
1.075000 0.633000 0.007000 0 0 255
1.047000 0.605000 0.008000 0 0 255
1.124000 0.666000 0.004000 0 0 255
1.131000 0.747000 0.005000 0 0 255
1.038000 0.499000 0.006000 0 0 255
1.050000 0.424000 0.004000 0 0 255
1.143000 0.552000 0.001000 0 0 255
1.188000 0.436000 0.001000 0 0 255
1.175000 0.513000 0.002000 0 0 255
1.228000 0.428000 0.002000 0 0 255
1.201000 0.540000 0.002000 0 0 255
1.183000 0.639000 0.003000 0 0 255
1.194000 0.785000 0.005000 0 0 255
1.203000 0.735000 0.004000 0 0 255
1.209000 0.767000 0.005000 0 0 255
1.304000 0.388000 0.003000 0 0 255
1.159000 0.645000 0.002000 0 0 255
1.209000 0.746000 0.005000 0 0 255
1.126000 0.541000 0.001000 0 0 255
1.190000 0.783000 0.004000 0 0 255
1.233000 0.683000 0.004000 0 0 255
1.158000 0.654000 0.003000 0 0 255
1.311000 0.434000 0.004000 0 0 255
1.223000 0.662000 0.004000 0 0 255
1.314000 0.489000 0.005000 0 0 255
1.340000 0.399000 0.004000 0 0 255
1.253000 0.414000 0.002000 0 0 255
1.202000 0.768000 0.005000 0 0 255
1.208000 0.576000 0.003000 0 0 255
1.243000 0.516000 0.003000 0 0 255
1.264000 0.630000 0.005000 0 0 255
1.168000 0.473000 0.001000 0 0 255
1.164000 0.621000 0.002000 0 0 255
1.156000 0.740000 0.003000 0 0 255
1.206000 0.543000 0.003000 0 0 255
1.153000 0.495000 0.001000 0 0 255
1.212000 0.518000 0.003000 0 0 255
1.183000 0.707000 0.004000 0 0 255
1.314000 0.377000 0.004000 0 0 255
1.182000 0.665000 0.003000 0 0 255
1.181000 0.792000 0.004000 0 0 255
1.192000 0.605000 0.003000 0 0 255
1.187000 0.584000 0.003000 0 0 255
1.194000 0.427000 0.001000 0 0 255
1.151000 0.662000 0.002000 0 0 255
1.162000 0.621000 0.002000 0 0 255
1.279000 0.508000 0.004000 0 0 255
1.179000 0.479000 0.001000 0 0 255
1.205000 0.792000 0.005000 0 0 255
1.151000 0.548000 0.001000 0 0 255
1.190000 0.580000 0.003000 0 0 255
1.263000 0.616000 0.005000 0 0 255
1.201000 0.818000 0.005000 0 0 255
1.200000 0.582000 0.003000 0 0 255
1.313000 0.435000 0.004000 0 0 255
1.276000 0.494000 0.004000 0 0 255
1.169000 0.693000 0.003000 0 0 255
1.153000 0.609000 0.002000 0 0 255
1.193000 0.807000 0.005000 0 0 255
1.177000 0.755000 0.004000 0 0 255
1.325000 0.380000 0.004000 0 0 255
1.208000 0.731000 0.004000 0 0 255
1.174000 0.469000 0.001000 0 0 255
1.246000 0.543000 0.003000 0 0 255
1.175000 0.707000 0.003000 0 0 255
1.169000 0.812000 0.004000 0 0 255
1.149000 0.698000 0.003000 0 0 255
1.258000 0.656000 0.005000 0 0 255
1.181000 0.796000 0.004000 0 0 255
1.183000 0.632000 0.003000 0 0 255
1.218000 0.596000 0.003000 0 0 255
1.187000 0.518000 0.002000 0 0 255
1.158000 0.610000 0.002000 0 0 255
1.180000 0.718000 0.004000 0 0 255
1.297000 0.526000 0.004000 0 0 255
1.147000 0.695000 0.003000 0 0 255
1.213000 0.527000 0.003000 0 0 255
1.169000 0.786000 0.004000 0 0 255
1.281000 0.537000 0.004000 0 0 255
1.206000 0.594000 0.003000 0 0 255
1.129000 0.518000 0.001000 0 0 255
1.189000 0.761000 0.004000 0 0 255
1.121000 0.424000 0.000000 0 0 255
1.269000 0.385000 0.003000 0 0 255
1.242000 0.380000 0.002000 0 0 255
1.164000 0.673000 0.003000 0 0 255
1.177000 0.591000 0.002000 0 0 255
1.202000 0.730000 0.004000 0 0 255
1.220000 0.473000 0.002000 0 0 255
1.261000 0.593000 0.004000 0 0 255
1.187000 0.800000 0.004000 0 0 255
1.317000 0.470000 0.004000 0 0 255
1.274000 1.369000 0.008000 0 0 255
1.232000 1.229000 0.007000 0 0 255
1.182000 1.458000 0.010000 0 0 255
1.229000 1.342000 0.008000 0 0 255
1.333000 1.394000 0.007000 0 0 255
1.290000 1.514000 0.009000 0 0 255
1.187000 1.161000 0.008000 0 0 255
1.271000 1.386000 0.008000 0 0 255
1.228000 1.525000 0.010000 0 0 255
1.266000 1.507000 0.009000 0 0 255
1.180000 1.265000 0.009000 0 0 255
1.231000 1.315000 0.008000 0 0 255
1.330000 1.431000 0.007000 0 0 255
1.234000 1.091000 0.006000 0 0 255
1.253000 1.220000 0.007000 0 0 255
1.170000 1.393000 0.010000 0 0 255
1.285000 1.213000 0.006000 0 0 255
1.211000 1.070000 0.006000 0 0 255
1.153000 1.467000 0.011000 0 0 255
1.207000 1.275000 0.008000 0 0 255
1.360000 1.435000 0.007000 0 0 255
1.224000 1.275000 0.008000 0 0 255
1.227000 1.101000 0.006000 0 0 255
1.309000 1.356000 0.007000 0 0 255
1.316000 1.438000 0.008000 0 0 255
1.384000 1.483000 0.007000 0 0 255
1.176000 1.313000 0.009000 0 0 255
1.225000 1.294000 0.008000 0 0 255
1.360000 1.476000 0.007000 0 0 255
1.213000 1.521000 0.011000 0 0 255
1.345000 1.424000 0.007000 0 0 255
1.180000 1.546000 0.011000 0 0 255
1.152000 1.547000 0.012000 0 0 255
1.175000 1.267000 0.009000 0 0 255
1.191000 1.041000 0.006000 0 0 255
1.249000 1.345000 0.008000 0 0 255
1.314000 1.409000 0.008000 0 0 255
1.248000 1.485000 0.010000 0 0 255
1.189000 1.227000 0.008000 0 0 255
1.250000 1.295000 0.008000 0 0 255
1.166000 1.377000 0.010000 0 0 255
1.390000 1.453000 0.007000 0 0 255
1.277000 1.413000 0.008000 0 0 255
1.388000 1.423000 0.006000 0 0 255
1.274000 1.234000 0.007000 0 0 255
1.186000 1.177000 0.008000 0 0 255
1.395000 1.458000 0.007000 0 0 255
1.261000 1.335000 0.008000 0 0 255
1.259000 1.333000 0.008000 0 0 255
1.193000 1.097000 0.007000 0 0 255
1.179000 1.327000 0.009000 0 0 255
1.193000 1.066000 0.006000 0 0 255
1.318000 1.372000 0.007000 0 0 255
1.241000 1.228000 0.007000 0 0 255
1.280000 1.500000 0.009000 0 0 255
1.242000 1.410000 0.009000 0 0 255
1.294000 1.265000 0.007000 0 0 255
1.145000 1.537000 0.012000 0 0 255
1.276000 1.399000 0.008000 0 0 255
1.187000 1.253000 0.008000 0 0 255
1.172000 1.143000 0.008000 0 0 255
1.258000 1.330000 0.008000 0 0 255
1.178000 1.473000 0.011000 0 0 255
1.191000 1.137000 0.007000 0 0 255
1.161000 1.340000 0.010000 0 0 255
1.240000 1.268000 0.008000 0 0 255
1.239000 1.504000 0.010000 0 0 255
1.298000 1.255000 0.006000 0 0 255
1.376000 1.405000 0.006000 0 0 255
1.236000 1.135000 0.006000 0 0 255
1.180000 0.950000 0.006000 0 0 255
1.240000 1.299000 0.008000 0 0 255
1.194000 1.192000 0.008000 0 0 255
1.388000 1.486000 0.007000 0 0 255
1.184000 0.943000 0.005000 0 0 255
1.184000 1.316000 0.009000 0 0 255
1.281000 1.511000 0.009000 0 0 255
1.169000 1.201000 0.008000 0 0 255
1.236000 1.423000 0.009000 0 0 255
1.237000 1.229000 0.007000 0 0 255
1.241000 1.486000 0.010000 0 0 255
1.257000 1.427000 0.009000 0 0 255
1.292000 1.292000 0.007000 0 0 255
1.289000 1.343000 0.007000 0 0 255
1.390000 1.461000 0.007000 0 0 255
1.278000 1.392000 0.008000 0 0 255
1.218000 1.079000 0.006000 0 0 255
1.176000 1.077000 0.007000 0 0 255
1.200000 1.150000 0.007000 0 0 255
1.284000 1.363000 0.008000 0 0 255
1.258000 1.283000 0.007000 0 0 255
1.176000 1.415000 0.010000 0 0 255
1.236000 1.477000 0.010000 0 0 255
1.161000 1.436000 0.011000 0 0 255
1.360000 1.405000 0.007000 0 0 255
1.225000 1.332000 0.008000 0 0 255
1.205000 1.445000 0.010000 0 0 255
1.246000 1.235000 0.007000 0 0 255
1.203000 0.997000 0.006000 0 0 255
1.200000 1.524000 0.011000 0 0 255
1.370000 1.465000 0.007000 0 0 255
1.178000 1.500000 0.011000 0 0 255
1.222000 1.134000 0.007000 0 0 255
1.313000 1.358000 0.007000 0 0 255
1.265000 1.499000 0.009000 0 0 255
1.348000 1.437000 0.007000 0 0 255
1.318000 1.264000 0.006000 0 0 255
1.308000 1.330000 0.007000 0 0 255
1.217000 1.378000 0.009000 0 0 255
1.246000 1.267000 0.007000 0 0 255
1.206000 1.522000 0.011000 0 0 255
1.236000 1.506000 0.010000 0 0 255
1.192000 1.328000 0.009000 0 0 255
1.174000 1.130000 0.007000 0 0 255
1.206000 1.389000 0.009000 0 0 255
1.377000 1.392000 0.006000 0 0 255
1.241000 1.185000 0.007000 0 0 255
1.209000 1.314000 0.009000 0 0 255
1.270000 1.528000 0.010000 0 0 255
1.172000 1.180000 0.008000 0 0 255
1.212000 1.154000 0.007000 0 0 255
1.305000 1.320000 0.007000 0 0 255
1.304000 1.418000 0.008000 0 0 255
1.332000 1.447000 0.008000 0 0 255
1.210000 1.270000 0.008000 0 0 255
1.186000 1.345000 0.009000 0 0 255
1.177000 1.254000 0.009000 0 0 255
1.212000 1.104000 0.006000 0 0 255
1.187000 1.265000 0.009000 0 0 255
1.191000 0.964000 0.006000 0 0 255
1.218000 1.381000 0.009000 0 0 255
1.181000 1.140000 0.007000 0 0 255
1.298000 1.271000 0.007000 0 0 255
1.213000 1.414000 0.009000 0 0 255
1.257000 1.213000 0.007000 0 0 255
1.340000 0.314000 0.007000 0 0 255
1.348000 0.342000 0.006000 0 0 255
1.425000 0.363000 0.006000 0 0 255
1.410000 0.350000 0.008000 0 0 255
1.451000 0.359000 0.007000 0 0 255
1.382000 0.366000 0.005000 0 0 255
1.438000 0.368000 0.006000 0 0 255
1.496000 0.493000 0.007000 0 0 255
1.370000 0.579000 0.006000 0 0 255
1.345000 0.580000 0.006000 0 0 255
1.383000 0.390000 0.005000 0 0 255
1.325000 0.481000 0.005000 0 0 255
1.467000 0.575000 0.007000 0 0 255
1.421000 0.395000 0.005000 0 0 255
1.594000 0.417000 0.008000 0 0 255
1.358000 0.427000 0.005000 0 0 255
1.317000 0.504000 0.005000 0 0 255
1.431000 0.569000 0.007000 0 0 255
1.263000 0.682000 0.005000 0 0 255
1.557000 0.463000 0.008000 0 0 255
1.367000 0.655000 0.006000 0 0 255
1.474000 0.406000 0.006000 0 0 255
1.319000 0.663000 0.006000 0 0 255
1.531000 0.461000 0.007000 0 0 255
1.349000 0.406000 0.005000 0 0 255
1.452000 0.393000 0.006000 0 0 255
1.502000 0.390000 0.006000 0 0 255
1.431000 0.440000 0.006000 0 0 255
1.430000 0.572000 0.007000 0 0 255
1.285000 0.725000 0.006000 0 0 255
1.374000 0.399000 0.005000 0 0 255
1.465000 0.400000 0.006000 0 0 255
1.290000 0.688000 0.005000 0 0 255
1.502000 0.486000 0.007000 0 0 255
1.579000 0.443000 0.008000 0 0 255
1.354000 0.508000 0.005000 0 0 255
1.332000 0.491000 0.005000 0 0 255
1.475000 0.481000 0.007000 0 0 255
1.507000 0.467000 0.007000 0 0 255
1.527000 0.484000 0.007000 0 0 255
1.245000 0.732000 0.005000 0 0 255
1.317000 0.693000 0.006000 0 0 255
1.496000 0.530000 0.007000 0 0 255
1.336000 0.559000 0.005000 0 0 255
1.445000 0.399000 0.006000 0 0 255
1.294000 0.758000 0.006000 0 0 255
1.363000 0.607000 0.006000 0 0 255
1.631000 0.389000 0.008000 0 0 255
1.503000 0.519000 0.007000 0 0 255
1.370000 0.434000 0.005000 0 0 255
1.374000 0.423000 0.005000 0 0 255
1.258000 0.791000 0.006000 0 0 255
1.600000 0.402000 0.008000 0 0 255
1.239000 0.824000 0.006000 0 0 255
1.498000 0.519000 0.007000 0 0 255
1.572000 0.396000 0.007000 0 0 255
1.370000 0.609000 0.006000 0 0 255
1.366000 0.473000 0.005000 0 0 255
1.341000 0.458000 0.005000 0 0 255
1.356000 0.371000 0.004000 0 0 255
1.438000 0.580000 0.007000 0 0 255
1.539000 0.374000 0.007000 0 0 255
1.445000 0.515000 0.006000 0 0 255
1.409000 0.432000 0.005000 0 0 255
1.604000 0.412000 0.008000 0 0 255
1.252000 0.774000 0.005000 0 0 255
1.343000 0.457000 0.005000 0 0 255
1.568000 0.414000 0.008000 0 0 255
1.254000 0.699000 0.005000 0 0 255
1.365000 0.426000 0.005000 0 0 255
1.279000 0.763000 0.006000 0 0 255
1.434000 0.577000 0.007000 0 0 255
1.341000 0.437000 0.005000 0 0 255
1.527000 0.458000 0.007000 0 0 255
1.426000 0.473000 0.006000 0 0 255
1.349000 0.467000 0.005000 0 0 255
1.417000 0.477000 0.006000 0 0 255
1.456000 0.484000 0.006000 0 0 255
1.454000 0.414000 0.006000 0 0 255
1.372000 0.575000 0.006000 0 0 255
1.539000 0.469000 0.007000 0 0 255
1.543000 0.470000 0.008000 0 0 255
1.358000 0.456000 0.005000 0 0 255
1.387000 0.428000 0.005000 0 0 255
1.357000 0.500000 0.005000 0 0 255
1.486000 0.411000 0.006000 0 0 255
1.410000 0.647000 0.007000 0 0 255
1.371000 0.686000 0.007000 0 0 255
1.420000 0.529000 0.006000 0 0 255
1.452000 0.402000 0.006000 0 0 255
1.376000 0.657000 0.006000 0 0 255
1.363000 0.557000 0.006000 0 0 255
1.491000 0.538000 0.007000 0 0 255
1.302000 0.657000 0.005000 0 0 255
1.284000 0.657000 0.005000 0 0 255
1.318000 0.755000 0.006000 0 0 255
1.392000 0.482000 0.006000 0 0 255
1.370000 0.632000 0.006000 0 0 255
1.535000 0.489000 0.008000 0 0 255
1.322000 0.633000 0.006000 0 0 255
1.276000 0.759000 0.006000 0 0 255
1.451000 0.380000 0.006000 0 0 255
1.383000 0.377000 0.005000 0 0 255
1.466000 0.486000 0.007000 0 0 255
1.263000 0.801000 0.006000 0 0 255
1.488000 0.416000 0.006000 0 0 255
1.329000 0.524000 0.005000 0 0 255
1.396000 0.599000 0.006000 0 0 255
1.318000 0.501000 0.005000 0 0 255
1.401000 1.389000 0.006000 0 0 255
1.571000 1.360000 0.007000 0 0 255
1.705000 1.310000 0.007000 0 0 255
1.251000 1.052000 0.006000 0 0 255
1.494000 1.327000 0.007000 0 0 255
1.430000 1.213000 0.006000 0 0 255
1.600000 1.306000 0.007000 0 0 255
1.655000 1.293000 0.007000 0 0 255
1.479000 1.161000 0.006000 0 0 255
1.423000 1.191000 0.006000 0 0 255
1.490000 1.297000 0.007000 0 0 255
1.396000 1.318000 0.006000 0 0 255
1.338000 1.189000 0.006000 0 0 255
1.746000 1.353000 0.007000 0 0 255
1.424000 1.406000 0.006000 0 0 255
1.683000 1.341000 0.007000 0 0 255
1.666000 1.364000 0.007000 0 0 255
1.493000 1.153000 0.007000 0 0 255
1.403000 1.263000 0.006000 0 0 255
1.705000 1.373000 0.007000 0 0 255
1.547000 1.203000 0.007000 0 0 255
1.384000 1.286000 0.006000 0 0 255
1.551000 1.411000 0.007000 0 0 255
1.777000 1.407000 0.008000 0 0 255
1.601000 1.247000 0.007000 0 0 255
1.541000 1.459000 0.007000 0 0 255
1.427000 1.272000 0.006000 0 0 255
1.584000 1.320000 0.007000 0 0 255
1.248000 1.010000 0.006000 0 0 255
1.380000 1.344000 0.006000 0 0 255
1.423000 1.224000 0.006000 0 0 255
1.642000 1.334000 0.007000 0 0 255
1.354000 1.234000 0.006000 0 0 255
1.644000 1.424000 0.007000 0 0 255
1.359000 1.076000 0.006000 0 0 255
1.453000 1.143000 0.006000 0 0 255
1.480000 1.253000 0.006000 0 0 255
1.505000 1.240000 0.007000 0 0 255
1.366000 1.071000 0.006000 0 0 255
1.674000 1.421000 0.007000 0 0 255
1.486000 1.356000 0.007000 0 0 255
1.564000 1.408000 0.007000 0 0 255
1.620000 1.280000 0.007000 0 0 255
1.680000 1.409000 0.007000 0 0 255
1.525000 1.378000 0.007000 0 0 255
1.507000 1.393000 0.007000 0 0 255
1.379000 1.211000 0.006000 0 0 255
1.357000 1.270000 0.006000 0 0 255
1.379000 1.150000 0.006000 0 0 255
1.432000 1.205000 0.006000 0 0 255
1.386000 1.137000 0.006000 0 0 255
1.379000 1.165000 0.006000 0 0 255
1.473000 1.190000 0.006000 0 0 255
1.371000 1.261000 0.006000 0 0 255
1.526000 1.292000 0.007000 0 0 255
1.393000 1.284000 0.006000 0 0 255
1.638000 1.403000 0.007000 0 0 255
1.563000 1.266000 0.007000 0 0 255
1.246000 1.054000 0.006000 0 0 255
1.276000 1.078000 0.006000 0 0 255
1.464000 1.335000 0.006000 0 0 255
1.640000 1.411000 0.007000 0 0 255
1.523000 1.220000 0.007000 0 0 255
1.667000 1.438000 0.007000 0 0 255
1.310000 1.132000 0.006000 0 0 255
1.588000 1.349000 0.007000 0 0 255
1.409000 1.249000 0.006000 0 0 255
1.426000 1.296000 0.006000 0 0 255
1.544000 1.447000 0.007000 0 0 255
1.392000 1.283000 0.006000 0 0 255
1.398000 1.322000 0.006000 0 0 255
1.477000 1.286000 0.006000 0 0 255
1.428000 1.317000 0.006000 0 0 255
1.767000 1.360000 0.008000 0 0 255
1.432000 1.162000 0.006000 0 0 255
1.397000 1.201000 0.006000 0 0 255
1.471000 1.329000 0.006000 0 0 255
1.362000 1.306000 0.006000 0 0 255
1.574000 1.337000 0.007000 0 0 255
1.627000 1.300000 0.007000 0 0 255
1.374000 1.108000 0.006000 0 0 255
1.231000 0.992000 0.006000 0 0 255
1.394000 1.275000 0.006000 0 0 255
1.417000 1.291000 0.006000 0 0 255
1.289000 1.080000 0.006000 0 0 255
1.557000 1.238000 0.007000 0 0 255
1.476000 1.323000 0.007000 0 0 255
1.389000 1.207000 0.006000 0 0 255
1.315000 1.194000 0.006000 0 0 255
1.626000 1.317000 0.007000 0 0 255
1.573000 1.311000 0.007000 0 0 255
1.313000 1.154000 0.006000 0 0 255
1.452000 1.296000 0.006000 0 0 255
1.622000 1.310000 0.007000 0 0 255
1.538000 1.331000 0.007000 0 0 255
1.433000 1.185000 0.006000 0 0 255
1.385000 1.109000 0.006000 0 0 255
1.447000 1.259000 0.006000 0 0 255
1.540000 1.376000 0.007000 0 0 255
1.292000 1.176000 0.006000 0 0 255
1.466000 1.270000 0.006000 0 0 255
1.313000 1.192000 0.006000 0 0 255
1.240000 0.997000 0.006000 0 0 255
1.630000 1.288000 0.007000 0 0 255
1.255000 1.025000 0.006000 0 0 255
1.518000 1.219000 0.007000 0 0 255
1.668000 1.368000 0.007000 0 0 255
1.235000 0.980000 0.006000 0 0 255
1.525000 1.300000 0.007000 0 0 255
1.627000 1.292000 0.007000 0 0 255
1.383000 1.253000 0.006000 0 0 255
1.483000 1.465000 0.007000 0 0 255
1.535000 1.307000 0.007000 0 0 255
1.810000 1.396000 0.008000 0 0 255
1.306000 1.081000 0.006000 0 0 255
1.227000 0.976000 0.006000 0 0 255
1.487000 1.215000 0.007000 0 0 255
1.486000 1.439000 0.007000 0 0 255
1.784000 1.376000 0.008000 0 0 255
1.427000 1.227000 0.006000 0 0 255
1.465000 1.233000 0.006000 0 0 255
1.698000 1.324000 0.007000 0 0 255
1.499000 1.360000 0.007000 0 0 255
1.422000 1.108000 0.006000 0 0 255
1.629000 1.353000 0.007000 0 0 255
1.306000 1.183000 0.006000 0 0 255
1.323000 1.090000 0.006000 0 0 255
1.328000 1.193000 0.006000 0 0 255
1.386000 1.369000 0.006000 0 0 255
1.560000 1.312000 0.007000 0 0 255
1.274000 1.095000 0.006000 0 0 255
1.268000 1.040000 0.006000 0 0 255
1.616000 1.333000 0.007000 0 0 255
1.509000 1.461000 0.007000 0 0 255
1.509000 1.362000 0.007000 0 0 255
1.621000 1.273000 0.007000 0 0 255
1.324000 1.122000 0.006000 0 0 255
1.184000 0.930000 0.005000 0 0 255
1.340000 1.244000 0.006000 0 0 255
1.299000 1.084000 0.006000 0 0 255
1.693000 1.312000 0.007000 0 0 255
1.428000 1.142000 0.006000 0 0 255
1.507000 1.380000 0.007000 0 0 255
1.386000 1.336000 0.006000 0 0 255
1.280000 1.029000 0.006000 0 0 255
1.454000 1.479000 0.006000 0 0 255
1.276000 1.103000 0.006000 0 0 255
1.300000 1.145000 0.006000 0 0 255
1.658000 1.279000 0.007000 0 0 255
1.473000 1.323000 0.006000 0 0 255
1.435000 1.221000 0.006000 0 0 255
1.537000 1.246000 0.007000 0 0 255
1.742000 1.341000 0.007000 0 0 255
1.387000 1.339000 0.006000 0 0 255
1.694000 1.431000 0.007000 0 0 255
1.399000 1.216000 0.006000 0 0 255
1.786000 1.387000 0.008000 0 0 255
1.354000 1.203000 0.006000 0 0 255
1.441000 1.374000 0.006000 0 0 255
1.496000 1.202000 0.007000 0 0 255
1.500000 1.320000 0.007000 0 0 255
1.573000 1.357000 0.007000 0 0 255
1.353000 1.312000 0.006000 0 0 255
1.756000 1.378000 0.007000 0 0 255
1.421000 1.134000 0.006000 0 0 255
1.648000 1.281000 0.007000 0 0 255
1.574000 1.452000 0.007000 0 0 255
1.239000 0.975000 0.006000 0 0 255
1.494000 1.428000 0.007000 0 0 255
1.669000 1.323000 0.007000 0 0 255
1.611000 1.442000 0.007000 0 0 255
1.696000 1.431000 0.007000 0 0 255
1.533000 1.365000 0.007000 0 0 255
1.705000 1.377000 0.007000 0 0 255
1.536000 1.351000 0.007000 0 0 255
1.778000 1.418000 0.008000 0 0 255
1.361000 1.104000 0.006000 0 0 255
1.601000 1.356000 0.007000 0 0 255
1.439000 1.308000 0.006000 0 0 255
1.455000 1.406000 0.006000 0 0 255
1.424000 1.205000 0.006000 0 0 255
1.560000 1.252000 0.007000 0 0 255
1.694000 1.419000 0.007000 0 0 255
1.665000 1.350000 0.007000 0 0 255
1.460000 1.180000 0.006000 0 0 255
1.315000 1.179000 0.006000 0 0 255
1.267000 0.995000 0.006000 0 0 255
1.393000 1.086000 0.006000 0 0 255
1.491000 1.411000 0.007000 0 0 255
1.455000 1.181000 0.006000 0 0 255
1.531000 1.435000 0.007000 0 0 255
1.310000 1.142000 0.006000 0 0 255
1.471000 1.324000 0.006000 0 0 255
1.219000 0.975000 0.006000 0 0 255
1.605000 1.450000 0.007000 0 0 255
1.509000 1.471000 0.007000 0 0 255
1.379000 1.180000 0.006000 0 0 255
1.699000 0.428000 0.008000 0 0 255
1.524000 0.532000 0.007000 0 0 255
1.834000 0.526000 0.008000 0 0 255
1.452000 0.704000 0.007000 0 0 255
1.524000 0.613000 0.007000 0 0 255
1.789000 0.542000 0.007000 0 0 255
1.663000 0.548000 0.007000 0 0 255
1.479000 0.597000 0.007000 0 0 255
1.565000 0.675000 0.007000 0 0 255
1.502000 0.568000 0.007000 0 0 255
1.588000 0.667000 0.007000 0 0 255
1.486000 0.560000 0.007000 0 0 255
1.493000 0.572000 0.007000 0 0 255
1.429000 0.664000 0.007000 0 0 255
1.202000 0.893000 0.005000 0 0 255
1.478000 0.747000 0.006000 0 0 255
1.758000 0.521000 0.008000 0 0 255
1.868000 0.558000 0.007000 0 0 255
1.644000 0.641000 0.007000 0 0 255
1.544000 0.556000 0.007000 0 0 255
1.677000 0.614000 0.007000 0 0 255
1.291000 0.832000 0.006000 0 0 255
1.610000 0.682000 0.007000 0 0 255
1.428000 0.649000 0.007000 0 0 255
1.447000 0.619000 0.007000 0 0 255
1.634000 0.666000 0.007000 0 0 255
1.754000 0.604000 0.007000 0 0 255
1.826000 0.533000 0.008000 0 0 255
1.733000 0.530000 0.008000 0 0 255
1.439000 0.762000 0.006000 0 0 255
1.197000 0.905000 0.005000 0 0 255
1.394000 0.675000 0.007000 0 0 255
1.676000 0.573000 0.007000 0 0 255
1.527000 0.738000 0.006000 0 0 255
1.672000 0.446000 0.008000 0 0 255
1.492000 0.644000 0.007000 0 0 255
1.584000 0.671000 0.007000 0 0 255
1.462000 0.613000 0.007000 0 0 255
1.574000 0.510000 0.008000 0 0 255
1.850000 0.553000 0.007000 0 0 255
1.558000 0.571000 0.007000 0 0 255
1.825000 0.525000 0.008000 0 0 255
1.734000 0.587000 0.007000 0 0 255
1.672000 0.450000 0.008000 0 0 255
1.502000 0.667000 0.007000 0 0 255
1.257000 0.841000 0.006000 0 0 255
1.656000 0.451000 0.008000 0 0 255
1.629000 0.502000 0.008000 0 0 255
1.343000 0.784000 0.006000 0 0 255
1.640000 0.501000 0.008000 0 0 255
1.361000 0.716000 0.006000 0 0 255
1.658000 0.574000 0.007000 0 0 255
1.545000 0.727000 0.006000 0 0 255
1.445000 0.768000 0.006000 0 0 255
1.744000 0.473000 0.008000 0 0 255
1.700000 0.564000 0.007000 0 0 255
1.682000 0.465000 0.008000 0 0 255
1.644000 0.443000 0.008000 0 0 255
1.787000 0.553000 0.007000 0 0 255
1.449000 0.611000 0.007000 0 0 255
1.570000 0.636000 0.007000 0 0 255
1.562000 0.556000 0.007000 0 0 255
1.586000 0.599000 0.007000 0 0 255
1.375000 0.790000 0.006000 0 0 255
1.638000 0.672000 0.007000 0 0 255
1.657000 0.482000 0.008000 0 0 255
1.758000 0.602000 0.007000 0 0 255
1.577000 0.502000 0.008000 0 0 255
1.375000 0.715000 0.006000 0 0 255
1.690000 0.532000 0.008000 0 0 255
1.738000 0.521000 0.008000 0 0 255
1.583000 0.464000 0.008000 0 0 255
1.620000 0.445000 0.008000 0 0 255
1.779000 0.495000 0.008000 0 0 255
1.624000 0.549000 0.007000 0 0 255
1.710000 0.571000 0.007000 0 0 255
1.436000 0.686000 0.007000 0 0 255
1.843000 0.535000 0.008000 0 0 255
1.705000 0.625000 0.007000 0 0 255
1.763000 0.595000 0.007000 0 0 255
1.582000 0.485000 0.008000 0 0 255
1.625000 0.517000 0.008000 0 0 255
1.475000 0.750000 0.006000 0 0 255
1.554000 0.489000 0.008000 0 0 255
1.324000 0.767000 0.006000 0 0 255
1.796000 0.511000 0.008000 0 0 255
1.664000 0.549000 0.007000 0 0 255
1.781000 0.567000 0.007000 0 0 255
1.210000 0.894000 0.005000 0 0 255
1.486000 0.633000 0.007000 0 0 255
1.599000 0.501000 0.008000 0 0 255
1.547000 0.543000 0.007000 0 0 255
1.663000 0.549000 0.007000 0 0 255
1.414000 0.715000 0.006000 0 0 255
1.794000 0.575000 0.007000 0 0 255
1.582000 0.684000 0.007000 0 0 255
1.671000 0.416000 0.008000 0 0 255
1.668000 0.633000 0.007000 0 0 255
1.661000 0.596000 0.007000 0 0 255
1.649000 0.392000 0.008000 0 0 255
1.360000 0.746000 0.006000 0 0 255
1.749000 0.496000 0.008000 0 0 255
1.493000 0.611000 0.007000 0 0 255
1.326000 0.788000 0.006000 0 0 255
1.588000 0.672000 0.007000 0 0 255
1.663000 0.511000 0.008000 0 0 255
1.847000 0.534000 0.008000 0 0 255
1.632000 0.517000 0.008000 0 0 255
1.553000 0.576000 0.007000 0 0 255
1.588000 0.578000 0.007000 0 0 255
1.582000 0.683000 0.007000 0 0 255
1.600000 0.655000 0.007000 0 0 255
1.841000 0.513000 0.008000 0 0 255
1.717000 0.573000 0.007000 0 0 255
1.725000 0.557000 0.007000 0 0 255
1.562000 0.622000 0.007000 0 0 255
1.831000 0.554000 0.007000 0 0 255
1.398000 0.785000 0.006000 0 0 255
1.680000 0.507000 0.008000 0 0 255
1.670000 0.397000 0.008000 0 0 255
1.438000 0.766000 0.006000 0 0 255
1.597000 0.661000 0.007000 0 0 255
1.548000 0.670000 0.007000 0 0 255
1.657000 0.413000 0.008000 0 0 255
1.629000 0.646000 0.007000 0 0 255
1.460000 0.662000 0.007000 0 0 255
1.401000 0.677000 0.007000 0 0 255
1.494000 0.692000 0.007000 0 0 255
1.379000 0.700000 0.007000 0 0 255
1.566000 0.565000 0.007000 0 0 255
1.674000 0.473000 0.008000 0 0 255
1.259000 0.849000 0.006000 0 0 255
1.648000 0.500000 0.008000 0 0 255
1.829000 0.550000 0.007000 0 0 255
1.334000 0.806000 0.006000 0 0 255
1.474000 0.742000 0.006000 0 0 255
1.661000 0.633000 0.007000 0 0 255
1.708000 0.602000 0.007000 0 0 255
1.681000 0.579000 0.007000 0 0 255
1.228000 0.885000 0.006000 0 0 255
1.682000 0.405000 0.008000 0 0 255
1.603000 0.542000 0.007000 0 0 255
1.748000 0.570000 0.007000 0 0 255
1.748000 0.437000 0.009000 0 0 255
1.817000 0.486000 0.009000 0 0 255
1.885000 0.519000 0.009000 0 0 255
1.601000 0.709000 0.007000 0 0 255
1.256000 0.936000 0.006000 0 0 255
1.435000 0.865000 0.006000 0 0 255
1.457000 0.815000 0.006000 0 0 255
1.433000 0.812000 0.006000 0 0 255
1.800000 1.247000 0.008000 0 0 255
1.701000 0.818000 0.007000 0 0 255
1.784000 1.012000 0.007000 0 0 255
1.799000 0.960000 0.007000 0 0 255
1.778000 0.855000 0.007000 0 0 255
1.749000 1.151000 0.007000 0 0 255
1.728000 0.794000 0.007000 0 0 255
1.454000 1.016000 0.006000 0 0 255
1.828000 1.196000 0.008000 0 0 255
1.563000 1.156000 0.007000 0 0 255
1.733000 0.785000 0.007000 0 0 255
1.333000 0.842000 0.006000 0 0 255
1.726000 1.020000 0.007000 0 0 255
1.593000 1.196000 0.007000 0 0 255
1.860000 1.007000 0.008000 0 0 255
1.831000 0.848000 0.007000 0 0 255
1.818000 1.278000 0.008000 0 0 255
1.397000 0.932000 0.006000 0 0 255
1.598000 1.216000 0.007000 0 0 255
1.764000 1.302000 0.007000 0 0 255
1.397000 0.909000 0.006000 0 0 255
1.855000 1.210000 0.008000 0 0 255
1.518000 0.969000 0.006000 0 0 255
1.860000 0.751000 0.008000 0 0 255
1.820000 0.880000 0.007000 0 0 255
1.701000 1.069000 0.007000 0 0 255
1.699000 1.025000 0.007000 0 0 255
1.824000 0.830000 0.007000 0 0 255
1.725000 0.917000 0.007000 0 0 255
1.695000 1.267000 0.007000 0 0 255
1.608000 1.022000 0.007000 0 0 255
1.612000 0.959000 0.007000 0 0 255
1.677000 0.861000 0.007000 0 0 255
1.502000 0.953000 0.006000 0 0 255
1.665000 1.031000 0.007000 0 0 255
1.354000 1.029000 0.006000 0 0 255
1.421000 1.047000 0.006000 0 0 255
1.768000 0.960000 0.007000 0 0 255
1.822000 0.698000 0.007000 0 0 255
1.658000 0.988000 0.007000 0 0 255
1.810000 0.624000 0.007000 0 0 255
1.620000 0.917000 0.007000 0 0 255
1.850000 0.852000 0.008000 0 0 255
1.666000 1.000000 0.007000 0 0 255
1.866000 1.060000 0.008000 0 0 255
1.852000 1.059000 0.008000 0 0 255
1.588000 0.916000 0.007000 0 0 255
1.662000 1.090000 0.007000 0 0 255
1.814000 1.246000 0.008000 0 0 255
1.852000 1.272000 0.008000 0 0 255
1.526000 0.788000 0.006000 0 0 255
1.538000 0.875000 0.007000 0 0 255
1.609000 0.918000 0.007000 0 0 255
1.560000 0.890000 0.007000 0 0 255
1.378000 1.054000 0.006000 0 0 255
1.635000 1.002000 0.007000 0 0 255
1.783000 1.037000 0.007000 0 0 255
1.527000 0.911000 0.006000 0 0 255
1.858000 0.610000 0.007000 0 0 255
1.855000 1.021000 0.008000 0 0 255
1.735000 0.740000 0.007000 0 0 255
1.667000 0.903000 0.007000 0 0 255
1.821000 0.770000 0.007000 0 0 255
1.516000 1.061000 0.007000 0 0 255
1.675000 0.934000 0.007000 0 0 255
1.492000 1.023000 0.006000 0 0 255
1.806000 1.036000 0.007000 0 0 255
1.644000 0.754000 0.007000 0 0 255
1.849000 0.698000 0.007000 0 0 255
1.350000 1.010000 0.006000 0 0 255
1.600000 1.058000 0.007000 0 0 255
1.762000 0.642000 0.007000 0 0 255
1.585000 0.850000 0.007000 0 0 255
1.782000 0.931000 0.007000 0 0 255
1.828000 1.374000 0.008000 0 0 255
1.633000 0.923000 0.007000 0 0 255
1.620000 1.154000 0.007000 0 0 255
1.816000 0.776000 0.007000 0 0 255
1.873000 0.832000 0.008000 0 0 255
1.754000 1.150000 0.007000 0 0 255
1.401000 0.880000 0.006000 0 0 255
1.751000 1.112000 0.007000 0 0 255
1.410000 1.041000 0.006000 0 0 255
1.651000 1.025000 0.007000 0 0 255
1.619000 0.749000 0.007000 0 0 255
1.878000 0.751000 0.008000 0 0 255
1.601000 0.800000 0.007000 0 0 255
1.597000 0.993000 0.007000 0 0 255
1.667000 1.087000 0.007000 0 0 255
1.628000 0.737000 0.007000 0 0 255
1.505000 0.969000 0.006000 0 0 255
1.720000 1.126000 0.007000 0 0 255
1.708000 1.253000 0.007000 0 0 255
1.653000 1.198000 0.007000 0 0 255
1.825000 1.208000 0.008000 0 0 255
1.828000 1.239000 0.008000 0 0 255
1.616000 0.920000 0.007000 0 0 255
1.575000 0.727000 0.007000 0 0 255
1.525000 0.932000 0.006000 0 0 255
1.627000 0.725000 0.007000 0 0 255
1.785000 1.115000 0.007000 0 0 255
1.718000 1.259000 0.007000 0 0 255
1.445000 1.075000 0.006000 0 0 255
1.823000 0.933000 0.007000 0 0 255
1.869000 0.680000 0.007000 0 0 255
1.586000 1.004000 0.007000 0 0 255
1.867000 0.612000 0.007000 0 0 255
1.448000 0.972000 0.006000 0 0 255
1.710000 0.661000 0.007000 0 0 255
1.257000 0.949000 0.006000 0 0 255
1.306000 0.972000 0.006000 0 0 255
1.847000 0.747000 0.007000 0 0 255
1.583000 1.043000 0.007000 0 0 255
1.763000 1.209000 0.007000 0 0 255
1.678000 1.283000 0.007000 0 0 255
1.819000 1.153000 0.008000 0 0 255
1.599000 0.777000 0.007000 0 0 255
1.877000 0.802000 0.008000 0 0 255
1.771000 1.148000 0.007000 0 0 255
1.753000 1.299000 0.007000 0 0 255
1.885000 0.630000 0.008000 0 0 255
1.398000 0.874000 0.006000 0 0 255
1.726000 0.818000 0.007000 0 0 255
1.825000 1.346000 0.008000 0 0 255
1.740000 1.116000 0.007000 0 0 255
1.630000 1.008000 0.007000 0 0 255
1.834000 0.658000 0.007000 0 0 255
1.697000 1.203000 0.007000 0 0 255
1.655000 0.835000 0.007000 0 0 255
1.511000 0.941000 0.006000 0 0 255
1.644000 0.874000 0.007000 0 0 255
1.672000 0.947000 0.007000 0 0 255
1.370000 0.833000 0.006000 0 0 255
1.854000 0.939000 0.008000 0 0 255
1.864000 0.739000 0.008000 0 0 255
1.379000 1.028000 0.006000 0 0 255
1.772000 1.206000 0.007000 0 0 255
1.576000 0.796000 0.007000 0 0 255
1.775000 0.962000 0.007000 0 0 255
1.511000 1.156000 0.007000 0 0 255
1.467000 0.959000 0.006000 0 0 255
1.653000 0.978000 0.007000 0 0 255
1.612000 1.161000 0.007000 0 0 255
1.856000 0.691000 0.007000 0 0 255
1.612000 0.888000 0.007000 0 0 255
1.585000 1.015000 0.007000 0 0 255
1.414000 1.056000 0.006000 0 0 255
1.735000 1.044000 0.007000 0 0 255
1.851000 0.807000 0.008000 0 0 255
1.826000 1.272000 0.008000 0 0 255
1.557000 1.168000 0.007000 0 0 255
1.516000 1.148000 0.007000 0 0 255
1.851000 0.684000 0.007000 0 0 255
1.775000 0.796000 0.007000 0 0 255
1.671000 0.761000 0.007000 0 0 255
1.789000 0.721000 0.007000 0 0 255
1.851000 0.942000 0.008000 0 0 255
1.707000 1.302000 0.007000 0 0 255
1.817000 1.093000 0.008000 0 0 255
1.834000 1.367000 0.008000 0 0 255
1.796000 1.075000 0.007000 0 0 255
1.848000 1.012000 0.008000 0 0 255
1.761000 1.325000 0.007000 0 0 255
1.727000 0.972000 0.007000 0 0 255
1.389000 0.956000 0.006000 0 0 255
1.683000 1.233000 0.007000 0 0 255
1.779000 0.982000 0.007000 0 0 255
1.819000 0.877000 0.007000 0 0 255
1.787000 0.802000 0.007000 0 0 255
1.725000 1.051000 0.007000 0 0 255
1.202000 0.913000 0.005000 0 0 255
1.505000 0.763000 0.006000 0 0 255
1.465000 0.965000 0.006000 0 0 255
1.664000 0.901000 0.007000 0 0 255
1.591000 0.705000 0.007000 0 0 255
1.805000 0.834000 0.007000 0 0 255
1.849000 0.834000 0.008000 0 0 255
1.829000 0.827000 0.007000 0 0 255
1.462000 1.071000 0.006000 0 0 255
1.764000 0.753000 0.007000 0 0 255
1.712000 0.843000 0.007000 0 0 255
1.559000 0.882000 0.007000 0 0 255
1.686000 0.749000 0.007000 0 0 255
1.796000 1.040000 0.007000 0 0 255
1.767000 1.194000 0.007000 0 0 255
1.737000 1.221000 0.007000 0 0 255
1.724000 0.998000 0.007000 0 0 255
1.570000 0.911000 0.007000 0 0 255
1.548000 0.822000 0.007000 0 0 255
1.532000 0.792000 0.006000 0 0 255
1.839000 1.328000 0.008000 0 0 255
1.819000 1.076000 0.008000 0 0 255
1.478000 0.835000 0.006000 0 0 255
1.681000 0.767000 0.007000 0 0 255
1.801000 1.290000 0.008000 0 0 255
1.443000 1.069000 0.006000 0 0 255
1.430000 0.829000 0.006000 0 0 255
1.506000 0.927000 0.006000 0 0 255
1.592000 0.826000 0.007000 0 0 255
1.702000 1.132000 0.007000 0 0 255
1.288000 0.990000 0.006000 0 0 255
1.651000 1.121000 0.007000 0 0 255
1.855000 0.687000 0.007000 0 0 255
1.743000 1.330000 0.007000 0 0 255
1.497000 0.766000 0.006000 0 0 255
1.546000 0.837000 0.007000 0 0 255
1.606000 0.699000 0.007000 0 0 255
1.800000 1.294000 0.008000 0 0 255
1.846000 0.889000 0.008000 0 0 255
1.547000 0.966000 0.007000 0 0 255
1.848000 0.875000 0.008000 0 0 255
1.817000 0.844000 0.007000 0 0 255
1.663000 0.683000 0.007000 0 0 255
1.826000 0.897000 0.007000 0 0 255
1.826000 0.832000 0.007000 0 0 255
1.583000 0.955000 0.007000 0 0 255
1.721000 1.070000 0.007000 0 0 255
1.528000 1.121000 0.007000 0 0 255
1.867000 0.591000 0.007000 0 0 255
1.541000 1.081000 0.007000 0 0 255
1.750000 0.754000 0.007000 0 0 255
1.713000 1.098000 0.007000 0 0 255
1.793000 1.070000 0.007000 0 0 255
1.590000 1.080000 0.007000 0 0 255
1.597000 1.014000 0.007000 0 0 255
1.857000 1.159000 0.008000 0 0 255
1.359000 0.899000 0.006000 0 0 255
1.793000 1.011000 0.007000 0 0 255
1.634000 0.719000 0.007000 0 0 255
1.601000 0.802000 0.007000 0 0 255
1.565000 0.740000 0.007000 0 0 255
1.572000 1.053000 0.007000 0 0 255
1.459000 0.992000 0.006000 0 0 255
1.844000 0.893000 0.008000 0 0 255
1.402000 0.949000 0.006000 0 0 255
1.805000 0.804000 0.007000 0 0 255
1.818000 1.115000 0.008000 0 0 255
1.761000 0.785000 0.007000 0 0 255
1.677000 1.172000 0.007000 0 0 255
1.709000 1.173000 0.007000 0 0 255
1.628000 0.859000 0.007000 0 0 255
1.580000 0.946000 0.007000 0 0 255
1.395000 0.845000 0.006000 0 0 255
1.537000 1.097000 0.007000 0 0 255
1.611000 0.927000 0.007000 0 0 255
1.817000 0.695000 0.007000 0 0 255
1.683000 1.259000 0.007000 0 0 255
1.718000 0.729000 0.007000 0 0 255
1.683000 0.710000 0.007000 0 0 255
1.683000 0.998000 0.007000 0 0 255
1.520000 0.746000 0.006000 0 0 255
1.693000 1.285000 0.007000 0 0 255
1.730000 0.705000 0.007000 0 0 255
1.844000 0.860000 0.008000 0 0 255
1.753000 0.729000 0.007000 0 0 255
1.763000 0.979000 0.007000 0 0 255
1.362000 0.957000 0.006000 0 0 255
1.625000 1.047000 0.007000 0 0 255
1.812000 0.732000 0.007000 0 0 255
1.524000 0.970000 0.007000 0 0 255
1.391000 0.924000 0.006000 0 0 255
1.470000 1.058000 0.006000 0 0 255
1.583000 1.166000 0.007000 0 0 255
1.314000 0.959000 0.006000 0 0 255
1.707000 1.288000 0.007000 0 0 255
1.471000 1.058000 0.006000 0 0 255
1.868000 0.684000 0.007000 0 0 255
1.655000 0.788000 0.007000 0 0 255
1.359000 0.981000 0.006000 0 0 255
1.738000 1.269000 0.007000 0 0 255
1.724000 0.816000 0.007000 0 0 255
1.799000 1.361000 0.008000 0 0 255
1.860000 0.899000 0.008000 0 0 255
1.534000 1.050000 0.007000 0 0 255
1.518000 1.001000 0.007000 0 0 255
1.699000 0.819000 0.007000 0 0 255
1.561000 0.945000 0.007000 0 0 255
1.395000 0.945000 0.006000 0 0 255
1.286000 0.888000 0.006000 0 0 255
1.771000 1.316000 0.008000 0 0 255
1.831000 0.692000 0.007000 0 0 255
1.553000 1.116000 0.007000 0 0 255
1.423000 0.958000 0.006000 0 0 255
1.511000 0.856000 0.006000 0 0 255
1.846000 0.589000 0.007000 0 0 255
1.584000 0.899000 0.007000 0 0 255
1.815000 1.296000 0.008000 0 0 255
1.887000 0.561000 0.007000 0 0 255
1.716000 1.295000 0.007000 0 0 255
1.693000 1.140000 0.007000 0 0 255
1.805000 1.238000 0.008000 0 0 255
1.765000 0.916000 0.007000 0 0 255
1.677000 1.091000 0.007000 0 0 255
1.359000 1.037000 0.006000 0 0 255
1.753000 0.735000 0.007000 0 0 255
1.815000 1.126000 0.008000 0 0 255
1.827000 0.849000 0.007000 0 0 255
1.657000 0.948000 0.007000 0 0 255
1.299000 0.957000 0.006000 0 0 255
1.866000 0.658000 0.007000 0 0 255
1.729000 0.846000 0.007000 0 0 255
1.822000 1.019000 0.008000 0 0 255
1.590000 0.916000 0.007000 0 0 255
1.422000 0.990000 0.006000 0 0 255
1.449000 0.958000 0.006000 0 0 255
1.713000 1.226000 0.007000 0 0 255
1.748000 1.106000 0.007000 0 0 255
1.836000 0.737000 0.007000 0 0 255
1.545000 0.861000 0.007000 0 0 255
1.493000 0.847000 0.006000 0 0 255
1.530000 0.763000 0.006000 0 0 255
1.449000 1.082000 0.006000 0 0 255
1.522000 0.931000 0.006000 0 0 255
1.530000 0.868000 0.006000 0 0 255
1.693000 1.226000 0.007000 0 0 255
1.669000 0.976000 0.007000 0 0 255
1.477000 0.880000 0.006000 0 0 255
1.774000 0.818000 0.007000 0 0 255
1.513000 1.045000 0.007000 0 0 255
1.789000 1.310000 0.008000 0 0 255
1.635000 0.722000 0.007000 0 0 255
1.540000 1.137000 0.007000 0 0 255
1.781000 0.997000 0.007000 0 0 255
1.652000 1.181000 0.007000 0 0 255
1.612000 1.123000 0.007000 0 0 255
1.573000 0.789000 0.007000 0 0 255
1.667000 0.685000 0.007000 0 0 255
1.422000 0.931000 0.006000 0 0 255
1.846000 0.954000 0.008000 0 0 255
1.539000 1.118000 0.007000 0 0 255
1.816000 0.880000 0.007000 0 0 255
1.655000 0.848000 0.007000 0 0 255
1.786000 1.199000 0.007000 0 0 255
1.283000 0.878000 0.006000 0 0 255
1.818000 0.626000 0.007000 0 0 255
1.766000 1.081000 0.007000 0 0 255
1.686000 0.788000 0.007000 0 0 255
1.862000 1.199000 0.008000 0 0 255
1.805000 0.730000 0.007000 0 0 255
1.734000 0.778000 0.007000 0 0 255
1.237000 0.923000 0.006000 0 0 255
1.749000 1.263000 0.007000 0 0 255
1.340000 0.913000 0.006000 0 0 255
1.803000 1.111000 0.008000 0 0 255
1.778000 1.192000 0.007000 0 0 255
1.383000 0.889000 0.006000 0 0 255
1.569000 0.816000 0.007000 0 0 255
1.786000 1.173000 0.007000 0 0 255
1.734000 1.011000 0.007000 0 0 255
1.461000 1.086000 0.006000 0 0 255
1.587000 0.826000 0.007000 0 0 255
1.743000 1.126000 0.007000 0 0 255
1.836000 1.386000 0.008000 0 0 255
1.828000 1.108000 0.008000 0 0 255
1.750000 0.769000 0.007000 0 0 255
1.807000 0.721000 0.007000 0 0 255
1.444000 0.896000 0.006000 0 0 255
1.712000 0.841000 0.007000 0 0 255
1.761000 0.880000 0.007000 0 0 255
1.624000 1.187000 0.007000 0 0 255
1.419000 0.818000 0.006000 0 0 255
1.303000 0.911000 0.006000 0 0 255
1.843000 1.147000 0.008000 0 0 255
1.665000 0.877000 0.007000 0 0 255
1.788000 1.196000 0.008000 0 0 255
1.644000 1.200000 0.007000 0 0 255
1.477000 1.070000 0.006000 0 0 255
1.751000 0.911000 0.007000 0 0 255
1.558000 1.148000 0.007000 0 0 255
1.640000 0.741000 0.007000 0 0 255
1.252000 0.925000 0.006000 0 0 255
1.566000 1.085000 0.007000 0 0 255
1.665000 0.889000 0.007000 0 0 255
1.641000 0.805000 0.007000 0 0 255
1.543000 1.039000 0.007000 0 0 255
1.732000 0.743000 0.007000 0 0 255
1.785000 0.758000 0.007000 0 0 255
1.629000 0.843000 0.007000 0 0 255
1.836000 1.344000 0.008000 0 0 255
1.350000 0.979000 0.006000 0 0 255
1.716000 0.968000 0.007000 0 0 255
1.486000 0.949000 0.006000 0 0 255
1.841000 1.112000 0.008000 0 0 255
1.402000 1.032000 0.006000 0 0 255
1.642000 0.974000 0.007000 0 0 255
1.366000 0.957000 0.006000 0 0 255
1.615000 1.018000 0.007000 0 0 255
1.475000 0.985000 0.006000 0 0 255
1.604000 1.080000 0.007000 0 0 255
1.909000 1.128000 0.009000 0 0 255
1.902000 1.034000 0.008000 0 0 255
1.911000 1.106000 0.009000 0 0 255
1.913000 1.024000 0.009000 0 0 255
1.918000 0.940000 0.009000 0 0 255
1.904000 1.011000 0.008000 0 0 255
1.940000 0.887000 0.009000 0 0 255
1.928000 0.835000 0.009000 0 0 255
1.894000 0.866000 0.008000 0 0 255
1.921000 0.587000 0.008000 0 0 255
1.884000 1.133000 0.008000 0 0 255
1.898000 0.663000 0.008000 0 0 255
1.913000 1.053000 0.009000 0 0 255
1.888000 0.922000 0.008000 0 0 255
1.903000 0.696000 0.008000 0 0 255
1.882000 0.834000 0.008000 0 0 255
1.910000 0.611000 0.008000 0 0 255
1.890000 0.832000 0.008000 0 0 255
1.928000 0.723000 0.009000 0 0 255
1.939000 0.592000 0.009000 0 0 255
1.887000 0.740000 0.008000 0 0 255
1.954000 0.550000 0.009000 0 0 255
1.890000 0.877000 0.008000 0 0 255
1.906000 0.797000 0.008000 0 0 255
1.920000 0.572000 0.008000 0 0 255
1.939000 0.878000 0.009000 0 0 255
1.859000 1.368000 0.008000 0 0 255
1.963000 0.792000 0.009000 0 0 255
1.942000 0.706000 0.009000 0 0 255
1.933000 0.699000 0.009000 0 0 255
1.913000 1.121000 0.009000 0 0 255
1.888000 1.199000 0.008000 0 0 255
1.869000 1.184000 0.008000 0 0 255
1.882000 0.930000 0.008000 0 0 255
1.955000 0.762000 0.009000 0 0 255
1.960000 0.772000 0.009000 0 0 255
1.926000 1.053000 0.009000 0 0 255
1.893000 0.578000 0.008000 0 0 255
1.930000 0.649000 0.008000 0 0 255
1.911000 0.991000 0.008000 0 0 255
1.909000 0.864000 0.008000 0 0 255
1.958000 0.901000 0.009000 0 0 255
1.882000 1.147000 0.008000 0 0 255
1.914000 0.634000 0.008000 0 0 255
1.945000 0.712000 0.009000 0 0 255
1.932000 0.876000 0.009000 0 0 255
1.905000 0.796000 0.008000 0 0 255
1.884000 0.748000 0.008000 0 0 255
1.865000 1.178000 0.008000 0 0 255
1.868000 1.097000 0.008000 0 0 255
1.902000 1.099000 0.008000 0 0 255
1.880000 0.914000 0.008000 0 0 255
1.927000 0.812000 0.009000 0 0 255
1.941000 0.970000 0.009000 0 0 255
1.937000 0.764000 0.009000 0 0 255
1.885000 0.855000 0.008000 0 0 255
1.888000 0.842000 0.008000 0 0 255
1.898000 0.962000 0.008000 0 0 255
1.930000 0.739000 0.009000 0 0 255
1.909000 0.627000 0.008000 0 0 255
1.894000 0.939000 0.008000 0 0 255
1.924000 0.585000 0.008000 0 0 255
1.945000 0.923000 0.009000 0 0 255
1.929000 0.952000 0.009000 0 0 255
1.918000 0.855000 0.008000 0 0 255
1.908000 0.556000 0.008000 0 0 255
1.867000 1.345000 0.008000 0 0 255
1.958000 0.595000 0.009000 0 0 255
1.879000 1.267000 0.008000 0 0 255
1.955000 0.827000 0.009000 0 0 255
1.895000 0.905000 0.008000 0 0 255
1.929000 0.573000 0.008000 0 0 255
1.944000 0.838000 0.009000 0 0 255
1.922000 0.815000 0.009000 0 0 255
1.885000 1.009000 0.008000 0 0 255
1.866000 1.213000 0.008000 0 0 255
1.953000 1.207000 0.009000 0 0 255
1.886000 1.415000 0.008000 0 0 255
1.892000 1.350000 0.008000 0 0 255
1.893000 1.343000 0.008000 0 0 255
1.920000 1.139000 0.009000 0 0 255
1.935000 1.320000 0.008000 0 0 255
1.927000 1.196000 0.009000 0 0 255
1.957000 1.379000 0.009000 0 0 255
1.878000 1.391000 0.008000 0 0 255
1.936000 1.132000 0.009000 0 0 255
1.882000 1.352000 0.008000 0 0 255
1.957000 1.371000 0.009000 0 0 255
1.945000 1.342000 0.009000 0 0 255
1.961000 1.043000 0.009000 0 0 255
1.894000 1.302000 0.008000 0 0 255
1.926000 1.264000 0.009000 0 0 255
1.933000 1.400000 0.008000 0 0 255
1.941000 1.072000 0.009000 0 0 255
1.961000 0.982000 0.009000 0 0 255
1.959000 0.926000 0.009000 0 0 255
1.898000 1.352000 0.008000 0 0 255
1.928000 1.296000 0.008000 0 0 255
1.914000 1.246000 0.008000 0 0 255
1.871000 1.378000 0.008000 0 0 255
1.925000 1.366000 0.008000 0 0 255
1.938000 1.048000 0.009000 0 0 255
1.923000 1.417000 0.008000 0 0 255
1.881000 1.309000 0.008000 0 0 255
1.940000 1.283000 0.009000 0 0 255
1.913000 1.237000 0.009000 0 0 255
1.904000 1.242000 0.008000 0 0 255
1.962000 0.916000 0.009000 0 0 255
1.912000 1.182000 0.009000 0 0 255
1.931000 1.317000 0.008000 0 0 255
1.873000 1.408000 0.008000 0 0 255
1.956000 1.147000 0.009000 0 0 255
1.882000 1.291000 0.008000 0 0 255
0.988000 0.731000 0.011000 0 0 255
1.032000 0.804000 0.009000 0 0 255
0.992000 0.742000 0.011000 0 0 255
0.942000 0.748000 0.011000 0 0 255
1.010000 0.767000 0.010000 0 0 255
1.002000 0.667000 0.013000 0 0 255
0.841000 0.718000 0.012000 0 0 255
1.080000 0.856000 0.007000 0 0 255
0.947000 0.759000 0.010000 0 0 255
1.052000 0.767000 0.010000 0 0 255
1.031000 0.799000 0.009000 0 0 255
1.038000 0.772000 0.010000 0 0 255
0.853000 0.669000 0.013000 0 0 255
0.920000 0.756000 0.010000 0 0 255
1.051000 0.759000 0.010000 0 0 255
0.881000 0.721000 0.011000 0 0 255
1.042000 0.810000 0.009000 0 0 255
1.053000 0.785000 0.009000 0 0 255
0.853000 0.707000 0.012000 0 0 255
0.871000 0.697000 0.012000 0 0 255
0.824000 0.677000 0.013000 0 0 255
1.001000 0.728000 0.011000 0 0 255
1.069000 0.774000 0.010000 0 0 255
0.873000 0.705000 0.012000 0 0 255
1.168000 0.907000 0.006000 0 0 255
0.867000 0.715000 0.012000 0 0 255
0.918000 0.699000 0.012000 0 0 255
0.991000 0.796000 0.009000 0 0 255
1.029000 0.801000 0.009000 0 0 255
0.916000 0.681000 0.013000 0 0 255
1.050000 0.749000 0.010000 0 0 255
1.051000 0.751000 0.010000 0 0 255
1.124000 0.856000 0.007000 0 0 255
0.942000 0.712000 0.012000 0 0 255
1.042000 0.727000 0.011000 0 0 255
1.033000 0.761000 0.010000 0 0 255
0.934000 0.686000 0.012000 0 0 255
0.955000 0.680000 0.013000 0 0 255
0.825000 0.672000 0.013000 0 0 255
1.015000 0.931000 0.008000 0 0 255
0.923000 1.013000 0.010000 0 0 255
1.028000 0.832000 0.008000 0 0 255
0.974000 0.983000 0.009000 0 0 255
0.920000 0.872000 0.010000 0 0 255
0.916000 0.812000 0.010000 0 0 255
1.143000 0.925000 0.006000 0 0 255
0.911000 0.901000 0.010000 0 0 255
0.893000 1.043000 0.011000 0 0 255
1.067000 0.889000 0.007000 0 0 255
0.989000 1.019000 0.009000 0 0 255
1.039000 0.869000 0.008000 0 0 255
0.933000 0.776000 0.010000 0 0 255
0.884000 0.831000 0.011000 0 0 255
0.823000 0.780000 0.012000 0 0 255
0.951000 1.004000 0.009000 0 0 255
0.854000 1.019000 0.011000 0 0 255
0.917000 0.977000 0.010000 0 0 255
1.100000 0.946000 0.007000 0 0 255
0.892000 0.850000 0.011000 0 0 255
0.942000 0.877000 0.010000 0 0 255
0.956000 0.925000 0.009000 0 0 255
0.991000 0.916000 0.009000 0 0 255
0.903000 0.814000 0.010000 0 0 255
0.898000 0.943000 0.010000 0 0 255
0.994000 0.857000 0.009000 0 0 255
0.871000 1.084000 0.011000 0 0 255
0.865000 0.831000 0.011000 0 0 255
0.921000 0.957000 0.010000 0 0 255
1.040000 0.914000 0.008000 0 0 255
0.861000 0.990000 0.011000 0 0 255
0.879000 0.804000 0.011000 0 0 255
1.082000 0.891000 0.007000 0 0 255
1.136000 0.907000 0.006000 0 0 255
0.834000 0.742000 0.012000 0 0 255
1.099000 0.899000 0.007000 0 0 255
1.020000 0.995000 0.008000 0 0 255
0.989000 1.018000 0.009000 0 0 255
0.978000 0.887000 0.009000 0 0 255
0.947000 1.001000 0.010000 0 0 255
0.984000 0.905000 0.009000 0 0 255
0.880000 1.029000 0.011000 0 0 255
0.946000 1.009000 0.010000 0 0 255
1.010000 0.860000 0.008000 0 0 255
0.902000 0.967000 0.010000 0 0 255
1.018000 0.931000 0.008000 0 0 255
0.881000 0.905000 0.011000 0 0 255
1.086000 0.955000 0.007000 0 0 255
0.960000 0.901000 0.009000 0 0 255
0.871000 1.036000 0.011000 0 0 255
0.868000 1.080000 0.011000 0 0 255
1.087000 0.876000 0.007000 0 0 255
0.849000 0.882000 0.011000 0 0 255
0.849000 0.843000 0.011000 0 0 255
0.943000 1.025000 0.010000 0 0 255
0.886000 1.064000 0.011000 0 0 255
0.938000 0.996000 0.010000 0 0 255
0.888000 1.063000 0.011000 0 0 255
0.996000 1.008000 0.009000 0 0 255
0.925000 1.042000 0.010000 0 0 255
0.850000 0.777000 0.011000 0 0 255
0.899000 0.887000 0.010000 0 0 255
1.000000 0.993000 0.009000 0 0 255
1.085000 0.923000 0.007000 0 0 255
0.924000 1.050000 0.010000 0 0 255
0.970000 0.955000 0.009000 0 0 255
0.952000 0.874000 0.009000 0 0 255
0.940000 0.916000 0.010000 0 0 255
0.853000 1.025000 0.011000 0 0 255
0.816000 0.724000 0.012000 0 0 255
0.910000 1.054000 0.010000 0 0 255
0.893000 1.009000 0.011000 0 0 255
0.853000 0.762000 0.011000 0 0 255
0.950000 0.823000 0.010000 0 0 255
0.935000 0.859000 0.010000 0 0 255
0.896000 0.763000 0.011000 0 0 255
0.954000 0.848000 0.009000 0 0 255
1.024000 0.928000 0.008000 0 0 255
0.868000 1.039000 0.011000 0 0 255
0.890000 1.015000 0.011000 0 0 255
1.037000 0.894000 0.008000 0 0 255
1.027000 0.907000 0.008000 0 0 255
0.961000 0.945000 0.009000 0 0 255
1.064000 0.964000 0.007000 0 0 255
0.848000 0.972000 0.011000 0 0 255
0.906000 0.771000 0.010000 0 0 255
0.824000 0.796000 0.012000 0 0 255
0.963000 0.842000 0.009000 0 0 255
0.858000 1.200000 0.012000 0 0 255
0.872000 1.365000 0.014000 0 0 255
1.067000 1.484000 0.012000 0 0 255
0.875000 1.301000 0.013000 0 0 255
1.056000 1.435000 0.012000 0 0 255
0.872000 1.384000 0.014000 0 0 255
1.053000 1.454000 0.012000 0 0 255
0.857000 1.256000 0.013000 0 0 255
0.890000 1.171000 0.012000 0 0 255
1.083000 1.530000 0.013000 0 0 255
0.943000 1.368000 0.013000 0 0 255
0.963000 1.386000 0.013000 0 0 255
1.000000 1.388000 0.012000 0 0 255
0.877000 1.313000 0.013000 0 0 255
0.889000 1.437000 0.014000 0 0 255
0.971000 1.465000 0.013000 0 0 255
0.953000 1.363000 0.013000 0 0 255
0.922000 1.375000 0.013000 0 0 255
0.936000 1.349000 0.013000 0 0 255
0.939000 1.362000 0.013000 0 0 255
1.087000 1.513000 0.012000 0 0 255
0.880000 1.197000 0.012000 0 0 255
0.953000 1.394000 0.013000 0 0 255
0.968000 1.388000 0.013000 0 0 255
0.931000 1.408000 0.013000 0 0 255
0.897000 1.373000 0.013000 0 0 255
1.103000 1.521000 0.012000 0 0 255
0.866000 1.304000 0.013000 0 0 255
1.088000 1.488000 0.012000 0 0 255
0.957000 1.395000 0.013000 0 0 255
0.971000 1.299000 0.012000 0 0 255
0.992000 1.493000 0.013000 0 0 255
0.961000 1.282000 0.012000 0 0 255
0.961000 1.300000 0.012000 0 0 255
0.867000 1.133000 0.011000 0 0 255
1.074000 1.515000 0.013000 0 0 255
0.918000 1.383000 0.013000 0 0 255
0.908000 1.224000 0.012000 0 0 255
1.004000 1.419000 0.013000 0 0 255
0.930000 1.439000 0.014000 0 0 255
1.052000 1.456000 0.012000 0 0 255
0.850000 1.391000 0.014000 0 0 255
0.991000 1.428000 0.013000 0 0 255
1.026000 1.474000 0.013000 0 0 255
0.894000 1.276000 0.013000 0 0 255
0.867000 1.385000 0.014000 0 0 255
1.008000 1.499000 0.013000 0 0 255
0.962000 1.284000 0.012000 0 0 255
1.081000 1.535000 0.013000 0 0 255
0.981000 1.361000 0.012000 0 0 255
0.986000 1.448000 0.013000 0 0 255
0.993000 1.365000 0.012000 0 0 255
1.019000 1.371000 0.012000 0 0 255
1.048000 1.469000 0.013000 0 0 255
0.969000 1.403000 0.013000 0 0 255
1.027000 1.454000 0.013000 0 0 255
0.937000 1.465000 0.014000 0 0 255
0.980000 1.383000 0.013000 0 0 255
0.878000 1.408000 0.014000 0 0 255
0.904000 1.379000 0.013000 0 0 255
0.956000 1.381000 0.013000 0 0 255
0.963000 1.288000 0.012000 0 0 255
0.891000 1.320000 0.013000 0 0 255
1.013000 1.447000 0.013000 0 0 255
1.010000 1.420000 0.012000 0 0 255
0.908000 1.276000 0.012000 0 0 255
1.100000 1.511000 0.012000 0 0 255
0.927000 1.316000 0.013000 0 0 255
0.932000 1.407000 0.013000 0 0 255
0.938000 1.440000 0.014000 0 0 255
1.016000 1.428000 0.012000 0 0 255
0.875000 1.150000 0.012000 0 0 255
1.050000 1.502000 0.013000 0 0 255
0.967000 1.350000 0.012000 0 0 255
1.030000 1.425000 0.012000 0 0 255
0.977000 1.373000 0.012000 0 0 255
1.071000 1.486000 0.012000 0 0 255
0.982000 1.434000 0.013000 0 0 255
0.879000 1.638000 0.014000 0 0 255
0.837000 1.558000 0.013000 0 0 255
0.889000 1.653000 0.014000 0 0 255
0.862000 1.662000 0.015000 0 0 255
0.924000 1.608000 0.011000 0 0 255
0.846000 1.574000 0.013000 0 0 255
0.851000 1.572000 0.013000 0 0 255
0.886000 1.672000 0.014000 0 0 255
0.845000 1.635000 0.015000 0 0 255
0.868000 1.583000 0.012000 0 0 255
0.836000 1.563000 0.013000 0 0 255
0.866000 1.608000 0.013000 0 0 255
0.852000 1.626000 0.014000 0 0 255
0.873000 1.608000 0.013000 0 0 255
0.828000 1.205000 0.013000 0 0 255
0.836000 1.170000 0.012000 0 0 255
0.843000 1.183000 0.012000 0 0 255
0.808000 1.168000 0.013000 0 0 255
0.802000 1.196000 0.013000 0 0 255
0.822000 1.178000 0.012000 0 0 255
0.824000 1.171000 0.012000 0 0 255
0.808000 1.233000 0.013000 0 0 255
0.846000 1.238000 0.013000 0 0 255
0.879000 1.553000 0.011000 0 0 255
0.811000 1.642000 0.017000 0 0 255
0.815000 1.632000 0.016000 0 0 255
0.832000 1.635000 0.016000 0 0 255
0.862000 1.486000 0.013000 0 0 255
0.893000 1.545000 0.011000 0 0 255
0.908000 1.559000 0.011000 0 0 255
0.853000 1.511000 0.012000 0 0 255
0.884000 1.501000 0.012000 0 0 255
0.883000 1.523000 0.012000 0 0 255
1.094000 1.574000 0.015000 0 0 255
1.003000 1.594000 0.012000 0 0 255
1.030000 1.588000 0.017000 0 0 255
1.048000 1.584000 0.019000 0 0 255
1.048000 1.584000 0.016000 0 0 255
1.009000 1.592000 0.022000 0 0 255
1.124000 1.567000 0.021000 0 0 255
1.169000 1.556000 0.013000 0 0 255
1.186000 1.551000 0.019000 0 0 255
1.276000 1.527000 0.013000 0 0 255
1.357000 1.505000 0.020000 0 0 255
1.171000 1.556000 0.019000 0 0 255
1.356000 1.505000 0.009000 0 0 255
1.280000 1.526000 0.016000 0 0 255
1.220000 1.542000 0.022000 0 0 255
1.530000 1.469000 0.021000 0 0 255
1.608000 1.455000 0.021000 0 0 255
1.635000 1.451000 0.016000 0 0 255
1.734000 1.434000 0.008000 0 0 255
1.696000 1.441000 0.012000 0 0 255
1.792000 1.424000 0.017000 0 0 255
1.447000 1.483000 0.012000 0 0 255
1.843000 1.416000 0.009000 0 0 255
1.430000 1.486000 0.015000 0 0 255
1.871000 1.417000 0.012000 0 0 255
1.892000 1.421000 0.018000 0 0 255
0.393000 1.726000 0.021000 0 0 255
0.466000 1.725000 0.021000 0 0 255
0.018000 1.364000 0.019000 0 0 255
0.017000 1.243000 0.017000 0 0 255
0.178000 1.656000 0.019000 0 0 255
0.121000 1.609000 0.023000 0 0 255
0.137000 1.626000 0.023000 0 0 255
0.174000 1.645000 0.016000 0 0 255
0.204000 1.686000 0.020000 0 0 255
0.126000 1.585000 0.012000 0 0 255
0.129000 1.612000 0.021000 0 0 255
0.154000 1.619000 0.014000 0 0 255
0.140000 1.374000 0.020000 0 0 255
0.224000 1.349000 0.018000 0 0 255
0.519000 1.276000 0.018000 0 0 255
0.095000 1.388000 0.021000 0 0 255
0.431000 1.309000 0.022000 0 0 255
0.216000 1.356000 0.020000 0 0 255
0.370000 1.320000 0.021000 0 0 255
0.234000 1.352000 0.020000 0 0 255
0.126000 1.368000 0.016000 0 0 255
0.291000 1.330000 0.017000 0 0 255
0.082000 1.389000 0.020000 0 0 255
0.048000 1.382000 0.014000 0 0 255
0.096000 1.386000 0.020000 0 0 255
0.308000 1.323000 0.016000 0 0 255
0.294000 1.330000 0.017000 0 0 255
0.504000 1.280000 0.018000 0 0 255
0.279000 1.339000 0.019000 0 0 255
0.321000 1.335000 0.022000 0 0 255
0.174000 1.369000 0.021000 0 0 255
0.387000 1.313000 0.020000 0 0 255
0.079000 1.393000 0.021000 0 0 255
0.148000 1.368000 0.018000 0 0 255
0.046000 1.382000 0.014000 0 0 255
0.044000 0.838000 0.013000 0 0 255
0.131000 1.026000 0.014000 0 0 255
0.122000 1.319000 0.014000 0 0 255
0.081000 0.727000 0.013000 0 0 255
0.202000 0.917000 0.014000 0 0 255
0.282000 1.141000 0.015000 0 0 255
0.367000 1.203000 0.016000 0 0 255
0.160000 0.852000 0.014000 0 0 255
0.174000 0.959000 0.014000 0 0 255
0.201000 1.256000 0.015000 0 0 255
0.233000 1.198000 0.015000 0 0 255
0.063000 0.707000 0.013000 0 0 255
0.337000 1.195000 0.016000 0 0 255
0.303000 1.077000 0.015000 0 0 255
0.063000 0.948000 0.013000 0 0 255
0.286000 1.212000 0.015000 0 0 255
0.073000 0.802000 0.013000 0 0 255
0.150000 1.326000 0.014000 0 0 255
0.390000 1.120000 0.016000 0 0 255
0.012000 0.703000 0.013000 0 0 255
0.150000 1.226000 0.014000 0 0 255
0.017000 1.197000 0.013000 0 0 255
0.029000 0.980000 0.013000 0 0 255
0.151000 0.911000 0.014000 0 0 255
0.170000 1.276000 0.014000 0 0 255
0.417000 1.168000 0.016000 0 0 255
0.396000 1.119000 0.016000 0 0 255
0.148000 0.826000 0.014000 0 0 255
0.068000 1.263000 0.014000 0 0 255
0.194000 1.069000 0.014000 0 0 255
0.114000 1.023000 0.014000 0 0 255
0.346000 1.143000 0.016000 0 0 255
0.237000 1.080000 0.015000 0 0 255
0.160000 0.819000 0.014000 0 0 255
0.064000 0.852000 0.013000 0 0 255
0.290000 1.176000 0.015000 0 0 255
0.434000 1.284000 0.016000 0 0 255
0.286000 1.076000 0.015000 0 0 255
0.257000 1.306000 0.015000 0 0 255
0.189000 1.161000 0.015000 0 0 255
0.444000 1.247000 0.016000 0 0 255
0.123000 0.861000 0.014000 0 0 255
0.024000 0.742000 0.013000 0 0 255
0.036000 1.007000 0.013000 0 0 255
0.063000 0.927000 0.013000 0 0 255
0.198000 0.938000 0.014000 0 0 255
0.058000 0.888000 0.013000 0 0 255
0.389000 1.232000 0.016000 0 0 255
0.367000 1.123000 0.016000 0 0 255
0.188000 1.197000 0.015000 0 0 255
0.107000 1.084000 0.014000 0 0 255
0.135000 1.034000 0.014000 0 0 255
0.227000 1.186000 0.015000 0 0 255
0.146000 1.285000 0.014000 0 0 255
0.132000 1.001000 0.014000 0 0 255
0.083000 0.985000 0.014000 0 0 255
0.138000 1.065000 0.014000 0 0 255
0.062000 0.882000 0.013000 0 0 255
0.290000 1.239000 0.015000 0 0 255
0.248000 1.232000 0.015000 0 0 255
0.238000 0.926000 0.015000 0 0 255
0.157000 1.136000 0.014000 0 0 255
0.250000 1.292000 0.015000 0 0 255
0.319000 1.024000 0.015000 0 0 255
0.368000 1.207000 0.016000 0 0 255
0.148000 0.963000 0.014000 0 0 255
0.192000 0.921000 0.014000 0 0 255
0.082000 0.769000 0.014000 0 0 255
0.368000 1.070000 0.016000 0 0 255
0.146000 1.176000 0.014000 0 0 255
0.166000 1.045000 0.014000 0 0 255
0.033000 1.312000 0.014000 0 0 255
0.169000 1.280000 0.014000 0 0 255
0.057000 0.836000 0.013000 0 0 255
0.367000 1.189000 0.016000 0 0 255
0.028000 0.897000 0.013000 0 0 255
0.091000 0.849000 0.014000 0 0 255
0.043000 0.951000 0.013000 0 0 255
0.250000 1.222000 0.015000 0 0 255
0.013000 0.781000 0.013000 0 0 255
0.137000 0.969000 0.014000 0 0 255
0.414000 1.170000 0.016000 0 0 255
0.426000 1.264000 0.016000 0 0 255
0.432000 1.234000 0.016000 0 0 255
0.136000 0.839000 0.014000 0 0 255
0.414000 1.241000 0.016000 0 0 255
0.218000 1.253000 0.015000 0 0 255
0.492000 1.279000 0.017000 0 0 255
0.190000 1.022000 0.014000 0 0 255
0.128000 0.981000 0.014000 0 0 255
0.161000 1.296000 0.014000 0 0 255
0.026000 1.179000 0.013000 0 0 255
0.116000 1.302000 0.014000 0 0 255
0.048000 1.367000 0.014000 0 0 255
0.091000 1.013000 0.014000 0 0 255
0.042000 0.953000 0.013000 0 0 255
0.189000 0.870000 0.014000 0 0 255
0.305000 1.318000 0.015000 0 0 255
0.154000 1.352000 0.014000 0 0 255
0.028000 1.314000 0.013000 0 0 255
0.173000 1.266000 0.014000 0 0 255
0.338000 1.219000 0.016000 0 0 255
0.164000 1.177000 0.014000 0 0 255
0.419000 1.202000 0.016000 0 0 255
0.115000 1.184000 0.014000 0 0 255
0.256000 0.954000 0.015000 0 0 255
0.318000 1.124000 0.015000 0 0 255
0.191000 0.974000 0.014000 0 0 255
0.031000 1.191000 0.013000 0 0 255
0.358000 1.161000 0.016000 0 0 255
0.124000 1.162000 0.014000 0 0 255
0.447000 1.248000 0.016000 0 0 255
0.193000 0.964000 0.014000 0 0 255
0.308000 1.227000 0.015000 0 0 255
0.169000 0.863000 0.014000 0 0 255
0.358000 1.067000 0.016000 0 0 255
0.033000 1.332000 0.014000 0 0 255
0.265000 1.033000 0.015000 0 0 255
0.045000 0.965000 0.013000 0 0 255
0.211000 1.279000 0.015000 0 0 255
0.047000 0.881000 0.013000 0 0 255
0.330000 1.277000 0.016000 0 0 255
0.152000 1.283000 0.014000 0 0 255
0.186000 1.193000 0.015000 0 0 255
0.237000 1.084000 0.015000 0 0 255
0.033000 1.349000 0.014000 0 0 255
0.233000 0.949000 0.015000 0 0 255
0.188000 1.228000 0.015000 0 0 255
0.348000 1.063000 0.016000 0 0 255
0.059000 1.375000 0.014000 0 0 255
0.014000 0.919000 0.013000 0 0 255
0.123000 1.319000 0.014000 0 0 255
0.033000 0.874000 0.013000 0 0 255
0.358000 1.168000 0.016000 0 0 255
0.118000 0.892000 0.014000 0 0 255
0.345000 1.270000 0.016000 0 0 255
0.394000 1.204000 0.016000 0 0 255
0.339000 1.182000 0.016000 0 0 255
0.169000 1.322000 0.014000 0 0 255
0.157000 1.094000 0.014000 0 0 255
0.178000 0.957000 0.014000 0 0 255
0.057000 0.966000 0.013000 0 0 255
0.098000 0.860000 0.014000 0 0 255
0.418000 1.226000 0.016000 0 0 255
0.252000 1.308000 0.015000 0 0 255
0.245000 0.986000 0.015000 0 0 255
0.036000 0.851000 0.013000 0 0 255
0.370000 1.070000 0.016000 0 0 255
0.042000 0.838000 0.013000 0 0 255
0.399000 1.166000 0.016000 0 0 255
0.042000 1.012000 0.013000 0 0 255
0.061000 0.796000 0.013000 0 0 255
0.029000 0.831000 0.013000 0 0 255
0.144000 0.960000 0.014000 0 0 255
0.168000 1.140000 0.014000 0 0 255
0.231000 1.279000 0.015000 0 0 255
0.272000 1.011000 0.015000 0 0 255
0.261000 1.241000 0.015000 0 0 255
0.102000 0.888000 0.014000 0 0 255
0.078000 1.132000 0.014000 0 0 255
0.131000 1.022000 0.014000 0 0 255
0.223000 1.173000 0.015000 0 0 255
0.064000 0.972000 0.014000 0 0 255
0.367000 1.305000 0.016000 0 0 255
0.158000 0.947000 0.014000 0 0 255
0.349000 1.155000 0.016000 0 0 255
0.044000 1.268000 0.014000 0 0 255
0.090000 0.829000 0.014000 0 0 255
0.156000 1.152000 0.014000 0 0 255
0.451000 1.223000 0.016000 0 0 255
0.036000 0.826000 0.013000 0 0 255
0.096000 0.961000 0.014000 0 0 255
0.239000 1.316000 0.015000 0 0 255
0.103000 0.974000 0.014000 0 0 255
0.201000 1.054000 0.015000 0 0 255
0.474000 1.241000 0.017000 0 0 255
0.279000 1.311000 0.015000 0 0 255
0.399000 1.230000 0.016000 0 0 255
0.137000 0.903000 0.014000 0 0 255
0.044000 0.757000 0.013000 0 0 255
0.166000 1.291000 0.014000 0 0 255
0.039000 0.692000 0.013000 0 0 255
0.065000 1.228000 0.014000 0 0 255
0.231000 1.130000 0.015000 0 0 255
0.106000 1.333000 0.014000 0 0 255
0.295000 1.193000 0.015000 0 0 255
0.105000 1.231000 0.014000 0 0 255
0.182000 1.205000 0.014000 0 0 255
0.090000 0.959000 0.014000 0 0 255
0.024000 0.872000 0.013000 0 0 255
0.046000 0.964000 0.013000 0 0 255
0.318000 1.136000 0.015000 0 0 255
0.022000 0.728000 0.013000 0 0 255
0.026000 0.921000 0.013000 0 0 255
0.276000 1.305000 0.015000 0 0 255
0.314000 1.058000 0.015000 0 0 255
0.109000 0.952000 0.014000 0 0 255
0.375000 1.209000 0.016000 0 0 255
0.102000 1.282000 0.014000 0 0 255
0.280000 1.096000 0.015000 0 0 255
0.202000 1.218000 0.015000 0 0 255
0.048000 1.283000 0.014000 0 0 255
0.071000 1.193000 0.014000 0 0 255
0.176000 0.876000 0.014000 0 0 255
0.135000 1.076000 0.014000 0 0 255
0.339000 1.251000 0.016000 0 0 255
0.031000 0.926000 0.013000 0 0 255
0.090000 1.117000 0.014000 0 0 255
0.225000 1.212000 0.015000 0 0 255
0.209000 1.202000 0.015000 0 0 255
0.256000 1.225000 0.015000 0 0 255
0.093000 1.037000 0.014000 0 0 255
0.155000 1.149000 0.014000 0 0 255
0.203000 1.246000 0.015000 0 0 255
0.144000 1.218000 0.014000 0 0 255
0.053000 1.225000 0.014000 0 0 255
0.192000 0.891000 0.014000 0 0 255
0.100000 1.049000 0.014000 0 0 255
0.203000 0.882000 0.014000 0 0 255
0.244000 1.084000 0.015000 0 0 255
0.096000 1.274000 0.014000 0 0 255
0.135000 0.813000 0.014000 0 0 255
0.331000 1.046000 0.015000 0 0 255
0.398000 1.106000 0.016000 0 0 255
0.079000 0.747000 0.013000 0 0 255
0.350000 1.214000 0.016000 0 0 255
0.200000 1.252000 0.015000 0 0 255
0.178000 1.036000 0.014000 0 0 255
0.081000 1.211000 0.014000 0 0 255
0.186000 1.163000 0.014000 0 0 255
0.242000 1.155000 0.015000 0 0 255
0.097000 0.830000 0.014000 0 0 255
0.095000 1.026000 0.014000 0 0 255
0.051000 0.777000 0.013000 0 0 255
0.038000 1.159000 0.013000 0 0 255
0.057000 1.087000 0.014000 0 0 255
0.161000 1.200000 0.014000 0 0 255
0.072000 0.733000 0.013000 0 0 255
0.262000 1.047000 0.015000 0 0 255
0.242000 1.194000 0.015000 0 0 255
0.295000 1.079000 0.015000 0 0 255
0.209000 1.177000 0.015000 0 0 255
0.478000 1.222000 0.017000 0 0 255
0.094000 0.973000 0.014000 0 0 255
0.184000 0.933000 0.014000 0 0 255
0.348000 1.214000 0.016000 0 0 255
0.341000 1.048000 0.016000 0 0 255
0.076000 1.227000 0.014000 0 0 255
0.071000 0.860000 0.013000 0 0 255
0.229000 1.270000 0.015000 0 0 255
0.112000 1.196000 0.014000 0 0 255
0.131000 0.914000 0.014000 0 0 255
0.131000 1.318000 0.014000 0 0 255
0.169000 1.233000 0.014000 0 0 255
0.018000 1.239000 0.013000 0 0 255
0.029000 1.098000 0.013000 0 0 255
0.280000 1.112000 0.015000 0 0 255
0.052000 1.112000 0.014000 0 0 255
0.110000 0.848000 0.014000 0 0 255
0.096000 1.308000 0.014000 0 0 255
0.107000 0.794000 0.014000 0 0 255
0.298000 1.200000 0.015000 0 0 255
0.195000 1.038000 0.014000 0 0 255
0.077000 1.247000 0.014000 0 0 255
0.320000 1.176000 0.015000 0 0 255
0.295000 1.243000 0.015000 0 0 255
0.258000 1.289000 0.015000 0 0 255
0.477000 1.210000 0.017000 0 0 255
0.285000 1.243000 0.015000 0 0 255
0.030000 0.839000 0.013000 0 0 255
0.241000 1.000000 0.015000 0 0 255
0.606000 1.704000 0.018000 0 0 255
0.230000 1.621000 0.013000 0 0 255
0.370000 1.687000 0.018000 0 0 255
0.749000 1.718000 0.018000 0 0 255
0.239000 1.619000 0.013000 0 0 255
0.398000 1.718000 0.021000 0 0 255
0.238000 1.716000 0.022000 0 0 255
0.737000 1.707000 0.017000 0 0 255
0.465000 1.668000 0.016000 0 0 255
0.728000 1.711000 0.017000 0 0 255
0.378000 1.633000 0.013000 0 0 255
0.451000 1.720000 0.020000 0 0 255
0.403000 1.652000 0.015000 0 0 255
0.219000 1.627000 0.014000 0 0 255
0.281000 1.713000 0.021000 0 0 255
0.329000 1.635000 0.014000 0 0 255
0.327000 1.657000 0.016000 0 0 255
0.237000 1.704000 0.020000 0 0 255
0.318000 1.701000 0.020000 0 0 255
0.208000 1.650000 0.016000 0 0 255
0.542000 1.712000 0.019000 0 0 255
0.284000 1.616000 0.012000 0 0 255
0.394000 1.685000 0.018000 0 0 255
0.268000 1.634000 0.014000 0 0 255
0.194000 1.646000 0.016000 0 0 255
0.676000 1.713000 0.018000 0 0 255
0.263000 1.619000 0.013000 0 0 255
0.335000 1.714000 0.021000 0 0 255
0.416000 1.639000 0.013000 0 0 255
0.409000 1.725000 0.021000 0 0 255
0.293000 1.631000 0.014000 0 0 255
0.402000 1.722000 0.021000 0 0 255
0.354000 1.694000 0.019000 0 0 255
0.303000 1.677000 0.018000 0 0 255
0.348000 1.700000 0.019000 0 0 255
0.562000 1.690000 0.017000 0 0 255
0.609000 1.710000 0.018000 0 0 255
0.302000 1.714000 0.021000 0 0 255
0.448000 1.697000 0.018000 0 0 255
0.664000 1.693000 0.016000 0 0 255
0.438000 1.685000 0.017000 0 0 255
0.193000 1.637000 0.015000 0 0 255
0.466000 1.711000 0.019000 0 0 255
0.702000 1.703000 0.017000 0 0 255
0.671000 1.712000 0.018000 0 0 255
0.345000 1.627000 0.013000 0 0 255
0.513000 1.678000 0.016000 0 0 255
0.379000 1.688000 0.018000 0 0 255
0.222000 1.694000 0.020000 0 0 255
0.380000 1.630000 0.013000 0 0 255
0.690000 1.696000 0.016000 0 0 255
0.331000 1.656000 0.016000 0 0 255
0.462000 1.666000 0.015000 0 0 255
0.771000 1.709000 0.017000 0 0 255
0.619000 1.712000 0.018000 0 0 255
0.321000 1.622000 0.013000 0 0 255
0.239000 1.699000 0.020000 0 0 255
0.669000 1.687000 0.016000 0 0 255
0.695000 1.698000 0.016000 0 0 255
0.265000 1.630000 0.014000 0 0 255
0.382000 1.712000 0.020000 0 0 255
0.473000 1.691000 0.018000 0 0 255
0.396000 1.716000 0.020000 0 0 255
0.234000 1.630000 0.014000 0 0 255
0.518000 1.694000 0.017000 0 0 255
0.196000 1.645000 0.016000 0 0 255
0.625000 1.718000 0.019000 0 0 255
0.431000 1.681000 0.017000 0 0 255
0.712000 1.715000 0.018000 0 0 255
0.464000 1.689000 0.017000 0 0 255
0.168000 1.621000 0.014000 0 0 255
0.266000 1.638000 0.014000 0 0 255
0.538000 1.710000 0.019000 0 0 255
0.742000 1.719000 0.018000 0 0 255
0.199000 1.646000 0.016000 0 0 255
0.401000 1.715000 0.020000 0 0 255
0.430000 1.626000 0.017000 0 0 255
0.483000 1.619000 0.023000 0 0 255
0.457000 1.613000 0.023000 0 0 255
0.400000 1.629000 0.014000 0 0 255
0.206000 1.563000 0.022000 0 0 255
0.330000 1.606000 0.017000 0 0 255
0.203000 1.572000 0.019000 0 0 255
0.463000 1.632000 0.017000 0 0 255
0.347000 1.622000 0.013000 0 0 255
0.213000 1.575000 0.018000 0 0 255
0.659000 1.674000 0.018000 0 0 255
0.829000 1.710000 0.018000 0 0 255
0.305000 1.606000 0.015000 0 0 255
0.414000 1.607000 0.022000 0 0 255
0.537000 1.657000 0.015000 0 0 255
0.171000 1.572000 0.016000 0 0 255
0.473000 1.638000 0.016000 0 0 255
0.424000 1.607000 0.023000 0 0 255
0.629000 1.670000 0.017000 0 0 255
0.175000 1.557000 0.021000 0 0 255
0.548000 1.655000 0.016000 0 0 255
0.159000 1.576000 0.014000 0 0 255
0.591000 1.654000 0.019000 0 0 255
0.334000 1.606000 0.017000 0 0 255
0.364000 1.604000 0.020000 0 0 255
0.650000 1.669000 0.019000 0 0 255
0.313000 1.604000 0.016000 0 0 255
0.551000 1.654000 0.017000 0 0 255
0.259000 1.604000 0.012000 0 0 255
0.402000 1.613000 0.019000 0 0 255
0.370000 1.617000 0.016000 0 0 255
0.754000 1.695000 0.018000 0 0 255
0.640000 1.656000 0.022000 0 0 255
0.482000 0.974000 0.017000 0 0 255
0.439000 0.940000 0.017000 0 0 255
0.100000 0.744000 0.014000 0 0 255
0.065000 0.686000 0.013000 0 0 255
0.059000 0.687000 0.013000 0 0 255
0.271000 0.885000 0.015000 0 0 255
0.436000 0.965000 0.017000 0 0 255
0.510000 1.140000 0.017000 0 0 255
0.457000 1.117000 0.017000 0 0 255
0.459000 0.987000 0.017000 0 0 255
0.497000 1.211000 0.017000 0 0 255
0.446000 0.960000 0.017000 0 0 255
0.358000 0.968000 0.016000 0 0 255
0.457000 0.947000 0.017000 0 0 255
0.188000 0.808000 0.014000 0 0 255
0.478000 1.011000 0.017000 0 0 255
0.316000 0.994000 0.015000 0 0 255
0.310000 0.997000 0.015000 0 0 255
0.207000 0.836000 0.015000 0 0 255
0.479000 1.083000 0.017000 0 0 255
0.271000 0.947000 0.015000 0 0 255
0.305000 0.986000 0.015000 0 0 255
0.317000 0.892000 0.016000 0 0 255
0.365000 0.893000 0.016000 0 0 255
0.522000 1.173000 0.017000 0 0 255
0.490000 1.009000 0.017000 0 0 255
0.392000 0.996000 0.016000 0 0 255
0.415000 0.991000 0.017000 0 0 255
0.302000 0.905000 0.016000 0 0 255
0.433000 0.990000 0.017000 0 0 255
0.380000 0.928000 0.016000 0 0 255
0.439000 0.991000 0.017000 0 0 255
0.448000 1.073000 0.017000 0 0 255
0.520000 1.205000 0.017000 0 0 255
0.452000 0.967000 0.017000 0 0 255
0.350000 0.907000 0.016000 0 0 255
0.366000 0.992000 0.016000 0 0 255
0.263000 0.930000 0.015000 0 0 255
0.451000 1.156000 0.016000 0 0 255
0.521000 1.200000 0.017000 0 0 255
0.362000 1.020000 0.016000 0 0 255
0.447000 1.131000 0.016000 0 0 255
0.225000 0.849000 0.015000 0 0 255
0.462000 0.967000 0.017000 0 0 255
0.525000 1.202000 0.017000 0 0 255
0.426000 0.970000 0.017000 0 0 255
0.110000 0.745000 0.014000 0 0 255
0.434000 0.996000 0.017000 0 0 255
0.502000 1.224000 0.017000 0 0 255
0.247000 0.874000 0.015000 0 0 255
0.406000 1.042000 0.016000 0 0 255
0.275000 0.913000 0.015000 0 0 255
0.269000 0.831000 0.015000 0 0 255
0.144000 0.760000 0.014000 0 0 255
0.322000 0.895000 0.016000 0 0 255
0.163000 0.806000 0.014000 0 0 255
0.315000 0.878000 0.016000 0 0 255
0.067000 0.671000 0.013000 0 0 255
0.179000 0.778000 0.014000 0 0 255
0.498000 1.095000 0.017000 0 0 255
0.242000 0.849000 0.015000 0 0 255
0.260000 0.860000 0.015000 0 0 255
0.198000 0.858000 0.014000 0 0 255
0.368000 1.045000 0.016000 0 0 255
0.513000 1.142000 0.017000 0 0 255
0.352000 0.953000 0.016000 0 0 255
0.515000 1.155000 0.017000 0 0 255
0.489000 1.109000 0.017000 0 0 255
0.273000 0.929000 0.015000 0 0 255
0.465000 1.061000 0.017000 0 0 255
0.271000 0.925000 0.015000 0 0 255
0.471000 1.053000 0.017000 0 0 255
0.213000 0.804000 0.015000 0 0 255
0.228000 0.809000 0.015000 0 0 255
0.403000 1.102000 0.016000 0 0 255
0.608000 1.500000 0.022000 0 0 255
0.568000 1.401000 0.020000 0 0 255
0.660000 1.556000 0.021000 0 0 255
0.677000 1.588000 0.021000 0 0 255
0.641000 1.458000 0.019000 0 0 255
0.720000 1.532000 0.017000 0 0 255
0.619000 1.481000 0.020000 0 0 255
0.642000 1.475000 0.019000 0 0 255
0.485000 1.363000 0.023000 0 0 255
0.556000 1.465000 0.023000 0 0 255
0.519000 1.288000 0.018000 0 0 255
0.699000 1.641000 0.022000 0 0 255
0.634000 1.590000 0.023000 0 0 255
0.689000 1.587000 0.021000 0 0 255
0.732000 1.569000 0.018000 0 0 255
0.580000 1.422000 0.020000 0 0 255
0.529000 1.435000 0.023000 0 0 255
0.767000 1.633000 0.019000 0 0 255
0.650000 1.504000 0.020000 0 0 255
0.487000 1.345000 0.022000 0 0 255
0.474000 1.325000 0.022000 0 0 255
0.680000 1.630000 0.023000 0 0 255
0.820000 1.692000 0.018000 0 0 255
0.690000 1.509000 0.018000 0 0 255
0.510000 1.354000 0.021000 0 0 255
0.719000 1.669000 0.022000 0 0 255
0.611000 1.449000 0.020000 0 0 255
0.662000 1.588000 0.022000 0 0 255
0.567000 1.484000 0.023000 0 0 255
0.767000 1.602000 0.018000 0 0 255
0.682000 1.522000 0.019000 0 0 255
0.482000 1.374000 0.023000 0 0 255
0.799000 1.689000 0.019000 0 0 255
0.768000 1.606000 0.018000 0 0 255
0.599000 1.517000 0.023000 0 0 255
0.827000 1.681000 0.017000 0 0 255
0.803000 1.695000 0.019000 0 0 255
0.698000 1.593000 0.020000 0 0 255
0.605000 1.456000 0.020000 0 0 255
0.590000 1.382000 0.018000 0 0 255
0.549000 1.436000 0.022000 0 0 255
0.567000 1.425000 0.021000 0 0 255
0.716000 1.538000 0.018000 0 0 255
0.674000 1.545000 0.020000 0 0 255
0.563000 1.336000 0.018000 0 0 255
0.715000 1.654000 0.022000 0 0 255
0.567000 1.399000 0.020000 0 0 255
0.602000 1.380000 0.018000 0 0 255
0.573000 1.464000 0.022000 0 0 255
0.542000 1.405000 0.021000 0 0 255
0.752000 1.593000 0.018000 0 0 255
0.728000 1.661000 0.021000 0 0 255
0.687000 1.505000 0.018000 0 0 255
0.608000 1.396000 0.018000 0 0 255
0.536000 1.280000 0.017000 0 0 255
0.592000 1.462000 0.021000 0 0 255
0.711000 1.664000 0.022000 0 0 255
0.543000 1.434000 0.022000 0 0 255
0.711000 1.527000 0.018000 0 0 255
0.749000 1.579000 0.018000 0 0 255
0.568000 1.452000 0.022000 0 0 255
0.568000 1.430000 0.021000 0 0 255
0.597000 1.398000 0.019000 0 0 255
0.764000 1.654000 0.019000 0 0 255
0.703000 1.557000 0.019000 0 0 255
0.707000 1.509000 0.017000 0 0 255
0.607000 1.438000 0.019000 0 0 255
0.518000 1.323000 0.020000 0 0 255
0.737000 1.644000 0.020000 0 0 255
0.688000 1.594000 0.021000 0 0 255
0.717000 1.476000 0.016000 0 0 255
0.731000 1.484000 0.015000 0 0 255
0.771000 1.477000 0.013000 0 0 255
0.753000 1.504000 0.015000 0 0 255
0.770000 1.524000 0.015000 0 0 255
0.795000 0.683000 0.013000 0 0 255
0.608000 1.155000 0.016000 0 0 255
0.600000 1.157000 0.016000 0 0 255
0.633000 1.160000 0.015000 0 0 255
0.828000 1.099000 0.012000 0 0 255
0.726000 1.037000 0.014000 0 0 255
0.663000 1.061000 0.015000 0 0 255
0.757000 0.978000 0.013000 0 0 255
0.703000 0.930000 0.014000 0 0 255
0.805000 0.893000 0.012000 0 0 255
0.772000 1.105000 0.013000 0 0 255
0.799000 0.987000 0.012000 0 0 255
0.713000 1.003000 0.014000 0 0 255
0.620000 1.192000 0.016000 0 0 255
0.643000 1.077000 0.015000 0 0 255
0.626000 1.155000 0.015000 0 0 255
0.728000 1.021000 0.014000 0 0 255
0.565000 1.216000 0.017000 0 0 255
0.787000 1.061000 0.012000 0 0 255
0.670000 1.121000 0.015000 0 0 255
0.717000 0.974000 0.014000 0 0 255
0.795000 1.069000 0.012000 0 0 255
0.564000 1.250000 0.017000 0 0 255
0.725000 1.092000 0.014000 0 0 255
0.674000 1.182000 0.015000 0 0 255
0.796000 0.993000 0.012000 0 0 255
0.835000 1.011000 0.012000 0 0 255
0.831000 1.020000 0.012000 0 0 255
0.791000 0.777000 0.012000 0 0 255
0.653000 1.156000 0.015000 0 0 255
0.802000 1.021000 0.012000 0 0 255
0.814000 0.902000 0.012000 0 0 255
0.661000 1.117000 0.015000 0 0 255
0.714000 1.070000 0.014000 0 0 255
0.843000 1.038000 0.011000 0 0 255
0.765000 0.983000 0.013000 0 0 255
0.582000 1.195000 0.016000 0 0 255
0.674000 1.079000 0.015000 0 0 255
0.690000 1.182000 0.014000 0 0 255
0.813000 0.776000 0.012000 0 0 255
0.756000 1.017000 0.013000 0 0 255
0.658000 1.120000 0.015000 0 0 255
0.764000 0.965000 0.013000 0 0 255
0.774000 0.847000 0.013000 0 0 255
0.750000 0.834000 0.013000 0 0 255
0.801000 1.094000 0.012000 0 0 255
0.822000 0.827000 0.012000 0 0 255
0.677000 1.080000 0.015000 0 0 255
0.799000 1.064000 0.012000 0 0 255
0.835000 0.965000 0.012000 0 0 255
0.769000 0.886000 0.013000 0 0 255
0.724000 1.039000 0.014000 0 0 255
0.670000 1.150000 0.015000 0 0 255
0.647000 1.131000 0.015000 0 0 255
0.612000 1.117000 0.016000 0 0 255
0.734000 0.883000 0.013000 0 0 255
0.697000 1.133000 0.014000 0 0 255
0.673000 1.098000 0.015000 0 0 255
0.811000 0.962000 0.012000 0 0 255
0.736000 0.872000 0.013000 0 0 255
0.709000 0.954000 0.014000 0 0 255
0.624000 1.179000 0.015000 0 0 255
0.783000 1.078000 0.013000 0 0 255
0.809000 0.760000 0.012000 0 0 255
0.774000 0.785000 0.013000 0 0 255
0.746000 1.100000 0.013000 0 0 255
0.754000 1.150000 0.013000 0 0 255
0.815000 1.019000 0.012000 0 0 255
0.689000 1.081000 0.014000 0 0 255
0.772000 0.786000 0.013000 0 0 255
0.797000 1.070000 0.012000 0 0 255
0.821000 0.994000 0.012000 0 0 255
0.631000 1.187000 0.015000 0 0 255
0.767000 0.854000 0.013000 0 0 255
0.753000 0.938000 0.013000 0 0 255
0.720000 0.956000 0.014000 0 0 255
0.627000 1.209000 0.015000 0 0 255
0.730000 0.926000 0.014000 0 0 255
0.708000 0.966000 0.014000 0 0 255
0.731000 0.879000 0.014000 0 0 255
0.690000 1.175000 0.014000 0 0 255
0.688000 1.098000 0.014000 0 0 255
0.786000 0.916000 0.013000 0 0 255
0.818000 0.813000 0.012000 0 0 255
0.749000 1.005000 0.013000 0 0 255
0.714000 0.942000 0.014000 0 0 255
0.721000 0.959000 0.014000 0 0 255
0.816000 0.797000 0.012000 0 0 255
0.741000 0.947000 0.013000 0 0 255
0.646000 1.184000 0.015000 0 0 255
0.616000 1.168000 0.016000 0 0 255
0.640000 0.907000 0.015000 0 0 255
0.701000 0.930000 0.014000 0 0 255
0.644000 0.965000 0.015000 0 0 255
0.722000 0.876000 0.014000 0 0 255
0.566000 1.151000 0.017000 0 0 255
0.573000 1.190000 0.016000 0 0 255
0.531000 0.989000 0.017000 0 0 255
0.761000 0.803000 0.013000 0 0 255
0.616000 1.096000 0.016000 0 0 255
0.757000 0.769000 0.013000 0 0 255
0.671000 0.877000 0.015000 0 0 255
0.518000 1.029000 0.017000 0 0 255
0.532000 0.962000 0.017000 0 0 255
0.594000 0.897000 0.016000 0 0 255
0.562000 1.132000 0.017000 0 0 255
0.538000 1.061000 0.017000 0 0 255
0.527000 1.155000 0.017000 0 0 255
0.588000 1.127000 0.016000 0 0 255
0.519000 1.074000 0.017000 0 0 255
0.587000 1.008000 0.016000 0 0 255
0.616000 0.872000 0.016000 0 0 255
0.578000 1.012000 0.016000 0 0 255
0.562000 1.175000 0.017000 0 0 255
0.690000 0.741000 0.014000 0 0 255
0.733000 0.841000 0.014000 0 0 255
0.550000 1.172000 0.017000 0 0 255
0.607000 1.089000 0.016000 0 0 255
0.639000 1.031000 0.015000 0 0 255
0.713000 0.769000 0.014000 0 0 255
0.564000 1.100000 0.017000 0 0 255
0.649000 0.966000 0.015000 0 0 255
0.603000 1.094000 0.016000 0 0 255
0.686000 0.949000 0.014000 0 0 255
0.592000 1.094000 0.016000 0 0 255
0.736000 0.832000 0.013000 0 0 255
0.550000 1.113000 0.017000 0 0 255
0.634000 0.911000 0.015000 0 0 255
0.624000 0.961000 0.016000 0 0 255
0.584000 1.131000 0.016000 0 0 255
0.807000 0.712000 0.012000 0 0 255
0.643000 0.917000 0.015000 0 0 255
0.696000 0.740000 0.014000 0 0 255
0.683000 0.758000 0.014000 0 0 255
0.651000 0.905000 0.015000 0 0 255
0.572000 1.177000 0.016000 0 0 255
0.759000 0.808000 0.013000 0 0 255
0.649000 0.836000 0.015000 0 0 255
0.613000 1.020000 0.016000 0 0 255
0.733000 0.819000 0.014000 0 0 255
0.573000 0.968000 0.016000 0 0 255
0.609000 0.959000 0.016000 0 0 255
0.523000 1.103000 0.017000 0 0 255
0.596000 1.110000 0.016000 0 0 255
0.574000 1.127000 0.016000 0 0 255
0.646000 0.891000 0.015000 0 0 255
0.641000 0.996000 0.015000 0 0 255
0.641000 0.999000 0.015000 0 0 255
0.534000 1.149000 0.017000 0 0 255
0.775000 0.767000 0.013000 0 0 255
0.529000 1.173000 0.017000 0 0 255
0.689000 0.854000 0.014000 0 0 255
0.728000 0.841000 0.014000 0 0 255
0.622000 1.030000 0.016000 0 0 255
0.596000 0.946000 0.016000 0 0 255
0.673000 0.927000 0.015000 0 0 255
0.637000 1.023000 0.015000 0 0 255
0.779000 0.757000 0.013000 0 0 255
0.631000 1.036000 0.015000 0 0 255
0.637000 0.979000 0.015000 0 0 255
0.699000 0.825000 0.014000 0 0 255
0.822000 1.128000 0.012000 0 0 255
0.704000 1.267000 0.015000 0 0 255
0.755000 1.171000 0.013000 0 0 255
0.697000 1.235000 0.015000 0 0 255
0.577000 1.274000 0.017000 0 0 255
0.744000 1.208000 0.014000 0 0 255
0.692000 1.258000 0.015000 0 0 255
0.745000 1.237000 0.014000 0 0 255
0.695000 1.226000 0.015000 0 0 255
0.568000 1.267000 0.017000 0 0 255
0.643000 1.212000 0.015000 0 0 255
0.782000 1.185000 0.013000 0 0 255
0.753000 1.218000 0.014000 0 0 255
0.712000 1.286000 0.015000 0 0 255
0.688000 1.247000 0.015000 0 0 255
0.756000 1.185000 0.013000 0 0 255
0.666000 1.205000 0.015000 0 0 255
0.756000 1.152000 0.013000 0 0 255
0.670000 1.226000 0.015000 0 0 255
0.697000 1.212000 0.014000 0 0 255
0.692000 1.322000 0.016000 0 0 255
0.819000 1.122000 0.012000 0 0 255
0.656000 1.289000 0.016000 0 0 255
0.641000 1.267000 0.016000 0 0 255
0.731000 1.238000 0.014000 0 0 255
0.659000 1.213000 0.015000 0 0 255
0.682000 1.293000 0.015000 0 0 255
0.696000 1.186000 0.014000 0 0 255
0.700000 1.215000 0.014000 0 0 255
0.649000 1.256000 0.015000 0 0 255
0.689000 1.390000 0.014000 0 0 255
0.818000 1.416000 0.015000 0 0 255
0.746000 1.401000 0.014000 0 0 255
0.735000 1.399000 0.014000 0 0 255
0.709000 1.364000 0.015000 0 0 255
0.646000 1.344000 0.016000 0 0 255
0.814000 1.417000 0.015000 0 0 255
0.723000 1.401000 0.014000 0 0 255
0.638000 1.325000 0.016000 0 0 255
0.706000 1.374000 0.015000 0 0 255
0.739000 1.379000 0.015000 0 0 255
0.687000 1.349000 0.016000 0 0 255
0.718000 1.405000 0.014000 0 0 255
0.691000 1.437000 0.015000 0 0 255
0.680000 1.428000 0.016000 0 0 255
0.709000 1.418000 0.014000 0 0 255
0.730000 1.434000 0.014000 0 0 255
0.723000 1.428000 0.014000 0 0 255
0.628000 1.393000 0.017000 0 0 255
0.730000 1.455000 0.014000 0 0 255
0.703000 1.407000 0.014000 0 0 255
0.692000 1.432000 0.015000 0 0 255
0.587000 1.330000 0.017000 0 0 255
0.801000 1.465000 0.013000 0 0 255
0.817000 1.427000 0.014000 0 0 255
0.823000 1.430000 0.014000 0 0 255
0.805000 1.484000 0.012000 0 0 255
0.820000 1.458000 0.013000 0 0 255
0.827000 1.467000 0.013000 0 0 255
0.803000 1.477000 0.012000 0 0 255
0.794000 1.378000 0.015000 0 0 255
0.816000 1.354000 0.014000 0 0 255
0.784000 1.354000 0.015000 0 0 255
0.732000 1.364000 0.015000 0 0 255
0.830000 1.364000 0.014000 0 0 255
0.765000 1.318000 0.015000 0 0 255
0.830000 1.312000 0.014000 0 0 255
0.762000 1.367000 0.015000 0 0 255
0.822000 1.361000 0.014000 0 0 255
0.800000 1.316000 0.014000 0 0 255
0.825000 1.386000 0.015000 0 0 255
0.763000 1.311000 0.015000 0 0 255
0.764000 1.344000 0.015000 0 0 255
0.784000 1.386000 0.015000 0 0 255
0.790000 1.312000 0.014000 0 0 255
0.723000 1.302000 0.015000 0 0 255
0.825000 1.258000 0.013000 0 0 255
0.801000 1.263000 0.014000 0 0 255
0.735000 1.300000 0.015000 0 0 255
0.771000 1.285000 0.014000 0 0 255
0.805000 1.266000 0.014000 0 0 255
0.776000 1.563000 0.016000 0 0 255
0.763000 1.547000 0.016000 0 0 255
0.778000 1.561000 0.016000 0 0 255
0.758000 1.550000 0.016000 0 0 255
0.789000 1.542000 0.015000 0 0 255
0.740000 1.529000 0.016000 0 0 255
0.796000 1.585000 0.016000 0 0 255
0.764000 1.462000 0.013000 0 0 255
0.820000 1.528000 0.013000 0 0 255
0.766000 1.462000 0.013000 0 0 255
0.901000 0.217000 0.009000 0 0 255
0.898000 0.226000 0.016000 0 0 255
0.814000 0.203000 0.021000 0 0 255
0.926000 0.247000 0.023000 0 0 255
0.918000 0.243000 0.022000 0 0 255
0.834000 0.211000 0.022000 0 0 255
0.874000 0.225000 0.021000 0 0 255
0.809000 0.189000 0.013000 0 0 255
0.833000 0.203000 0.016000 0 0 255
0.798000 0.195000 0.020000 0 0 255
0.924000 0.242000 0.020000 0 0 255
0.949000 0.255000 0.023000 0 0 255
0.864000 0.337000 0.020000 0 0 255
0.909000 0.353000 0.015000 0 0 255
0.903000 0.358000 0.014000 0 0 255
0.905000 0.324000 0.019000 0 0 255
0.860000 0.344000 0.019000 0 0 255
0.909000 0.294000 0.023000 0 0 255
0.887000 0.313000 0.022000 0 0 255
0.933000 0.286000 0.023000 0 0 255
0.984000 0.346000 0.011000 0 0 255
0.977000 0.307000 0.018000 0 0 255
0.883000 0.320000 0.021000 0 0 255
1.030000 0.340000 0.010000 0 0 255
0.881000 0.327000 0.020000 0 0 255
1.000000 0.311000 0.016000 0 0 255
0.958000 0.293000 0.021000 0 0 255
0.855000 0.330000 0.021000 0 0 255
0.867000 0.322000 0.022000 0 0 255
0.977000 0.301000 0.019000 0 0 255
0.979000 0.313000 0.017000 0 0 255
0.969000 0.365000 0.010000 0 0 255
0.939000 0.310000 0.019000 0 0 255
0.918000 0.433000 0.014000 0 0 255
0.969000 0.594000 0.014000 0 0 255
0.977000 0.509000 0.011000 0 0 255
0.927000 0.387000 0.012000 0 0 255
0.860000 0.375000 0.017000 0 0 255
0.931000 0.384000 0.012000 0 0 255
0.947000 0.442000 0.012000 0 0 255
0.868000 0.388000 0.017000 0 0 255
0.972000 0.514000 0.012000 0 0 255
0.967000 0.429000 0.010000 0 0 255
0.940000 0.449000 0.013000 0 0 255
0.973000 0.456000 0.010000 0 0 255
0.974000 0.507000 0.012000 0 0 255
0.836000 0.376000 0.019000 0 0 255
0.957000 0.466000 0.012000 0 0 255
0.916000 0.513000 0.016000 0 0 255
0.876000 0.449000 0.018000 0 0 255
0.919000 0.415000 0.014000 0 0 255
0.944000 0.432000 0.012000 0 0 255
0.941000 0.458000 0.013000 0 0 255
0.952000 0.571000 0.015000 0 0 255
0.990000 0.592000 0.012000 0 0 255
0.967000 0.437000 0.011000 0 0 255
0.967000 0.443000 0.011000 0 0 255
0.982000 0.599000 0.013000 0 0 255
0.913000 0.515000 0.016000 0 0 255
0.952000 0.550000 0.014000 0 0 255
0.969000 0.441000 0.010000 0 0 255
0.905000 0.396000 0.014000 0 0 255
0.974000 0.608000 0.014000 0 0 255
0.906000 0.371000 0.014000 0 0 255
0.847000 0.378000 0.018000 0 0 255
0.985000 0.520000 0.011000 0 0 255
0.869000 0.447000 0.018000 0 0 255
1.431000 0.273000 0.019000 0 0 255
1.324000 0.240000 0.011000 0 0 255
1.373000 0.232000 0.016000 0 0 255
1.363000 0.153000 0.021000 0 0 255
1.358000 0.290000 0.011000 0 0 255
1.314000 0.143000 0.017000 0 0 255
1.403000 0.172000 0.023000 0 0 255
1.353000 0.203000 0.016000 0 0 255
1.331000 0.138000 0.019000 0 0 255
1.411000 0.199000 0.022000 0 0 255
1.328000 0.164000 0.017000 0 0 255
1.376000 0.250000 0.015000 0 0 255
1.356000 0.241000 0.014000 0 0 255
1.415000 0.249000 0.019000 0 0 255
1.350000 0.299000 0.009000 0 0 255
1.334000 0.148000 0.018000 0 0 255
1.360000 0.184000 0.018000 0 0 255
1.428000 0.212000 0.023000 0 0 255
1.354000 0.159000 0.020000 0 0 255
1.406000 0.282000 0.016000 0 0 255
1.322000 0.207000 0.013000 0 0 255
1.332000 0.274000 0.009000 0 0 255
1.354000 0.301000 0.009000 0 0 255
1.414000 0.193000 0.023000 0 0 255
1.413000 0.206000 0.022000 0 0 255
1.480000 0.335000 0.011000 0 0 255
1.587000 0.276000 0.021000 0 0 255
1.420000 0.334000 0.011000 0 0 255
1.457000 0.324000 0.013000 0 0 255
1.590000 0.315000 0.016000 0 0 255
1.622000 0.335000 0.013000 0 0 255
1.493000 0.290000 0.018000 0 0 255
1.590000 0.316000 0.015000 0 0 255
1.532000 0.322000 0.014000 0 0 255
1.470000 0.292000 0.017000 0 0 255
1.495000 0.263000 0.022000 0 0 255
1.494000 0.335000 0.011000 0 0 255
1.490000 0.285000 0.019000 0 0 255
1.592000 0.309000 0.016000 0 0 255
1.556000 0.275000 0.021000 0 0 255
1.612000 0.291000 0.019000 0 0 255
1.566000 0.326000 0.014000 0 0 255
1.579000 0.263000 0.023000 0 0 255
1.460000 0.271000 0.020000 0 0 255
1.501000 0.291000 0.018000 0 0 255
1.529000 0.337000 0.011000 0 0 255
1.585000 0.307000 0.017000 0 0 255
1.456000 0.319000 0.013000 0 0 255
1.539000 0.315000 0.015000 0 0 255
1.571000 0.354000 0.009000 0 0 255
1.655000 0.321000 0.017000 0 0 255
1.743000 0.370000 0.020000 0 0 255
1.808000 0.428000 0.018000 0 0 255
1.738000 0.357000 0.021000 0 0 255
1.651000 0.361000 0.010000 0 0 255
1.782000 0.443000 0.012000 0 0 255
1.666000 0.326000 0.018000 0 0 255
1.749000 0.391000 0.017000 0 0 255
1.632000 0.269000 0.023000 0 0 255
1.782000 0.422000 0.016000 0 0 255
1.763000 0.437000 0.011000 0 0 255
1.767000 0.435000 0.012000 0 0 255
1.642000 0.320000 0.016000 0 0 255
1.676000 0.336000 0.017000 0 0 255
1.639000 0.312000 0.017000 0 0 255
1.734000 0.399000 0.014000 0 0 255
1.744000 0.389000 0.017000 0 0 255
1.769000 0.415000 0.016000 0 0 255
1.695000 0.358000 0.016000 0 0 255
1.685000 0.382000 0.011000 0 0 255
1.849000 0.494000 0.012000 0 0 255
1.712000 0.357000 0.018000 0 0 255
1.845000 0.398000 0.017000 0 0 255
1.855000 0.436000 0.015000 0 0 255
1.854000 0.487000 0.013000 0 0 255
1.839000 0.397000 0.018000 0 0 255
1.849000 0.361000 0.018000 0 0 255
1.851000 0.392000 0.017000 0 0 255
1.847000 0.453000 0.015000 0 0 255
1.875000 0.471000 0.012000 0 0 255
1.802000 0.362000 0.022000 0 0 255
1.788000 0.387000 0.022000 0 0 255
1.852000 0.442000 0.015000 0 0 255
1.811000 0.316000 0.023000 0 0 255
1.832000 0.316000 0.022000 0 0 255
1.832000 0.424000 0.017000 0 0 255
1.794000 0.366000 0.022000 0 0 255
1.867000 0.425000 0.014000 0 0 255
1.832000 0.345000 0.020000 0 0 255
1.844000 0.297000 0.022000 0 0 255
1.833000 0.368000 0.019000 0 0 255
1.814000 0.356000 0.021000 0 0 255
0.857000 0.535000 0.017000 0 0 255
0.914000 0.657000 0.013000 0 0 255
0.844000 0.665000 0.013000 0 0 255
0.818000 0.588000 0.015000 0 0 255
0.813000 0.457000 0.019000 0 0 255
0.865000 0.537000 0.017000 0 0 255
0.861000 0.491000 0.018000 0 0 255
0.817000 0.575000 0.016000 0 0 255
0.792000 0.373000 0.022000 0 0 255
0.811000 0.457000 0.019000 0 0 255
0.843000 0.447000 0.019000 0 0 255
0.793000 0.390000 0.021000 0 0 255
0.831000 0.552000 0.016000 0 0 255
0.813000 0.537000 0.017000 0 0 255
0.965000 0.609000 0.015000 0 0 255
0.842000 0.472000 0.019000 0 0 255
0.866000 0.521000 0.017000 0 0 255
0.947000 0.655000 0.013000 0 0 255
0.905000 0.601000 0.015000 0 0 255
0.819000 0.654000 0.013000 0 0 255
0.946000 0.597000 0.015000 0 0 255
0.839000 0.487000 0.018000 0 0 255
0.901000 0.530000 0.017000 0 0 255
0.811000 0.516000 0.017000 0 0 255
0.849000 0.654000 0.013000 0 0 255
0.820000 0.415000 0.020000 0 0 255
0.876000 0.481000 0.018000 0 0 255
0.906000 0.554000 0.016000 0 0 255
0.813000 0.522000 0.017000 0 0 255
0.896000 0.658000 0.013000 0 0 255
0.839000 0.501000 0.018000 0 0 255
0.816000 0.535000 0.017000 0 0 255
0.816000 0.478000 0.018000 0 0 255
0.822000 0.632000 0.014000 0 0 255
0.871000 0.522000 0.017000 0 0 255
0.813000 0.491000 0.018000 0 0 255
0.899000 0.639000 0.014000 0 0 255
0.878000 0.512000 0.017000 0 0 255
0.818000 0.394000 0.021000 0 0 255
0.892000 0.507000 0.018000 0 0 255
0.849000 0.455000 0.019000 0 0 255
0.901000 0.640000 0.014000 0 0 255
0.810000 0.647000 0.014000 0 0 255
0.903000 0.654000 0.013000 0 0 255
0.950000 0.595000 0.015000 0 0 255
0.851000 0.469000 0.019000 0 0 255
0.885000 0.602000 0.015000 0 0 255
1.884000 0.467000 0.020000 0 0 255
1.889000 0.541000 0.020000 0 0 255
1.889000 0.543000 0.017000 0 0 255
1.889000 0.548000 0.013000 0 0 255
1.889000 0.549000 0.023000 0 0 255
1.910000 0.546000 0.014000 0 0 255
0.011000 0.633000 0.022000 0 0 255
0.012000 0.905000 0.018000 0 0 255
0.010000 0.683000 0.019000 0 0 255
0.011000 0.749000 0.020000 0 0 255
0.012000 0.850000 0.022000 0 0 255
0.011000 0.776000 0.018000 0 0 255
0.010000 0.735000 0.023000 0 0 255
0.015000 1.070000 0.020000 0 0 255
0.015000 1.039000 0.021000 0 0 255
0.010000 0.664000 0.013000 0 0 255
0.011000 0.755000 0.021000 0 0 255
0.026000 0.584000 0.016000 0 0 255
0.015000 0.611000 0.022000 0 0 255
0.026000 0.578000 0.021000 0 0 255
0.395000 0.458000 0.021000 0 0 255
0.230000 0.543000 0.016000 0 0 255
0.068000 0.514000 0.017000 0 0 255
0.269000 0.466000 0.019000 0 0 255
0.302000 0.465000 0.019000 0 0 255
0.028000 0.610000 0.014000 0 0 255
0.303000 0.517000 0.017000 0 0 255
0.268000 0.453000 0.019000 0 0 255
0.310000 0.495000 0.018000 0 0 255
0.068000 0.472000 0.018000 0 0 255
0.347000 0.465000 0.019000 0 0 255
0.304000 0.425000 0.020000 0 0 255
0.210000 0.413000 0.020000 0 0 255
0.214000 0.436000 0.020000 0 0 255
0.217000 0.462000 0.019000 0 0 255
0.276000 0.431000 0.020000 0 0 255
0.137000 0.496000 0.018000 0 0 255
0.337000 0.461000 0.019000 0 0 255
0.053000 0.607000 0.014000 0 0 255
0.351000 0.453000 0.020000 0 0 255
0.147000 0.536000 0.016000 0 0 255
0.207000 0.445000 0.019000 0 0 255
0.072000 0.576000 0.015000 0 0 255
0.344000 0.510000 0.018000 0 0 255
0.219000 0.402000 0.021000 0 0 255
0.189000 0.428000 0.020000 0 0 255
0.273000 0.463000 0.019000 0 0 255
0.307000 0.454000 0.019000 0 0 255
0.300000 0.518000 0.017000 0 0 255
0.062000 0.588000 0.015000 0 0 255
0.193000 0.397000 0.021000 0 0 255
0.042000 0.625000 0.013000 0 0 255
0.082000 0.601000 0.014000 0 0 255
0.089000 0.376000 0.021000 0 0 255
0.163000 0.382000 0.021000 0 0 255
0.312000 0.433000 0.020000 0 0 255
0.043000 0.558000 0.015000 0 0 255
0.073000 0.606000 0.014000 0 0 255
0.155000 0.478000 0.018000 0 0 255
0.256000 0.462000 0.019000 0 0 255
0.081000 0.609000 0.014000 0 0 255
0.115000 0.577000 0.015000 0 0 255
0.135000 0.353000 0.022000 0 0 255
0.062000 0.598000 0.014000 0 0 255
0.201000 0.517000 0.017000 0 0 255
0.144000 0.546000 0.016000 0 0 255
0.070000 0.453000 0.019000 0 0 255
0.117000 0.570000 0.015000 0 0 255
0.098000 0.350000 0.022000 0 0 255
0.205000 0.406000 0.021000 0 0 255
0.151000 0.453000 0.019000 0 0 255
0.257000 0.479000 0.019000 0 0 255
0.162000 0.399000 0.021000 0 0 255
0.128000 0.429000 0.020000 0 0 255
0.115000 0.492000 0.018000 0 0 255
0.059000 0.498000 0.017000 0 0 255
0.139000 0.453000 0.019000 0 0 255
0.131000 0.378000 0.021000 0 0 255
0.237000 0.456000 0.019000 0 0 255
0.159000 0.362000 0.022000 0 0 255
0.370000 0.484000 0.019000 0 0 255
0.121000 0.566000 0.015000 0 0 255
0.153000 0.437000 0.020000 0 0 255
0.071000 0.561000 0.015000 0 0 255
0.132000 0.575000 0.015000 0 0 255
0.332000 0.522000 0.017000 0 0 255
0.192000 0.422000 0.020000 0 0 255
0.188000 0.561000 0.016000 0 0 255
0.302000 0.514000 0.018000 0 0 255
0.221000 0.540000 0.017000 0 0 255
0.194000 0.568000 0.016000 0 0 255
0.166000 0.496000 0.018000 0 0 255
0.280000 0.430000 0.020000 0 0 255
0.105000 0.470000 0.018000 0 0 255
0.161000 0.364000 0.022000 0 0 255
0.089000 0.469000 0.018000 0 0 255
0.091000 0.533000 0.016000 0 0 255
0.074000 0.448000 0.019000 0 0 255
0.068000 0.549000 0.016000 0 0 255
0.181000 0.442000 0.019000 0 0 255
0.292000 0.461000 0.019000 0 0 255
0.187000 0.471000 0.019000 0 0 255
0.158000 0.531000 0.017000 0 0 255
0.178000 0.554000 0.016000 0 0 255
0.068000 0.482000 0.018000 0 0 255
0.180000 0.429000 0.020000 0 0 255
0.323000 0.485000 0.019000 0 0 255
0.345000 0.512000 0.018000 0 0 255
0.249000 0.468000 0.019000 0 0 255
0.242000 0.438000 0.020000 0 0 255
0.105000 0.331000 0.023000 0 0 255
0.212000 0.506000 0.018000 0 0 255
0.160000 0.569000 0.015000 0 0 255
0.088000 0.446000 0.019000 0 0 255
0.134000 0.392000 0.021000 0 0 255
0.070000 0.520000 0.017000 0 0 255
0.072000 0.587000 0.015000 0 0 255
0.206000 0.424000 0.020000 0 0 255
0.348000 0.439000 0.020000 0 0 255
0.197000 0.412000 0.020000 0 0 255
0.460000 0.650000 0.018000 0 0 255
0.236000 0.732000 0.015000 0 0 255
0.241000 0.768000 0.015000 0 0 255
0.435000 0.677000 0.018000 0 0 255
0.116000 0.640000 0.014000 0 0 255
0.309000 0.731000 0.016000 0 0 255
0.088000 0.714000 0.014000 0 0 255
0.237000 0.629000 0.016000 0 0 255
0.212000 0.633000 0.015000 0 0 255
0.404000 0.590000 0.018000 0 0 255
0.212000 0.573000 0.016000 0 0 255
0.410000 0.914000 0.017000 0 0 255
0.081000 0.661000 0.014000 0 0 255
0.370000 0.818000 0.017000 0 0 255
0.357000 0.657000 0.017000 0 0 255
0.468000 0.892000 0.018000 0 0 255
0.211000 0.760000 0.015000 0 0 255
0.303000 0.863000 0.016000 0 0 255
0.344000 0.634000 0.017000 0 0 255
0.262000 0.745000 0.016000 0 0 255
0.469000 0.806000 0.018000 0 0 255
0.035000 0.658000 0.013000 0 0 255
0.341000 0.753000 0.017000 0 0 255
0.093000 0.679000 0.014000 0 0 255
0.225000 0.590000 0.016000 0 0 255
0.236000 0.648000 0.016000 0 0 255
0.337000 0.582000 0.017000 0 0 255
0.232000 0.645000 0.016000 0 0 255
0.454000 0.647000 0.018000 0 0 255
0.276000 0.665000 0.016000 0 0 255
0.460000 0.797000 0.018000 0 0 255
0.395000 0.857000 0.017000 0 0 255
0.315000 0.710000 0.016000 0 0 255
0.412000 0.516000 0.018000 0 0 255
0.164000 0.681000 0.015000 0 0 255
0.366000 0.689000 0.017000 0 0 255
0.161000 0.718000 0.014000 0 0 255
0.378000 0.652000 0.017000 0 0 255
0.272000 0.618000 0.016000 0 0 255
0.124000 0.617000 0.014000 0 0 255
0.389000 0.715000 0.017000 0 0 255
0.292000 0.698000 0.016000 0 0 255
0.163000 0.730000 0.014000 0 0 255
0.381000 0.821000 0.017000 0 0 255
0.248000 0.608000 0.016000 0 0 255
0.449000 0.912000 0.017000 0 0 255
0.321000 0.770000 0.016000 0 0 255
0.242000 0.621000 0.016000 0 0 255
0.372000 0.724000 0.017000 0 0 255
0.085000 0.698000 0.014000 0 0 255
0.426000 0.912000 0.017000 0 0 255
0.487000 0.882000 0.018000 0 0 255
0.267000 0.664000 0.016000 0 0 255
0.499000 0.966000 0.018000 0 0 255
0.185000 0.638000 0.015000 0 0 255
0.480000 0.911000 0.018000 0 0 255
0.204000 0.612000 0.015000 0 0 255
0.354000 0.693000 0.017000 0 0 255
0.292000 0.638000 0.016000 0 0 255
0.314000 0.738000 0.016000 0 0 255
0.385000 0.680000 0.017000 0 0 255
0.270000 0.559000 0.016000 0 0 255
0.361000 0.841000 0.016000 0 0 255
0.321000 0.696000 0.017000 0 0 255
0.345000 0.632000 0.017000 0 0 255
0.104000 0.651000 0.014000 0 0 255
0.370000 0.805000 0.017000 0 0 255
0.218000 0.638000 0.015000 0 0 255
0.183000 0.729000 0.015000 0 0 255
0.314000 0.812000 0.016000 0 0 255
0.368000 0.521000 0.018000 0 0 255
0.230000 0.759000 0.015000 0 0 255
0.461000 0.859000 0.018000 0 0 255
0.394000 0.754000 0.017000 0 0 255
0.390000 0.527000 0.018000 0 0 255
0.397000 0.509000 0.018000 0 0 255
0.418000 0.787000 0.017000 0 0 255
0.432000 0.609000 0.018000 0 0 255
0.397000 0.772000 0.017000 0 0 255
0.430000 0.571000 0.018000 0 0 255
0.441000 0.721000 0.018000 0 0 255
0.335000 0.811000 0.016000 0 0 255
0.190000 0.605000 0.015000 0 0 255
0.422000 0.881000 0.017000 0 0 255
0.110000 0.730000 0.014000 0 0 255
0.212000 0.606000 0.015000 0 0 255
0.323000 0.607000 0.017000 0 0 255
0.399000 0.911000 0.017000 0 0 255
0.249000 0.777000 0.015000 0 0 255
0.463000 0.893000 0.018000 0 0 255
0.166000 0.593000 0.015000 0 0 255
0.360000 0.748000 0.017000 0 0 255
0.208000 0.624000 0.015000 0 0 255
0.127000 0.639000 0.014000 0 0 255
0.097000 0.734000 0.014000 0 0 255
0.056000 0.646000 0.013000 0 0 255
0.274000 0.607000 0.016000 0 0 255
0.385000 0.812000 0.017000 0 0 255
0.064000 0.658000 0.013000 0 0 255
0.302000 0.768000 0.016000 0 0 255
0.278000 0.816000 0.016000 0 0 255
0.464000 0.839000 0.018000 0 0 255
0.310000 0.772000 0.016000 0 0 255
0.177000 0.750000 0.015000 0 0 255
0.465000 0.934000 0.017000 0 0 255
0.104000 0.719000 0.014000 0 0 255
0.238000 0.610000 0.016000 0 0 255
0.236000 0.654000 0.016000 0 0 255
0.345000 0.681000 0.017000 0 0 255
0.371000 0.726000 0.017000 0 0 255
0.061000 0.665000 0.013000 0 0 255
0.224000 0.690000 0.015000 0 0 255
0.199000 0.746000 0.015000 0 0 255
0.332000 0.807000 0.016000 0 0 255
0.389000 0.545000 0.018000 0 0 255
0.380000 0.801000 0.017000 0 0 255
0.433000 0.643000 0.018000 0 0 255
0.178000 0.672000 0.015000 0 0 255
0.374000 0.656000 0.017000 0 0 255
0.465000 0.895000 0.018000 0 0 255
0.394000 0.593000 0.018000 0 0 255
0.389000 0.662000 0.017000 0 0 255
0.493000 0.959000 0.018000 0 0 255
0.141000 0.652000 0.014000 0 0 255
0.247000 0.657000 0.016000 0 0 255
0.411000 0.811000 0.017000 0 0 255
0.403000 0.789000 0.017000 0 0 255
0.224000 0.717000 0.015000 0 0 255
0.471000 0.892000 0.018000 0 0 255
0.410000 0.897000 0.017000 0 0 255
0.349000 0.538000 0.017000 0 0 255
0.272000 0.761000 0.016000 0 0 255
0.407000 0.745000 0.017000 0 0 255
0.230000 0.785000 0.015000 0 0 255
0.227000 0.724000 0.015000 0 0 255
0.300000 0.540000 0.017000 0 0 255
0.385000 0.760000 0.017000 0 0 255
0.438000 0.720000 0.018000 0 0 255
0.362000 0.752000 0.017000 0 0 255
0.319000 0.729000 0.016000 0 0 255
0.464000 0.894000 0.018000 0 0 255
0.369000 0.831000 0.017000 0 0 255
0.326000 0.831000 0.016000 0 0 255
0.408000 0.799000 0.017000 0 0 255
0.379000 0.554000 0.018000 0 0 255
0.258000 0.716000 0.016000 0 0 255
0.288000 0.754000 0.016000 0 0 255
0.328000 0.860000 0.016000 0 0 255
0.180000 0.764000 0.015000 0 0 255
0.281000 0.667000 0.016000 0 0 255
0.353000 0.528000 0.018000 0 0 255
0.400000 0.809000 0.017000 0 0 255
0.394000 0.567000 0.018000 0 0 255
0.316000 0.800000 0.016000 0 0 255
0.096000 0.698000 0.014000 0 0 255
0.157000 0.601000 0.015000 0 0 255
0.254000 0.578000 0.016000 0 0 255
0.440000 0.545000 0.019000 0 0 255
0.244000 0.560000 0.016000 0 0 255
0.395000 0.539000 0.018000 0 0 255
0.442000 0.700000 0.018000 0 0 255
0.413000 0.808000 0.017000 0 0 255
0.135000 0.703000 0.014000 0 0 255
0.402000 0.742000 0.017000 0 0 255
0.330000 0.788000 0.016000 0 0 255
0.401000 0.798000 0.017000 0 0 255
0.203000 0.573000 0.016000 0 0 255
0.179000 0.589000 0.015000 0 0 255
0.036000 0.646000 0.013000 0 0 255
0.394000 0.882000 0.017000 0 0 255
0.716000 0.635000 0.014000 0 0 255
0.745000 0.560000 0.016000 0 0 255
0.626000 0.423000 0.020000 0 0 255
0.598000 0.479000 0.019000 0 0 255
0.785000 0.498000 0.018000 0 0 255
0.781000 0.606000 0.015000 0 0 255
0.662000 0.474000 0.019000 0 0 255
0.503000 0.512000 0.018000 0 0 255
0.716000 0.531000 0.017000 0 0 255
0.753000 0.529000 0.017000 0 0 255
0.644000 0.478000 0.019000 0 0 255
0.622000 0.489000 0.018000 0 0 255
0.502000 0.472000 0.019000 0 0 255
0.760000 0.520000 0.017000 0 0 255
0.677000 0.479000 0.019000 0 0 255
0.742000 0.517000 0.017000 0 0 255
0.773000 0.634000 0.014000 0 0 255
0.579000 0.463000 0.019000 0 0 255
0.584000 0.466000 0.019000 0 0 255
0.715000 0.577000 0.016000 0 0 255
0.622000 0.513000 0.018000 0 0 255
0.695000 0.404000 0.021000 0 0 255
0.682000 0.400000 0.021000 0 0 255
0.631000 0.462000 0.019000 0 0 255
0.689000 0.557000 0.016000 0 0 255
0.676000 0.401000 0.021000 0 0 255
0.573000 0.517000 0.018000 0 0 255
0.776000 0.398000 0.021000 0 0 255
0.761000 0.534000 0.017000 0 0 255
0.772000 0.666000 0.013000 0 0 255
0.560000 0.501000 0.018000 0 0 255
0.738000 0.586000 0.016000 0 0 255
0.750000 0.385000 0.021000 0 0 255
0.660000 0.478000 0.019000 0 0 255
0.569000 0.538000 0.017000 0 0 255
0.533000 0.507000 0.018000 0 0 255
0.749000 0.377000 0.021000 0 0 255
0.678000 0.458000 0.019000 0 0 255
0.625000 0.516000 0.018000 0 0 255
0.704000 0.468000 0.019000 0 0 255
0.550000 0.521000 0.018000 0 0 255
0.661000 0.582000 0.016000 0 0 255
0.580000 0.468000 0.019000 0 0 255
0.688000 0.618000 0.015000 0 0 255
0.598000 0.500000 0.018000 0 0 255
0.774000 0.494000 0.018000 0 0 255
0.761000 0.504000 0.018000 0 0 255
0.596000 0.431000 0.020000 0 0 255
0.757000 0.415000 0.020000 0 0 255
0.727000 0.382000 0.021000 0 0 255
0.701000 0.593000 0.015000 0 0 255
0.709000 0.569000 0.016000 0 0 255
0.671000 0.401000 0.021000 0 0 255
0.699000 0.505000 0.018000 0 0 255
0.677000 0.533000 0.017000 0 0 255
0.726000 0.373000 0.022000 0 0 255
0.626000 0.542000 0.017000 0 0 255
0.650000 0.602000 0.015000 0 0 255
0.655000 0.570000 0.016000 0 0 255
0.635000 0.435000 0.020000 0 0 255
0.672000 0.587000 0.016000 0 0 255
0.638000 0.521000 0.018000 0 0 255
0.560000 0.462000 0.019000 0 0 255
0.683000 0.491000 0.018000 0 0 255
0.787000 0.560000 0.016000 0 0 255
0.770000 0.386000 0.021000 0 0 255
0.776000 0.603000 0.015000 0 0 255
0.708000 0.512000 0.018000 0 0 255
0.789000 0.627000 0.014000 0 0 255
0.736000 0.467000 0.019000 0 0 255
0.505000 0.488000 0.019000 0 0 255
0.795000 0.623000 0.014000 0 0 255
0.657000 0.415000 0.021000 0 0 255
0.591000 0.556000 0.017000 0 0 255
0.549000 0.448000 0.020000 0 0 255
0.520000 0.524000 0.018000 0 0 255
0.627000 0.491000 0.018000 0 0 255
0.782000 0.627000 0.014000 0 0 255
0.657000 0.507000 0.018000 0 0 255
0.752000 0.578000 0.016000 0 0 255
0.584000 0.512000 0.018000 0 0 255
0.669000 0.611000 0.015000 0 0 255
0.778000 0.644000 0.014000 0 0 255
0.802000 0.557000 0.016000 0 0 255
0.561000 0.471000 0.019000 0 0 255
0.620000 0.524000 0.017000 0 0 255
0.781000 0.365000 0.022000 0 0 255
0.491000 0.634000 0.018000 0 0 255
0.510000 0.543000 0.018000 0 0 255
0.622000 0.797000 0.016000 0 0 255
0.586000 0.570000 0.016000 0 0 255
0.505000 0.823000 0.018000 0 0 255
0.514000 0.886000 0.018000 0 0 255
0.476000 0.688000 0.018000 0 0 255
0.539000 0.555000 0.017000 0 0 255
0.617000 0.664000 0.016000 0 0 255
0.620000 0.857000 0.016000 0 0 255
0.513000 0.999000 0.018000 0 0 255
0.624000 0.615000 0.016000 0 0 255
0.525000 0.865000 0.017000 0 0 255
0.601000 0.841000 0.016000 0 0 255
0.567000 0.899000 0.017000 0 0 255
0.497000 0.873000 0.018000 0 0 255
0.578000 0.800000 0.016000 0 0 255
0.513000 1.004000 0.018000 0 0 255
0.572000 0.611000 0.017000 0 0 255
0.503000 0.704000 0.018000 0 0 255
0.627000 0.741000 0.016000 0 0 255
0.686000 0.687000 0.014000 0 0 255
0.568000 0.811000 0.017000 0 0 255
0.555000 0.857000 0.017000 0 0 255
0.522000 0.858000 0.017000 0 0 255
0.539000 0.918000 0.017000 0 0 255
0.698000 0.723000 0.014000 0 0 255
0.584000 0.794000 0.016000 0 0 255
0.564000 0.932000 0.017000 0 0 255
0.605000 0.595000 0.016000 0 0 255
0.632000 0.775000 0.015000 0 0 255
0.535000 0.596000 0.017000 0 0 255
0.563000 0.821000 0.017000 0 0 255
0.568000 0.860000 0.017000 0 0 255
0.499000 0.593000 0.018000 0 0 255
0.713000 0.699000 0.014000 0 0 255
0.591000 0.662000 0.016000 0 0 255
0.702000 0.730000 0.014000 0 0 255
0.525000 0.775000 0.017000 0 0 255
0.564000 0.716000 0.017000 0 0 255
0.646000 0.739000 0.015000 0 0 255
0.505000 0.909000 0.018000 0 0 255
0.521000 0.563000 0.017000 0 0 255
0.537000 0.780000 0.017000 0 0 255
0.697000 0.698000 0.014000 0 0 255
0.632000 0.744000 0.015000 0 0 255
0.523000 0.896000 0.017000 0 0 255
0.587000 0.696000 0.016000 0 0 255
0.584000 0.774000 0.016000 0 0 255
0.585000 0.678000 0.016000 0 0 255
0.554000 0.585000 0.017000 0 0 255
0.681000 0.645000 0.015000 0 0 255
0.637000 0.685000 0.015000 0 0 255
0.575000 0.863000 0.016000 0 0 255
0.524000 0.682000 0.017000 0 0 255
0.567000 0.860000 0.017000 0 0 255
0.536000 0.922000 0.017000 0 0 255
0.564000 0.711000 0.017000 0 0 255
0.659000 0.766000 0.015000 0 0 255
0.480000 0.614000 0.018000 0 0 255
0.664000 0.778000 0.015000 0 0 255
0.585000 0.601000 0.016000 0 0 255
0.630000 0.768000 0.015000 0 0 255
0.607000 0.854000 0.016000 0 0 255
0.491000 0.728000 0.018000 0 0 255
0.650000 0.715000 0.015000 0 0 255
0.678000 0.646000 0.015000 0 0 255
0.708000 0.684000 0.014000 0 0 255
0.631000 0.659000 0.015000 0 0 255
0.500000 0.561000 0.018000 0 0 255
0.600000 0.647000 0.016000 0 0 255
0.537000 0.740000 0.017000 0 0 255
0.491000 0.544000 0.018000 0 0 255
0.565000 0.610000 0.017000 0 0 255
0.556000 0.829000 0.017000 0 0 255
0.624000 0.617000 0.016000 0 0 255
0.548000 0.580000 0.017000 0 0 255
0.612000 0.793000 0.016000 0 0 255
0.538000 0.607000 0.017000 0 0 255
0.550000 0.724000 0.017000 0 0 255
0.488000 0.622000 0.018000 0 0 255
0.465000 0.600000 0.019000 0 0 255
0.556000 0.848000 0.017000 0 0 255
0.493000 0.738000 0.018000 0 0 255
0.575000 0.782000 0.016000 0 0 255
0.518000 0.785000 0.017000 0 0 255
0.591000 0.668000 0.016000 0 0 255
0.506000 0.622000 0.018000 0 0 255
0.533000 0.561000 0.017000 0 0 255
0.724000 0.662000 0.014000 0 0 255
0.514000 0.663000 0.018000 0 0 255
0.667000 0.682000 0.015000 0 0 255
0.674000 0.691000 0.015000 0 0 255
0.547000 0.674000 0.017000 0 0 255
0.605000 0.652000 0.016000 0 0 255
0.658000 0.687000 0.015000 0 0 255
0.501000 0.672000 0.018000 0 0 255
0.532000 0.616000 0.017000 0 0 255
0.509000 0.928000 0.018000 0 0 255
0.515000 0.858000 0.018000 0 0 255
0.550000 0.917000 0.017000 0 0 255
0.512000 0.589000 0.018000 0 0 255
0.727000 0.652000 0.014000 0 0 255
0.502000 0.896000 0.018000 0 0 255
0.535000 0.895000 0.017000 0 0 255
0.608000 0.811000 0.016000 0 0 255
0.487000 0.714000 0.018000 0 0 255
0.534000 0.933000 0.017000 0 0 255
0.461000 0.479000 0.020000 0 0 255
0.692000 0.386000 0.022000 0 0 255
0.737000 0.368000 0.023000 0 0 255
0.719000 0.375000 0.023000 0 0 255
0.446000 0.478000 0.021000 0 0 255
1.312000 0.208000 0.013000 0 0 255
1.325000 0.253000 0.013000 0 0 255
1.332000 0.261000 0.021000 0 0 255
1.327000 0.244000 0.021000 0 0 255
1.341000 0.294000 0.019000 0 0 255
1.316000 0.216000 0.016000 0 0 255
0.732000 0.295000 0.021000 0 0 255
0.012000 1.648000 1.666000 0 255 255
0.011000 1.661000 1.787000 0 255 255
0.025000 1.697000 1.999000 0 255 255
0.021000 1.707000 2.124000 0 255 255
0.028000 1.683000 1.846000 0 255 255
0.014000 1.698000 2.099000 0 255 255
0.026000 1.691000 1.934000 0 255 255
0.016000 1.690000 2.015000 0 255 255
0.013000 1.654000 1.710000 0 255 255
0.012000 1.679000 1.947000 0 255 255
0.022000 1.697000 2.025000 0 255 255
0.012000 1.652000 1.699000 0 255 255
0.028000 1.699000 1.990000 0 255 255
0.023000 1.664000 1.715000 0 255 255
0.025000 1.681000 1.858000 0 255 255
0.031000 1.707000 2.080000 0 255 255
0.033000 1.710000 2.138000 0 255 255
0.020000 1.710000 2.181000 0 255 255
0.032000 1.709000 2.120000 0 255 255
0.028000 1.683000 1.299000 0 255 255
0.020000 1.678000 1.132000 0 255 255
0.033000 1.684000 1.267000 0 255 255
0.029000 1.684000 1.339000 0 255 255
0.027000 1.680000 1.112000 0 255 255
0.020000 1.677000 1.061000 0 255 255
0.030000 1.681000 1.127000 0 255 255
0.023000 0.423000 0.603000 0 255 255
0.029000 0.216000 0.624000 0 255 255
0.031000 0.222000 0.618000 0 255 255
0.009000 0.246000 0.674000 0 255 255
0.022000 0.246000 0.638000 0 255 255
0.024000 0.272000 0.627000 0 255 255
0.012000 0.314000 0.652000 0 255 255
0.021000 0.195000 0.650000 0 255 255
0.028000 0.277000 0.617000 0 255 255
0.022000 0.379000 0.612000 0 255 255
0.026000 0.189000 0.638000 0 255 255
0.021000 0.422000 0.608000 0 255 255
0.014000 0.545000 0.604000 0 255 255
0.007000 0.252000 0.677000 0 255 255
0.007000 0.314000 0.667000 0 255 255
0.009000 0.205000 0.681000 0 255 255
0.005000 0.213000 0.691000 0 255 255
0.019000 0.244000 0.646000 0 255 255
0.003000 0.192000 0.701000 0 255 255
0.030000 0.275000 0.610000 0 255 255
0.010000 0.561000 0.611000 0 255 255
0.026000 0.140000 0.646000 0 255 255
0.017000 0.448000 0.614000 0 255 255
0.002000 0.184000 0.704000 0 255 255
0.005000 0.258000 0.683000 0 255 255
0.017000 0.388000 0.625000 0 255 255
0.022000 0.420000 0.606000 0 255 255
0.005000 0.203000 0.692000 0 255 255
0.009000 0.193000 0.685000 0 255 255
0.009000 0.285000 0.667000 0 255 255
0.015000 0.309000 0.646000 0 255 255
0.019000 0.447000 0.608000 0 255 255
0.012000 0.165000 0.682000 0 255 255
0.015000 0.305000 0.647000 0 255 255
0.017000 0.501000 0.603000 0 255 255
0.031000 0.161000 0.629000 0 255 255
0.004000 0.201000 2.204000 0 255 255
0.007000 0.383000 2.214000 0 255 255
0.004000 0.166000 2.130000 0 255 255
0.005000 0.280000 2.178000 0 255 255
0.006000 0.358000 2.207000 0 255 255
0.007000 0.395000 2.218000 0 255 255
0.004000 0.214000 2.126000 0 255 255
0.007000 0.426000 2.208000 0 255 255
0.006000 0.357000 2.198000 0 255 255
0.006000 0.296000 2.181000 0 255 255
0.009000 0.577000 2.208000 0 255 255
0.006000 0.358000 2.144000 0 255 255
0.003000 0.116000 2.205000 0 255 255
0.010000 0.595000 2.218000 0 255 255
0.004000 0.153000 2.080000 0 255 255
0.005000 0.221000 2.120000 0 255 255
0.006000 0.343000 2.204000 0 255 255
0.006000 0.313000 2.164000 0 255 255
0.009000 0.520000 2.199000 0 255 255
0.007000 0.429000 2.191000 0 255 255
0.003000 0.104000 2.066000 0 255 255
0.009000 0.522000 2.191000 0 255 255
0.004000 0.197000 2.138000 0 255 255
0.005000 0.221000 2.213000 0 255 255
0.003000 0.106000 2.068000 0 255 255
0.003000 0.142000 2.109000 0 255 255
0.004000 0.173000 2.106000 0 255 255
0.008000 0.506000 2.218000 0 255 255
0.006000 0.339000 2.160000 0 255 255
0.004000 0.198000 2.089000 0 255 255
0.006000 0.331000 2.193000 0 255 255
0.005000 0.229000 2.124000 0 255 255
0.003000 0.104000 2.062000 0 255 255
0.003000 0.112000 2.111000 0 255 255
0.003000 0.100000 2.148000 0 255 255
0.007000 0.367000 2.137000 0 255 255
0.006000 0.316000 2.130000 0 255 255
0.009000 0.542000 2.192000 0 255 255
0.004000 0.199000 2.152000 0 255 255
0.008000 0.467000 2.167000 0 255 255
0.007000 0.415000 2.200000 0 255 255
0.003000 0.127000 2.160000 0 255 255
0.007000 0.432000 2.216000 0 255 255
0.004000 0.188000 2.135000 0 255 255
0.005000 0.235000 2.127000 0 255 255
0.005000 0.266000 2.160000 0 255 255
0.009000 0.520000 2.187000 0 255 255
0.004000 0.211000 2.144000 0 255 255
0.005000 0.233000 2.127000 0 255 255
0.005000 0.274000 2.149000 0 255 255
0.004000 0.191000 2.191000 0 255 255
0.003000 0.117000 2.104000 0 255 255
0.007000 0.384000 2.217000 0 255 255
0.008000 0.504000 2.213000 0 255 255
0.003000 0.087000 2.170000 0 255 255
0.003000 0.099000 2.153000 0 255 255
0.005000 0.258000 2.111000 0 255 255
0.005000 0.275000 2.138000 0 255 255
0.003000 0.106000 2.070000 0 255 255
0.007000 0.413000 2.193000 0 255 255
0.005000 0.227000 2.101000 0 255 255
0.006000 0.344000 2.188000 0 255 255
0.007000 0.431000 2.199000 0 255 255
0.003000 0.119000 2.067000 0 255 255
0.004000 0.159000 2.148000 0 255 255
0.003000 0.135000 2.069000 0 255 255
0.008000 0.479000 2.166000 0 255 255
0.004000 0.175000 2.182000 0 255 255
0.004000 0.191000 2.189000 0 255 255
0.003000 0.101000 2.107000 0 255 255
0.006000 0.331000 2.147000 0 255 255
0.005000 0.285000 2.146000 0 255 255
0.007000 0.388000 2.166000 0 255 255
0.007000 0.404000 2.220000 0 255 255
0.008000 0.480000 2.186000 0 255 255
0.009000 0.508000 2.211000 0 255 255
0.005000 0.277000 2.169000 0 255 255
0.006000 0.335000 2.181000 0 255 255
0.005000 0.222000 2.164000 0 255 255
0.004000 0.149000 2.192000 0 255 255
0.004000 0.183000 2.150000 0 255 255
0.004000 0.190000 2.127000 0 255 255
0.004000 0.212000 2.090000 0 255 255
0.008000 0.459000 2.226000 0 255 255
0.006000 0.293000 2.197000 0 255 255
0.006000 0.292000 2.106000 0 255 255
0.002000 0.254000 0.746000 0 255 255
0.008000 0.503000 0.664000 0 255 255
0.006000 0.400000 0.678000 0 255 255
0.009000 0.542000 0.663000 0 255 255
0.006000 0.430000 0.721000 0 255 255
0.004000 0.355000 0.806000 0 255 255
0.001000 0.203000 0.707000 0 255 255
0.005000 0.370000 0.662000 0 255 255
0.004000 0.364000 0.791000 0 255 255
0.006000 0.408000 0.725000 0 255 255
0.009000 0.549000 0.649000 0 255 255
0.008000 0.483000 0.636000 0 255 255
0.005000 0.419000 0.791000 0 255 255
0.001000 0.220000 0.745000 0 255 255
0.002000 0.315000 0.853000 0 255 255
0.002000 0.248000 0.747000 0 255 255
0.002000 0.228000 0.730000 0 255 255
0.002000 0.302000 0.811000 0 255 255
0.007000 0.439000 0.650000 0 255 255
0.007000 0.456000 0.721000 0 255 255
0.002000 0.254000 0.730000 0 255 255
0.005000 0.392000 0.786000 0 255 255
0.006000 0.452000 0.731000 0 255 255
0.004000 0.355000 0.811000 0 255 255
0.002000 0.266000 0.725000 0 255 255
0.005000 0.412000 0.792000 0 255 255
0.008000 0.482000 0.657000 0 255 255
0.011000 0.602000 0.614000 0 255 255
0.006000 0.416000 0.737000 0 255 255
0.003000 0.322000 0.837000 0 255 255
0.003000 0.309000 0.765000 0 255 255
0.009000 0.520000 0.632000 0 255 255
0.002000 0.229000 0.716000 0 255 255
0.004000 0.328000 0.675000 0 255 255
0.001000 0.203000 0.712000 0 255 255
0.003000 0.300000 0.781000 0 255 255
0.002000 0.253000 0.752000 0 255 255
0.002000 0.271000 0.753000 0 255 255
0.009000 0.554000 0.650000 0 255 255
0.002000 0.266000 0.764000 0 255 255
0.003000 0.301000 0.739000 0 255 255
0.005000 0.392000 0.797000 0 255 255
0.003000 0.299000 0.789000 0 255 255
0.002000 0.256000 0.778000 0 255 255
0.004000 0.368000 0.770000 0 255 255
0.005000 0.352000 0.685000 0 255 255
0.005000 0.384000 0.758000 0 255 255
0.002000 0.246000 0.724000 0 255 255
0.006000 0.417000 0.692000 0 255 255
0.005000 0.363000 0.682000 0 255 255
0.004000 0.364000 0.798000 0 255 255
0.002000 0.241000 0.702000 0 255 255
0.003000 0.288000 0.750000 0 255 255
0.009000 0.513000 0.643000 0 255 255
0.008000 0.476000 0.671000 0 255 255
0.007000 0.465000 0.651000 0 255 255
0.003000 0.298000 0.706000 0 255 255
0.002000 0.271000 0.794000 0 255 255
0.003000 0.297000 0.764000 0 255 255
0.005000 0.364000 0.700000 0 255 255
0.006000 0.439000 0.771000 0 255 255
0.001000 0.190000 0.726000 0 255 255
0.005000 0.402000 0.749000 0 255 255
0.005000 0.382000 0.738000 0 255 255
0.003000 0.278000 0.704000 0 255 255
0.004000 0.313000 0.694000 0 255 255
0.005000 0.389000 0.710000 0 255 255
0.005000 0.347000 0.678000 0 255 255
0.011000 0.623000 0.599000 0 255 255
0.003000 0.256000 2.036000 0 255 255
0.003000 0.208000 2.036000 0 255 255
0.005000 0.461000 2.058000 0 255 255
0.010000 0.659000 2.198000 0 255 255
0.000000 0.316000 1.939000 0 255 255
0.004000 0.252000 2.048000 0 255 255
0.010000 0.625000 2.194000 0 255 255
0.002000 0.247000 1.998000 0 255 255
0.005000 0.360000 2.095000 0 255 255
0.006000 0.354000 2.100000 0 255 255
0.003000 0.199000 2.048000 0 255 255
0.008000 0.523000 2.147000 0 255 255
0.003000 0.308000 2.027000 0 255 255
0.000000 0.270000 1.947000 0 255 255
0.008000 0.461000 2.150000 0 255 255
0.004000 0.425000 2.025000 0 255 255
0.003000 0.264000 2.040000 0 255 255
0.002000 0.209000 1.997000 0 255 255
0.007000 0.468000 2.128000 0 255 255
0.005000 0.354000 2.090000 0 255 255
0.004000 0.169000 2.065000 0 255 255
0.004000 0.345000 2.037000 0 255 255
0.002000 0.254000 2.000000 0 255 255
0.004000 0.376000 2.057000 0 255 255
0.004000 0.323000 2.052000 0 255 255
0.007000 0.557000 2.127000 0 255 255
0.003000 0.138000 2.047000 0 255 255
0.006000 0.427000 2.091000 0 255 255
0.004000 0.187000 2.068000 0 255 255
0.006000 0.346000 2.099000 0 255 255
0.002000 0.267000 1.991000 0 255 255
0.003000 0.396000 2.010000 0 255 255
0.002000 0.282000 1.988000 0 255 255
0.004000 0.459000 2.044000 0 255 255
0.003000 0.392000 2.000000 0 255 255
0.004000 0.185000 2.063000 0 255 255
0.007000 0.423000 2.145000 0 255 255
0.004000 0.204000 2.076000 0 255 255
0.007000 0.557000 2.134000 0 255 255
0.004000 0.304000 2.047000 0 255 255
0.003000 0.366000 2.007000 0 255 255
0.005000 0.393000 2.080000 0 255 255
0.006000 0.449000 2.089000 0 255 255
0.001000 0.338000 1.957000 0 255 255
0.001000 0.211000 1.980000 0 255 255
0.001000 0.249000 1.954000 0 255 255
0.005000 0.470000 2.071000 0 255 255
0.009000 0.586000 2.193000 0 255 255
0.006000 0.358000 2.124000 0 255 255
0.002000 0.158000 2.017000 0 255 255
0.002000 0.263000 1.990000 0 255 255
0.001000 0.308000 1.945000 0 255 255
0.000000 0.293000 1.942000 0 255 255
0.005000 0.293000 2.088000 0 255 255
0.007000 0.471000 2.117000 0 255 255
0.004000 0.341000 2.046000 0 255 255
0.004000 0.221000 2.060000 0 255 255
0.001000 0.267000 1.973000 0 255 255
0.003000 0.388000 2.005000 0 255 255
0.003000 0.163000 2.057000 0 255 255
0.001000 0.308000 1.960000 0 255 255
0.002000 0.362000 1.976000 0 255 255
0.005000 0.390000 2.063000 0 255 255
0.003000 0.226000 2.038000 0 255 255
0.004000 0.276000 2.055000 0 255 255
0.008000 0.524000 2.153000 0 255 255
0.002000 0.237000 1.992000 0 255 255
0.004000 0.439000 2.044000 0 255 255
0.003000 0.384000 2.024000 0 255 255
0.006000 0.397000 2.103000 0 255 255
0.003000 0.145000 2.040000 0 255 255
0.004000 0.449000 2.039000 0 255 255
0.002000 0.341000 2.003000 0 255 255
0.003000 0.273000 2.035000 0 255 255
0.003000 0.412000 2.019000 0 255 255
0.004000 0.262000 2.072000 0 255 255
0.002000 0.190000 2.004000 0 255 255
0.006000 0.528000 2.104000 0 255 255
0.004000 0.385000 2.031000 0 255 255
0.001000 0.318000 1.960000 0 255 255
0.010000 0.645000 2.208000 0 255 255
0.000000 0.273000 1.943000 0 255 255
0.005000 0.400000 2.077000 0 255 255
0.004000 0.346000 2.065000 0 255 255
0.008000 0.553000 2.149000 0 255 255
0.003000 0.232000 2.027000 0 255 255
0.008000 0.603000 2.154000 0 255 255
0.003000 0.165000 2.039000 0 255 255
0.003000 0.257000 2.043000 0 255 255
0.003000 0.300000 2.033000 0 255 255
0.009000 0.526000 0.734000 0 255 255
0.004000 0.384000 0.891000 0 255 255
0.004000 0.371000 0.862000 0 255 255
0.005000 0.393000 0.859000 0 255 255
0.005000 0.401000 0.876000 0 255 255
0.006000 0.454000 0.779000 0 255 255
0.008000 0.495000 0.755000 0 255 255
0.003000 0.347000 0.889000 0 255 255
0.010000 0.579000 0.655000 0 255 255
0.009000 0.537000 0.712000 0 255 255
0.004000 0.385000 0.887000 0 255 255
0.006000 0.445000 0.786000 0 255 255
0.004000 0.361000 0.966000 0 255 255
0.003000 0.357000 0.900000 0 255 255
0.005000 0.418000 0.826000 0 255 255
0.008000 0.501000 0.726000 0 255 255
0.005000 0.396000 0.928000 0 255 255
0.005000 0.393000 0.910000 0 255 255
0.005000 0.409000 0.834000 0 255 255
0.005000 0.412000 0.819000 0 255 255
0.003000 0.356000 0.871000 0 255 255
0.003000 0.335000 0.942000 0 255 255
0.006000 0.442000 0.839000 0 255 255
0.005000 0.403000 0.920000 0 255 255
0.008000 0.502000 0.736000 0 255 255
0.004000 0.362000 0.891000 0 255 255
0.005000 0.412000 0.873000 0 255 255
0.006000 0.423000 0.890000 0 255 255
0.006000 0.453000 0.788000 0 255 255
0.007000 0.480000 0.788000 0 255 255
0.004000 0.363000 0.872000 0 255 255
0.009000 0.527000 0.739000 0 255 255
0.007000 0.494000 0.740000 0 255 255
0.003000 0.342000 0.983000 0 255 255
0.003000 0.349000 0.944000 0 255 255
0.007000 0.486000 0.764000 0 255 255
0.004000 0.720000 1.675000 0 255 255
0.003000 0.668000 1.709000 0 255 255
0.004000 0.692000 1.674000 0 255 255
0.002000 0.357000 1.197000 0 255 255
0.004000 0.743000 1.726000 0 255 255
0.004000 0.678000 1.588000 0 255 255
0.003000 0.470000 1.381000 0 255 255
0.003000 0.605000 1.644000 0 255 255
0.002000 0.426000 1.521000 0 255 255
0.001000 0.379000 1.825000 0 255 255
0.003000 0.522000 1.350000 0 255 255
0.001000 0.443000 1.842000 0 255 255
0.000000 0.301000 1.759000 0 255 255
0.002000 0.459000 1.562000 0 255 255
0.002000 0.366000 1.248000 0 255 255
0.003000 0.463000 1.323000 0 255 255
0.002000 0.520000 1.634000 0 255 255
0.004000 0.793000 1.678000 0 255 255
0.003000 0.592000 1.650000 0 255 255
0.002000 0.502000 1.552000 0 255 255
0.000000 0.333000 1.796000 0 255 255
0.003000 0.399000 1.195000 0 255 255
0.003000 0.580000 1.656000 0 255 255
0.001000 0.413000 1.879000 0 255 255
0.002000 0.523000 1.723000 0 255 255
0.002000 0.422000 1.517000 0 255 255
0.003000 0.585000 1.555000 0 255 255
0.002000 0.322000 1.273000 0 255 255
0.002000 0.396000 1.510000 0 255 255
0.003000 0.563000 1.505000 0 255 255
0.003000 0.477000 1.364000 0 255 255
0.004000 0.744000 1.622000 0 255 255
0.001000 0.418000 1.822000 0 255 255
0.004000 0.650000 1.518000 0 255 255
0.002000 0.494000 1.539000 0 255 255
0.002000 0.364000 1.477000 0 255 255
0.001000 0.391000 1.792000 0 255 255
0.002000 0.580000 1.725000 0 255 255
0.001000 0.388000 1.832000 0 255 255
0.003000 0.606000 1.677000 0 255 255
0.002000 0.424000 1.602000 0 255 255
0.002000 0.498000 1.792000 0 255 255
0.003000 0.698000 1.712000 0 255 255
0.002000 0.347000 1.359000 0 255 255
0.003000 0.649000 1.734000 0 255 255
0.002000 0.477000 1.526000 0 255 255
0.000000 0.323000 1.886000 0 255 255
0.001000 0.315000 1.393000 0 255 255
0.001000 0.353000 1.503000 0 255 255
0.002000 0.540000 1.771000 0 255 255
0.004000 0.746000 1.728000 0 255 255
0.003000 0.561000 1.658000 0 255 255
0.002000 0.405000 1.393000 0 255 255
0.001000 0.374000 1.537000 0 255 255
0.002000 0.566000 1.735000 0 255 255
0.004000 0.641000 1.497000 0 255 255
0.002000 0.521000 1.725000 0 255 255
0.003000 0.536000 1.527000 0 255 255
0.004000 0.722000 1.588000 0 255 255
0.003000 0.615000 1.529000 0 255 255
0.002000 0.400000 1.218000 0 255 255
0.001000 0.370000 1.524000 0 255 255
0.002000 0.557000 1.813000 0 255 255
0.002000 0.487000 1.681000 0 255 255
0.002000 0.459000 1.394000 0 255 255
0.002000 0.492000 1.789000 0 255 255
0.003000 0.645000 1.568000 0 255 255
0.002000 0.398000 1.558000 0 255 255
0.001000 0.411000 1.746000 0 255 255
0.002000 0.489000 1.635000 0 255 255
0.003000 0.428000 1.273000 0 255 255
0.003000 0.582000 1.408000 0 255 255
0.002000 0.362000 1.349000 0 255 255
0.002000 0.312000 1.078000 0 255 255
0.003000 0.584000 1.531000 0 255 255
0.001000 0.372000 1.617000 0 255 255
0.003000 0.628000 1.767000 0 255 255
0.001000 0.490000 1.839000 0 255 255
0.003000 0.559000 1.419000 0 255 255
0.003000 0.537000 1.409000 0 255 255
0.003000 0.556000 1.410000 0 255 255
0.003000 0.648000 1.734000 0 255 255
0.004000 0.716000 1.567000 0 255 255
0.003000 0.605000 1.787000 0 255 255
0.002000 0.392000 1.548000 0 255 255
0.001000 0.397000 1.842000 0 255 255
0.004000 0.721000 1.665000 0 255 255
0.004000 0.699000 1.556000 0 255 255
0.002000 0.318000 1.340000 0 255 255
0.004000 0.646000 1.534000 0 255 255
0.001000 0.322000 1.711000 0 255 255
0.002000 0.515000 1.832000 0 255 255
0.001000 0.307000 1.479000 0 255 255
0.003000 0.467000 1.326000 0 255 255
0.002000 0.324000 1.105000 0 255 255
0.002000 0.328000 1.228000 0 255 255
0.003000 0.659000 1.624000 0 255 255
0.002000 0.418000 1.332000 0 255 255
0.003000 0.635000 1.530000 0 255 255
0.004000 0.701000 1.546000 0 255 255
0.001000 0.331000 1.458000 0 255 255
0.000000 0.303000 1.900000 0 255 255
0.004000 0.749000 1.739000 0 255 255
0.001000 0.445000 1.711000 0 255 255
0.002000 0.339000 1.153000 0 255 255
0.002000 0.577000 1.801000 0 255 255
0.003000 0.688000 1.734000 0 255 255
0.001000 0.322000 1.409000 0 255 255
0.001000 0.395000 1.784000 0 255 255
0.001000 0.432000 1.718000 0 255 255
0.003000 0.688000 1.759000 0 255 255
0.003000 0.536000 1.500000 0 255 255
0.003000 0.638000 1.645000 0 255 255
0.001000 0.440000 1.745000 0 255 255
0.004000 0.826000 1.719000 0 255 255
0.001000 0.378000 1.701000 0 255 255
0.002000 0.464000 1.516000 0 255 255
0.002000 0.464000 1.419000 0 255 255
0.002000 0.309000 1.275000 0 255 255
0.001000 0.340000 1.486000 0 255 255
0.003000 0.611000 1.470000 0 255 255
0.002000 0.327000 1.190000 0 255 255
0.002000 0.478000 1.552000 0 255 255
0.002000 0.377000 1.221000 0 255 255
0.003000 0.540000 1.399000 0 255 255
0.002000 0.326000 1.189000 0 255 255
0.002000 0.432000 1.339000 0 255 255
0.000000 0.343000 1.897000 0 255 255
0.001000 0.395000 1.639000 0 255 255
0.001000 0.347000 1.676000 0 255 255
0.003000 0.442000 1.304000 0 255 255
0.002000 0.358000 1.389000 0 255 255
0.002000 0.494000 1.701000 0 255 255
0.003000 0.657000 1.615000 0 255 255
0.001000 0.392000 1.864000 0 255 255
0.003000 0.390000 1.175000 0 255 255
0.002000 0.406000 1.532000 0 255 255
0.002000 0.373000 1.285000 0 255 255
0.003000 0.441000 1.237000 0 255 255
0.004000 0.793000 1.700000 0 255 255
0.001000 0.391000 1.878000 0 255 255
0.001000 0.331000 1.645000 0 255 255
0.003000 0.551000 1.521000 0 255 255
0.002000 0.503000 1.789000 0 255 255
0.002000 0.396000 1.307000 0 255 255
0.001000 0.319000 1.372000 0 255 255
0.002000 0.454000 1.608000 0 255 255
0.002000 0.439000 1.582000 0 255 255
0.001000 0.452000 1.791000 0 255 255
0.001000 0.393000 1.564000 0 255 255
0.001000 0.319000 1.663000 0 255 255
0.002000 0.572000 1.754000 0 255 255
0.001000 0.313000 1.567000 0 255 255
0.002000 0.532000 1.834000 0 255 255
0.003000 0.517000 1.363000 0 255 255
0.002000 0.513000 1.554000 0 255 255
0.002000 0.470000 1.526000 0 255 255
0.004000 0.734000 1.674000 0 255 255
0.000000 0.336000 1.894000 0 255 255
0.001000 0.370000 1.656000 0 255 255
0.003000 0.498000 1.304000 0 255 255
0.001000 0.419000 1.807000 0 255 255
0.003000 0.621000 1.734000 0 255 255
0.002000 0.424000 1.366000 0 255 255
0.002000 0.408000 1.274000 0 255 255
0.003000 0.595000 1.429000 0 255 255
0.002000 0.416000 1.579000 0 255 255
0.000000 0.340000 1.873000 0 255 255
0.003000 0.539000 1.354000 0 255 255
0.003000 0.631000 1.638000 0 255 255
0.004000 0.627000 1.474000 0 255 255
0.001000 0.392000 1.802000 0 255 255
0.003000 0.604000 1.492000 0 255 255
0.004000 0.795000 1.700000 0 255 255
0.004000 0.770000 1.688000 0 255 255
0.001000 0.492000 1.844000 0 255 255
0.000000 0.351000 1.813000 0 255 255
0.002000 0.408000 1.299000 0 255 255
0.004000 0.725000 1.724000 0 255 255
0.002000 0.538000 1.825000 0 255 255
0.002000 0.494000 1.686000 0 255 255
0.001000 0.322000 1.667000 0 255 255
0.001000 0.363000 1.549000 0 255 255
0.003000 0.552000 1.625000 0 255 255
0.002000 0.471000 1.437000 0 255 255
0.003000 0.438000 1.315000 0 255 255
0.003000 0.665000 1.761000 0 255 255
0.004000 0.809000 1.689000 0 255 255
0.001000 0.348000 1.611000 0 255 255
0.003000 0.649000 1.743000 0 255 255
0.002000 0.533000 1.727000 0 255 255
0.003000 0.542000 1.535000 0 255 255
0.002000 0.313000 1.321000 0 255 255
0.002000 0.439000 1.656000 0 255 255
0.003000 0.572000 1.485000 0 255 255
0.003000 0.620000 1.504000 0 255 255
0.001000 0.388000 1.625000 0 255 255
0.002000 0.518000 1.644000 0 255 255
0.002000 0.477000 1.752000 0 255 255
0.002000 0.315000 1.102000 0 255 255
0.001000 0.406000 1.768000 0 255 255
0.002000 0.525000 1.610000 0 255 255
0.002000 0.354000 1.344000 0 255 255
0.003000 0.686000 1.762000 0 255 255
0.001000 0.303000 1.632000 0 255 255
0.002000 0.428000 1.300000 0 255 255
0.002000 0.515000 1.689000 0 255 255
0.001000 0.389000 1.829000 0 255 255
0.001000 0.308000 1.403000 0 255 255
0.003000 0.679000 1.645000 0 255 255
0.001000 0.324000 1.432000 0 255 255
0.002000 0.418000 1.347000 0 255 255
0.003000 0.585000 1.597000 0 255 255
0.002000 0.372000 1.198000 0 255 255
0.002000 0.550000 1.741000 0 255 255
0.001000 0.334000 1.398000 0 255 255
0.003000 0.623000 1.758000 0 255 255
0.002000 0.424000 1.468000 0 255 255
0.003000 0.525000 1.374000 0 255 255
0.003000 0.659000 1.766000 0 255 255
0.001000 0.398000 1.653000 0 255 255
0.003000 0.441000 1.322000 0 255 255
0.004000 0.750000 1.722000 0 255 255
0.002000 0.382000 1.458000 0 255 255
0.002000 0.307000 1.150000 0 255 255
0.003000 0.579000 1.460000 0 255 255
0.002000 0.541000 1.821000 0 255 255
0.000000 0.339000 1.901000 0 255 255
0.000000 0.302000 1.878000 0 255 255
0.002000 0.406000 1.307000 0 255 255
0.002000 0.428000 1.487000 0 255 255
0.002000 0.403000 1.576000 0 255 255
0.003000 0.453000 1.260000 0 255 255
0.001000 0.352000 1.805000 0 255 255
0.001000 0.392000 1.806000 0 255 255
0.002000 0.394000 1.390000 0 255 255
0.003000 0.696000 1.700000 0 255 255
0.002000 0.525000 1.645000 0 255 255
0.003000 0.590000 1.738000 0 255 255
0.001000 0.433000 1.716000 0 255 255
0.002000 0.378000 1.275000 0 255 255
0.003000 0.625000 1.719000 0 255 255
0.003000 0.421000 1.222000 0 255 255
0.002000 0.463000 1.746000 0 255 255
0.003000 0.676000 1.649000 0 255 255
0.001000 0.338000 1.717000 0 255 255
0.002000 0.563000 1.684000 0 255 255
0.003000 0.614000 1.620000 0 255 255
0.001000 0.339000 1.418000 0 255 255
0.002000 0.463000 1.593000 0 255 255
0.002000 0.408000 1.319000 0 255 255
0.002000 0.412000 1.335000 0 255 255
0.004000 0.715000 1.716000 0 255 255
0.000000 0.310000 1.881000 0 255 255
0.001000 0.421000 1.858000 0 255 255
0.001000 0.431000 1.703000 0 255 255
0.003000 0.396000 1.176000 0 255 255
0.001000 0.391000 1.811000 0 255 255
0.002000 0.361000 1.344000 0 255 255
0.003000 0.570000 1.628000 0 255 255
0.002000 0.477000 1.705000 0 255 255
0.003000 0.628000 1.701000 0 255 255
0.003000 0.594000 1.752000 0 255 255
0.002000 0.415000 1.372000 0 255 255
0.002000 0.550000 1.736000 0 255 255
0.001000 0.371000 1.688000 0 255 255
0.003000 0.487000 1.401000 0 255 255
0.001000 0.379000 1.532000 0 255 255
0.001000 0.413000 1.685000 0 255 255
0.003000 0.493000 1.302000 0 255 255
0.003000 0.658000 1.591000 0 255 255
0.002000 0.405000 1.396000 0 255 255
0.001000 0.389000 1.738000 0 255 255
0.001000 0.378000 1.717000 0 255 255
0.002000 0.405000 1.566000 0 255 255
0.002000 0.413000 1.483000 0 255 255
0.002000 0.425000 1.612000 0 255 255
0.001000 0.381000 1.603000 0 255 255
0.002000 0.345000 1.313000 0 255 255
0.003000 0.520000 1.358000 0 255 255
0.001000 0.401000 1.656000 0 255 255
0.001000 0.307000 1.401000 0 255 255
0.001000 0.431000 1.778000 0 255 255
0.003000 0.612000 1.551000 0 255 255
0.002000 0.382000 1.242000 0 255 255
0.002000 0.517000 1.832000 0 255 255
0.004000 0.746000 1.630000 0 255 255
0.002000 0.304000 1.160000 0 255 255
0.003000 0.498000 1.334000 0 255 255
0.001000 0.407000 1.753000 0 255 255
0.001000 0.459000 1.753000 0 255 255
0.002000 0.530000 1.740000 0 255 255
0.002000 0.311000 1.296000 0 255 255
0.003000 0.552000 1.627000 0 255 255
0.003000 0.670000 1.664000 0 255 255
0.001000 0.397000 1.825000 0 255 255
0.002000 0.487000 1.674000 0 255 255
0.002000 0.509000 1.664000 0 255 255
0.002000 0.524000 1.678000 0 255 255
0.001000 0.345000 1.582000 0 255 255
0.004000 0.711000 1.692000 0 255 255
0.000000 0.325000 1.866000 0 255 255
0.002000 0.451000 1.543000 0 255 255
0.003000 0.611000 1.585000 0 255 255
0.004000 0.750000 1.722000 0 255 255
0.001000 0.401000 1.585000 0 255 255
0.004000 0.800000 1.708000 0 255 255
0.003000 0.576000 1.708000 0 255 255
0.002000 0.363000 1.150000 0 255 255
0.003000 0.456000 1.280000 0 255 255
0.004000 0.671000 1.543000 0 255 255
0.002000 0.388000 1.501000 0 255 255
0.003000 0.554000 1.377000 0 255 255
0.002000 0.543000 1.805000 0 255 255
0.001000 0.313000 1.576000 0 255 255
0.000000 0.337000 1.815000 0 255 255
0.003000 0.520000 1.341000 0 255 255
0.003000 0.577000 1.671000 0 255 255
0.002000 0.562000 1.675000 0 255 255
0.001000 0.373000 1.697000 0 255 255
0.003000 0.463000 1.272000 0 255 255
0.002000 0.351000 1.141000 0 255 255
0.004000 0.663000 1.566000 0 255 255
0.001000 0.353000 1.485000 0 255 255
0.002000 0.424000 1.332000 0 255 255
0.001000 0.350000 1.507000 0 255 255
0.003000 0.579000 1.680000 0 255 255
0.003000 0.661000 1.701000 0 255 255
0.002000 0.528000 1.678000 0 255 255
0.004000 0.704000 1.651000 0 255 255
0.002000 0.324000 1.106000 0 255 255
0.001000 0.386000 1.697000 0 255 255
0.002000 0.422000 1.494000 0 255 255
0.002000 0.339000 1.274000 0 255 255
0.002000 0.479000 1.756000 0 255 255
0.001000 0.446000 1.848000 0 255 255
0.002000 0.462000 1.714000 0 255 255
0.001000 0.345000 1.777000 0 255 255
0.002000 0.532000 1.806000 0 255 255
0.003000 0.682000 1.687000 0 255 255
0.001000 0.426000 1.697000 0 255 255
0.002000 0.581000 1.801000 0 255 255
0.002000 0.417000 1.440000 0 255 255
0.003000 0.647000 1.724000 0 255 255
0.002000 0.488000 1.706000 0 255 255
0.002000 0.591000 1.809000 0 255 255
0.002000 0.390000 1.400000 0 255 255
0.002000 0.313000 1.104000 0 255 255
0.001000 0.360000 1.549000 0 255 255
0.003000 0.603000 1.667000 0 255 255
0.006000 0.764000 1.882000 0 255 255
0.008000 0.671000 2.092000 0 255 255
0.007000 0.645000 2.068000 0 255 255
0.009000 0.667000 2.142000 0 255 255
0.004000 0.714000 1.823000 0 255 255
0.005000 0.516000 2.023000 0 255 255
0.003000 0.485000 1.977000 0 255 255
0.003000 0.458000 2.001000 0 255 255
0.004000 0.474000 2.014000 0 255 255
0.004000 0.567000 1.926000 0 255 255
0.003000 0.457000 2.000000 0 255 255
0.005000 0.607000 1.966000 0 255 255
0.002000 0.456000 1.937000 0 255 255
0.006000 0.812000 1.831000 0 255 255
0.004000 0.630000 1.850000 0 255 255
0.002000 0.375000 1.965000 0 255 255
0.002000 0.502000 1.886000 0 255 255
0.003000 0.699000 1.785000 0 255 255
0.001000 0.377000 1.919000 0 255 255
0.006000 0.690000 1.935000 0 255 255
0.006000 0.711000 1.899000 0 255 255
0.005000 0.733000 1.866000 0 255 255
0.002000 0.428000 1.969000 0 255 255
0.005000 0.779000 1.804000 0 255 255
0.000000 0.338000 1.931000 0 255 255
0.003000 0.557000 1.868000 0 255 255
0.002000 0.512000 1.848000 0 255 255
0.003000 0.507000 1.923000 0 255 255
0.006000 0.790000 1.859000 0 255 255
0.003000 0.494000 1.970000 0 255 255
0.004000 0.749000 1.786000 0 255 255
0.005000 0.632000 1.945000 0 255 255
0.010000 0.749000 2.112000 0 255 255
0.005000 0.531000 2.038000 0 255 255
0.009000 0.693000 2.118000 0 255 255
0.007000 0.693000 2.016000 0 255 255
0.006000 0.780000 1.876000 0 255 255
0.002000 0.584000 1.830000 0 255 255
0.004000 0.690000 1.814000 0 255 255
0.005000 0.569000 1.985000 0 255 255
0.003000 0.542000 1.875000 0 255 255
0.003000 0.545000 1.879000 0 255 255
0.005000 0.596000 1.969000 0 255 255
0.003000 0.603000 1.851000 0 255 255
0.008000 0.786000 1.954000 0 255 255
0.004000 0.692000 1.806000 0 255 255
0.006000 0.750000 1.878000 0 255 255
0.008000 0.778000 1.962000 0 255 255
0.001000 0.370000 1.921000 0 255 255
0.008000 0.602000 2.136000 0 255 255
0.008000 0.640000 2.114000 0 255 255
0.007000 0.744000 1.943000 0 255 255
0.006000 0.771000 1.872000 0 255 255
0.006000 0.579000 2.061000 0 255 255
0.005000 0.521000 2.026000 0 255 255
0.003000 0.661000 1.809000 0 255 255
0.005000 0.663000 1.920000 0 255 255
0.006000 0.669000 1.951000 0 255 255
0.008000 0.602000 2.133000 0 255 255
0.005000 0.748000 1.847000 0 255 255
0.007000 0.695000 2.003000 0 255 255
0.005000 0.509000 2.073000 0 255 255
0.004000 0.633000 1.873000 0 255 255
0.007000 0.556000 2.111000 0 255 255
0.005000 0.763000 1.837000 0 255 255
0.006000 0.601000 2.004000 0 255 255
0.006000 0.658000 1.959000 0 255 255
0.006000 0.734000 1.920000 0 255 255
0.004000 0.449000 2.026000 0 255 255
0.006000 0.663000 1.995000 0 255 255
0.009000 0.733000 2.056000 0 255 255
0.007000 0.742000 1.972000 0 255 255
0.005000 0.510000 2.067000 0 255 255
0.007000 0.629000 2.074000 0 255 255
0.001000 0.397000 1.911000 0 255 255
0.009000 0.727000 2.062000 0 255 255
0.009000 0.709000 2.122000 0 255 255
0.004000 0.534000 1.955000 0 255 255
0.007000 0.752000 1.946000 0 255 255
0.004000 0.468000 2.003000 0 255 255
0.003000 0.421000 2.009000 0 255 255
0.005000 0.548000 1.992000 0 255 255
0.008000 0.738000 2.049000 0 255 255
0.007000 0.710000 2.013000 0 255 255
0.004000 0.581000 1.944000 0 255 255
0.008000 0.604000 2.144000 0 255 255
0.005000 0.679000 1.888000 0 255 255
0.003000 0.534000 1.906000 0 255 255
0.007000 0.645000 2.054000 0 255 255
0.007000 0.802000 1.899000 0 255 255
0.008000 0.694000 2.054000 0 255 255
0.006000 0.765000 1.876000 0 255 255
0.003000 0.490000 1.966000 0 255 255
0.002000 0.494000 1.869000 0 255 255
0.006000 0.561000 2.075000 0 255 255
0.005000 0.697000 1.874000 0 255 255
0.005000 0.812000 1.791000 0 255 255
0.005000 0.735000 1.835000 0 255 255
0.003000 0.691000 1.793000 0 255 255
0.010000 0.728000 2.161000 0 255 255
0.004000 0.562000 1.961000 0 255 255
0.010000 0.713000 2.140000 0 255 255
0.007000 0.777000 1.944000 0 255 255
0.005000 0.581000 2.004000 0 255 255
0.001000 0.373000 1.924000 0 255 255
0.010000 0.689000 2.194000 0 255 255
0.008000 0.665000 2.068000 0 255 255
0.005000 0.652000 1.911000 0 255 255
0.009000 0.660000 2.167000 0 255 255
0.004000 0.566000 1.964000 0 255 255
0.006000 0.734000 1.915000 0 255 255
0.010000 0.689000 2.197000 0 255 255
0.007000 0.704000 1.973000 0 255 255
0.004000 0.801000 1.747000 0 255 255
0.002000 0.503000 1.856000 0 255 255
0.003000 0.496000 1.933000 0 255 255
0.008000 0.784000 1.963000 0 255 255
0.009000 0.687000 2.142000 0 255 255
0.008000 0.693000 2.065000 0 255 255
0.010000 0.684000 2.162000 0 255 255
0.003000 0.678000 1.785000 0 255 255
0.002000 0.373000 1.959000 0 255 255
0.009000 0.700000 2.126000 0 255 255
0.007000 0.746000 1.948000 0 255 255
0.007000 0.679000 1.997000 0 255 255
0.004000 0.540000 1.953000 0 255 255
0.006000 0.743000 1.926000 0 255 255
0.006000 0.754000 1.865000 0 255 255
0.005000 0.628000 1.957000 0 255 255
0.002000 0.391000 1.961000 0 255 255
0.004000 0.527000 1.985000 0 255 255
0.005000 0.539000 2.015000 0 255 255
0.004000 0.511000 1.956000 0 255 255
0.002000 0.463000 1.891000 0 255 255
0.003000 0.473000 1.936000 0 255 255
0.005000 0.572000 1.989000 0 255 255
0.006000 0.721000 1.899000 0 255 255
0.001000 0.402000 1.930000 0 255 255
0.001000 0.386000 1.899000 0 255 255
0.006000 0.683000 1.936000 0 255 255
0.007000 0.749000 1.974000 0 255 255
0.008000 0.765000 2.013000 0 255 255
0.010000 0.709000 2.140000 0 255 255
0.008000 0.749000 2.016000 0 255 255
0.005000 0.744000 1.823000 0 255 255
0.002000 0.404000 1.982000 0 255 255
0.010000 0.681000 2.168000 0 255 255
0.010000 0.661000 2.185000 0 255 255
0.009000 0.660000 2.126000 0 255 255
0.002000 0.564000 1.833000 0 255 255
0.006000 0.648000 1.995000 0 255 255
0.000000 0.335000 1.910000 0 255 255
0.006000 0.778000 1.846000 0 255 255
0.003000 0.504000 1.958000 0 255 255
0.008000 0.695000 2.061000 0 255 255
0.004000 0.525000 1.976000 0 255 255
0.005000 0.650000 1.942000 0 255 255
0.005000 0.814000 1.803000 0 255 255
0.005000 0.496000 2.045000 0 255 255
0.004000 0.475000 1.992000 0 255 255
0.008000 0.610000 2.144000 0 255 255
0.006000 0.537000 2.078000 0 255 255
0.003000 0.446000 1.993000 0 255 255
0.006000 0.808000 1.812000 0 255 255
0.003000 0.535000 1.894000 0 255 255
0.002000 0.589000 1.819000 0 255 255
0.009000 0.671000 2.125000 0 255 255
0.002000 0.450000 1.914000 0 255 255
0.003000 0.625000 1.819000 0 255 255
0.008000 0.718000 2.044000 0 255 255
0.005000 0.564000 2.009000 0 255 255
0.008000 0.768000 1.984000 0 255 255
0.009000 0.699000 2.102000 0 255 255
0.005000 0.768000 1.787000 0 255 255
0.009000 0.645000 2.156000 0 255 255
0.000000 0.309000 1.919000 0 255 255
0.003000 0.531000 1.930000 0 255 255
0.009000 0.687000 2.138000 0 255 255
0.003000 0.423000 2.001000 0 255 255
0.010000 0.696000 2.158000 0 255 255
0.001000 0.431000 1.886000 0 255 255
0.004000 0.701000 1.826000 0 255 255
0.006000 0.564000 2.049000 0 255 255
0.002000 0.432000 1.933000 0 255 255
0.004000 0.574000 1.909000 0 255 255
0.009000 0.699000 2.133000 0 255 255
0.006000 0.789000 1.866000 0 255 255
0.001000 0.354000 1.956000 0 255 255
0.009000 0.680000 2.135000 0 255 255
0.006000 0.575000 2.060000 0 255 255
0.001000 0.376000 1.921000 0 255 255
0.003000 0.495000 1.958000 0 255 255
0.010000 0.715000 2.185000 0 255 255
0.005000 0.495000 2.035000 0 255 255
0.007000 0.762000 1.953000 0 255 255
0.008000 0.845000 0.676000 0 255 255
0.009000 0.881000 0.618000 0 255 255
0.010000 0.726000 0.626000 0 255 255
0.006000 0.680000 0.823000 0 255 255
0.010000 0.831000 0.618000 0 255 255
0.007000 0.884000 0.722000 0 255 255
0.003000 0.333000 1.038000 0 255 255
0.005000 0.656000 0.851000 0 255 255
0.008000 0.820000 0.684000 0 255 255
0.006000 0.693000 0.794000 0 255 255
0.010000 0.943000 0.619000 0 255 255
0.010000 0.649000 0.670000 0 255 255
0.008000 0.653000 0.713000 0 255 255
0.007000 0.711000 0.749000 0 255 255
0.007000 0.906000 0.733000 0 255 255
0.006000 0.589000 0.842000 0 255 255
0.010000 0.927000 0.613000 0 255 255
0.007000 0.492000 0.796000 0 255 255
0.006000 0.691000 0.824000 0 255 255
0.009000 0.822000 0.655000 0 255 255
0.007000 0.807000 0.734000 0 255 255
0.009000 1.002000 0.640000 0 255 255
0.007000 0.655000 0.765000 0 255 255
0.008000 0.810000 0.681000 0 255 255
0.008000 0.971000 0.671000 0 255 255
0.011000 0.710000 0.597000 0 255 255
0.008000 1.067000 0.648000 0 255 255
0.004000 0.385000 0.948000 0 255 255
0.009000 0.977000 0.654000 0 255 255
0.006000 0.446000 0.886000 0 255 255
0.004000 0.365000 0.985000 0 255 255
0.009000 0.736000 0.671000 0 255 255
0.008000 0.859000 0.675000 0 255 255
0.004000 0.506000 0.941000 0 255 255
0.007000 0.501000 0.823000 0 255 255
0.008000 0.794000 0.708000 0 255 255
0.007000 0.881000 0.697000 0 255 255
0.009000 1.084000 0.618000 0 255 255
0.003000 0.325000 1.035000 0 255 255
0.005000 0.411000 0.931000 0 255 255
0.007000 0.891000 0.743000 0 255 255
0.009000 1.115000 0.626000 0 255 255
0.008000 0.597000 0.766000 0 255 255
0.010000 0.821000 0.618000 0 255 255
0.010000 0.605000 0.668000 0 255 255
0.009000 0.813000 0.661000 0 255 255
0.003000 0.385000 1.001000 0 255 255
0.004000 0.406000 0.949000 0 255 255
0.008000 0.660000 0.724000 0 255 255
0.010000 0.950000 0.596000 0 255 255
0.003000 0.403000 0.994000 0 255 255
0.008000 0.717000 0.729000 0 255 255
0.008000 0.572000 0.742000 0 255 255
0.008000 1.040000 0.662000 0 255 255
0.007000 0.510000 0.809000 0 255 255
0.003000 0.358000 1.016000 0 255 255
0.009000 0.843000 0.639000 0 255 255
0.008000 0.765000 0.701000 0 255 255
0.010000 0.634000 0.636000 0 255 255
0.010000 0.908000 0.608000 0 255 255
0.008000 0.933000 0.715000 0 255 255
0.008000 0.598000 0.738000 0 255 255
0.010000 0.614000 0.670000 0 255 255
0.007000 0.645000 0.790000 0 255 255
0.009000 0.773000 0.675000 0 255 255
0.004000 0.459000 0.952000 0 255 255
0.008000 0.893000 0.675000 0 255 255
0.008000 0.828000 0.686000 0 255 255
0.004000 0.490000 0.944000 0 255 255
0.006000 0.460000 0.869000 0 255 255
0.009000 0.986000 0.641000 0 255 255
0.008000 0.717000 0.709000 0 255 255
0.006000 0.807000 0.775000 0 255 255
0.008000 0.806000 0.705000 0 255 255
0.010000 0.622000 0.673000 0 255 255
0.008000 0.992000 0.677000 0 255 255
0.008000 0.838000 0.682000 0 255 255
0.010000 1.011000 0.610000 0 255 255
0.007000 0.739000 0.757000 0 255 255
0.009000 0.711000 0.674000 0 255 255
0.008000 0.856000 0.710000 0 255 255
0.006000 0.542000 0.861000 0 255 255
0.003000 0.428000 0.981000 0 255 255
0.005000 0.446000 0.899000 0 255 255
0.008000 0.576000 0.734000 0 255 255
0.005000 0.453000 0.893000 0 255 255
0.007000 0.506000 0.820000 0 255 255
0.006000 0.713000 0.800000 0 255 255
0.011000 0.722000 0.609000 0 255 255
0.006000 0.508000 0.840000 0 255 255
0.008000 0.739000 0.730000 0 255 255
0.005000 0.759000 0.812000 0 255 255
0.007000 0.685000 0.760000 0 255 255
0.006000 0.739000 0.783000 0 255 255
0.005000 0.544000 0.891000 0 255 255
0.004000 0.504000 0.951000 0 255 255
0.005000 0.529000 0.883000 0 255 255
0.008000 0.753000 0.688000 0 255 255
0.007000 0.684000 0.781000 0 255 255
0.005000 0.576000 0.892000 0 255 255
0.007000 0.603000 0.782000 0 255 255
0.005000 0.403000 0.932000 0 255 255
0.006000 0.634000 0.839000 0 255 255
0.007000 0.584000 0.797000 0 255 255
0.011000 0.643000 0.617000 0 255 255
0.009000 1.023000 0.631000 0 255 255
0.006000 0.714000 0.810000 0 255 255
0.011000 0.706000 0.609000 0 255 255
0.006000 0.431000 0.879000 0 255 255
0.009000 0.935000 0.640000 0 255 255
0.006000 0.810000 0.786000 0 255 255
0.009000 0.788000 0.667000 0 255 255
0.010000 0.953000 0.621000 0 255 255
0.005000 0.743000 0.826000 0 255 255
0.006000 0.440000 0.869000 0 255 255
0.006000 0.794000 0.794000 0 255 255
0.009000 0.953000 0.645000 0 255 255
0.006000 0.565000 0.848000 0 255 255
0.010000 0.742000 0.642000 0 255 255
0.005000 0.638000 0.868000 0 255 255
0.009000 0.606000 0.699000 0 255 255
0.007000 0.787000 0.752000 0 255 255
0.006000 0.691000 0.814000 0 255 255
0.005000 0.488000 0.920000 0 255 255
0.006000 0.845000 0.768000 0 255 255
0.009000 0.641000 0.703000 0 255 255
0.010000 0.941000 0.609000 0 255 255
0.008000 0.677000 0.739000 0 255 255
0.007000 0.915000 0.734000 0 255 255
0.009000 1.080000 0.602000 0 255 255
0.010000 0.668000 0.659000 0 255 255
0.008000 0.801000 0.712000 0 255 255
0.008000 1.017000 0.660000 0 255 255
0.009000 0.901000 0.614000 0 255 255
0.007000 0.828000 0.734000 0 255 255
0.007000 0.683000 0.777000 0 255 255
0.007000 0.513000 0.819000 0 255 255
0.009000 0.915000 0.623000 0 255 255
0.011000 0.686000 0.607000 0 255 255
0.008000 0.893000 0.683000 0 255 255
0.009000 0.557000 0.717000 0 255 255
0.008000 0.754000 0.714000 0 255 255
0.008000 0.713000 0.737000 0 255 255
0.005000 0.627000 0.875000 0 255 255
0.008000 0.841000 0.701000 0 255 255
0.007000 0.925000 0.724000 0 255 255
0.008000 0.581000 0.753000 0 255 255
0.010000 0.631000 0.639000 0 255 255
0.009000 0.718000 0.662000 0 255 255
0.008000 0.542000 0.781000 0 255 255
0.007000 0.829000 0.737000 0 255 255
0.011000 0.918000 0.599000 0 255 255
0.010000 0.827000 0.611000 0 255 255
0.008000 0.719000 0.718000 0 255 255
0.008000 0.754000 0.717000 0 255 255
0.005000 0.452000 0.926000 0 255 255
0.005000 0.587000 0.873000 0 255 255
0.009000 0.830000 0.644000 0 255 255
0.003000 0.374000 1.021000 0 255 255
0.009000 0.546000 0.720000 0 255 255
0.009000 0.903000 0.629000 0 255 255
0.007000 0.590000 0.771000 0 255 255
0.010000 0.732000 0.627000 0 255 255
0.007000 0.534000 0.802000 0 255 255
0.007000 0.683000 0.773000 0 255 255
0.004000 0.414000 0.967000 0 255 255
0.004000 0.397000 0.955000 0 255 255
0.004000 0.561000 1.361000 0 255 255
0.003000 0.405000 1.179000 0 255 255
0.006000 0.674000 1.482000 0 255 255
0.007000 0.817000 1.650000 0 255 255
0.015000 0.756000 1.457000 0 255 255
0.007000 0.783000 1.608000 0 255 255
0.012000 0.826000 1.592000 0 255 255
0.004000 0.506000 1.291000 0 255 255
0.007000 0.566000 1.325000 0 255 255
0.010000 0.766000 1.534000 0 255 255
0.008000 0.609000 1.361000 0 255 255
0.009000 0.700000 1.468000 0 255 255
0.007000 0.714000 1.522000 0 255 255
0.006000 0.754000 1.575000 0 255 255
0.008000 0.525000 1.267000 0 255 255
0.011000 0.658000 1.388000 0 255 255
0.013000 0.865000 1.621000 0 255 255
0.014000 0.759000 1.466000 0 255 255
0.007000 0.864000 1.700000 0 255 255
0.008000 0.764000 1.560000 0 255 255
0.009000 0.874000 1.694000 0 255 255
0.004000 0.432000 1.202000 0 255 255
0.003000 0.406000 1.185000 0 255 255
0.013000 0.782000 1.508000 0 255 255
0.004000 0.486000 1.277000 0 255 255
0.016000 0.881000 1.601000 0 255 255
0.005000 0.673000 1.490000 0 255 255
0.011000 0.838000 1.615000 0 255 255
0.011000 0.820000 1.591000 0 255 255
0.013000 0.774000 1.510000 0 255 255
0.014000 0.895000 1.636000 0 255 255
0.008000 0.723000 1.506000 0 255 255
0.010000 0.659000 1.400000 0 255 255
0.010000 0.881000 1.686000 0 255 255
0.004000 0.410000 1.167000 0 255 255
0.010000 0.774000 1.554000 0 255 255
0.006000 0.630000 1.426000 0 255 255
0.019000 0.923000 1.612000 0 255 255
0.017000 0.851000 1.536000 0 255 255
0.007000 0.587000 1.358000 0 255 255
0.009000 0.804000 1.598000 0 255 255
0.011000 0.881000 1.671000 0 255 255
0.010000 0.594000 1.318000 0 255 255
0.004000 0.570000 1.371000 0 255 255
0.011000 0.788000 1.550000 0 255 255
0.014000 0.845000 1.575000 0 255 255
0.007000 0.799000 1.629000 0 255 255
0.010000 0.583000 1.305000 0 255 255
0.008000 0.636000 1.408000 0 255 255
0.005000 0.745000 1.584000 0 255 255
0.016000 0.797000 1.489000 0 255 255
0.010000 0.774000 1.555000 0 255 255
0.009000 0.650000 1.399000 0 255 255
0.006000 0.662000 1.466000 0 255 255
0.009000 0.553000 1.276000 0 255 255
0.003000 0.364000 1.123000 0 255 255
0.013000 0.742000 1.463000 0 255 255
0.008000 0.785000 1.598000 0 255 255
0.015000 0.896000 1.637000 0 255 255
0.005000 0.673000 1.489000 0 255 255
0.013000 0.782000 1.520000 0 255 255
0.008000 0.558000 1.306000 0 255 255
0.012000 0.702000 1.427000 0 255 255
0.008000 0.852000 1.678000 0 255 255
0.008000 0.816000 1.638000 0 255 255
0.006000 0.551000 1.324000 0 255 255
0.007000 0.534000 1.288000 0 255 255
0.012000 0.771000 1.521000 0 255 255
0.009000 0.624000 1.365000 0 255 255
0.010000 0.572000 1.297000 0 255 255
0.014000 0.734000 1.433000 0 255 255
0.007000 0.546000 1.304000 0 255 255
0.011000 0.792000 1.552000 0 255 255
0.012000 0.727000 1.453000 0 255 255
0.008000 0.709000 1.494000 0 255 255
0.014000 0.746000 1.457000 0 255 255
0.009000 0.643000 1.395000 0 255 255
0.003000 0.563000 1.377000 0 255 255
0.013000 0.685000 1.388000 0 255 255
0.011000 0.621000 1.340000 0 255 255
0.012000 0.689000 1.415000 0 255 255
0.007000 0.673000 1.462000 0 255 255
0.007000 0.651000 1.436000 0 255 255
0.005000 0.503000 1.270000 0 255 255
0.006000 0.555000 1.335000 0 255 255
0.013000 0.780000 1.508000 0 255 255
0.008000 0.699000 1.488000 0 255 255
0.006000 0.454000 1.207000 0 255 255
0.011000 0.821000 1.596000 0 255 255
0.008000 0.790000 1.601000 0 255 255
0.012000 0.704000 1.422000 0 255 255
0.004000 0.760000 1.615000 0 255 255
0.003000 0.353000 1.108000 0 255 255
0.019000 0.881000 1.558000 0 255 255
0.006000 0.735000 1.555000 0 255 255
0.004000 0.554000 1.359000 0 255 255
0.005000 0.538000 1.316000 0 255 255
0.007000 0.586000 1.356000 0 255 255
0.005000 0.459000 1.219000 0 255 255
0.006000 0.447000 1.189000 0 255 255
0.008000 0.587000 1.335000 0 255 255
0.009000 0.702000 1.471000 0 255 255
0.017000 0.879000 1.572000 0 255 255
0.007000 0.684000 1.472000 0 255 255
0.011000 0.768000 1.520000 0 255 255
0.009000 0.829000 1.627000 0 255 255
0.012000 0.969000 1.251000 0 255 255
0.011000 0.651000 1.296000 0 255 255
0.020000 0.913000 1.566000 0 255 255
0.011000 1.043000 1.193000 0 255 255
0.018000 0.979000 1.452000 0 255 255
0.010000 0.980000 1.149000 0 255 255
0.008000 0.853000 1.169000 0 255 255
0.016000 0.974000 1.393000 0 255 255
0.013000 0.948000 1.281000 0 255 255
0.009000 0.706000 1.207000 0 255 255
0.008000 0.854000 1.156000 0 255 255
0.009000 0.949000 1.129000 0 255 255
0.017000 0.995000 1.430000 0 255 255
0.013000 0.810000 1.341000 0 255 255
0.013000 0.902000 1.284000 0 255 255
0.016000 0.981000 1.367000 0 255 255
0.012000 1.000000 1.221000 0 255 255
0.005000 0.636000 1.074000 0 255 255
0.009000 0.727000 1.225000 0 255 255
0.008000 0.639000 1.204000 0 255 255
0.008000 0.550000 1.230000 0 255 255
0.017000 0.907000 1.468000 0 255 255
0.010000 0.607000 1.280000 0 255 255
0.010000 0.888000 1.217000 0 255 255
0.002000 0.352000 1.064000 0 255 255
0.003000 0.346000 1.069000 0 255 255
0.010000 0.873000 1.234000 0 255 255
0.007000 0.746000 1.138000 0 255 255
0.018000 0.948000 1.465000 0 255 255
0.006000 0.932000 1.041000 0 255 255
0.010000 0.839000 1.234000 0 255 255
0.004000 0.489000 1.075000 0 255 255
0.007000 0.670000 1.150000 0 255 255
0.014000 1.033000 1.311000 0 255 255
0.007000 0.855000 1.116000 0 255 255
0.009000 0.983000 1.131000 0 255 255
0.007000 0.828000 1.132000 0 255 255
0.008000 0.912000 1.112000 0 255 255
0.014000 0.996000 1.321000 0 255 255
0.013000 1.036000 1.247000 0 255 255
0.010000 1.045000 1.155000 0 255 255
0.007000 0.475000 1.193000 0 255 255
0.014000 0.950000 1.315000 0 255 255
0.013000 0.775000 1.336000 0 255 255
0.010000 0.685000 1.254000 0 255 255
0.012000 0.993000 1.217000 0 255 255
0.012000 1.007000 1.243000 0 255 255
0.016000 0.790000 1.446000 0 255 255
0.009000 0.638000 1.240000 0 255 255
0.010000 0.633000 1.260000 0 255 255
0.010000 0.627000 1.260000 0 255 255
0.006000 0.935000 1.030000 0 255 255
0.017000 0.936000 1.441000 0 255 255
0.007000 0.632000 1.155000 0 255 255
0.016000 1.038000 1.354000 0 255 255
0.007000 0.685000 1.154000 0 255 255
0.014000 1.015000 1.284000 0 255 255
0.009000 0.765000 1.195000 0 255 255
0.008000 0.716000 1.166000 0 255 255
0.006000 0.482000 1.172000 0 255 255
0.018000 0.853000 1.505000 0 255 255
0.017000 0.987000 1.430000 0 255 255
0.005000 0.536000 1.105000 0 255 255
0.006000 0.723000 1.098000 0 255 255
0.008000 0.777000 1.180000 0 255 255
0.010000 0.586000 1.284000 0 255 255
0.008000 0.755000 1.190000 0 255 255
0.008000 0.925000 1.127000 0 255 255
0.013000 0.753000 1.376000 0 255 255
0.018000 0.921000 1.470000 0 255 255
0.017000 0.833000 1.482000 0 255 255
0.008000 0.950000 1.094000 0 255 255
0.008000 0.816000 1.145000 0 255 255
0.015000 0.896000 1.415000 0 255 255
0.019000 1.000000 1.493000 0 255 255
0.020000 0.909000 1.570000 0 255 255
0.008000 0.707000 1.201000 0 255 255
0.011000 0.791000 1.259000 0 255 255
0.019000 0.896000 1.538000 0 255 255
0.004000 0.492000 1.081000 0 255 255
0.007000 0.751000 1.142000 0 255 255
0.006000 0.661000 1.124000 0 255 255
0.012000 0.688000 1.322000 0 255 255
0.007000 0.988000 1.044000 0 255 255
0.006000 0.833000 1.088000 0 255 255
0.007000 0.898000 1.057000 0 255 255
0.008000 1.051000 1.081000 0 255 255
0.015000 0.789000 1.408000 0 255 255
0.011000 0.979000 1.190000 0 255 255
0.012000 0.798000 1.304000 0 255 255
0.008000 0.875000 1.140000 0 255 255
0.007000 0.881000 1.124000 0 255 255
0.010000 1.071000 1.143000 0 255 255
0.007000 0.992000 1.051000 0 255 255
0.008000 1.088000 1.066000 0 255 255
0.006000 0.446000 1.158000 0 255 255
0.005000 0.502000 1.114000 0 255 255
0.008000 1.025000 1.071000 0 255 255
0.006000 0.661000 1.119000 0 255 255
0.013000 0.801000 1.356000 0 255 255
0.014000 0.900000 1.325000 0 255 255
0.017000 0.841000 1.502000 0 255 255
0.005000 0.548000 1.118000 0 255 255
0.006000 0.524000 1.166000 0 255 255
0.015000 0.894000 1.406000 0 255 255
0.015000 0.890000 1.395000 0 255 255
0.006000 0.471000 1.169000 0 255 255
0.005000 0.635000 1.081000 0 255 255
0.016000 0.908000 1.432000 0 255 255
0.010000 0.766000 1.238000 0 255 255
0.007000 0.652000 1.153000 0 255 255
0.006000 0.822000 1.077000 0 255 255
0.011000 1.021000 1.172000 0 255 255
0.017000 0.956000 1.416000 0 255 255
0.014000 1.007000 1.312000 0 255 255
0.007000 0.844000 1.108000 0 255 255
0.013000 0.926000 1.268000 0 255 255
0.009000 0.881000 1.194000 0 255 255
0.006000 0.567000 1.146000 0 255 255
0.004000 0.694000 1.048000 0 255 255
0.009000 0.599000 1.243000 0 255 255
0.017000 0.978000 1.435000 0 255 255
0.004000 0.511000 1.074000 0 255 255
0.019000 0.929000 1.489000 0 255 255
0.017000 0.853000 1.489000 0 255 255
0.004000 0.423000 1.118000 0 255 255
0.009000 0.929000 1.184000 0 255 255
0.004000 0.430000 1.089000 0 255 255
0.016000 0.935000 1.392000 0 255 255
0.005000 0.437000 1.150000 0 255 255
0.011000 0.884000 1.270000 0 255 255
0.009000 1.121000 1.107000 0 255 255
0.014000 1.070000 1.272000 0 255 255
0.019000 0.983000 1.493000 0 255 255
0.007000 0.536000 1.175000 0 255 255
0.011000 1.037000 1.170000 0 255 255
0.011000 1.067000 1.168000 0 255 255
0.010000 0.644000 1.286000 0 255 255
0.012000 0.722000 1.323000 0 255 255
0.016000 0.885000 1.425000 0 255 255
0.011000 0.927000 1.261000 0 255 255
0.020000 0.932000 1.544000 0 255 255
0.007000 0.504000 1.205000 0 255 255
0.005000 0.455000 1.127000 0 255 255
0.008000 0.887000 1.095000 0 255 255
0.007000 0.925000 1.045000 0 255 255
0.012000 0.684000 1.326000 0 255 255
0.016000 0.952000 1.370000 0 255 255
0.013000 0.965000 1.270000 0 255 255
0.007000 0.791000 1.126000 0 255 255
0.004000 0.484000 1.088000 0 255 255
0.012000 0.780000 1.317000 0 255 255
0.003000 0.365000 1.072000 0 255 255
0.009000 0.655000 1.244000 0 255 255
0.010000 1.114000 1.131000 0 255 255
0.007000 1.120000 1.013000 0 255 255
0.011000 0.815000 1.268000 0 255 255
0.021000 0.948000 1.555000 0 255 255
0.009000 0.672000 1.222000 0 255 255
0.014000 0.759000 1.410000 0 255 255
0.006000 0.688000 1.130000 0 255 255
0.010000 0.871000 1.219000 0 255 255
0.020000 0.922000 1.552000 0 255 255
0.008000 0.552000 1.224000 0 255 255
0.007000 0.653000 1.144000 0 255 255
0.005000 0.731000 1.082000 0 255 255
0.005000 0.619000 1.081000 0 255 255
0.015000 0.781000 1.419000 0 255 255
0.010000 0.888000 1.218000 0 255 255
0.015000 0.733000 1.421000 0 255 255
0.013000 0.982000 1.273000 0 255 255
0.005000 0.659000 1.098000 0 255 255
0.010000 0.791000 1.229000 0 255 255
0.006000 0.687000 1.112000 0 255 255
0.021000 0.960000 1.586000 0 255 255
0.009000 0.605000 1.228000 0 255 255
0.005000 0.672000 1.094000 0 255 255
0.013000 1.030000 1.253000 0 255 255
0.012000 0.796000 1.319000 0 255 255
0.003000 0.361000 1.079000 0 255 255
0.008000 1.086000 1.077000 0 255 255
0.009000 0.747000 1.216000 0 255 255
0.007000 0.686000 1.135000 0 255 255
0.004000 0.537000 1.071000 0 255 255
0.008000 0.605000 1.219000 0 255 255
0.013000 0.990000 1.270000 0 255 255
0.004000 0.701000 1.048000 0 255 255
0.007000 1.062000 1.032000 0 255 255
0.018000 0.976000 1.436000 0 255 255
0.017000 0.989000 1.407000 0 255 255
0.005000 0.416000 1.128000 0 255 255
0.008000 1.084000 1.068000 0 255 255
0.008000 1.113000 1.064000 0 255 255
0.008000 0.920000 1.086000 0 255 255
0.014000 0.874000 1.350000 0 255 255
0.020000 0.959000 1.537000 0 255 255
0.012000 1.033000 1.218000 0 255 255
0.018000 1.004000 1.432000 0 255 255
0.005000 0.682000 1.085000 0 255 255
0.008000 1.127000 1.055000 0 255 255
0.008000 1.146000 1.040000 0 255 255
0.014000 0.776000 1.380000 0 255 255
0.005000 0.464000 1.134000 0 255 255
0.011000 0.647000 1.299000 0 255 255
0.009000 0.645000 1.221000 0 255 255
0.009000 1.106000 1.108000 0 255 255
0.012000 0.854000 1.295000 0 255 255
0.011000 0.773000 1.279000 0 255 255
0.007000 0.805000 1.131000 0 255 255
0.017000 0.894000 1.468000 0 255 255
0.006000 0.839000 1.078000 0 255 255
0.018000 0.999000 1.430000 0 255 255
0.008000 0.785000 1.163000 0 255 255
0.007000 0.859000 1.124000 0 255 255
0.009000 0.636000 1.249000 0 255 255
0.007000 1.026000 1.053000 0 255 255
0.004000 0.538000 1.071000 0 255 255
0.010000 0.752000 1.231000 0 255 255
0.010000 0.557000 1.276000 0 255 255
0.014000 0.811000 1.385000 0 255 255
0.013000 0.988000 1.280000 0 255 255
0.003000 0.365000 1.077000 0 255 255
0.011000 0.954000 1.209000 0 255 255
0.016000 0.880000 1.432000 0 255 255
0.007000 0.612000 1.154000 0 255 255
0.012000 0.723000 1.338000 0 255 255
0.012000 0.731000 1.314000 0 255 255
0.004000 0.443000 1.087000 0 255 255
0.008000 0.946000 1.082000 0 255 255
0.012000 0.980000 1.217000 0 255 255
0.008000 0.839000 1.143000 0 255 255
0.011000 1.051000 1.192000 0 255 255
0.005000 0.401000 1.128000 0 255 255
0.013000 0.979000 1.285000 0 255 255
0.011000 0.880000 1.251000 0 255 255
0.008000 0.795000 1.177000 0 255 255
0.009000 0.558000 1.267000 0 255 255
0.007000 1.059000 1.019000 0 255 255
0.014000 0.725000 1.388000 0 255 255
0.019000 0.949000 1.486000 0 255 255
0.012000 0.790000 1.303000 0 255 255
0.007000 0.674000 1.167000 0 255 255
0.008000 0.918000 1.143000 0 255 255
0.013000 0.888000 1.315000 0 255 255
0.013000 0.684000 1.359000 0 255 255
0.006000 0.972000 1.022000 0 255 255
0.007000 0.487000 1.217000 0 255 255
0.016000 0.871000 1.440000 0 255 255
0.019000 0.979000 1.506000 0 255 255
0.007000 0.529000 1.195000 0 255 255
0.007000 0.464000 1.196000 0 255 255
0.006000 0.893000 1.029000 0 255 255
0.003000 0.334000 1.071000 0 255 255
0.011000 0.742000 1.278000 0 255 255
0.007000 0.656000 1.173000 0 255 255
0.016000 0.893000 1.420000 0 255 255
0.016000 0.788000 1.459000 0 255 255
0.016000 0.780000 1.458000 0 255 255
0.005000 0.687000 1.076000 0 255 255
0.007000 1.094000 1.019000 0 255 255
0.011000 0.668000 1.293000 0 255 255
0.012000 0.881000 1.280000 0 255 255
0.016000 0.817000 1.445000 0 255 255
0.009000 0.682000 1.214000 0 255 255
0.012000 0.783000 1.324000 0 255 255
0.016000 0.805000 1.459000 0 255 255
0.015000 0.969000 1.338000 0 255 255
0.007000 1.025000 1.033000 0 255 255
0.011000 0.911000 1.246000 0 255 255
0.013000 1.018000 1.275000 0 255 255
0.009000 1.110000 1.086000 0 255 255
0.007000 0.672000 1.169000 0 255 255
0.016000 1.005000 1.372000 0 255 255
0.008000 0.852000 1.118000 0 255 255
0.020000 0.949000 1.532000 0 255 255
0.013000 0.836000 1.340000 0 255 255
0.008000 0.922000 1.089000 0 255 255
0.006000 0.774000 1.093000 0 255 255
0.009000 0.715000 1.216000 0 255 255
0.012000 1.081000 1.213000 0 255 255
0.015000 0.755000 1.434000 0 255 255
0.009000 0.968000 1.129000 0 255 255
0.014000 1.024000 1.313000 0 255 255
0.009000 0.837000 1.199000 0 255 255
0.012000 0.725000 1.344000 0 255 255
0.014000 0.901000 1.350000 0 255 255
0.010000 0.770000 1.242000 0 255 255
0.017000 1.030000 1.400000 0 255 255
0.008000 0.835000 1.138000 0 255 255
0.009000 0.636000 1.237000 0 255 255
0.015000 1.025000 1.347000 0 255 255
0.017000 0.948000 1.423000 0 255 255
0.011000 0.700000 1.313000 0 255 255
0.008000 0.644000 1.211000 0 255 255
0.017000 0.841000 1.501000 0 255 255
0.014000 0.776000 1.404000 0 255 255
0.004000 0.551000 1.069000 0 255 255
0.020000 0.988000 1.527000 0 255 255
0.008000 0.573000 1.215000 0 255 255
0.008000 0.541000 1.237000 0 255 255
0.012000 0.716000 1.332000 0 255 255
0.018000 0.979000 1.467000 0 255 255
0.009000 0.581000 1.242000 0 255 255
0.008000 1.075000 1.062000 0 255 255
0.019000 0.911000 1.526000 0 255 255
0.003000 0.356000 1.091000 0 255 255
0.005000 0.542000 1.120000 0 255 255
0.011000 1.066000 1.183000 0 255 255
0.007000 1.100000 1.010000 0 255 255
0.004000 0.477000 1.107000 0 255 255
0.004000 0.583000 1.066000 0 255 255
0.006000 0.447000 1.162000 0 255 255
0.005000 0.406000 1.138000 0 255 255
0.004000 0.504000 1.083000 0 255 255
0.014000 0.745000 1.402000 0 255 255
0.021000 0.951000 1.553000 0 255 255
0.011000 0.805000 1.269000 0 255 255
0.009000 0.798000 1.216000 0 255 255
0.014000 0.922000 1.321000 0 255 255
0.012000 0.845000 1.287000 0 255 255
0.006000 0.644000 1.143000 0 255 255
0.014000 0.759000 1.398000 0 255 255
0.005000 0.566000 1.089000 0 255 255
0.015000 0.963000 1.358000 0 255 255
0.008000 0.679000 1.175000 0 255 255
0.004000 0.634000 1.011000 0 255 255
0.007000 1.007000 0.891000 0 255 255
0.006000 0.966000 0.953000 0 255 255
0.009000 1.161000 0.606000 0 255 255
0.007000 1.078000 0.917000 0 255 255
0.005000 0.693000 0.857000 0 255 255
0.008000 1.085000 0.644000 0 255 255
0.007000 1.119000 1.001000 0 255 255
0.007000 1.011000 0.864000 0 255 255
0.008000 1.150000 0.686000 0 255 255
0.004000 0.612000 0.918000 0 255 255
0.005000 0.745000 0.889000 0 255 255
0.007000 0.879000 0.823000 0 255 255
0.003000 0.504000 1.012000 0 255 255
0.007000 0.887000 0.813000 0 255 255
0.004000 0.707000 0.937000 0 255 255
0.005000 0.721000 0.877000 0 255 255
0.003000 0.487000 0.999000 0 255 255
0.005000 0.730000 0.837000 0 255 255
0.005000 0.823000 0.952000 0 255 255
0.004000 0.608000 0.951000 0 255 255
0.006000 0.968000 0.986000 0 255 255
0.006000 0.915000 0.961000 0 255 255
0.005000 0.865000 0.861000 0 255 255
0.004000 0.705000 0.992000 0 255 255
0.008000 1.135000 0.850000 0 255 255
0.008000 1.018000 0.684000 0 255 255
0.004000 0.718000 1.013000 0 255 255
0.008000 0.994000 0.727000 0 255 255
0.006000 0.884000 0.795000 0 255 255
0.007000 0.974000 0.810000 0 255 255
0.005000 0.752000 0.928000 0 255 255
0.008000 1.025000 0.682000 0 255 255
0.006000 0.950000 0.974000 0 255 255
0.006000 0.944000 1.010000 0 255 255
0.006000 0.850000 0.830000 0 255 255
0.009000 1.155000 0.654000 0 255 255
0.004000 0.547000 0.965000 0 255 255
0.004000 0.712000 0.938000 0 255 255
0.007000 0.919000 0.779000 0 255 255
0.007000 1.081000 0.850000 0 255 255
0.007000 1.014000 0.951000 0 255 255
0.007000 1.021000 0.795000 0 255 255
0.008000 1.127000 0.787000 0 255 255
0.004000 0.633000 0.991000 0 255 255
0.008000 1.110000 0.666000 0 255 255
0.004000 0.688000 0.926000 0 255 255
0.007000 1.092000 0.911000 0 255 255
0.005000 0.822000 0.822000 0 255 255
0.005000 0.810000 0.937000 0 255 255
0.005000 0.868000 0.878000 0 255 255
0.005000 0.746000 0.859000 0 255 255
0.005000 0.805000 0.894000 0 255 255
0.003000 0.418000 1.003000 0 255 255
0.006000 0.896000 1.003000 0 255 255
0.005000 0.891000 0.899000 0 255 255
0.007000 0.971000 0.868000 0 255 255
0.004000 0.657000 0.993000 0 255 255
0.004000 0.678000 0.961000 0 255 255
0.005000 0.746000 0.852000 0 255 255
0.007000 1.108000 0.927000 0 255 255
0.005000 0.806000 0.933000 0 255 255
0.007000 0.962000 0.761000 0 255 255
0.006000 0.873000 0.820000 0 255 255
0.007000 1.020000 0.905000 0 255 255
0.004000 0.709000 1.000000 0 255 255
0.005000 0.797000 0.949000 0 255 255
0.005000 0.869000 0.883000 0 255 255
0.007000 0.968000 0.866000 0 255 255
0.007000 0.874000 0.838000 0 255 255
0.005000 0.766000 0.950000 0 255 255
0.008000 1.029000 0.783000 0 255 255
0.007000 1.100000 0.849000 0 255 255
0.007000 0.982000 0.877000 0 255 255
0.004000 0.625000 1.018000 0 255 255
0.007000 1.043000 0.874000 0 255 255
0.005000 0.826000 1.015000 0 255 255
0.004000 0.678000 0.953000 0 255 255
0.005000 0.837000 1.025000 0 255 255
0.003000 0.492000 0.970000 0 255 255
0.008000 1.045000 0.694000 0 255 255
0.008000 1.012000 0.716000 0 255 255
0.005000 0.816000 0.849000 0 255 255
0.007000 0.893000 0.808000 0 255 255
0.006000 0.931000 0.981000 0 255 255
0.007000 0.901000 0.862000 0 255 255
0.008000 1.144000 0.746000 0 255 255
0.008000 1.070000 0.797000 0 255 255
0.008000 1.029000 0.725000 0 255 255
0.009000 1.129000 0.641000 0 255 255
0.009000 1.155000 0.606000 0 255 255
0.007000 1.105000 0.937000 0 255 255
0.007000 1.081000 0.843000 0 255 255
0.004000 0.655000 0.916000 0 255 255
0.008000 1.091000 0.714000 0 255 255
0.003000 0.540000 1.007000 0 255 255
0.008000 1.110000 0.769000 0 255 255
0.009000 1.154000 0.642000 0 255 255
0.004000 0.776000 1.003000 0 255 255
0.005000 0.829000 0.863000 0 255 255
0.006000 0.968000 0.970000 0 255 255
0.008000 1.146000 0.864000 0 255 255
0.004000 0.541000 0.969000 0 255 255
0.005000 0.764000 0.929000 0 255 255
0.007000 0.986000 0.893000 0 255 255
0.005000 0.753000 0.899000 0 255 255
0.007000 0.961000 0.853000 0 255 255
0.006000 0.912000 0.982000 0 255 255
0.005000 0.722000 0.859000 0 255 255
0.006000 0.929000 1.005000 0 255 255
0.004000 0.660000 1.038000 0 255 255
0.005000 0.840000 0.932000 0 255 255
0.005000 0.799000 0.931000 0 255 255
0.004000 0.635000 0.932000 0 255 255
0.008000 1.132000 0.826000 0 255 255
0.003000 0.524000 0.997000 0 255 255
0.008000 1.103000 0.704000 0 255 255
0.005000 0.762000 0.945000 0 255 255
0.004000 0.541000 0.988000 0 255 255
0.005000 0.824000 0.921000 0 255 255
0.007000 0.999000 0.858000 0 255 255
0.007000 1.087000 1.006000 0 255 255
0.007000 1.097000 0.856000 0 255 255
0.007000 1.002000 0.939000 0 255 255
0.004000 0.669000 0.973000 0 255 255
0.004000 0.783000 1.015000 0 255 255
0.005000 0.802000 0.919000 0 255 255
0.007000 1.029000 0.947000 0 255 255
0.004000 0.585000 0.943000 0 255 255
0.006000 1.017000 1.006000 0 255 255
0.005000 0.876000 0.982000 0 255 255
0.008000 1.055000 0.803000 0 255 255
0.006000 0.827000 0.800000 0 255 255
0.007000 0.906000 0.759000 0 255 255
0.003000 0.515000 0.997000 0 255 255
0.005000 0.723000 0.910000 0 255 255
0.004000 0.634000 0.886000 0 255 255
0.003000 0.402000 1.045000 0 255 255
0.003000 0.429000 1.022000 0 255 255
0.007000 1.037000 0.883000 0 255 255
0.003000 0.433000 1.036000 0 255 255
0.006000 0.806000 0.797000 0 255 255
0.005000 0.803000 0.862000 0 255 255
0.005000 0.895000 1.014000 0 255 255
0.007000 0.910000 0.884000 0 255 255
0.008000 1.112000 0.791000 0 255 255
0.004000 0.645000 1.022000 0 255 255
0.008000 1.138000 0.843000 0 255 255
0.005000 0.838000 0.879000 0 255 255
0.005000 0.869000 0.873000 0 255 255
0.004000 0.603000 1.037000 0 255 255
0.003000 0.503000 0.991000 0 255 255
0.007000 0.964000 0.817000 0 255 255
0.005000 0.800000 0.974000 0 255 255
0.007000 0.950000 0.906000 0 255 255
0.007000 1.035000 0.794000 0 255 255
0.008000 1.163000 0.878000 0 255 255
0.005000 0.789000 0.922000 0 255 255
0.008000 1.081000 0.711000 0 255 255
0.007000 0.956000 0.795000 0 255 255
0.007000 0.901000 0.810000 0 255 255
0.007000 1.149000 0.977000 0 255 255
0.007000 0.943000 0.776000 0 255 255
0.008000 1.128000 0.836000 0 255 255
0.005000 0.820000 0.887000 0 255 255
0.008000 1.131000 0.825000 0 255 255
0.008000 1.088000 0.704000 0 255 255
0.004000 0.730000 0.988000 0 255 255
0.004000 0.638000 0.891000 0 255 255
0.004000 0.640000 0.964000 0 255 255
0.007000 1.113000 0.855000 0 255 255
0.004000 0.657000 0.979000 0 255 255
0.005000 0.913000 0.941000 0 255 255
0.005000 0.733000 0.937000 0 255 255
0.008000 0.995000 0.744000 0 255 255
0.007000 0.856000 0.833000 0 255 255
0.008000 1.145000 0.692000 0 255 255
0.007000 1.064000 0.960000 0 255 255
0.006000 0.944000 0.944000 0 255 255
0.007000 1.015000 0.889000 0 255 255
0.005000 0.766000 0.960000 0 255 255
0.007000 0.981000 0.852000 0 255 255
0.004000 0.528000 0.979000 0 255 255
0.007000 1.127000 0.891000 0 255 255
0.005000 0.895000 1.018000 0 255 255
0.008000 1.110000 0.760000 0 255 255
0.007000 0.960000 0.750000 0 255 255
0.005000 0.738000 0.873000 0 255 255
0.008000 1.159000 0.716000 0 255 255
0.007000 1.084000 0.831000 0 255 255
0.009000 1.129000 0.649000 0 255 255
0.006000 0.928000 0.932000 0 255 255
0.007000 0.916000 0.812000 0 255 255
0.004000 0.664000 0.986000 0 255 255
0.007000 0.894000 0.768000 0 255 255
0.007000 0.930000 0.767000 0 255 255
0.007000 0.972000 0.882000 0 255 255
0.008000 1.056000 0.685000 0 255 255
0.005000 0.677000 0.894000 0 255 255
0.003000 0.477000 1.008000 0 255 255
0.005000 0.718000 0.921000 0 255 255
0.007000 0.992000 0.839000 0 255 255
0.006000 0.932000 0.930000 0 255 255
0.008000 1.096000 0.783000 0 255 255
0.007000 1.029000 0.966000 0 255 255
0.005000 0.770000 0.904000 0 255 255
0.007000 1.041000 0.928000 0 255 255
0.008000 1.014000 0.768000 0 255 255
0.004000 0.650000 0.961000 0 255 255
0.008000 1.146000 0.782000 0 255 255
0.006000 0.961000 0.956000 0 255 255
0.008000 1.055000 0.696000 0 255 255
0.008000 1.033000 0.691000 0 255 255
0.007000 1.003000 0.833000 0 255 255
0.007000 1.093000 0.986000 0 255 255
0.007000 0.897000 0.864000 0 255 255
0.007000 0.952000 0.876000 0 255 255
0.005000 0.674000 0.873000 0 255 255
0.007000 0.972000 0.878000 0 255 255
0.004000 0.705000 1.031000 0 255 255
0.005000 0.811000 0.856000 0 255 255
0.005000 0.722000 0.861000 0 255 255
0.007000 0.975000 0.866000 0 255 255
0.008000 1.022000 0.769000 0 255 255
0.005000 0.740000 0.882000 0 255 255
0.005000 0.847000 0.892000 0 255 255
0.008000 1.012000 0.709000 0 255 255
0.008000 1.161000 0.786000 0 255 255
0.003000 0.507000 0.974000 0 255 255
0.004000 0.777000 1.000000 0 255 255
0.007000 1.012000 0.871000 0 255 255
0.004000 0.700000 0.994000 0 255 255
0.006000 0.892000 0.865000 0 255 255
0.005000 0.718000 0.906000 0 255 255
0.004000 0.648000 0.926000 0 255 255
0.008000 1.082000 0.674000 0 255 255
0.005000 0.862000 0.973000 0 255 255
0.005000 0.767000 0.940000 0 255 255
0.005000 0.778000 0.971000 0 255 255
0.005000 0.775000 0.843000 0 255 255
0.006000 0.805000 0.798000 0 255 255
0.033000 1.038000 1.764000 0 255 255
0.021000 1.068000 1.815000 0 255 255
0.013000 1.045000 1.822000 0 255 255
0.011000 1.096000 1.860000 0 255 255
0.012000 0.886000 1.724000 0 255 255
0.007000 1.023000 1.825000 0 255 255
0.015000 0.918000 1.736000 0 255 255
0.033000 1.014000 1.749000 0 255 255
0.010000 1.006000 1.807000 0 255 255
0.012000 0.888000 1.725000 0 255 255
0.028000 1.111000 1.821000 0 255 255
0.015000 1.086000 1.843000 0 255 255
0.019000 0.950000 1.744000 0 255 255
0.019000 0.936000 1.740000 0 255 255
0.027000 1.106000 1.821000 0 255 255
0.007000 0.865000 1.726000 0 255 255
0.007000 1.042000 1.838000 0 255 255
0.016000 1.141000 1.873000 0 255 255
0.017000 0.905000 1.726000 0 255 255
0.031000 0.984000 1.738000 0 255 255
0.010000 0.923000 1.756000 0 255 255
0.008000 1.109000 1.902000 0 255 255
0.010000 0.834000 2.126000 0 255 255
0.005000 0.844000 1.767000 0 255 255
0.006000 0.923000 1.800000 0 255 255
0.007000 0.837000 1.905000 0 255 255
0.009000 0.977000 2.033000 0 255 255
0.007000 0.981000 1.825000 0 255 255
0.008000 0.900000 1.901000 0 255 255
0.008000 1.079000 1.944000 0 255 255
0.008000 0.999000 1.949000 0 255 255
0.009000 0.802000 2.025000 0 255 255
0.008000 0.918000 1.887000 0 255 255
0.006000 0.956000 1.794000 0 255 255
0.008000 0.813000 1.984000 0 255 255
0.008000 0.811000 2.006000 0 255 255
0.010000 0.771000 2.095000 0 255 255
0.007000 0.891000 1.814000 0 255 255
0.011000 0.744000 2.192000 0 255 255
0.010000 0.761000 2.141000 0 255 255
0.006000 0.925000 1.787000 0 255 255
0.009000 0.920000 1.960000 0 255 255
0.010000 0.943000 2.048000 0 255 255
0.006000 0.844000 1.857000 0 255 255
0.007000 0.818000 1.926000 0 255 255
0.009000 0.924000 1.978000 0 255 255
0.009000 0.963000 2.022000 0 255 255
0.007000 0.853000 1.913000 0 255 255
0.009000 0.809000 2.060000 0 255 255
0.008000 1.065000 1.893000 0 255 255
0.008000 0.902000 1.896000 0 255 255
0.008000 1.038000 1.911000 0 255 255
0.009000 0.910000 2.056000 0 255 255
0.006000 0.877000 1.740000 0 255 255
0.008000 0.899000 1.960000 0 255 255
0.009000 1.037000 1.979000 0 255 255
0.007000 0.843000 1.898000 0 255 255
0.007000 1.004000 1.852000 0 255 255
0.005000 0.840000 1.773000 0 255 255
0.007000 1.066000 1.870000 0 255 255
0.007000 0.953000 1.824000 0 255 255
0.008000 1.064000 1.961000 0 255 255
0.008000 0.987000 1.958000 0 255 255
0.007000 0.931000 1.843000 0 255 255
0.007000 0.825000 1.884000 0 255 255
0.008000 0.874000 1.915000 0 255 255
0.006000 0.921000 1.793000 0 255 255
0.007000 1.067000 1.869000 0 255 255
0.007000 1.002000 1.852000 0 255 255
0.008000 1.011000 1.943000 0 255 255
0.007000 0.866000 1.890000 0 255 255
0.008000 0.867000 1.972000 0 255 255
0.010000 0.803000 2.167000 0 255 255
0.008000 0.965000 1.946000 0 255 255
0.008000 0.913000 2.026000 0 255 255
0.006000 0.829000 1.843000 0 255 255
0.008000 0.965000 1.908000 0 255 255
0.008000 0.800000 2.011000 0 255 255
0.009000 0.945000 2.029000 0 255 255
0.009000 1.034000 1.976000 0 255 255
0.007000 0.982000 1.827000 0 255 255
0.005000 0.864000 1.752000 0 255 255
0.007000 0.947000 1.846000 0 255 255
0.008000 0.976000 1.954000 0 255 255
0.008000 0.813000 1.954000 0 255 255
0.009000 0.856000 2.084000 0 255 255
0.006000 0.950000 1.799000 0 255 255
0.010000 0.839000 2.146000 0 255 255
0.006000 0.873000 1.836000 0 255 255
0.008000 1.047000 1.891000 0 255 255
0.008000 0.997000 1.891000 0 255 255
0.008000 0.951000 1.892000 0 255 255
0.006000 0.862000 1.807000 0 255 255
0.009000 0.922000 2.065000 0 255 255
0.009000 0.809000 2.082000 0 255 255
0.008000 1.068000 1.917000 0 255 255
0.008000 0.937000 1.939000 0 255 255
0.009000 0.841000 2.070000 0 255 255
0.007000 0.826000 1.918000 0 255 255
0.007000 1.009000 1.885000 0 255 255
0.009000 0.845000 2.101000 0 255 255
0.007000 0.976000 1.852000 0 255 255
0.007000 0.829000 1.870000 0 255 255
0.009000 0.770000 2.064000 0 255 255
0.007000 1.002000 1.831000 0 255 255
0.009000 0.938000 2.024000 0 255 255
0.010000 0.938000 2.064000 0 255 255
0.008000 1.048000 1.959000 0 255 255
0.005000 0.845000 1.733000 0 255 255
0.008000 0.956000 1.884000 0 255 255
0.009000 0.956000 1.993000 0 255 255
0.006000 0.854000 1.807000 0 255 255
0.007000 1.052000 1.876000 0 255 255
0.010000 0.744000 2.165000 0 255 255
0.005000 0.865000 1.783000 0 255 255
0.009000 0.992000 2.004000 0 255 255
0.008000 1.057000 1.938000 0 255 255
0.008000 0.878000 1.996000 0 255 255
0.008000 1.053000 1.911000 0 255 255
0.009000 1.006000 2.000000 0 255 255
0.008000 1.007000 1.942000 0 255 255
0.007000 0.865000 1.890000 0 255 255
0.007000 1.071000 1.865000 0 255 255
0.008000 0.855000 1.955000 0 255 255
0.009000 0.827000 2.059000 0 255 255
0.009000 0.969000 2.002000 0 255 255
0.009000 1.020000 1.999000 0 255 255
0.008000 0.904000 1.885000 0 255 255
0.010000 0.797000 2.165000 0 255 255
0.007000 0.808000 1.935000 0 255 255
0.009000 0.812000 2.063000 0 255 255
0.008000 1.058000 1.904000 0 255 255
0.008000 1.146000 1.909000 0 255 255
0.007000 1.006000 1.862000 0 255 255
0.008000 0.983000 1.938000 0 255 255
0.008000 1.160000 1.920000 0 255 255
0.009000 0.819000 2.092000 0 255 255
0.005000 0.879000 1.778000 0 255 255
0.007000 0.838000 1.893000 0 255 255
0.008000 1.044000 1.896000 0 255 255
0.007000 0.883000 1.802000 0 255 255
0.007000 0.899000 1.921000 0 255 255
0.030000 1.569000 1.992000 0 255 255
0.028000 1.419000 1.952000 0 255 255
0.019000 1.634000 2.141000 0 255 255
0.025000 1.547000 2.035000 0 255 255
0.026000 1.436000 1.975000 0 255 255
0.030000 1.513000 1.970000 0 255 255
0.023000 1.640000 2.103000 0 255 255
0.033000 1.569000 1.969000 0 255 255
0.031000 1.567000 1.981000 0 255 255
0.028000 1.429000 1.952000 0 255 255
0.033000 1.447000 1.906000 0 255 255
0.028000 1.491000 1.976000 0 255 255
0.018000 1.678000 2.165000 0 255 255
0.025000 1.614000 2.070000 0 255 255
0.026000 1.617000 2.060000 0 255 255
0.023000 1.659000 2.105000 0 255 255
0.021000 1.653000 2.129000 0 255 255
0.027000 1.507000 1.994000 0 255 255
0.031000 1.307000 1.863000 0 255 255
0.028000 1.526000 1.996000 0 255 255
0.032000 1.281000 1.842000 0 255 255
0.032000 1.325000 1.866000 0 255 255
0.030000 1.401000 1.918000 0 255 255
0.015000 1.706000 2.209000 0 255 255
0.031000 1.387000 1.905000 0 255 255
0.027000 1.466000 1.984000 0 255 255
0.025000 1.563000 2.041000 0 255 255
0.023000 1.632000 2.093000 0 255 255
0.028000 1.412000 1.943000 0 255 255
0.025000 1.463000 1.999000 0 255 255
0.032000 1.594000 1.981000 0 255 255
0.033000 1.414000 1.899000 0 255 255
0.030000 1.496000 1.963000 0 255 255
0.031000 1.327000 1.879000 0 255 255
0.018000 1.665000 2.156000 0 255 255
0.024000 1.569000 2.053000 0 255 255
0.033000 1.302000 1.843000 0 255 255
0.030000 1.444000 1.939000 0 255 255
0.020000 1.655000 2.132000 0 255 255
0.025000 1.523000 2.022000 0 255 255
0.026000 1.591000 2.049000 0 255 255
0.021000 1.593000 2.096000 0 255 255
0.030000 1.420000 1.931000 0 255 255
0.023000 1.524000 2.045000 0 255 255
0.033000 1.259000 1.819000 0 255 255
0.021000 1.563000 2.082000 0 255 255
0.033000 1.302000 1.844000 0 255 255
0.030000 1.571000 2.000000 0 255 255
0.020000 0.500000 0.597000 0 255 255
0.017000 0.559000 0.594000 0 255 255
0.025000 0.413000 0.599000 0 255 255
0.028000 0.476000 0.582000 0 255 255
0.017000 0.568000 0.593000 0 255 255
0.020000 0.525000 0.594000 0 255 255
0.029000 0.440000 0.585000 0 255 255
0.031000 0.497000 0.558000 0 255 255
0.023000 0.563000 0.522000 0 255 255
0.033000 0.494000 0.484000 0 255 255
0.014000 0.614000 0.585000 0 255 255
0.015000 0.606000 0.573000 0 255 255
0.028000 0.521000 0.528000 0 255 255
0.025000 0.545000 0.518000 0 255 255
0.024000 0.559000 0.501000 0 255 255
0.033000 0.497000 0.485000 0 255 255
0.023000 0.563000 0.508000 0 255 255
0.026000 0.543000 0.512000 0 255 255
0.024000 0.553000 0.528000 0 255 255
0.027000 0.547000 0.074000 0 255 255
0.022000 0.574000 0.403000 0 255 255
0.025000 0.556000 0.129000 0 255 255
0.020000 0.583000 0.093000 0 255 255
0.011000 0.629000 0.428000 0 255 255
0.019000 0.586000 0.278000 0 255 255
0.023000 0.568000 0.170000 0 255 255
0.011000 0.629000 0.396000 0 255 255
0.030000 0.529000 0.246000 0 255 255
0.012000 0.626000 0.309000 0 255 255
0.023000 0.566000 0.428000 0 255 255
0.028000 0.540000 0.236000 0 255 255
0.028000 0.542000 0.437000 0 255 255
0.012000 0.625000 0.510000 0 255 255
0.017000 0.600000 0.210000 0 255 255
0.020000 0.585000 0.376000 0 255 255
0.012000 0.628000 0.160000 0 255 255
0.020000 0.584000 0.467000 0 255 255
0.016000 0.603000 0.254000 0 255 255
0.020000 0.586000 0.113000 0 255 255
0.029000 0.538000 0.342000 0 255 255
0.030000 0.532000 0.266000 0 255 255
0.024000 0.561000 0.249000 0 255 255
0.027000 0.548000 0.064000 0 255 255
0.030000 0.531000 0.273000 0 255 255
0.023000 0.566000 0.187000 0 255 255
0.017000 0.597000 0.187000 0 255 255
0.011000 0.632000 0.203000 0 255 255
0.021000 0.580000 0.427000 0 255 255
0.018000 0.593000 0.418000 0 255 255
0.020000 0.586000 0.185000 0 255 255
0.029000 0.537000 0.135000 0 255 255
0.031000 0.528000 0.236000 0 255 255
0.027000 0.549000 0.079000 0 255 255
0.016000 0.605000 0.071000 0 255 255
0.027000 0.549000 0.090000 0 255 255
0.015000 0.608000 0.359000 0 255 255
0.018000 0.595000 0.138000 0 255 255
0.015000 0.607000 0.395000 0 255 255
0.030000 0.533000 0.251000 0 255 255
0.018000 0.596000 0.268000 0 255 255
0.021000 0.576000 0.261000 0 255 255
0.012000 0.626000 0.264000 0 255 255
0.012000 0.626000 0.356000 0 255 255
0.024000 0.565000 0.297000 0 255 255
0.023000 0.568000 0.163000 0 255 255
0.014000 0.615000 0.521000 0 255 255
0.031000 0.527000 0.396000 0 255 255
0.029000 0.534000 0.214000 0 255 255
0.023000 0.569000 0.266000 0 255 255
0.029000 0.538000 0.297000 0 255 255
0.028000 0.540000 0.331000 0 255 255
0.021000 0.580000 0.292000 0 255 255
0.015000 0.607000 0.105000 0 255 255
0.013000 0.618000 0.464000 0 255 255
0.016000 0.603000 0.157000 0 255 255
0.023000 0.569000 0.097000 0 255 255
0.017000 0.599000 0.350000 0 255 255
0.012000 0.623000 0.366000 0 255 255
0.032000 0.522000 0.244000 0 255 255
0.020000 0.584000 0.454000 0 255 255
0.022000 0.575000 0.136000 0 255 255
0.028000 0.542000 0.315000 0 255 255
0.021000 0.938000 1.658000 0 255 255
0.025000 0.953000 1.658000 0 255 255
0.028000 0.940000 1.713000 0 255 255
0.024000 0.945000 1.665000 0 255 255
0.012000 1.220000 0.114000 0 255 255
0.015000 1.317000 0.072000 0 255 255
0.012000 1.180000 0.103000 0 255 255
0.013000 1.211000 0.095000 0 255 255
0.013000 1.224000 0.101000 0 255 255
0.013000 1.132000 0.081000 0 255 255
0.014000 1.292000 0.085000 0 255 255
0.015000 1.339000 0.072000 0 255 255
0.014000 1.155000 0.060000 0 255 255
0.015000 1.350000 0.071000 0 255 255
0.014000 1.278000 0.088000 0 255 255
0.013000 1.117000 0.069000 0 255 255
0.012000 1.280000 0.127000 0 255 255
0.013000 1.117000 0.065000 0 255 255
0.014000 1.261000 0.086000 0 255 255
0.012000 1.145000 0.091000 0 255 255
0.013000 1.206000 0.099000 0 255 255
0.012000 1.306000 0.139000 0 255 255
0.011000 1.160000 0.122000 0 255 255
0.012000 1.233000 0.118000 0 255 255
0.012000 1.223000 0.117000 0 255 255
0.013000 1.248000 0.109000 0 255 255
0.010000 0.899000 0.066000 0 255 255
0.012000 1.153000 0.103000 0 255 255
0.012000 1.197000 0.112000 0 255 255
0.013000 1.159000 0.090000 0 255 255
0.012000 1.048000 0.074000 0 255 255
0.012000 1.081000 0.082000 0 255 255
0.012000 0.996000 0.069000 0 255 255
0.015000 1.316000 0.072000 0 255 255
0.012000 1.166000 0.098000 0 255 255
0.014000 1.218000 0.063000 0 255 255
0.014000 1.198000 0.076000 0 255 255
0.012000 0.925000 0.059000 0 255 255
0.013000 1.253000 0.108000 0 255 255
0.012000 1.272000 0.128000 0 255 255
0.013000 1.194000 0.080000 0 255 255
0.012000 1.230000 0.115000 0 255 255
0.011000 1.271000 0.143000 0 255 255
0.012000 1.189000 0.106000 0 255 255
0.012000 1.276000 0.125000 0 255 255
0.014000 1.264000 0.079000 0 255 255
0.012000 1.078000 0.079000 0 255 255
0.013000 1.137000 0.079000 0 255 255
0.013000 1.189000 0.080000 0 255 255
0.013000 1.256000 0.103000 0 255 255
0.011000 0.938000 0.253000 0 255 255
0.010000 0.774000 0.096000 0 255 255
0.011000 0.963000 0.129000 0 255 255
0.011000 0.868000 0.329000 0 255 255
0.011000 0.783000 0.410000 0 255 255
0.010000 0.792000 0.087000 0 255 255
0.011000 1.171000 0.174000 0 255 255
0.010000 0.790000 0.196000 0 255 255
0.011000 0.655000 0.286000 0 255 255
0.010000 0.868000 0.198000 0 255 255
0.011000 0.632000 0.431000 0 255 255
0.011000 0.735000 0.447000 0 255 255
0.011000 0.634000 0.588000 0 255 255
0.011000 0.925000 0.192000 0 255 255
0.011000 0.732000 0.299000 0 255 255
0.012000 0.925000 0.374000 0 255 255
0.010000 0.726000 0.194000 0 255 255
0.011000 0.973000 0.232000 0 255 255
0.011000 1.079000 0.231000 0 255 255
0.010000 0.700000 0.250000 0 255 255
0.011000 1.198000 0.203000 0 255 255
0.010000 0.889000 0.095000 0 255 255
0.011000 0.808000 0.452000 0 255 255
0.011000 1.098000 0.133000 0 255 255
0.011000 0.841000 0.303000 0 255 255
0.011000 0.712000 0.447000 0 255 255
0.011000 0.898000 0.396000 0 255 255
0.010000 0.851000 0.103000 0 255 255
0.011000 1.067000 0.237000 0 255 255
0.011000 0.695000 0.332000 0 255 255
0.010000 0.706000 0.206000 0 255 255
0.011000 0.847000 0.451000 0 255 255
0.011000 0.815000 0.429000 0 255 255
0.011000 0.928000 0.196000 0 255 255
0.011000 0.629000 0.536000 0 255 255
0.011000 0.964000 0.261000 0 255 255
0.011000 0.969000 0.174000 0 255 255
0.011000 0.902000 0.188000 0 255 255
0.011000 1.037000 0.110000 0 255 255
0.011000 0.685000 0.308000 0 255 255
0.011000 0.730000 0.435000 0 255 255
0.010000 0.834000 0.112000 0 255 255
0.011000 1.102000 0.267000 0 255 255
0.011000 0.770000 0.320000 0 255 255
0.012000 0.986000 0.339000 0 255 255
0.010000 0.701000 0.244000 0 255 255
0.011000 1.101000 0.206000 0 255 255
0.011000 1.008000 0.207000 0 255 255
0.011000 0.991000 0.138000 0 255 255
0.011000 0.965000 0.108000 0 255 255
0.011000 0.810000 0.353000 0 255 255
0.011000 0.990000 0.244000 0 255 255
0.011000 0.961000 0.253000 0 255 255
0.011000 0.685000 0.405000 0 255 255
0.011000 0.982000 0.223000 0 255 255
0.010000 0.884000 0.191000 0 255 255
0.011000 0.750000 0.390000 0 255 255
0.011000 0.809000 0.436000 0 255 255
0.011000 1.059000 0.168000 0 255 255
0.011000 0.726000 0.371000 0 255 255
0.011000 0.805000 0.436000 0 255 255
0.011000 0.936000 0.232000 0 255 255
0.011000 1.107000 0.273000 0 255 255
0.010000 0.783000 0.223000 0 255 255
0.011000 0.982000 0.187000 0 255 255
0.010000 0.733000 0.067000 0 255 255
0.010000 0.729000 0.128000 0 255 255
0.011000 1.180000 0.145000 0 255 255
0.011000 1.049000 0.308000 0 255 255
0.010000 0.746000 0.075000 0 255 255
0.011000 0.817000 0.444000 0 255 255
0.011000 0.758000 0.288000 0 255 255
0.011000 1.102000 0.153000 0 255 255
0.010000 0.763000 0.182000 0 255 255
0.011000 0.640000 0.557000 0 255 255
0.010000 0.861000 0.125000 0 255 255
0.012000 0.961000 0.323000 0 255 255
0.010000 0.779000 0.228000 0 255 255
0.011000 1.200000 0.170000 0 255 255
0.010000 0.838000 0.139000 0 255 255
0.011000 1.060000 0.179000 0 255 255
0.011000 0.815000 0.292000 0 255 255
0.011000 0.871000 0.304000 0 255 255
0.011000 0.992000 0.168000 0 255 255
0.010000 0.787000 0.074000 0 255 255
0.011000 0.834000 0.281000 0 255 255
0.011000 0.786000 0.352000 0 255 255
0.011000 0.842000 0.385000 0 255 255
0.011000 0.741000 0.468000 0 255 255
0.011000 0.634000 0.488000 0 255 255
0.011000 1.029000 0.157000 0 255 255
0.011000 0.809000 0.315000 0 255 255
0.011000 0.711000 0.265000 0 255 255
0.011000 1.151000 0.190000 0 255 255
0.011000 1.065000 0.240000 0 255 255
0.011000 1.019000 0.271000 0 255 255
0.010000 0.750000 0.169000 0 255 255
0.010000 0.869000 0.206000 0 255 255
0.011000 1.053000 0.306000 0 255 255
0.011000 0.685000 0.529000 0 255 255
0.011000 1.056000 0.108000 0 255 255
0.011000 0.779000 0.323000 0 255 255
0.011000 1.057000 0.285000 0 255 255
0.011000 1.019000 0.301000 0 255 255
0.011000 0.702000 0.408000 0 255 255
0.010000 0.851000 0.132000 0 255 255
0.011000 0.696000 0.389000 0 255 255
0.011000 1.192000 0.158000 0 255 255
0.010000 0.806000 0.192000 0 255 255
0.010000 0.792000 0.115000 0 255 255
0.011000 0.730000 0.506000 0 255 255
0.011000 0.800000 0.401000 0 255 255
0.010000 0.854000 0.205000 0 255 255
0.011000 0.636000 0.330000 0 255 255
0.010000 0.752000 0.230000 0 255 255
0.011000 0.654000 0.555000 0 255 255
0.010000 0.833000 0.269000 0 255 255
0.011000 1.142000 0.160000 0 255 255
0.011000 0.682000 0.513000 0 255 255
0.011000 1.159000 0.138000 0 255 255
0.011000 0.933000 0.195000 0 255 255
0.010000 0.855000 0.130000 0 255 255
0.011000 0.939000 0.235000 0 255 255
0.010000 0.747000 0.179000 0 255 255
0.011000 0.749000 0.507000 0 255 255
0.011000 0.916000 0.256000 0 255 255
0.011000 0.634000 0.368000 0 255 255
0.011000 1.007000 0.103000 0 255 255
0.011000 1.222000 0.195000 0 255 255
0.010000 0.878000 0.203000 0 255 255
0.011000 1.141000 0.254000 0 255 255
0.011000 0.882000 0.348000 0 255 255
0.011000 0.913000 0.162000 0 255 255
0.010000 0.746000 0.252000 0 255 255
0.011000 0.964000 0.241000 0 255 255
0.011000 0.675000 0.276000 0 255 255
0.011000 0.838000 0.331000 0 255 255
0.010000 0.665000 0.177000 0 255 255
0.010000 0.810000 0.210000 0 255 255
0.011000 1.082000 0.166000 0 255 255
0.011000 0.751000 0.273000 0 255 255
0.011000 0.949000 0.178000 0 255 255
0.010000 0.795000 0.060000 0 255 255
0.011000 1.201000 0.194000 0 255 255
0.011000 1.106000 0.161000 0 255 255
0.011000 0.782000 0.332000 0 255 255
0.010000 0.768000 0.171000 0 255 255
0.010000 0.695000 0.113000 0 255 255
0.011000 0.921000 0.225000 0 255 255
0.012000 0.975000 0.367000 0 255 255
0.011000 0.987000 0.225000 0 255 255
0.011000 0.678000 0.334000 0 255 255
0.011000 0.890000 0.306000 0 255 255
0.011000 0.859000 0.387000 0 255 255
0.010000 0.908000 0.172000 0 255 255
0.011000 0.982000 0.148000 0 255 255
0.011000 1.175000 0.132000 0 255 255
0.011000 1.131000 0.141000 0 255 255
0.011000 1.055000 0.124000 0 255 255
0.011000 0.682000 0.372000 0 255 255
0.011000 1.100000 0.220000 0 255 255
0.011000 0.787000 0.277000 0 255 255
0.011000 1.180000 0.188000 0 255 255
0.010000 0.854000 0.277000 0 255 255
0.010000 0.699000 0.237000 0 255 255
0.011000 0.757000 0.302000 0 255 255
0.011000 0.760000 0.278000 0 255 255
0.011000 1.121000 0.184000 0 255 255
0.011000 1.069000 0.269000 0 255 255
0.011000 0.683000 0.442000 0 255 255
0.011000 1.054000 0.214000 0 255 255
0.011000 0.802000 0.395000 0 255 255
0.010000 0.816000 0.268000 0 255 255
0.011000 0.705000 0.411000 0 255 255
0.010000 0.808000 0.177000 0 255 255
0.010000 0.707000 0.088000 0 255 255
0.011000 0.985000 0.267000 0 255 255
0.010000 0.760000 0.174000 0 255 255
0.010000 0.884000 0.199000 0 255 255
0.011000 1.125000 0.179000 0 255 255
0.012000 0.990000 0.354000 0 255 255
0.010000 0.668000 0.230000 0 255 255
0.011000 1.126000 0.190000 0 255 255
0.011000 1.200000 0.216000 0 255 255
0.011000 1.092000 0.214000 0 255 255
0.011000 1.090000 0.292000 0 255 255
0.010000 0.712000 0.069000 0 255 255
0.010000 0.915000 0.135000 0 255 255
0.011000 1.143000 0.241000 0 255 255
0.011000 0.845000 0.324000 0 255 255
0.011000 0.637000 0.285000 0 255 255
0.011000 1.026000 0.122000 0 255 255
0.011000 0.845000 0.394000 0 255 255
0.011000 0.987000 0.221000 0 255 255
0.011000 1.140000 0.199000 0 255 255
0.011000 0.696000 0.354000 0 255 255
0.010000 0.675000 0.108000 0 255 255
0.011000 0.661000 0.522000 0 255 255
0.010000 0.825000 0.275000 0 255 255
0.010000 0.670000 0.121000 0 255 255
0.010000 0.857000 0.137000 0 255 255
0.011000 0.977000 0.091000 0 255 255
0.011000 1.089000 0.160000 0 255 255
0.011000 0.721000 0.466000 0 255 255
0.010000 0.863000 0.213000 0 255 255
0.010000 0.854000 0.086000 0 255 255
0.010000 0.741000 0.156000 0 255 255
0.010000 0.740000 0.105000 0 255 255
0.011000 1.105000 0.218000 0 255 255
0.011000 1.197000 0.215000 0 255 255
0.011000 1.067000 0.190000 0 255 255
0.011000 0.677000 0.423000 0 255 255
0.011000 0.734000 0.379000 0 255 255
0.012000 0.914000 0.375000 0 255 255
0.011000 0.706000 0.382000 0 255 255
0.011000 1.256000 0.164000 0 255 255
0.011000 1.007000 0.124000 0 255 255
0.011000 0.718000 0.400000 0 255 255
0.011000 1.095000 0.155000 0 255 255
0.011000 1.007000 0.144000 0 255 255
0.011000 0.945000 0.143000 0 255 255
0.011000 1.155000 0.171000 0 255 255
0.011000 0.646000 0.321000 0 255 255
0.011000 1.049000 0.215000 0 255 255
0.011000 0.745000 0.362000 0 255 255
0.010000 0.827000 0.133000 0 255 255
0.011000 1.050000 0.250000 0 255 255
0.012000 0.928000 0.368000 0 255 255
0.011000 0.721000 0.436000 0 255 255
0.011000 1.110000 0.199000 0 255 255
0.011000 0.742000 0.329000 0 255 255
0.011000 0.739000 0.271000 0 255 255
0.011000 0.690000 0.492000 0 255 255
0.010000 0.863000 0.168000 0 255 255
0.010000 0.904000 0.267000 0 255 255
0.010000 0.714000 0.063000 0 255 255
0.010000 0.638000 0.129000 0 255 255
0.011000 0.847000 0.287000 0 255 255
0.011000 0.658000 0.529000 0 255 255
0.011000 0.798000 0.354000 0 255 255
0.010000 0.738000 0.261000 0 255 255
0.010000 0.847000 0.270000 0 255 255
0.011000 0.726000 0.322000 0 255 255
0.011000 0.784000 0.402000 0 255 255
0.011000 0.962000 0.124000 0 255 255
0.010000 0.759000 0.116000 0 255 255
0.011000 1.004000 0.299000 0 255 255
0.010000 0.685000 0.067000 0 255 255
0.010000 0.815000 0.133000 0 255 255
0.011000 0.854000 0.430000 0 255 255
0.011000 0.769000 0.489000 0 255 255
0.011000 0.994000 0.146000 0 255 255
0.010000 0.698000 0.114000 0 255 255
0.012000 0.966000 0.372000 0 255 255
0.011000 0.821000 0.414000 0 255 255
0.011000 1.080000 0.171000 0 255 255
0.011000 1.176000 0.173000 0 255 255
0.011000 1.030000 0.260000 0 255 255
0.011000 0.913000 0.244000 0 255 255
0.010000 0.739000 0.078000 0 255 255
0.010000 0.690000 0.224000 0 255 255
0.011000 0.734000 0.399000 0 255 255
0.011000 0.681000 0.332000 0 255 255
0.012000 0.891000 0.396000 0 255 255
0.011000 0.754000 0.447000 0 255 255
0.011000 0.950000 0.181000 0 255 255
0.011000 1.135000 0.143000 0 255 255
0.011000 1.019000 0.133000 0 255 255
0.011000 1.229000 0.155000 0 255 255
0.011000 0.870000 0.374000 0 255 255
0.010000 0.877000 0.125000 0 255 255
0.011000 0.902000 0.154000 0 255 255
0.010000 0.865000 0.134000 0 255 255
0.011000 0.680000 0.295000 0 255 255
0.011000 0.692000 0.496000 0 255 255
0.010000 0.866000 0.069000 0 255 255
0.011000 1.092000 0.143000 0 255 255
0.010000 0.646000 0.191000 0 255 255
0.011000 0.749000 0.275000 0 255 255
0.010000 0.840000 0.210000 0 255 255
0.011000 0.769000 0.289000 0 255 255
0.009000 1.189000 1.185000 0 255 255
0.011000 1.125000 1.181000 0 255 255
0.015000 1.063000 1.368000 0 255 255
0.011000 1.282000 1.591000 0 255 255
0.010000 1.140000 1.158000 0 255 255
0.018000 1.042000 1.491000 0 255 255
0.012000 1.125000 1.301000 0 255 255
0.008000 1.162000 1.099000 0 255 255
0.010000 1.253000 1.429000 0 255 255
0.014000 1.077000 1.337000 0 255 255
0.016000 1.051000 1.376000 0 255 255
0.010000 1.245000 1.443000 0 255 255
0.016000 1.139000 1.599000 0 255 255
0.015000 1.110000 1.486000 0 255 255
0.013000 1.222000 1.570000 0 255 255
0.015000 1.138000 1.516000 0 255 255
0.013000 1.137000 1.376000 0 255 255
0.010000 1.265000 1.481000 0 255 255
0.019000 1.033000 1.534000 0 255 255
0.019000 1.017000 1.517000 0 255 255
0.009000 1.161000 1.174000 0 255 255
0.016000 1.110000 1.542000 0 255 255
0.010000 1.177000 1.254000 0 255 255
0.008000 1.199000 1.208000 0 255 255
0.013000 1.220000 1.553000 0 255 255
0.021000 0.983000 1.585000 0 255 255
0.016000 1.085000 1.471000 0 255 255
0.015000 1.074000 1.385000 0 255 255
0.014000 1.138000 1.467000 0 255 255
0.012000 1.235000 1.525000 0 255 255
0.013000 1.189000 1.497000 0 255 255
0.009000 1.219000 1.277000 0 255 255
0.013000 1.141000 1.371000 0 255 255
0.011000 1.175000 1.348000 0 255 255
0.014000 1.150000 1.510000 0 255 255
0.015000 1.133000 1.520000 0 255 255
0.014000 1.118000 1.375000 0 255 255
0.012000 1.137000 1.296000 0 255 255
0.011000 1.168000 1.319000 0 255 255
0.017000 1.058000 1.493000 0 255 255
0.009000 1.224000 1.328000 0 255 255
0.014000 1.120000 1.441000 0 255 255
0.012000 1.252000 1.558000 0 255 255
0.014000 1.177000 1.570000 0 255 255
0.016000 1.126000 1.568000 0 255 255
0.016000 1.069000 1.398000 0 255 255
0.009000 1.137000 1.100000 0 255 255
0.013000 1.235000 1.588000 0 255 255
0.016000 1.094000 1.486000 0 255 255
0.013000 1.206000 1.576000 0 255 255
0.018000 1.017000 1.461000 0 255 255
0.012000 1.240000 1.553000 0 255 255
0.018000 1.072000 1.573000 0 255 255
0.017000 1.053000 1.459000 0 255 255
0.009000 1.231000 1.339000 0 255 255
0.010000 1.216000 1.341000 0 255 255
0.010000 1.206000 1.369000 0 255 255
0.010000 1.152000 1.233000 0 255 255
0.010000 1.219000 1.391000 0 255 255
0.021000 0.998000 1.595000 0 255 255
0.021000 0.993000 1.572000 0 255 255
0.007000 1.166000 1.049000 0 255 255
0.014000 1.193000 1.585000 0 255 255
0.010000 1.285000 1.560000 0 255 255
0.011000 1.254000 1.556000 0 255 255
0.015000 1.153000 1.564000 0 255 255
0.009000 1.184000 1.178000 0 255 255
0.009000 1.140000 1.076000 0 255 255
0.011000 1.220000 1.457000 0 255 255
0.013000 1.108000 1.286000 0 255 255
0.015000 1.074000 1.355000 0 255 255
0.010000 1.260000 1.468000 0 255 255
0.009000 1.212000 1.286000 0 255 255
0.008000 1.158000 1.099000 0 255 255
0.017000 1.105000 1.569000 0 255 255
0.016000 1.123000 1.541000 0 255 255
0.011000 1.204000 1.379000 0 255 255
0.014000 1.139000 1.483000 0 255 255
0.014000 1.086000 1.320000 0 255 255
0.009000 1.181000 1.203000 0 255 255
0.015000 1.174000 1.602000 0 255 255
0.013000 1.143000 1.363000 0 255 255
0.011000 1.137000 1.222000 0 255 255
0.009000 1.211000 1.301000 0 255 255
0.013000 1.123000 1.316000 0 255 255
0.011000 1.258000 1.518000 0 255 255
0.012000 1.125000 1.300000 0 255 255
0.008000 1.179000 1.140000 0 255 255
0.013000 1.124000 1.332000 0 255 255
0.019000 1.010000 1.473000 0 255 255
0.010000 1.168000 1.217000 0 255 255
0.009000 1.151000 1.132000 0 255 255
0.013000 1.160000 1.434000 0 255 255
0.014000 1.100000 1.371000 0 255 255
0.013000 1.088000 1.262000 0 255 255
0.014000 1.080000 1.329000 0 255 255
0.017000 1.073000 1.476000 0 255 255
0.007000 1.164000 1.031000 0 255 255
0.017000 1.043000 1.420000 0 255 255
0.011000 1.212000 1.414000 0 255 255
0.013000 1.240000 1.605000 0 255 255
0.008000 1.170000 1.075000 0 255 255
0.008000 1.156000 1.099000 0 255 255
0.013000 1.173000 1.458000 0 255 255
0.008000 1.202000 1.197000 0 255 255
0.016000 1.059000 1.427000 0 255 255
0.013000 1.233000 1.607000 0 255 255
0.014000 1.081000 1.296000 0 255 255
0.014000 1.163000 1.549000 0 255 255
0.013000 1.222000 1.593000 0 255 255
0.019000 1.039000 1.600000 0 255 255
0.011000 1.160000 1.297000 0 255 255
0.016000 1.125000 1.544000 0 255 255
0.009000 1.208000 1.294000 0 255 255
0.010000 1.214000 1.318000 0 255 255
0.016000 1.088000 1.475000 0 255 255
0.020000 1.003000 1.543000 0 255 255
0.021000 1.010000 1.616000 0 255 255
0.009000 1.192000 1.255000 0 255 255
0.011000 1.117000 1.220000 0 255 255
0.015000 1.086000 1.362000 0 255 255
0.018000 1.030000 1.464000 0 255 255
0.014000 1.129000 1.412000 0 255 255
0.020000 1.012000 1.609000 0 255 255
0.017000 1.045000 1.414000 0 255 255
0.014000 1.120000 1.401000 0 255 255
0.012000 1.217000 1.524000 0 255 255
0.015000 1.136000 1.492000 0 255 255
0.013000 1.162000 1.458000 0 255 255
0.019000 1.040000 1.583000 0 255 255
0.021000 0.986000 1.596000 0 255 255
0.013000 1.123000 1.359000 0 255 255
0.011000 1.110000 1.180000 0 255 255
0.010000 1.147000 1.154000 0 255 255
0.012000 0.776000 0.525000 0 255 255
0.012000 1.214000 0.238000 0 255 255
0.014000 1.203000 0.382000 0 255 255
0.014000 1.172000 0.376000 0 255 255
0.013000 0.965000 0.435000 0 255 255
0.012000 1.080000 0.351000 0 255 255
0.014000 1.208000 0.345000 0 255 255
0.014000 1.082000 0.409000 0 255 255
0.012000 0.716000 0.558000 0 255 255
0.012000 1.172000 0.268000 0 255 255
0.011000 1.080000 0.300000 0 255 255
0.013000 0.974000 0.454000 0 255 255
0.013000 1.235000 0.291000 0 255 255
0.011000 0.701000 0.549000 0 255 255
0.011000 0.783000 0.508000 0 255 255
0.014000 1.166000 0.380000 0 255 255
0.012000 0.856000 0.506000 0 255 255
0.012000 1.254000 0.213000 0 255 255
0.012000 0.861000 0.479000 0 255 255
0.012000 0.959000 0.384000 0 255 255
0.013000 1.121000 0.358000 0 255 255
0.012000 1.057000 0.319000 0 255 255
0.011000 0.826000 0.488000 0 255 255
0.014000 1.216000 0.337000 0 255 255
0.011000 0.782000 0.504000 0 255 255
0.013000 1.260000 0.284000 0 255 255
0.012000 1.041000 0.357000 0 255 255
0.012000 0.746000 0.539000 0 255 255
0.015000 1.234000 0.402000 0 255 255
0.012000 0.959000 0.399000 0 255 255
0.012000 0.898000 0.458000 0 255 255
0.014000 1.191000 0.359000 0 255 255
0.014000 1.156000 0.384000 0 255 255
0.012000 1.277000 0.231000 0 255 255
0.012000 1.145000 0.288000 0 255 255
0.012000 1.177000 0.293000 0 255 255
0.013000 1.133000 0.343000 0 255 255
0.014000 1.156000 0.405000 0 255 255
0.015000 1.195000 0.407000 0 255 255
0.011000 0.827000 0.482000 0 255 255
0.012000 1.270000 0.227000 0 255 255
0.013000 1.034000 0.394000 0 255 255
0.013000 1.253000 0.306000 0 255 255
0.014000 1.165000 0.370000 0 255 255
0.014000 1.110000 0.412000 0 255 255
0.013000 1.220000 0.307000 0 255 255
0.013000 0.852000 0.525000 0 255 255
0.012000 0.691000 0.563000 0 255 255
0.013000 0.978000 0.422000 0 255 255
0.012000 1.204000 0.261000 0 255 255
0.012000 0.716000 0.564000 0 255 255
0.013000 1.109000 0.363000 0 255 255
0.014000 1.200000 0.353000 0 255 255
0.014000 1.246000 0.316000 0 255 255
0.014000 1.166000 0.397000 0 255 255
0.012000 0.766000 0.551000 0 255 255
0.014000 1.152000 0.381000 0 255 255
0.013000 1.050000 0.396000 0 255 255
0.014000 0.929000 0.489000 0 255 255
0.014000 0.951000 0.491000 0 255 255
0.012000 1.209000 0.251000 0 255 255
0.013000 0.918000 0.478000 0 255 255
0.013000 1.141000 0.326000 0 255 255
0.014000 1.054000 0.424000 0 255 255
0.012000 0.775000 0.520000 0 255 255
0.012000 0.784000 0.526000 0 255 255
0.013000 1.212000 0.300000 0 255 255
0.014000 0.972000 0.473000 0 255 255
0.012000 1.258000 0.218000 0 255 255
0.012000 0.777000 0.530000 0 255 255
0.013000 1.076000 0.401000 0 255 255
0.015000 1.123000 0.432000 0 255 255
0.015000 1.198000 0.396000 0 255 255
0.013000 1.216000 0.324000 0 255 255
0.014000 1.217000 0.346000 0 255 255
0.012000 0.931000 0.456000 0 255 255
0.012000 0.857000 0.492000 0 255 255
0.011000 0.912000 0.423000 0 255 255
0.013000 0.956000 0.432000 0 255 255
0.013000 1.171000 0.346000 0 255 255
0.013000 0.937000 0.472000 0 255 255
0.014000 0.946000 0.474000 0 255 255
0.013000 1.236000 0.307000 0 255 255
0.014000 1.248000 0.342000 0 255 255
0.012000 1.221000 0.245000 0 255 255
0.012000 1.136000 0.315000 0 255 255
0.014000 1.157000 0.360000 0 255 255
0.012000 1.097000 0.342000 0 255 255
0.014000 1.149000 0.387000 0 255 255
0.013000 1.010000 0.414000 0 255 255
0.013000 0.933000 0.467000 0 255 255
0.012000 0.827000 0.553000 0 255 255
0.011000 0.689000 0.584000 0 255 255
0.013000 1.204000 0.477000 0 255 255
0.012000 0.905000 0.529000 0 255 255
0.012000 1.147000 0.517000 0 255 255
0.013000 1.080000 0.487000 0 255 255
0.012000 0.852000 0.550000 0 255 255
0.012000 1.149000 0.515000 0 255 255
0.013000 1.021000 0.505000 0 255 255
0.011000 1.041000 0.567000 0 255 255
0.011000 0.919000 0.552000 0 255 255
0.014000 1.148000 0.448000 0 255 255
0.013000 1.085000 0.510000 0 255 255
0.012000 1.144000 0.518000 0 255 255
0.011000 0.729000 0.580000 0 255 255
0.014000 1.089000 0.470000 0 255 255
0.012000 0.715000 0.575000 0 255 255
0.010000 1.161000 0.571000 0 255 255
0.015000 1.233000 0.423000 0 255 255
0.011000 0.943000 0.575000 0 255 255
0.014000 0.952000 0.508000 0 255 255
0.010000 0.845000 0.586000 0 255 255
0.012000 1.031000 0.530000 0 255 255
0.010000 1.072000 0.595000 0 255 255
0.010000 0.811000 0.593000 0 255 255
0.011000 0.678000 0.594000 0 255 255
0.010000 1.157000 0.563000 0 255 255
0.010000 1.089000 0.588000 0 255 255
0.011000 0.952000 0.587000 0 255 255
0.014000 1.207000 0.457000 0 255 255
0.014000 1.101000 0.464000 0 255 255
0.012000 0.870000 0.528000 0 255 255
0.012000 1.175000 0.511000 0 255 255
0.014000 0.979000 0.490000 0 255 255
0.013000 0.999000 0.518000 0 255 255
0.014000 1.050000 0.482000 0 255 255
0.011000 1.034000 0.572000 0 255 255
0.015000 1.237000 0.415000 0 255 255
0.012000 1.171000 0.519000 0 255 255
0.011000 1.068000 0.551000 0 255 255
0.014000 1.104000 0.455000 0 255 255
0.010000 1.027000 0.590000 0 255 255
0.012000 1.167000 0.524000 0 255 255
0.011000 0.898000 0.566000 0 255 255
0.011000 0.912000 0.551000 0 255 255
0.012000 1.196000 0.503000 0 255 255
0.012000 1.066000 0.523000 0 255 255
0.015000 1.155000 0.445000 0 255 255
0.011000 0.686000 0.595000 0 255 255
0.013000 1.114000 0.489000 0 255 255
0.012000 0.850000 0.531000 0 255 255
0.012000 0.781000 0.558000 0 255 255
0.013000 1.029000 0.505000 0 255 255
0.012000 1.181000 0.505000 0 255 255
0.010000 0.866000 0.588000 0 255 255
0.011000 1.062000 0.570000 0 255 255
0.011000 1.088000 0.564000 0 255 255
0.012000 1.035000 0.539000 0 255 255
0.012000 0.793000 0.551000 0 255 255
0.011000 1.109000 0.561000 0 255 255
0.012000 1.131000 0.509000 0 255 255
0.010000 0.882000 0.594000 0 255 255
0.010000 1.131000 0.566000 0 255 255
0.012000 0.817000 0.550000 0 255 255
0.012000 0.809000 0.557000 0 255 255
0.010000 1.133000 0.565000 0 255 255
0.013000 1.130000 0.502000 0 255 255
0.014000 0.947000 0.505000 0 255 255
0.014000 1.217000 0.443000 0 255 255
0.011000 0.843000 0.558000 0 255 255
0.013000 0.933000 0.515000 0 255 255
0.012000 0.693000 0.580000 0 255 255
0.010000 0.899000 0.579000 0 255 255
0.012000 1.155000 0.518000 0 255 255
0.011000 1.183000 0.546000 0 255 255
0.013000 1.085000 0.491000 0 255 255
0.012000 0.870000 0.542000 0 255 255
0.030000 1.157000 1.807000 0 255 255
0.026000 1.158000 1.828000 0 255 255
0.010000 1.282000 2.030000 0 255 255
0.012000 1.001000 2.164000 0 255 255
0.012000 1.331000 2.147000 0 255 255
0.011000 0.971000 2.113000 0 255 255
0.009000 1.230000 1.967000 0 255 255
0.013000 1.384000 2.211000 0 255 255
0.011000 1.241000 2.104000 0 255 255
0.013000 1.322000 2.184000 0 255 255
0.010000 1.069000 2.039000 0 255 255
0.008000 1.150000 1.941000 0 255 255
0.012000 0.979000 2.194000 0 255 255
0.010000 0.999000 2.076000 0 255 255
0.012000 1.078000 2.159000 0 255 255
0.011000 1.302000 2.063000 0 255 255
0.013000 1.337000 2.201000 0 255 255
0.011000 1.194000 2.083000 0 255 255
0.010000 1.044000 2.052000 0 255 255
0.011000 0.849000 2.201000 0 255 255
0.011000 1.104000 2.111000 0 255 255
0.011000 1.074000 2.110000 0 255 255
0.012000 1.156000 2.187000 0 255 255
0.014000 1.549000 2.207000 0 255 255
0.013000 1.412000 2.162000 0 255 255
0.011000 1.299000 2.065000 0 255 255
0.012000 1.340000 2.156000 0 255 255
0.009000 1.261000 1.989000 0 255 255
0.010000 1.314000 2.026000 0 255 255
0.012000 0.945000 2.173000 0 255 255
0.009000 1.041000 2.012000 0 255 255
0.011000 0.906000 2.141000 0 255 255
0.013000 1.186000 2.211000 0 255 255
0.013000 1.505000 2.149000 0 255 255
0.012000 0.943000 2.168000 0 255 255
0.010000 1.290000 2.042000 0 255 255
0.010000 1.280000 2.030000 0 255 255
0.014000 1.513000 2.213000 0 255 255
0.010000 1.085000 2.069000 0 255 255
0.013000 1.446000 2.205000 0 255 255
0.012000 1.319000 2.112000 0 255 255
0.010000 1.065000 2.086000 0 255 255
0.011000 1.115000 2.108000 0 255 255
0.011000 0.890000 2.211000 0 255 255
0.010000 1.329000 2.029000 0 255 255
0.008000 1.146000 1.941000 0 255 255
0.008000 1.210000 1.954000 0 255 255
0.012000 1.324000 2.130000 0 255 255
0.010000 0.991000 2.070000 0 255 255
0.011000 0.985000 2.125000 0 255 255
0.011000 1.282000 2.086000 0 255 255
0.012000 1.309000 2.152000 0 255 255
0.008000 1.214000 1.941000 0 255 255
0.011000 0.978000 2.122000 0 255 255
0.012000 1.158000 2.182000 0 255 255
0.009000 1.230000 2.006000 0 255 255
0.011000 1.297000 2.065000 0 255 255
0.011000 0.955000 2.120000 0 255 255
0.010000 1.337000 2.033000 0 255 255
0.013000 1.483000 2.196000 0 255 255
0.011000 1.237000 2.077000 0 255 255
0.014000 1.473000 2.205000 0 255 255
0.010000 1.226000 2.054000 0 255 255
0.010000 1.221000 2.049000 0 255 255
0.012000 1.187000 2.168000 0 255 255
0.010000 1.352000 2.028000 0 255 255
0.009000 1.063000 2.014000 0 255 255
0.010000 0.879000 2.157000 0 255 255
0.013000 1.415000 2.197000 0 255 255
0.012000 1.119000 2.150000 0 255 255
0.011000 1.277000 2.093000 0 255 255
0.012000 1.151000 2.184000 0 255 255
0.013000 1.341000 2.203000 0 255 255
0.012000 1.440000 2.131000 0 255 255
0.013000 1.201000 2.210000 0 255 255
0.010000 0.919000 2.125000 0 255 255
0.012000 1.193000 2.178000 0 255 255
0.010000 1.238000 2.062000 0 255 255
0.012000 1.128000 2.143000 0 255 255
0.011000 1.212000 2.117000 0 255 255
0.014000 1.410000 2.214000 0 255 255
0.009000 1.118000 1.980000 0 255 255
0.013000 1.547000 2.151000 0 255 255
0.011000 0.911000 2.200000 0 255 255
0.012000 1.256000 2.120000 0 255 255
0.012000 1.508000 2.128000 0 255 255
0.012000 1.187000 2.149000 0 255 255
0.010000 1.042000 2.084000 0 255 255
0.012000 1.457000 2.118000 0 255 255
0.013000 1.291000 2.207000 0 255 255
0.013000 1.568000 2.175000 0 255 255
0.012000 1.329000 2.142000 0 255 255
0.010000 1.151000 2.056000 0 255 255
0.011000 0.950000 2.111000 0 255 255
0.010000 1.337000 2.037000 0 255 255
0.012000 1.396000 2.109000 0 255 255
0.012000 1.477000 2.107000 0 255 255
0.012000 1.331000 2.164000 0 255 255
0.011000 1.321000 2.089000 0 255 255
0.011000 1.397000 2.080000 0 255 255
0.012000 1.237000 2.178000 0 255 255
0.012000 1.093000 2.160000 0 255 255
0.013000 1.495000 2.194000 0 255 255
0.012000 0.974000 2.166000 0 255 255
0.009000 1.138000 1.975000 0 255 255
0.010000 1.101000 2.064000 0 255 255
0.013000 1.031000 2.208000 0 255 255
0.009000 1.076000 1.997000 0 255 255
0.010000 0.875000 2.148000 0 255 255
0.011000 1.245000 2.107000 0 255 255
0.012000 1.178000 2.167000 0 255 255
0.013000 1.355000 2.214000 0 255 255
0.014000 1.584000 2.203000 0 255 255
0.013000 1.378000 2.201000 0 255 255
0.013000 1.043000 2.206000 0 255 255
0.011000 0.967000 2.117000 0 255 255
0.011000 0.927000 2.117000 0 255 255
0.009000 1.119000 1.973000 0 255 255
0.013000 1.281000 2.195000 0 255 255
0.009000 1.049000 2.004000 0 255 255
0.012000 1.156000 2.134000 0 255 255
0.011000 1.301000 2.081000 0 255 255
0.010000 1.139000 2.024000 0 255 255
0.012000 1.369000 2.147000 0 255 255
0.011000 0.824000 2.188000 0 255 255
0.011000 1.431000 2.093000 0 255 255
0.011000 1.452000 2.083000 0 255 255
0.010000 1.048000 2.083000 0 255 255
0.011000 1.098000 2.135000 0 255 255
0.014000 1.584000 2.208000 0 255 255
0.011000 0.888000 2.210000 0 255 255
0.010000 1.076000 2.036000 0 255 255
0.011000 1.078000 2.115000 0 255 255
0.012000 1.109000 2.149000 0 255 255
0.012000 1.431000 2.134000 0 255 255
0.010000 0.956000 2.075000 0 255 255
0.009000 1.198000 1.965000 0 255 255
0.012000 1.419000 2.122000 0 255 255
0.010000 1.245000 2.034000 0 255 255
0.013000 1.437000 2.177000 0 255 255
0.011000 0.999000 2.115000 0 255 255
0.012000 1.093000 2.146000 0 255 255
0.011000 1.174000 2.088000 0 255 255
0.010000 0.988000 2.079000 0 255 255
0.012000 1.465000 2.119000 0 255 255
0.012000 1.197000 2.157000 0 255 255
0.012000 1.220000 2.169000 0 255 255
0.008000 1.221000 1.954000 0 255 255
0.012000 1.035000 2.195000 0 255 255
0.008000 1.179000 1.946000 0 255 255
0.014000 1.615000 2.199000 0 255 255
0.012000 0.981000 2.193000 0 255 255
0.013000 1.582000 2.166000 0 255 255
0.009000 1.196000 1.990000 0 255 255
0.010000 1.153000 2.033000 0 255 255
0.012000 1.446000 2.133000 0 255 255
0.011000 1.422000 2.073000 0 255 255
0.010000 1.031000 2.051000 0 255 255
0.011000 1.073000 2.122000 0 255 255
0.011000 1.272000 2.066000 0 255 255
0.013000 1.409000 2.202000 0 255 255
0.012000 1.508000 2.133000 0 255 255
0.010000 1.130000 2.044000 0 255 255
0.009000 1.066000 1.997000 0 255 255
0.011000 1.347000 2.101000 0 255 255
0.013000 1.284000 2.212000 0 255 255
0.012000 1.133000 2.188000 0 255 255
0.013000 1.025000 2.209000 0 255 255
0.010000 1.232000 2.063000 0 255 255
0.011000 1.332000 2.087000 0 255 255
0.010000 1.372000 2.039000 0 255 255
0.011000 1.387000 2.049000 0 255 255
0.012000 1.131000 2.148000 0 255 255
0.011000 0.961000 2.125000 0 255 255
0.011000 0.943000 2.113000 0 255 255
0.013000 1.263000 2.203000 0 255 255
0.010000 0.979000 2.086000 0 255 255
0.009000 1.057000 2.019000 0 255 255
0.012000 1.508000 2.122000 0 255 255
0.012000 0.981000 2.207000 0 255 255
0.014000 1.603000 2.200000 0 255 255
0.012000 1.501000 2.118000 0 255 255
0.011000 1.336000 2.063000 0 255 255
0.012000 1.410000 2.128000 0 255 255
0.011000 1.161000 2.078000 0 255 255
0.009000 1.241000 1.983000 0 255 255
0.010000 1.064000 2.076000 0 255 255
0.011000 1.148000 2.079000 0 255 255
0.010000 1.142000 2.071000 0 255 255
0.012000 0.947000 2.197000 0 255 255
0.009000 1.075000 2.006000 0 255 255
0.010000 1.335000 2.049000 0 255 255
0.012000 0.925000 2.214000 0 255 255
0.013000 1.070000 2.217000 0 255 255
0.011000 1.069000 2.133000 0 255 255
0.012000 0.967000 2.205000 0 255 255
0.012000 1.495000 2.122000 0 255 255
0.013000 1.217000 2.195000 0 255 255
0.013000 1.275000 1.949000 0 255 255
0.019000 1.462000 2.035000 0 255 255
0.023000 1.440000 1.996000 0 255 255
0.019000 1.594000 2.121000 0 255 255
0.022000 1.400000 1.979000 0 255 255
0.019000 1.457000 2.030000 0 255 255
0.033000 1.234000 1.809000 0 255 255
0.032000 1.262000 1.830000 0 255 255
0.026000 1.310000 1.901000 0 255 255
0.020000 1.408000 1.993000 0 255 255
0.016000 1.331000 1.966000 0 255 255
0.025000 1.265000 1.874000 0 255 255
0.026000 1.398000 1.952000 0 255 255
0.013000 1.406000 2.035000 0 255 255
0.017000 1.176000 1.863000 0 255 255
0.027000 1.309000 1.889000 0 255 255
0.015000 1.633000 2.167000 0 255 255
0.022000 1.287000 1.906000 0 255 255
0.025000 1.340000 1.923000 0 255 255
0.013000 1.406000 2.031000 0 255 255
0.017000 1.590000 2.127000 0 255 255
0.019000 1.274000 1.916000 0 255 255
0.017000 1.474000 2.053000 0 255 255
0.015000 1.342000 1.979000 0 255 255
0.018000 1.610000 2.135000 0 255 255
0.017000 1.414000 2.015000 0 255 255
0.032000 1.264000 1.836000 0 255 255
0.026000 1.299000 1.893000 0 255 255
0.031000 1.228000 1.816000 0 255 255
0.013000 1.452000 2.061000 0 255 255
0.028000 1.269000 1.863000 0 255 255
0.012000 1.270000 1.955000 0 255 255
0.012000 1.226000 1.928000 0 255 255
0.011000 1.267000 1.958000 0 255 255
0.020000 1.560000 2.089000 0 255 255
0.012000 1.309000 1.975000 0 255 255
0.013000 1.372000 2.010000 0 255 255
0.021000 1.495000 2.043000 0 255 255
0.018000 1.475000 2.046000 0 255 255
0.016000 1.582000 2.127000 0 255 255
0.015000 1.474000 2.064000 0 255 255
0.024000 1.466000 2.008000 0 255 255
0.012000 1.539000 2.121000 0 255 255
0.011000 1.180000 1.901000 0 255 255
0.021000 1.269000 1.901000 0 255 255
0.014000 1.462000 2.060000 0 255 255
0.018000 1.505000 2.068000 0 255 255
0.013000 1.455000 2.062000 0 255 255
0.023000 1.434000 1.996000 0 255 255
0.011000 1.256000 1.947000 0 255 255
0.024000 1.341000 1.927000 0 255 255
0.018000 1.270000 1.916000 0 255 255
0.027000 1.196000 1.820000 0 255 255
0.015000 1.244000 1.917000 0 255 255
0.021000 1.376000 1.969000 0 255 255
0.026000 1.333000 1.914000 0 255 255
0.010000 1.224000 1.936000 0 255 255
0.018000 1.213000 1.883000 0 255 255
0.011000 1.399000 1.108000 0 255 255
0.013000 1.593000 1.048000 0 255 255
0.009000 1.233000 1.199000 0 255 255
0.011000 1.373000 1.284000 0 255 255
0.010000 1.333000 1.045000 0 255 255
0.008000 1.239000 1.108000 0 255 255
0.011000 1.397000 1.214000 0 255 255
0.012000 1.460000 1.220000 0 255 255
0.011000 1.308000 1.554000 0 255 255
0.011000 1.332000 1.469000 0 255 255
0.011000 1.384000 1.376000 0 255 255
0.012000 1.400000 1.412000 0 255 255
0.013000 1.579000 1.130000 0 255 255
0.010000 1.288000 1.483000 0 255 255
0.011000 1.333000 1.386000 0 255 255
0.012000 1.489000 1.072000 0 255 255
0.009000 1.263000 1.310000 0 255 255
0.012000 1.490000 1.249000 0 255 255
0.013000 1.561000 1.068000 0 255 255
0.012000 1.433000 1.305000 0 255 255
0.009000 1.322000 1.090000 0 255 255
0.013000 1.562000 1.135000 0 255 255
0.014000 1.646000 1.058000 0 255 255
0.009000 1.244000 1.147000 0 255 255
0.010000 1.386000 1.097000 0 255 255
0.012000 1.425000 1.312000 0 255 255
0.012000 1.461000 1.267000 0 255 255
0.013000 1.556000 1.117000 0 255 255
0.009000 1.265000 1.143000 0 255 255
0.008000 1.233000 1.159000 0 255 255
0.008000 1.206000 1.036000 0 255 255
0.008000 1.218000 1.205000 0 255 255
0.012000 1.461000 1.334000 0 255 255
0.013000 1.570000 1.043000 0 255 255
0.014000 1.643000 1.039000 0 255 255
0.010000 1.339000 1.185000 0 255 255
0.010000 1.303000 1.255000 0 255 255
0.009000 1.297000 1.123000 0 255 255
0.009000 1.291000 1.118000 0 255 255
0.011000 1.375000 1.285000 0 255 255
0.010000 1.321000 1.263000 0 255 255
0.012000 1.491000 1.047000 0 255 255
0.010000 1.384000 1.129000 0 255 255
0.012000 1.421000 1.354000 0 255 255
0.009000 1.309000 1.101000 0 255 255
0.012000 1.398000 1.397000 0 255 255
0.008000 1.216000 1.217000 0 255 255
0.009000 1.331000 1.015000 0 255 255
0.011000 1.459000 1.058000 0 255 255
0.011000 1.384000 1.204000 0 255 255
0.014000 1.640000 1.074000 0 255 255
0.010000 1.361000 1.018000 0 255 255
0.011000 1.400000 1.205000 0 255 255
0.010000 1.370000 1.045000 0 255 255
0.011000 1.332000 1.437000 0 255 255
0.010000 1.345000 1.192000 0 255 255
0.008000 1.194000 1.146000 0 255 255
0.012000 1.431000 1.318000 0 255 255
0.013000 1.597000 1.082000 0 255 255
0.009000 1.304000 1.128000 0 255 255
0.013000 1.546000 1.222000 0 255 255
0.010000 1.337000 1.221000 0 255 255
0.011000 1.395000 1.206000 0 255 255
0.013000 1.548000 1.137000 0 255 255
0.010000 1.349000 1.263000 0 255 255
0.008000 1.208000 1.150000 0 255 255
0.012000 1.469000 1.125000 0 255 255
0.012000 1.476000 1.045000 0 255 255
0.011000 1.450000 1.070000 0 255 255
0.010000 1.394000 1.058000 0 255 255
0.012000 1.476000 1.309000 0 255 255
0.012000 1.521000 1.028000 0 255 255
0.010000 1.365000 1.090000 0 255 255
0.011000 1.407000 1.313000 0 255 255
0.011000 1.399000 1.364000 0 255 255
0.012000 1.462000 1.118000 0 255 255
0.010000 1.266000 1.456000 0 255 255
0.011000 1.347000 1.481000 0 255 255
0.009000 1.247000 1.191000 0 255 255
0.010000 1.315000 1.220000 0 255 255
0.008000 1.234000 1.130000 0 255 255
0.010000 1.345000 1.202000 0 255 255
0.011000 1.391000 1.321000 0 255 255
0.013000 1.574000 1.062000 0 255 255
0.008000 1.211000 1.151000 0 255 255
0.011000 1.456000 1.034000 0 255 255
0.012000 1.472000 1.053000 0 255 255
0.010000 1.359000 1.110000 0 255 255
0.012000 1.493000 1.058000 0 255 255
0.011000 1.389000 1.171000 0 255 255
0.011000 1.385000 1.435000 0 255 255
0.011000 1.302000 1.572000 0 255 255
0.008000 1.197000 1.081000 0 255 255
0.011000 1.359000 1.434000 0 255 255
0.008000 1.198000 1.058000 0 255 255
0.012000 1.436000 1.391000 0 255 255
0.013000 1.590000 1.073000 0 255 255
0.011000 1.404000 1.183000 0 255 255
0.010000 1.331000 1.242000 0 255 255
0.008000 1.189000 1.090000 0 255 255
0.008000 1.189000 1.067000 0 255 255
0.009000 1.319000 1.060000 0 255 255
0.012000 1.459000 1.204000 0 255 255
0.010000 1.274000 1.349000 0 255 255
0.012000 1.477000 1.219000 0 255 255
0.010000 1.310000 1.234000 0 255 255
0.010000 1.367000 1.073000 0 255 255
0.010000 1.380000 1.072000 0 255 255
0.012000 1.484000 1.241000 0 255 255
0.011000 1.381000 1.326000 0 255 255
0.011000 1.331000 1.546000 0 255 255
0.013000 1.489000 1.311000 0 255 255
0.008000 1.231000 1.012000 0 255 255
0.012000 1.450000 1.151000 0 255 255
0.010000 1.337000 1.057000 0 255 255
0.012000 1.443000 1.286000 0 255 255
0.010000 1.278000 1.508000 0 255 255
0.012000 1.446000 1.351000 0 255 255
0.008000 1.225000 1.149000 0 255 255
0.011000 1.396000 1.261000 0 255 255
0.010000 1.274000 1.402000 0 255 255
0.009000 1.305000 1.116000 0 255 255
0.009000 1.275000 1.027000 0 255 255
0.013000 1.570000 1.180000 0 255 255
0.009000 1.282000 1.145000 0 255 255
0.009000 1.272000 1.156000 0 255 255
0.010000 1.266000 1.417000 0 255 255
0.012000 1.403000 1.374000 0 255 255
0.011000 1.322000 1.427000 0 255 255
0.010000 1.326000 1.138000 0 255 255
0.010000 1.376000 1.032000 0 255 255
0.009000 1.307000 1.112000 0 255 255
0.013000 1.559000 1.151000 0 255 255
0.009000 1.255000 1.312000 0 255 255
0.012000 1.484000 1.224000 0 255 255
0.012000 1.405000 1.378000 0 255 255
0.012000 1.468000 1.091000 0 255 255
0.011000 1.293000 1.578000 0 255 255
0.009000 1.241000 1.239000 0 255 255
0.010000 1.290000 1.470000 0 255 255
0.010000 1.302000 1.299000 0 255 255
0.011000 1.417000 1.177000 0 255 255
0.010000 1.392000 1.037000 0 255 255
0.012000 1.486000 1.178000 0 255 255
0.010000 1.326000 1.251000 0 255 255
0.008000 1.214000 1.098000 0 255 255
0.009000 1.259000 1.190000 0 255 255
0.011000 1.470000 1.040000 0 255 255
0.012000 1.432000 1.255000 0 255 255
0.013000 1.588000 1.120000 0 255 255
0.010000 1.292000 1.514000 0 255 255
0.010000 1.337000 1.316000 0 255 255
0.010000 1.313000 1.140000 0 255 255
0.011000 1.324000 1.413000 0 255 255
0.012000 1.499000 1.031000 0 255 255
0.011000 1.334000 1.496000 0 255 255
0.007000 1.170000 1.015000 0 255 255
0.009000 1.276000 1.036000 0 255 255
0.013000 1.594000 1.087000 0 255 255
0.012000 1.385000 1.450000 0 255 255
0.008000 1.254000 1.081000 0 255 255
0.011000 1.424000 1.061000 0 255 255
0.009000 1.253000 1.265000 0 255 255
0.010000 1.359000 1.180000 0 255 255
0.010000 1.292000 1.251000 0 255 255
0.011000 1.405000 1.267000 0 255 255
0.009000 1.252000 1.102000 0 255 255
0.010000 1.353000 1.200000 0 255 255
0.012000 1.458000 1.119000 0 255 255
0.011000 1.432000 1.142000 0 255 255
0.011000 1.422000 1.059000 0 255 255
0.010000 1.291000 1.369000 0 255 255
0.013000 1.570000 1.145000 0 255 255
0.012000 1.419000 1.337000 0 255 255
0.011000 1.371000 1.389000 0 255 255
0.007000 1.170000 1.026000 0 255 255
0.014000 1.657000 1.036000 0 255 255
0.011000 1.443000 1.147000 0 255 255
0.012000 1.504000 1.093000 0 255 255
0.011000 1.396000 1.197000 0 255 255
0.013000 1.592000 1.048000 0 255 255
0.010000 1.328000 1.356000 0 255 255
0.011000 1.414000 1.122000 0 255 255
0.011000 1.387000 1.339000 0 255 255
0.012000 1.505000 1.065000 0 255 255
0.011000 1.408000 1.198000 0 255 255
0.009000 1.262000 1.302000 0 255 255
0.011000 1.355000 1.345000 0 255 255
0.009000 1.245000 1.309000 0 255 255
0.011000 1.426000 1.036000 0 255 255
0.011000 1.420000 1.220000 0 255 255
0.010000 1.306000 1.460000 0 255 255
0.010000 1.268000 1.381000 0 255 255
0.011000 1.431000 1.069000 0 255 255
0.011000 1.423000 1.186000 0 255 255
0.009000 1.321000 1.083000 0 255 255
0.011000 1.377000 1.471000 0 255 255
0.010000 1.366000 1.026000 0 255 255
0.009000 1.253000 1.220000 0 255 255
0.010000 1.304000 1.212000 0 255 255
0.012000 1.483000 1.134000 0 255 255
0.012000 1.474000 1.047000 0 255 255
0.008000 1.197000 1.124000 0 255 255
0.008000 1.258000 1.029000 0 255 255
0.010000 1.343000 1.209000 0 255 255
0.027000 1.358000 0.105000 0 255 255
0.033000 1.391000 0.060000 0 255 255
0.018000 1.321000 0.141000 0 255 255
0.011000 1.525000 1.484000 0 255 255
0.011000 1.586000 1.464000 0 255 255
0.014000 1.599000 1.159000 0 255 255
0.012000 1.621000 1.295000 0 255 255
0.012000 1.407000 1.447000 0 255 255
0.013000 1.630000 1.174000 0 255 255
0.012000 1.566000 1.297000 0 255 255
0.011000 1.404000 1.553000 0 255 255
0.011000 1.356000 1.532000 0 255 255
0.013000 1.616000 1.211000 0 255 255
0.014000 1.621000 1.145000 0 255 255
0.010000 1.552000 1.584000 0 255 255
0.012000 1.574000 1.323000 0 255 255
0.013000 1.598000 1.246000 0 255 255
0.010000 1.624000 1.506000 0 255 255
0.011000 1.491000 1.449000 0 255 255
0.011000 1.326000 1.566000 0 255 255
0.011000 1.648000 1.419000 0 255 255
0.011000 1.343000 1.592000 0 255 255
0.012000 1.656000 1.356000 0 255 255
0.011000 1.624000 1.429000 0 255 255
0.014000 1.624000 1.146000 0 255 255
0.011000 1.643000 1.395000 0 255 255
0.014000 1.663000 1.086000 0 255 255
0.010000 1.434000 1.579000 0 255 255
0.010000 1.538000 1.569000 0 255 255
0.013000 1.572000 1.205000 0 255 255
0.011000 1.372000 1.576000 0 255 255
0.011000 1.543000 1.473000 0 255 255
0.011000 1.340000 1.559000 0 255 255
0.010000 1.490000 1.605000 0 255 255
0.012000 1.630000 1.367000 0 255 255
0.011000 1.547000 1.471000 0 255 255
0.012000 1.658000 1.324000 0 255 255
0.011000 1.424000 1.565000 0 255 255
0.013000 1.641000 1.154000 0 255 255
0.012000 1.430000 1.445000 0 255 255
0.012000 1.631000 1.312000 0 255 255
0.010000 1.560000 1.519000 0 255 255
0.014000 1.657000 1.128000 0 255 255
0.012000 1.498000 1.333000 0 255 255
0.013000 1.561000 1.288000 0 255 255
0.012000 1.633000 1.343000 0 255 255
0.012000 1.651000 1.265000 0 255 255
0.013000 1.639000 1.161000 0 255 255
0.012000 1.541000 1.378000 0 255 255
0.010000 1.423000 1.589000 0 255 255
0.010000 1.546000 1.593000 0 255 255
0.010000 1.475000 1.591000 0 255 255
0.011000 1.515000 1.524000 0 255 255
0.012000 1.652000 1.358000 0 255 255
0.013000 1.594000 1.232000 0 255 255
0.013000 1.608000 1.204000 0 255 255
0.014000 1.667000 1.107000 0 255 255
0.012000 1.518000 1.419000 0 255 255
0.011000 1.626000 1.387000 0 255 255
0.012000 1.460000 1.432000 0 255 255
0.011000 1.401000 1.501000 0 255 255
0.013000 1.607000 1.248000 0 255 255
0.012000 1.486000 1.332000 0 255 255
0.010000 1.516000 1.568000 0 255 255
0.011000 1.563000 1.467000 0 255 255
0.011000 1.452000 1.484000 0 255 255
0.011000 1.483000 1.492000 0 255 255
0.011000 1.550000 1.418000 0 255 255
0.011000 1.400000 1.493000 0 255 255
0.010000 1.610000 1.604000 0 255 255
0.011000 1.349000 1.534000 0 255 255
0.012000 1.557000 1.403000 0 255 255
0.010000 1.516000 1.614000 0 255 255
0.011000 1.394000 1.551000 0 255 255
0.011000 1.399000 1.532000 0 255 255
0.011000 1.498000 1.484000 0 255 255
0.011000 1.490000 1.447000 0 255 255
0.012000 1.501000 1.347000 0 255 255
0.010000 1.520000 1.541000 0 255 255
0.011000 1.320000 1.585000 0 255 255
0.013000 1.522000 1.288000 0 255 255
0.013000 1.579000 1.194000 0 255 255
0.011000 1.427000 1.497000 0 255 255
0.011000 1.433000 1.540000 0 255 255
0.010000 1.446000 1.615000 0 255 255
0.011000 1.501000 1.476000 0 255 255
0.013000 1.547000 1.276000 0 255 255
0.011000 1.331000 1.570000 0 255 255
0.013000 1.608000 1.249000 0 255 255
0.010000 1.637000 1.593000 0 255 255
0.013000 1.520000 1.283000 0 255 255
0.010000 1.478000 1.603000 0 255 255
0.012000 1.550000 1.396000 0 255 255
0.012000 1.517000 1.320000 0 255 255
0.012000 1.594000 1.293000 0 255 255
0.014000 1.603000 1.154000 0 255 255
0.010000 1.617000 1.570000 0 255 255
0.011000 1.381000 1.501000 0 255 255
0.011000 1.614000 1.432000 0 255 255
0.011000 1.436000 1.494000 0 255 255
0.011000 1.582000 1.463000 0 255 255
0.010000 1.632000 1.536000 0 255 255
0.013000 1.618000 1.222000 0 255 255
0.012000 1.392000 1.482000 0 255 255
0.010000 1.440000 1.589000 0 255 255
0.012000 1.506000 1.347000 0 255 255
0.011000 1.453000 1.519000 0 255 255
0.012000 1.534000 1.404000 0 255 255
0.012000 1.538000 1.310000 0 255 255
0.011000 1.636000 1.414000 0 255 255
0.011000 1.543000 1.474000 0 255 255
0.010000 1.627000 1.497000 0 255 255
0.012000 1.497000 1.355000 0 255 255
0.011000 1.395000 1.489000 0 255 255
0.011000 1.424000 1.542000 0 255 255
0.013000 1.507000 1.300000 0 255 255
0.012000 1.436000 1.422000 0 255 255
0.013000 1.616000 1.242000 0 255 255
0.012000 1.633000 1.287000 0 255 255
0.011000 1.353000 1.543000 0 255 255
0.010000 1.559000 1.605000 0 255 255
0.011000 1.343000 1.549000 0 255 255
0.010000 1.489000 1.567000 0 255 255
0.012000 1.558000 1.336000 0 255 255
0.010000 1.643000 1.538000 0 255 255
0.011000 1.341000 1.578000 0 255 255
0.010000 1.543000 1.564000 0 255 255
0.011000 1.468000 1.474000 0 255 255
0.011000 1.396000 1.563000 0 255 255
0.011000 1.467000 1.451000 0 255 255
0.011000 1.582000 1.438000 0 255 255
0.011000 1.613000 1.418000 0 255 255
0.011000 1.540000 1.476000 0 255 255
0.011000 1.456000 1.564000 0 255 255
0.010000 1.382000 1.607000 0 255 255
0.011000 1.408000 1.482000 0 255 255
0.012000 1.523000 1.391000 0 255 255
0.011000 1.379000 1.504000 0 255 255
0.011000 1.528000 1.517000 0 255 255
0.013000 1.661000 1.173000 0 255 255
0.011000 1.626000 1.457000 0 255 255
0.009000 1.638000 1.622000 0 255 255
0.024000 1.623000 1.821000 0 255 255
0.020000 1.678000 2.121000 0 255 255
0.024000 1.650000 2.007000 0 255 255
0.023000 1.615000 1.734000 0 255 255
0.014000 1.677000 1.978000 0 255 255
0.021000 1.625000 1.759000 0 255 255
0.018000 1.688000 2.138000 0 255 255
0.033000 1.616000 1.956000 0 255 255
0.011000 1.648000 1.713000 0 255 255
0.014000 1.688000 2.056000 0 255 255
0.017000 1.635000 1.746000 0 255 255
0.020000 1.621000 1.720000 0 255 255
0.014000 1.660000 1.866000 0 255 255
0.023000 1.650000 1.982000 0 255 255
0.030000 1.617000 1.898000 0 255 255
0.033000 1.589000 1.762000 0 255 255
0.016000 1.633000 1.713000 0 255 255
0.019000 1.632000 1.771000 0 255 255
0.025000 1.635000 1.914000 0 255 255
0.027000 1.649000 2.058000 0 255 255
0.030000 1.600000 1.782000 0 255 255
0.012000 1.634000 1.640000 0 255 255
0.028000 1.639000 1.997000 0 255 255
0.016000 1.697000 2.163000 0 255 255
0.014000 1.640000 1.726000 0 255 255
0.019000 1.638000 1.813000 0 255 255
0.017000 1.633000 1.740000 0 255 255
0.017000 1.620000 1.653000 0 255 255
0.016000 1.650000 1.823000 0 255 255
0.014000 1.654000 1.830000 0 255 255
0.018000 1.643000 1.820000 0 255 255
0.024000 1.649000 1.989000 0 255 255
0.031000 1.589000 1.724000 0 255 255
0.017000 1.676000 2.031000 0 255 255
0.015000 1.664000 1.901000 0 255 255
0.031000 1.603000 1.817000 0 255 255
0.015000 1.688000 2.081000 0 255 255
0.022000 1.608000 1.660000 0 255 255
0.016000 1.638000 1.753000 0 255 255
0.026000 1.610000 1.769000 0 255 255
0.022000 1.609000 1.668000 0 255 255
0.013000 1.632000 1.644000 0 255 255
0.033000 1.578000 1.693000 0 255 255
0.014000 1.664000 1.272000 0 255 255
0.020000 1.671000 1.358000 0 255 255
0.018000 1.660000 1.573000 0 255 255
0.017000 1.655000 1.640000 0 255 255
0.031000 1.686000 1.485000 0 255 255
0.019000 1.666000 1.436000 0 255 255
0.019000 1.674000 1.268000 0 255 255
0.030000 1.680000 1.584000 0 255 255
0.013000 1.661000 1.323000 0 255 255
0.013000 1.655000 1.455000 0 255 255
0.031000 1.680000 1.648000 0 255 255
0.022000 1.662000 1.650000 0 255 255
0.020000 1.677000 1.218000 0 255 255
0.012000 1.654000 1.417000 0 255 255
0.022000 1.679000 1.266000 0 255 255
0.012000 1.655000 1.436000 0 255 255
0.032000 1.680000 1.688000 0 255 255
0.031000 1.685000 1.539000 0 255 255
0.028000 1.680000 1.521000 0 255 255
0.021000 1.669000 1.462000 0 255 255
0.014000 1.649000 1.646000 0 255 255
0.020000 1.660000 1.623000 0 255 255
0.025000 1.675000 1.515000 0 255 255
0.027000 1.672000 1.660000 0 255 255
0.025000 1.679000 1.386000 0 255 255
0.032000 1.684000 1.587000 0 255 255
0.013000 1.654000 1.470000 0 255 255
0.010000 1.643000 1.612000 0 255 255
0.012000 0.095000 2.227000 0 255 255
0.011000 0.229000 2.228000 0 255 255
0.004000 0.133000 2.216000 0 255 255
0.015000 0.092000 2.231000 0 255 255
0.005000 0.187000 2.218000 0 255 255
0.013000 0.102000 2.227000 0 255 255
0.007000 0.211000 2.222000 0 255 255
0.011000 0.270000 2.229000 0 255 255
0.021000 1.580000 1.634000 0 255 255
0.021000 1.599000 1.642000 0 255 255
0.028000 1.574000 1.648000 0 255 255
0.023000 1.577000 1.637000 0 255 255
0.019000 1.590000 1.633000 0 255 255
0.027000 1.566000 1.644000 0 255 255
0.033000 1.530000 1.644000 0 255 255
0.014000 1.615000 1.631000 0 255 255
0.022000 1.092000 1.617000 0 255 255
0.018000 1.257000 1.613000 0 255 255
0.026000 1.188000 1.618000 0 255 255
0.029000 1.174000 1.619000 0 255 255
0.023000 1.072000 1.617000 0 255 255
0.021000 1.105000 1.616000 0 255 255
0.027000 1.257000 1.619000 0 255 255
0.030000 1.221000 1.620000 0 255 255
0.013000 1.490000 1.622000 0 255 255
0.025000 1.396000 1.624000 0 255 255
0.031000 1.347000 1.624000 0 255 255
0.013000 1.298000 1.611000 0 255 255
0.026000 1.461000 1.629000 0 255 255
0.011000 1.383000 1.614000 0 255 255
0.023000 1.343000 1.619000 0 255 255
0.022000 1.327000 1.618000 0 255 255
0.019000 1.454000 1.624000 0 255 255
0.023000 1.352000 1.620000 0 255 255
0.020000 1.488000 1.626000 0 255 255
0.032000 1.290000 1.622000 0 255 255
0.025000 1.333000 1.620000 0 255 255
0.018000 1.217000 1.064000 0 255 255
0.008000 1.219000 1.105000 0 255 255
0.017000 1.436000 1.039000 0 255 255
0.012000 1.468000 1.049000 0 255 255
0.019000 1.385000 1.035000 0 255 255
0.013000 1.255000 1.053000 0 255 255
0.024000 1.366000 1.025000 0 255 255
0.019000 1.378000 1.037000 0 255 255
0.017000 1.478000 1.036000 0 255 255
0.021000 1.304000 1.034000 0 255 255
0.022000 1.417000 1.029000 0 255 255
0.014000 1.459000 1.043000 0 255 255
0.020000 1.516000 1.029000 0 255 255
0.018000 1.245000 1.043000 0 255 255
0.021000 1.214000 1.037000 0 255 255
0.025000 1.335000 1.024000 0 255 255
0.013000 1.259000 1.053000 0 255 255
0.017000 1.389000 1.039000 0 255 255
0.019000 1.499000 1.032000 0 255 255
0.026000 1.200000 1.026000 0 255 255
0.010000 1.435000 1.053000 0 255 255
0.007000 1.256000 1.068000 0 255 255
0.013000 1.616000 1.041000 0 255 255
0.009000 1.363000 1.061000 0 255 255
0.009000 1.378000 1.063000 0 255 255
0.009000 1.327000 1.073000 0 255 255
0.010000 1.406000 1.064000 0 255 255
0.010000 1.413000 1.073000 0 255 255
0.010000 1.406000 1.062000 0 255 255
0.022000 1.186000 1.032000 0 255 255
0.023000 1.185000 1.030000 0 255 255
0.033000 1.280000 1.014000 0 255 255
0.017000 1.648000 1.033000 0 255 255
0.031000 1.331000 1.017000 0 255 255
0.028000 1.380000 1.020000 0 255 255
0.018000 1.611000 1.031000 0 255 255
0.030000 1.250000 1.016000 0 255 255
0.023000 1.508000 1.026000 0 255 255
0.026000 1.450000 1.022000 0 255 255
0.026000 1.177000 1.010000 0 255 255
0.027000 1.172000 0.951000 0 255 255
0.008000 1.220000 1.072000 0 255 255
0.009000 1.245000 1.072000 0 255 255
0.008000 1.250000 1.095000 0 255 255
0.008000 1.233000 1.063000 0 255 255
0.009000 1.239000 1.066000 0 255 255
0.008000 1.208000 1.015000 0 255 255
0.010000 1.349000 1.073000 0 255 255
0.010000 1.312000 1.072000 0 255 255
0.009000 1.291000 1.076000 0 255 255
0.014000 1.611000 1.041000 0 255 255
0.010000 1.356000 1.053000 0 255 255
0.014000 1.626000 1.041000 0 255 255
0.014000 1.639000 1.034000 0 255 255
0.012000 1.479000 1.047000 0 255 255
0.009000 1.285000 1.018000 0 255 255
0.010000 1.335000 1.070000 0 255 255
0.009000 1.301000 1.057000 0 255 255
0.010000 1.380000 1.055000 0 255 255
0.012000 1.458000 1.053000 0 255 255
0.011000 1.426000 1.041000 0 255 255
0.011000 1.454000 1.031000 0 255 255
0.013000 1.532000 1.056000 0 255 255
0.007000 1.192000 1.015000 0 255 255
0.013000 1.559000 1.045000 0 255 255
0.010000 1.379000 1.061000 0 255 255
0.010000 1.390000 1.031000 0 255 255
0.009000 1.284000 1.050000 0 255 255
0.010000 1.334000 1.025000 0 255 255
0.011000 1.442000 1.044000 0 255 255
0.007000 1.165000 1.005000 0 255 255
0.009000 1.293000 1.078000 0 255 255
0.011000 1.402000 1.063000 0 255 255
0.013000 1.595000 1.042000 0 255 255
0.014000 1.629000 1.040000 0 255 255
0.030000 1.177000 0.646000 0 255 255
0.009000 1.164000 0.906000 0 255 255
0.012000 1.168000 0.767000 0 255 255
0.028000 1.172000 0.836000 0 255 255
0.009000 1.169000 0.698000 0 255 255
0.018000 1.174000 0.623000 0 255 255
0.019000 1.170000 0.794000 0 255 255
0.014000 1.168000 0.796000 0 255 255
0.031000 1.176000 0.715000 0 255 255
0.018000 1.166000 0.944000 0 255 255
0.023000 1.686000 0.144000 0 255 255
0.020000 1.681000 0.139000 0 255 255
0.027000 1.628000 0.067000 0 255 255
0.010000 1.642000 0.096000 0 255 255
0.031000 0.898000 1.638000 0 255 255
0.010000 0.855000 1.706000 0 255 255
0.025000 0.942000 1.624000 0 255 255
0.024000 0.942000 1.626000 0 255 255
0.028000 0.846000 1.672000 0 255 255
0.024000 0.834000 1.687000 0 255 255
0.030000 0.893000 1.642000 0 255 255
0.022000 0.830000 1.695000 0 255 255
0.029000 0.881000 1.689000 0 255 255
0.026000 0.895000 1.676000 0 255 255
0.021000 0.911000 1.662000 0 255 255
0.024000 0.883000 1.688000 0 255 255
0.016000 0.874000 1.695000 0 255 255
0.251000 1.479000 0.072000 50 50 50
0.249000 1.482000 0.069000 50 50 50
0.246000 1.456000 0.074000 50 50 50
0.268000 1.659000 0.753000 50 50 50
0.334000 1.685000 0.746000 50 50 50
0.301000 1.639000 0.748000 50 50 50
0.191000 1.677000 0.763000 50 50 50
0.401000 1.631000 0.736000 50 50 50
0.215000 1.674000 0.760000 50 50 50
0.389000 1.606000 0.737000 50 50 50
0.435000 1.660000 0.733000 50 50 50
0.366000 1.669000 0.742000 50 50 50
0.327000 1.674000 0.746000 50 50 50
0.476000 1.644000 0.727000 50 50 50
0.418000 1.682000 0.736000 50 50 50
0.455000 1.625000 0.729000 50 50 50
0.231000 1.665000 0.758000 50 50 50
0.270000 1.665000 0.753000 50 50 50
0.471000 1.669000 0.729000 50 50 50
0.411000 1.628000 0.735000 50 50 50
0.483000 1.684000 0.728000 50 50 50
0.476000 1.673000 0.728000 50 50 50
0.168000 1.688000 0.766000 50 50 50
0.226000 1.687000 0.759000 50 50 50
0.451000 1.600000 0.729000 50 50 50
0.311000 1.646000 0.747000 50 50 50
0.385000 1.618000 0.737000 50 50 50
0.451000 1.604000 0.729000 50 50 50
0.452000 1.647000 0.730000 50 50 50
0.099000 1.410000 0.544000 50 50 50
0.116000 1.482000 0.499000 50 50 50
0.102000 1.356000 0.537000 50 50 50
0.134000 1.550000 0.452000 50 50 50
0.110000 1.366000 0.516000 50 50 50
0.123000 1.523000 0.479000 50 50 50
0.126000 1.511000 0.471000 50 50 50
0.108000 1.419000 0.520000 50 50 50
0.123000 1.464000 0.480000 50 50 50
0.105000 1.354000 0.530000 50 50 50
0.110000 1.395000 0.516000 50 50 50
0.079000 1.333000 0.598000 50 50 50
0.100000 1.375000 0.542000 50 50 50
0.135000 1.592000 0.448000 50 50 50
0.090000 1.320000 0.570000 50 50 50
0.113000 1.440000 0.507000 50 50 50
0.087000 1.335000 0.577000 50 50 50
0.125000 1.458000 0.474000 50 50 50
0.130000 1.617000 0.461000 50 50 50
0.110000 1.438000 0.514000 50 50 50
0.124000 1.558000 0.477000 50 50 50
0.126000 1.547000 0.472000 50 50 50
0.122000 1.485000 0.484000 50 50 50
0.080000 1.308000 0.595000 50 50 50
0.113000 1.454000 0.508000 50 50 50
0.101000 1.464000 0.539000 50 50 50
0.087000 1.335000 0.578000 50 50 50
0.092000 1.393000 0.564000 50 50 50
0.086000 1.342000 0.581000 50 50 50
0.101000 1.384000 0.539000 50 50 50
0.083000 1.322000 0.587000 50 50 50
0.110000 1.480000 0.515000 50 50 50
0.118000 1.447000 0.494000 50 50 50
0.135000 1.639000 0.448000 50 50 50
0.104000 1.370000 0.530000 50 50 50
0.115000 1.369000 0.501000 50 50 50
0.102000 1.369000 0.537000 50 50 50
0.089000 1.359000 0.573000 50 50 50
0.082000 1.362000 0.591000 50 50 50
0.074000 1.557000 0.899000 50 50 50
0.088000 1.426000 0.612000 50 50 50
0.076000 1.526000 0.841000 50 50 50
0.074000 1.480000 0.804000 50 50 50
0.080000 1.392000 0.642000 50 50 50
0.107000 1.560000 0.602000 50 50 50
0.088000 1.534000 0.747000 50 50 50
0.113000 1.558000 0.540000 50 50 50
0.087000 1.509000 0.721000 50 50 50
0.098000 1.451000 0.549000 50 50 50
0.118000 1.611000 0.565000 50 50 50
0.077000 1.529000 0.836000 50 50 50
0.073000 1.558000 0.914000 50 50 50
0.108000 1.537000 0.563000 50 50 50
0.076000 1.344000 0.616000 50 50 50
0.085000 1.530000 0.767000 50 50 50
0.078000 1.505000 0.801000 50 50 50
0.072000 1.476000 0.821000 50 50 50
0.112000 1.606000 0.614000 50 50 50
0.092000 1.442000 0.587000 50 50 50
0.075000 1.580000 0.922000 50 50 50
0.083000 1.441000 0.675000 50 50 50
0.074000 1.368000 0.664000 50 50 50
0.081000 1.431000 0.682000 50 50 50
0.077000 1.479000 0.780000 50 50 50
0.097000 1.485000 0.601000 50 50 50
0.081000 1.432000 0.681000 50 50 50
0.112000 1.622000 0.637000 50 50 50
0.091000 1.477000 0.646000 50 50 50
0.112000 1.611000 0.616000 50 50 50
0.082000 1.492000 0.750000 50 50 50
0.093000 1.528000 0.688000 50 50 50
0.075000 1.552000 0.887000 50 50 50
0.072000 1.600000 0.979000 50 50 50
0.107000 1.534000 0.568000 50 50 50
0.109000 1.611000 0.648000 50 50 50
0.121000 1.623000 0.548000 50 50 50
0.113000 1.585000 0.578000 50 50 50
0.082000 1.421000 0.657000 50 50 50
0.106000 1.517000 0.558000 50 50 50
0.121000 1.581000 0.496000 50 50 50
0.112000 1.610000 0.618000 50 50 50
0.118000 1.612000 0.570000 50 50 50
0.124000 1.606000 0.502000 50 50 50
0.084000 1.388000 0.600000 50 50 50
0.088000 1.528000 0.732000 50 50 50
0.104000 1.543000 0.603000 50 50 50
0.090000 1.506000 0.687000 50 50 50
0.085000 1.489000 0.714000 50 50 50
0.096000 1.537000 0.672000 50 50 50
0.110000 1.525000 0.531000 50 50 50
0.079000 1.368000 0.619000 50 50 50
0.086000 1.456000 0.659000 50 50 50
0.073000 1.383000 0.689000 50 50 50
0.123000 1.585000 0.482000 50 50 50
0.113000 1.600000 0.597000 50 50 50
0.084000 1.523000 0.768000 50 50 50
0.115000 1.579000 0.554000 50 50 50
0.077000 1.448000 0.735000 50 50 50
0.122000 1.583000 0.493000 50 50 50
0.104000 1.575000 0.651000 50 50 50
0.088000 1.540000 0.756000 50 50 50
0.084000 1.517000 0.756000 50 50 50
0.093000 1.583000 0.763000 50 50 50
0.123000 1.613000 0.519000 50 50 50
0.113000 1.591000 0.586000 50 50 50
0.074000 1.478000 0.806000 50 50 50
0.109000 1.508000 0.518000 50 50 50
0.117000 1.575000 0.524000 50 50 50
0.106000 1.563000 0.610000 50 50 50
0.090000 1.575000 0.774000 50 50 50
0.099000 1.560000 0.676000 50 50 50
0.082000 1.423000 0.655000 50 50 50
0.088000 1.590000 0.813000 50 50 50
0.078000 1.385000 0.651000 50 50 50
0.084000 1.609000 0.878000 50 50 50
0.090000 1.539000 0.732000 50 50 50
0.105000 1.521000 0.567000 50 50 50
0.095000 1.616000 0.783000 50 50 50
0.098000 1.459000 0.555000 50 50 50
0.096000 1.615000 0.774000 50 50 50
0.074000 1.445000 0.757000 50 50 50
0.097000 1.618000 0.763000 50 50 50
0.083000 1.569000 0.835000 50 50 50
0.081000 1.413000 0.655000 50 50 50
0.091000 1.556000 0.746000 50 50 50
0.089000 1.463000 0.641000 50 50 50
0.083000 1.570000 0.837000 50 50 50
0.071000 1.483000 0.839000 50 50 50
0.072000 1.593000 0.964000 50 50 50
0.077000 1.412000 0.693000 50 50 50
0.071000 1.434000 0.770000 50 50 50
0.088000 1.427000 0.606000 50 50 50
0.111000 1.605000 0.619000 50 50 50
0.088000 1.449000 0.632000 50 50 50
0.081000 1.377000 0.615000 50 50 50
0.085000 1.547000 0.791000 50 50 50
0.079000 1.378000 0.625000 50 50 50
0.079000 1.443000 0.710000 50 50 50
0.115000 1.574000 0.546000 50 50 50
0.133000 1.638000 0.455000 50 50 50
0.090000 1.467000 0.640000 50 50 50
0.101000 1.576000 0.676000 50 50 50
0.082000 1.465000 0.717000 50 50 50
0.104000 1.549000 0.613000 50 50 50
0.071000 1.497000 0.855000 50 50 50
0.080000 1.501000 0.775000 50 50 50
0.070000 1.382000 0.714000 50 50 50
0.095000 1.487000 0.624000 50 50 50
0.073000 1.328000 0.626000 50 50 50
0.124000 1.598000 0.496000 50 50 50
0.110000 1.557000 0.569000 50 50 50
0.076000 1.357000 0.634000 50 50 50
0.069000 1.385000 0.729000 50 50 50
0.098000 1.652000 0.789000 50 50 50
0.125000 1.651000 0.542000 50 50 50
0.114000 1.678000 0.665000 50 50 50
0.126000 1.664000 0.544000 50 50 50
0.094000 1.655000 0.830000 50 50 50
0.091000 1.645000 0.842000 50 50 50
0.116000 1.650000 0.623000 50 50 50
0.100000 1.646000 0.766000 50 50 50
0.094000 1.646000 0.817000 50 50 50
0.112000 1.640000 0.656000 50 50 50
0.100000 1.671000 0.783000 50 50 50
0.102000 1.685000 0.781000 50 50 50
0.105000 1.666000 0.733000 50 50 50
0.101000 1.664000 0.771000 50 50 50
0.079000 1.624000 0.932000 50 50 50
0.127000 1.661000 0.534000 50 50 50
0.103000 1.688000 0.778000 50 50 50
0.100000 1.641000 0.761000 50 50 50
0.100000 1.663000 0.783000 50 50 50
0.096000 1.635000 0.795000 50 50 50
0.129000 1.648000 0.504000 50 50 50
0.106000 1.682000 0.741000 50 50 50
0.081000 1.628000 0.918000 50 50 50
0.123000 1.661000 0.575000 50 50 50
0.086000 1.623000 0.869000 50 50 50
0.116000 1.664000 0.640000 50 50 50
0.099000 1.680000 0.808000 50 50 50
0.093000 1.618000 0.805000 50 50 50
0.079000 1.617000 0.928000 50 50 50
0.111000 1.662000 0.678000 50 50 50
0.117000 1.682000 1.020000 50 50 50
0.100000 1.673000 0.887000 50 50 50
0.092000 1.648000 0.935000 50 50 50
0.085000 1.643000 0.894000 50 50 50
0.107000 1.677000 0.938000 50 50 50
0.107000 1.669000 0.983000 50 50 50
0.102000 1.655000 1.008000 50 50 50
0.116000 1.688000 0.976000 50 50 50
0.094000 1.656000 0.919000 50 50 50
0.083000 1.626000 0.970000 50 50 50
0.077000 1.611000 0.987000 50 50 50
0.093000 1.651000 0.935000 50 50 50
0.096000 1.653000 0.958000 50 50 50
0.066000 1.549000 0.985000 50 50 50
0.073000 1.317000 0.682000 50 50 50
0.079000 1.286000 0.703000 50 50 50
0.091000 1.386000 0.870000 50 50 50
0.072000 1.301000 0.663000 50 50 50
0.084000 1.221000 0.707000 50 50 50
0.076000 1.292000 0.690000 50 50 50
0.088000 1.247000 0.756000 50 50 50
0.081000 1.330000 0.751000 50 50 50
0.091000 1.362000 0.856000 50 50 50
0.075000 1.303000 0.685000 50 50 50
0.075000 1.310000 0.688000 50 50 50
0.092000 1.354000 0.853000 50 50 50
0.085000 1.275000 0.746000 50 50 50
0.083000 1.222000 0.695000 50 50 50
0.075000 1.289000 0.673000 50 50 50
0.090000 1.293000 0.800000 50 50 50
0.093000 1.386000 0.882000 50 50 50
0.083000 1.278000 0.732000 50 50 50
0.080000 1.240000 0.687000 50 50 50
0.077000 1.281000 0.689000 50 50 50
0.088000 1.332000 0.812000 50 50 50
0.087000 1.341000 0.808000 50 50 50
0.073000 1.272000 0.650000 50 50 50
0.077000 1.259000 0.675000 50 50 50
0.082000 1.264000 0.714000 50 50 50
0.090000 1.376000 0.857000 50 50 50
0.080000 1.290000 0.720000 50 50 50
0.077000 1.299000 0.700000 50 50 50
0.091000 1.317000 0.821000 50 50 50
0.083000 1.479000 0.937000 50 50 50
0.075000 1.352000 0.938000 50 50 50
0.087000 1.444000 0.922000 50 50 50
0.073000 1.503000 0.962000 50 50 50
0.070000 1.411000 0.959000 50 50 50
0.078000 1.347000 0.929000 50 50 50
0.083000 1.378000 0.923000 50 50 50
0.087000 1.433000 0.922000 50 50 50
0.065000 1.447000 0.975000 50 50 50
0.067000 1.481000 0.975000 50 50 50
0.082000 1.441000 0.933000 50 50 50
0.091000 1.417000 0.910000 50 50 50
0.072000 1.302000 0.922000 50 50 50
0.074000 1.323000 0.931000 50 50 50
0.088000 1.314000 0.843000 50 50 50
0.061000 1.272000 0.952000 50 50 50
0.083000 1.234000 0.782000 50 50 50
0.093000 1.383000 0.890000 50 50 50
0.090000 1.385000 0.906000 50 50 50
0.074000 1.288000 0.895000 50 50 50
0.088000 1.335000 0.862000 50 50 50
0.088000 1.287000 0.813000 50 50 50
0.070000 1.299000 0.929000 50 50 50
0.082000 1.327000 0.892000 50 50 50
0.074000 1.217000 0.818000 50 50 50
0.090000 1.357000 0.879000 50 50 50
0.081000 1.279000 0.844000 50 50 50
0.089000 1.290000 0.808000 50 50 50
0.089000 1.327000 0.848000 50 50 50
0.061000 1.191000 0.862000 50 50 50
0.080000 1.262000 0.829000 50 50 50
0.070000 1.205000 0.824000 50 50 50
0.083000 1.312000 0.870000 50 50 50
0.083000 1.223000 0.768000 50 50 50
0.088000 1.243000 0.764000 50 50 50
0.083000 1.341000 0.898000 50 50 50
0.087000 1.314000 0.845000 50 50 50
0.076000 1.225000 0.810000 50 50 50
0.074000 1.296000 0.900000 50 50 50
0.084000 1.320000 0.871000 50 50 50
0.089000 1.257000 0.774000 50 50 50
0.089000 1.299000 0.818000 50 50 50
0.066000 1.261000 0.909000 50 50 50
0.073000 1.316000 0.931000 50 50 50
0.067000 1.215000 0.855000 50 50 50
0.081000 1.247000 0.809000 50 50 50
0.085000 1.327000 0.871000 50 50 50
0.066000 1.251000 0.899000 50 50 50
0.082000 1.320000 0.884000 50 50 50
0.067000 1.198000 0.834000 50 50 50
0.119000 1.423000 0.860000 50 50 50
0.092000 1.387000 0.871000 50 50 50
0.094000 1.388000 0.858000 50 50 50
0.098000 1.365000 0.738000 50 50 50
0.110000 1.386000 0.759000 50 50 50
0.091000 1.376000 0.825000 50 50 50
0.097000 1.400000 0.889000 50 50 50
0.115000 1.410000 0.827000 50 50 50
0.106000 1.381000 0.763000 50 50 50
0.103000 1.376000 0.759000 50 50 50
0.098000 1.360000 0.719000 50 50 50
0.111000 1.388000 0.760000 50 50 50
0.093000 1.373000 0.804000 50 50 50
0.084000 1.338000 0.710000 50 50 50
0.108000 1.385000 0.765000 50 50 50
0.083000 1.336000 0.701000 50 50 50
0.081000 1.337000 0.723000 50 50 50
0.098000 1.398000 0.879000 50 50 50
0.118000 1.416000 0.836000 50 50 50
0.113000 1.407000 0.827000 50 50 50
0.106000 1.386000 0.780000 50 50 50
0.097000 1.397000 0.881000 50 50 50
0.096000 1.370000 0.774000 50 50 50
0.096000 1.362000 0.736000 50 50 50
0.120000 1.414000 0.819000 50 50 50
0.092000 1.367000 0.788000 50 50 50
0.109000 1.439000 0.890000 50 50 50
0.091000 1.472000 0.922000 50 50 50
0.104000 1.475000 0.906000 50 50 50
0.102000 1.416000 0.894000 50 50 50
0.128000 1.481000 0.876000 50 50 50
0.098000 1.424000 0.901000 50 50 50
0.121000 1.473000 0.883000 50 50 50
0.083000 1.519000 0.945000 50 50 50
0.075000 1.584000 0.971000 50 50 50
0.088000 1.456000 0.922000 50 50 50
0.092000 1.460000 0.917000 50 50 50
0.088000 1.508000 0.935000 50 50 50
0.080000 1.536000 0.952000 50 50 50
0.101000 1.439000 0.901000 50 50 50
0.120000 1.448000 0.878000 50 50 50
0.489000 1.683000 0.657000 50 50 50
0.489000 1.479000 0.660000 50 50 50
0.477000 1.467000 0.634000 50 50 50
0.478000 1.469000 0.637000 50 50 50
0.498000 1.602000 0.678000 50 50 50
0.496000 1.556000 0.673000 50 50 50
0.489000 1.653000 0.657000 50 50 50
0.495000 1.539000 0.672000 50 50 50
0.492000 1.524000 0.665000 50 50 50
0.473000 1.407000 0.625000 50 50 50
0.480000 1.456000 0.639000 50 50 50
0.502000 1.653000 0.685000 50 50 50
0.469000 1.320000 0.620000 50 50 50
0.489000 1.556000 0.658000 50 50 50
0.485000 1.611000 0.648000 50 50 50
0.493000 1.535000 0.668000 50 50 50
0.495000 1.554000 0.672000 50 50 50
0.511000 1.649000 0.705000 50 50 50
0.471000 1.355000 0.622000 50 50 50
0.488000 1.464000 0.657000 50 50 50
0.472000 1.390000 0.625000 50 50 50
0.493000 1.661000 0.664000 50 50 50
0.497000 1.629000 0.675000 50 50 50
0.456000 1.425000 0.393000 50 50 50
0.456000 1.465000 0.417000 50 50 50
0.444000 1.428000 0.355000 50 50 50
0.461000 1.531000 0.475000 50 50 50
0.455000 1.380000 0.362000 50 50 50
0.478000 1.619000 0.583000 50 50 50
0.469000 1.533000 0.501000 50 50 50
0.452000 1.472000 0.409000 50 50 50
0.457000 1.480000 0.430000 50 50 50
0.464000 1.384000 0.394000 50 50 50
0.454000 1.436000 0.393000 50 50 50
0.467000 1.541000 0.501000 50 50 50
0.459000 1.516000 0.459000 50 50 50
0.459000 1.456000 0.422000 50 50 50
0.466000 1.452000 0.443000 50 50 50
0.454000 1.466000 0.411000 50 50 50
0.459000 1.348000 0.355000 50 50 50
0.472000 1.545000 0.521000 50 50 50
0.463000 1.392000 0.398000 50 50 50
0.460000 1.491000 0.448000 50 50 50
0.455000 1.490000 0.430000 50 50 50
0.465000 1.374000 0.537000 50 50 50
0.466000 1.378000 0.580000 50 50 50
0.474000 1.495000 0.595000 50 50 50
0.466000 1.391000 0.505000 50 50 50
0.461000 1.330000 0.370000 50 50 50
0.457000 1.268000 0.456000 50 50 50
0.474000 1.494000 0.527000 50 50 50
0.462000 1.341000 0.389000 50 50 50
0.472000 1.467000 0.497000 50 50 50
0.467000 1.408000 0.434000 50 50 50
0.460000 1.294000 0.530000 50 50 50
0.463000 1.339000 0.488000 50 50 50
0.477000 1.536000 0.536000 50 50 50
0.478000 1.546000 0.570000 50 50 50
0.467000 1.402000 0.453000 50 50 50
0.484000 1.633000 0.621000 50 50 50
0.484000 1.625000 0.627000 50 50 50
0.465000 1.369000 0.498000 50 50 50
0.480000 1.575000 0.589000 50 50 50
0.463000 1.332000 0.593000 50 50 50
0.459000 1.287000 0.507000 50 50 50
0.469000 1.422000 0.614000 50 50 50
0.467000 1.409000 0.422000 50 50 50
0.457000 1.254000 0.494000 50 50 50
0.482000 1.605000 0.598000 50 50 50
0.462000 1.332000 0.411000 50 50 50
0.477000 1.525000 0.609000 50 50 50
0.470000 1.439000 0.562000 50 50 50
0.460000 1.318000 0.398000 50 50 50
0.473000 1.486000 0.535000 50 50 50
0.458000 1.276000 0.511000 50 50 50
0.474000 1.497000 0.497000 50 50 50
0.464000 1.357000 0.520000 50 50 50
0.458000 1.278000 0.431000 50 50 50
0.461000 1.313000 0.564000 50 50 50
0.457000 1.266000 0.467000 50 50 50
0.457000 1.251000 0.524000 50 50 50
0.461000 1.325000 0.439000 50 50 50
0.476000 1.523000 0.566000 50 50 50
0.468000 1.410000 0.526000 50 50 50
0.459000 1.297000 0.454000 50 50 50
0.465000 1.373000 0.488000 50 50 50
0.465000 1.370000 0.473000 50 50 50
0.455000 1.223000 0.533000 50 50 50
0.471000 1.446000 0.544000 50 50 50
0.458000 1.289000 0.402000 50 50 50
0.460000 1.300000 0.459000 50 50 50
0.460000 1.317000 0.341000 50 50 50
0.462000 1.331000 0.513000 50 50 50
0.462000 1.325000 0.550000 50 50 50
0.483000 1.612000 0.599000 50 50 50
0.478000 1.541000 0.623000 50 50 50
0.468000 1.418000 0.509000 50 50 50
0.462000 1.328000 0.454000 50 50 50
0.468000 1.405000 0.592000 50 50 50
0.455000 1.217000 0.574000 50 50 50
0.463000 1.352000 0.475000 50 50 50
0.456000 1.251000 0.456000 50 50 50
0.482000 1.603000 0.609000 50 50 50
0.462000 1.324000 0.538000 50 50 50
0.458000 1.266000 0.524000 50 50 50
0.457000 1.257000 0.462000 50 50 50
0.461000 1.316000 0.452000 50 50 50
0.477000 1.539000 0.555000 50 50 50
0.470000 1.434000 0.583000 50 50 50
0.478000 1.546000 0.564000 50 50 50
0.476000 1.528000 0.558000 50 50 50
0.471000 1.456000 0.561000 50 50 50
0.460000 1.304000 0.496000 50 50 50
0.464000 1.348000 0.608000 50 50 50
0.465000 1.381000 0.440000 50 50 50
0.480000 1.575000 0.606000 50 50 50
0.477000 1.538000 0.541000 50 50 50
0.475000 1.503000 0.579000 50 50 50
0.463000 1.356000 0.444000 50 50 50
0.467000 1.395000 0.509000 50 50 50
0.478000 1.544000 0.619000 50 50 50
0.463000 1.356000 0.386000 50 50 50
0.473000 1.488000 0.519000 50 50 50
0.469000 1.423000 0.495000 50 50 50
0.481000 1.581000 0.608000 50 50 50
0.462000 1.339000 0.381000 50 50 50
0.459000 1.280000 0.488000 50 50 50
0.465000 1.371000 0.540000 50 50 50
0.462000 1.317000 0.583000 50 50 50
0.464000 1.350000 0.601000 50 50 50
0.461000 1.329000 0.424000 50 50 50
0.472000 1.467000 0.525000 50 50 50
0.462000 1.326000 0.553000 50 50 50
0.459000 1.294000 0.390000 50 50 50
0.474000 1.487000 0.614000 50 50 50
0.475000 1.506000 0.620000 50 50 50
0.463000 1.349000 0.497000 50 50 50
0.482000 1.600000 0.592000 50 50 50
0.463000 1.337000 0.532000 50 50 50
0.469000 1.425000 0.535000 50 50 50
0.480000 1.573000 0.616000 50 50 50
0.466000 1.375000 0.540000 50 50 50
0.474000 1.486000 0.579000 50 50 50
0.460000 1.294000 0.533000 50 50 50
0.460000 1.289000 0.573000 50 50 50
0.476000 1.514000 0.593000 50 50 50
0.478000 1.547000 0.598000 50 50 50
0.458000 1.273000 0.535000 50 50 50
0.474000 1.496000 0.561000 50 50 50
0.462000 1.326000 0.531000 50 50 50
0.478000 1.638000 0.589000 50 50 50
0.449000 1.596000 0.370000 50 50 50
0.463000 1.564000 0.486000 50 50 50
0.448000 1.473000 0.393000 50 50 50
0.469000 1.599000 0.524000 50 50 50
0.474000 1.663000 0.552000 50 50 50
0.460000 1.622000 0.447000 50 50 50
0.449000 1.548000 0.381000 50 50 50
0.457000 1.556000 0.446000 50 50 50
0.451000 1.586000 0.389000 50 50 50
0.456000 1.551000 0.438000 50 50 50
0.483000 1.663000 0.618000 50 50 50
0.474000 1.662000 0.552000 50 50 50
0.454000 1.647000 0.392000 50 50 50
0.466000 1.568000 0.512000 50 50 50
0.477000 1.655000 0.576000 50 50 50
0.454000 1.504000 0.432000 50 50 50
0.462000 1.629000 0.465000 50 50 50
0.461000 1.606000 0.464000 50 50 50
0.478000 1.636000 0.590000 50 50 50
0.452000 1.507000 0.412000 50 50 50
0.455000 1.562000 0.427000 50 50 50
0.462000 1.619000 0.469000 50 50 50
0.466000 1.610000 0.502000 50 50 50
0.457000 1.559000 0.441000 50 50 50
0.459000 1.651000 0.432000 50 50 50
0.455000 1.567000 0.425000 50 50 50
0.478000 1.659000 0.583000 50 50 50
0.449000 1.558000 0.375000 50 50 50
0.477000 1.627000 0.578000 50 50 50
0.454000 1.505000 0.430000 50 50 50
0.453000 1.610000 0.399000 50 50 50
0.451000 1.566000 0.393000 50 50 50
0.463000 1.628000 0.471000 50 50 50
0.454000 1.636000 0.399000 50 50 50
0.475000 1.624000 0.569000 50 50 50
0.464000 1.578000 0.496000 50 50 50
0.466000 1.629000 0.495000 50 50 50
0.504000 1.512000 0.709000 50 50 50
0.489000 1.278000 0.704000 50 50 50
0.461000 1.193000 0.615000 50 50 50
0.477000 1.186000 0.677000 50 50 50
0.510000 1.628000 0.705000 50 50 50
0.482000 1.413000 0.645000 50 50 50
0.481000 1.257000 0.679000 50 50 50
0.484000 1.427000 0.651000 50 50 50
0.475000 1.344000 0.637000 50 50 50
0.469000 1.232000 0.636000 50 50 50
0.507000 1.541000 0.714000 50 50 50
0.473000 1.220000 0.657000 50 50 50
0.471000 1.312000 0.629000 50 50 50
0.481000 1.218000 0.685000 50 50 50
0.473000 1.191000 0.661000 50 50 50
0.488000 1.355000 0.681000 50 50 50
0.495000 1.347000 0.709000 50 50 50
0.485000 1.202000 0.706000 50 50 50
0.493000 1.343000 0.705000 50 50 50
0.500000 1.510000 0.692000 50 50 50
0.470000 1.225000 0.644000 50 50 50
0.476000 1.358000 0.636000 50 50 50
0.462000 1.229000 0.611000 50 50 50
0.503000 1.491000 0.709000 50 50 50
0.478000 1.193000 0.681000 50 50 50
0.480000 1.366000 0.648000 50 50 50
0.466000 1.193000 0.635000 50 50 50
0.492000 1.434000 0.678000 50 50 50
0.496000 1.528000 0.676000 50 50 50
0.461000 1.215000 0.610000 50 50 50
0.490000 1.417000 0.676000 50 50 50
0.492000 1.335000 0.703000 50 50 50
0.490000 1.446000 0.669000 50 50 50
0.466000 1.223000 0.627000 50 50 50
0.464000 1.186000 0.629000 50 50 50
0.477000 1.222000 0.672000 50 50 50
0.487000 1.452000 0.656000 50 50 50
0.509000 1.619000 0.704000 50 50 50
0.497000 1.420000 0.700000 50 50 50
0.490000 1.282000 0.708000 50 50 50
0.501000 1.519000 0.696000 50 50 50
0.464000 1.361000 0.718000 50 50 50
0.472000 1.267000 0.714000 50 50 50
0.447000 1.340000 0.714000 50 50 50
0.461000 1.419000 0.721000 50 50 50
0.468000 1.295000 0.715000 50 50 50
0.466000 1.357000 0.718000 50 50 50
0.462000 1.297000 0.714000 50 50 50
0.461000 1.412000 0.720000 50 50 50
0.459000 1.393000 0.719000 50 50 50
0.460000 1.423000 0.721000 50 50 50
0.446000 1.341000 0.714000 50 50 50
0.463000 1.531000 0.725000 50 50 50
0.480000 1.384000 0.719000 50 50 50
0.494000 1.319000 0.715000 50 50 50
0.484000 1.273000 0.715000 50 50 50
0.492000 1.468000 0.720000 50 50 50
0.505000 1.523000 0.720000 50 50 50
0.463000 1.468000 0.723000 50 50 50
0.478000 1.326000 0.717000 50 50 50
0.487000 1.295000 0.715000 50 50 50
0.479000 1.364000 0.718000 50 50 50
0.488000 1.228000 0.713000 50 50 50
0.480000 1.361000 0.718000 50 50 50
0.484000 1.586000 0.724000 50 50 50
0.482000 1.237000 0.714000 50 50 50
0.473000 1.419000 0.721000 50 50 50
0.462000 1.565000 0.726000 50 50 50
0.071000 1.571000 0.946000 50 50 50
0.077000 1.533000 0.905000 50 50 50
0.073000 1.487000 0.849000 50 50 50
0.096000 1.391000 0.751000 50 50 50
0.089000 1.364000 0.716000 50 50 50
0.084000 1.410000 0.767000 50 50 50
0.121000 1.446000 0.828000 50 50 50
0.082000 1.415000 0.771000 50 50 50
0.089000 1.527000 0.904000 50 50 50
0.077000 1.425000 0.780000 50 50 50
0.127000 1.438000 0.822000 50 50 50
0.132000 1.436000 0.822000 50 50 50
0.123000 1.432000 0.813000 50 50 50
0.125000 1.472000 0.861000 50 50 50
0.102000 1.422000 0.790000 50 50 50
0.070000 1.422000 0.773000 50 50 50
0.087000 1.509000 0.882000 50 50 50
0.098000 1.500000 0.878000 50 50 50
0.062000 1.186000 0.709000 50 50 50
0.065000 1.186000 0.729000 50 50 50
0.182000 1.678000 0.701000 50 50 50
0.235000 1.655000 0.613000 50 50 50
0.127000 1.667000 0.560000 50 50 50
0.217000 1.645000 0.518000 50 50 50
0.190000 1.672000 0.673000 50 50 50
0.172000 1.657000 0.547000 50 50 50
0.233000 1.645000 0.541000 50 50 50
0.243000 1.645000 0.550000 50 50 50
0.181000 1.655000 0.547000 50 50 50
0.205000 1.666000 0.649000 50 50 50
0.140000 1.682000 0.677000 50 50 50
0.214000 1.664000 0.645000 50 50 50
0.167000 1.659000 0.552000 50 50 50
0.171000 1.658000 0.553000 50 50 50
0.191000 1.652000 0.538000 50 50 50
0.131000 1.663000 0.536000 50 50 50
0.171000 1.676000 0.675000 50 50 50
0.172000 1.677000 0.685000 50 50 50
0.279000 1.645000 0.592000 50 50 50
0.172000 1.671000 0.643000 50 50 50
0.191000 1.664000 0.620000 50 50 50
0.137000 1.664000 0.552000 50 50 50
0.145000 1.655000 0.499000 50 50 50
0.201000 1.647000 0.512000 50 50 50
0.130000 1.686000 0.695000 50 50 50
0.283000 1.647000 0.613000 50 50 50
0.167000 1.650000 0.495000 50 50 50
0.268000 1.643000 0.569000 50 50 50
0.284000 1.641000 0.574000 50 50 50
0.117000 1.686000 0.680000 50 50 50
0.161000 1.670000 0.620000 50 50 50
0.233000 1.647000 0.553000 50 50 50
0.131000 1.674000 0.615000 50 50 50
0.176000 1.654000 0.527000 50 50 50
0.169000 1.654000 0.520000 50 50 50
0.249000 1.647000 0.574000 50 50 50
0.156000 1.679000 0.676000 50 50 50
0.250000 1.653000 0.616000 50 50 50
0.162000 1.682000 0.709000 50 50 50
0.232000 1.654000 0.599000 50 50 50
0.168000 1.650000 0.490000 50 50 50
0.133000 1.675000 0.623000 50 50 50
0.222000 1.659000 0.622000 50 50 50
0.362000 1.612000 0.682000 50 50 50
0.354000 1.611000 0.725000 50 50 50
0.411000 1.589000 0.730000 50 50 50
0.315000 1.634000 0.633000 50 50 50
0.325000 1.628000 0.655000 50 50 50
0.225000 1.662000 0.707000 50 50 50
0.295000 1.641000 0.642000 50 50 50
0.359000 1.612000 0.685000 50 50 50
0.371000 1.606000 0.709000 50 50 50
0.396000 1.597000 0.696000 50 50 50
0.226000 1.663000 0.691000 50 50 50
0.419000 1.586000 0.724000 50 50 50
0.160000 1.682000 0.767000 50 50 50
0.289000 1.642000 0.652000 50 50 50
0.301000 1.637000 0.659000 50 50 50
0.288000 1.646000 0.616000 50 50 50
0.290000 1.645000 0.614000 50 50 50
0.187000 1.674000 0.739000 50 50 50
0.226000 1.662000 0.698000 50 50 50
0.314000 1.632000 0.657000 50 50 50
0.268000 1.646000 0.697000 50 50 50
0.267000 1.647000 0.692000 50 50 50
0.283000 1.638000 0.724000 50 50 50
0.412000 1.589000 0.728000 50 50 50
0.289000 1.639000 0.691000 50 50 50
0.385000 1.602000 0.694000 50 50 50
0.225000 1.664000 0.682000 50 50 50
0.383000 1.602000 0.705000 50 50 50
0.238000 1.661000 0.660000 50 50 50
0.327000 1.623000 0.703000 50 50 50
0.325000 1.621000 0.734000 50 50 50
0.202000 1.667000 0.750000 50 50 50
0.408000 1.592000 0.700000 50 50 50
0.273000 1.642000 0.721000 50 50 50
0.242000 1.659000 0.662000 50 50 50
0.175000 1.678000 0.750000 50 50 50
0.324000 1.629000 0.652000 50 50 50
0.341000 1.623000 0.639000 50 50 50
0.289000 1.645000 0.612000 50 50 50
0.285000 1.645000 0.634000 50 50 50
0.305000 1.630000 0.726000 50 50 50
0.208000 1.667000 0.729000 50 50 50
0.176000 1.676000 0.758000 50 50 50
0.285000 1.639000 0.703000 50 50 50
0.344000 1.616000 0.710000 50 50 50
0.198000 1.673000 0.702000 50 50 50
0.430000 1.582000 0.728000 50 50 50
0.393000 1.598000 0.703000 50 50 50
0.268000 1.643000 0.738000 50 50 50
0.300000 1.639000 0.638000 50 50 50
0.356000 1.611000 0.715000 50 50 50
0.195000 1.674000 0.698000 50 50 50
0.430000 1.688000 0.576000 50 50 50
0.280000 1.198000 0.705000 50 50 50
0.215000 1.202000 0.703000 50 50 50
0.279000 1.198000 0.705000 50 50 50
0.217000 1.191000 0.713000 50 50 50
0.264000 1.204000 0.700000 50 50 50
0.202000 1.435000 0.158000 50 50 50
0.259000 1.435000 0.106000 50 50 50
0.273000 1.436000 0.139000 50 50 50
0.231000 1.435000 0.067000 50 50 50
0.229000 1.435000 0.105000 50 50 50
0.292000 1.436000 0.198000 50 50 50
0.299000 1.436000 0.180000 50 50 50
0.244000 1.435000 0.173000 50 50 50
0.274000 1.435000 0.228000 50 50 50
0.261000 1.435000 0.224000 50 50 50
0.203000 1.435000 0.171000 50 50 50
0.294000 1.436000 0.156000 50 50 50
0.272000 1.435000 0.196000 50 50 50
0.283000 1.436000 0.172000 50 50 50
0.450000 1.657000 0.413000 50 50 50
0.420000 1.679000 0.502000 50 50 50
0.463000 1.667000 0.513000 50 50 50
0.453000 1.670000 0.509000 50 50 50
0.447000 1.657000 0.408000 50 50 50
0.436000 1.680000 0.547000 50 50 50
0.407000 1.682000 0.495000 50 50 50
0.453000 1.652000 0.386000 50 50 50
0.487000 1.679000 0.645000 50 50 50
0.454000 1.674000 0.539000 50 50 50
0.431000 1.668000 0.451000 50 50 50
0.444000 1.684000 0.592000 50 50 50
0.463000 1.680000 0.601000 50 50 50
0.475000 1.681000 0.634000 50 50 50
0.394000 1.685000 0.491000 50 50 50
0.429000 1.670000 0.458000 50 50 50
0.404000 1.681000 0.481000 50 50 50
0.432000 1.661000 0.405000 50 50 50
0.457000 1.681000 0.594000 50 50 50
0.430000 1.665000 0.423000 50 50 50
0.076000 1.409000 0.068000 50 50 50
0.084000 1.415000 0.092000 50 50 50
0.339000 1.199000 0.475000 50 50 50
0.364000 1.243000 0.421000 50 50 50
0.398000 1.194000 0.532000 50 50 50
0.391000 1.199000 0.516000 50 50 50
0.341000 1.214000 0.451000 50 50 50
0.373000 1.238000 0.436000 50 50 50
0.368000 1.200000 0.496000 50 50 50
0.376000 1.235000 0.443000 50 50 50
0.405000 1.195000 0.535000 50 50 50
0.374000 1.204000 0.495000 50 50 50
0.407000 1.237000 0.464000 50 50 50
0.337000 1.217000 0.443000 50 50 50
0.401000 1.233000 0.466000 50 50 50
0.370000 1.204000 0.491000 50 50 50
0.399000 1.195000 0.529000 50 50 50
0.363000 1.215000 0.467000 50 50 50
0.418000 1.211000 0.517000 50 50 50
0.351000 1.204000 0.529000 50 50 50
0.324000 1.219000 0.539000 50 50 50
0.345000 1.196000 0.504000 50 50 50
0.395000 1.202000 0.567000 50 50 50
0.386000 1.195000 0.540000 50 50 50
0.348000 1.213000 0.547000 50 50 50
0.314000 1.208000 0.504000 50 50 50
0.330000 1.225000 0.560000 50 50 50
0.349000 1.201000 0.520000 50 50 50
0.457000 1.187000 0.625000 50 50 50
0.457000 1.189000 0.679000 50 50 50
0.448000 1.189000 0.599000 50 50 50
0.465000 1.187000 0.671000 50 50 50
0.417000 1.200000 0.686000 50 50 50
0.470000 1.185000 0.655000 50 50 50
0.405000 1.203000 0.686000 50 50 50
0.470000 1.185000 0.654000 50 50 50
0.426000 1.268000 0.402000 50 50 50
0.415000 1.234000 0.472000 50 50 50
0.447000 1.222000 0.508000 50 50 50
0.455000 1.294000 0.355000 50 50 50
0.432000 1.221000 0.507000 50 50 50
0.455000 1.230000 0.493000 50 50 50
0.441000 1.214000 0.524000 50 50 50
0.437000 1.233000 0.481000 50 50 50
0.431000 1.280000 0.378000 50 50 50
0.409000 1.265000 0.404000 50 50 50
0.440000 1.214000 0.524000 50 50 50
0.456000 1.296000 0.351000 50 50 50
0.400000 1.251000 0.432000 50 50 50
0.416000 1.252000 0.433000 50 50 50
0.437000 1.264000 0.414000 50 50 50
0.445000 1.219000 0.514000 50 50 50
0.449000 1.270000 0.406000 50 50 50
0.338000 1.191000 0.710000 50 50 50
0.419000 1.187000 0.710000 50 50 50
0.348000 1.206000 0.696000 50 50 50
0.331000 1.192000 0.708000 50 50 50
0.428000 1.186000 0.711000 50 50 50
0.342000 1.190000 0.710000 50 50 50
0.316000 1.192000 0.709000 50 50 50
0.376000 1.194000 0.706000 50 50 50
0.065000 1.645000 1.012000 50 50 50
0.069000 1.624000 0.997000 50 50 50
0.066000 1.688000 1.043000 50 50 50
0.069000 1.651000 1.016000 50 50 50
1.372000 0.182000 2.218000 50 50 50
1.368000 0.188000 2.280000 50 50 50
1.381000 0.197000 2.260000 50 50 50
1.377000 0.203000 2.326000 50 50 50
1.379000 0.225000 2.239000 50 50 50
1.378000 0.232000 2.214000 50 50 50
1.375000 0.245000 2.162000 50 50 50
1.376000 0.227000 2.167000 50 50 50
1.379000 0.210000 2.228000 50 50 50
1.380000 0.229000 2.283000 50 50 50
1.380000 0.193000 2.227000 50 50 50
1.375000 0.234000 2.158000 50 50 50
1.383000 0.220000 2.330000 50 50 50
1.377000 0.226000 2.201000 50 50 50
1.378000 0.214000 2.215000 50 50 50
1.380000 0.209000 2.237000 50 50 50
1.382000 0.225000 2.307000 50 50 50
1.377000 0.215000 2.179000 50 50 50
1.381000 0.231000 2.294000 50 50 50
1.376000 0.223000 2.169000 50 50 50
1.531000 0.214000 2.175000 50 50 50
1.534000 0.210000 2.153000 50 50 50
1.575000 0.214000 2.220000 50 50 50
1.561000 0.212000 2.193000 50 50 50
1.539000 0.213000 2.177000 50 50 50
1.542000 0.209000 2.153000 50 50 50
1.470000 0.217000 2.174000 50 50 50
1.457000 0.217000 2.177000 50 50 50
1.507000 0.217000 2.308000 50 50 50
1.478000 0.217000 2.236000 50 50 50
1.532000 0.217000 2.277000 50 50 50
1.529000 0.217000 2.254000 50 50 50
1.486000 0.217000 2.201000 50 50 50
1.507000 0.216000 2.170000 50 50 50
1.475000 0.217000 2.219000 50 50 50
1.457000 0.217000 2.154000 50 50 50
1.548000 0.216000 2.273000 50 50 50
1.455000 0.217000 2.179000 50 50 50
1.502000 0.217000 2.300000 50 50 50
1.521000 0.216000 2.212000 50 50 50
1.568000 0.217000 2.305000 50 50 50
1.582000 0.219000 2.321000 50 50 50
1.578000 0.206000 2.171000 50 50 50
1.582000 0.206000 2.180000 50 50 50
1.603000 0.211000 2.288000 50 50 50
1.586000 0.215000 2.246000 50 50 50
1.668000 0.174000 2.185000 50 50 50
1.664000 0.181000 2.251000 50 50 50
1.685000 0.181000 2.153000 50 50 50
1.686000 0.187000 2.192000 50 50 50
1.666000 0.188000 2.295000 50 50 50
1.703000 0.200000 2.321000 50 50 50
1.706000 0.198000 2.250000 50 50 50
1.700000 0.194000 2.192000 50 50 50
1.707000 0.198000 2.251000 50 50 50
0.419000 0.224000 2.199000 50 50 50
0.428000 0.231000 2.303000 50 50 50
0.425000 0.229000 2.291000 50 50 50
0.432000 0.232000 2.309000 50 50 50
0.432000 0.233000 2.319000 50 50 50
0.458000 0.234000 2.239000 50 50 50
0.541000 0.224000 2.319000 50 50 50
0.442000 0.234000 2.300000 50 50 50
0.579000 0.221000 2.321000 50 50 50
0.534000 0.227000 2.239000 50 50 50
0.530000 0.225000 2.313000 50 50 50
0.452000 0.232000 2.318000 50 50 50
0.521000 0.229000 2.206000 50 50 50
0.581000 0.221000 2.292000 50 50 50
0.577000 0.222000 2.274000 50 50 50
0.497000 0.230000 2.237000 50 50 50
0.546000 0.225000 2.255000 50 50 50
0.448000 0.233000 2.314000 50 50 50
0.582000 0.221000 2.307000 50 50 50
0.527000 0.227000 2.243000 50 50 50
0.579000 0.221000 2.302000 50 50 50
0.538000 0.225000 2.312000 50 50 50
0.543000 0.224000 2.308000 50 50 50
0.536000 0.227000 2.246000 50 50 50
0.586000 0.220000 2.266000 50 50 50
0.599000 0.212000 2.251000 50 50 50
1.245000 0.234000 2.254000 50 50 50
1.258000 0.238000 2.262000 50 50 50
1.251000 0.234000 2.177000 50 50 50
1.260000 0.239000 2.296000 50 50 50
1.284000 0.243000 2.156000 50 50 50
1.248000 0.233000 2.166000 50 50 50
1.285000 0.244000 2.194000 50 50 50
1.283000 0.243000 2.172000 50 50 50
1.248000 0.234000 2.210000 50 50 50
1.288000 0.243000 2.274000 50 50 50
1.354000 0.242000 2.261000 50 50 50
1.363000 0.245000 2.198000 50 50 50
1.285000 0.241000 2.330000 50 50 50
1.370000 0.244000 2.224000 50 50 50
1.332000 0.245000 2.210000 50 50 50
1.362000 0.241000 2.297000 50 50 50
1.355000 0.247000 2.161000 50 50 50
1.364000 0.243000 2.240000 50 50 50
1.368000 0.239000 2.327000 50 50 50
1.362000 0.240000 2.302000 50 50 50
1.313000 0.240000 2.328000 50 50 50
1.310000 0.241000 2.312000 50 50 50
1.284000 0.241000 2.324000 50 50 50
1.332000 0.241000 2.294000 50 50 50
1.325000 0.241000 2.299000 50 50 50
1.346000 0.244000 2.232000 50 50 50
1.300000 0.243000 2.278000 50 50 50
1.309000 0.245000 2.213000 50 50 50
1.286000 0.244000 2.263000 50 50 50
1.370000 0.242000 2.265000 50 50 50
1.314000 0.246000 2.187000 50 50 50
1.332000 0.246000 2.180000 50 50 50
1.312000 0.243000 2.262000 50 50 50
1.335000 0.241000 2.309000 50 50 50
1.349000 0.246000 2.177000 50 50 50
1.375000 0.241000 2.279000 50 50 50
1.328000 0.080000 2.187000 50 50 50
1.323000 0.082000 2.190000 50 50 50
1.326000 0.079000 2.193000 50 50 50
1.353000 0.056000 2.210000 50 50 50
1.331000 0.035000 2.307000 50 50 50
1.347000 0.057000 2.215000 50 50 50
1.337000 0.061000 2.222000 50 50 50
1.332000 0.058000 2.240000 50 50 50
1.332000 0.061000 2.232000 50 50 50
1.443000 0.086000 2.296000 50 50 50
1.415000 0.093000 2.309000 50 50 50
1.464000 0.100000 2.187000 50 50 50
1.458000 0.087000 2.269000 50 50 50
1.410000 0.094000 2.312000 50 50 50
1.425000 0.087000 2.323000 50 50 50
1.466000 0.093000 2.219000 50 50 50
1.430000 0.089000 2.302000 50 50 50
1.450000 0.099000 2.214000 50 50 50
1.455000 0.084000 2.288000 50 50 50
1.457000 0.079000 2.311000 50 50 50
1.456000 0.098000 2.209000 50 50 50
1.439000 0.089000 2.288000 50 50 50
1.462000 0.089000 2.247000 50 50 50
1.446000 0.092000 2.259000 50 50 50
1.381000 0.082000 2.328000 50 50 50
1.387000 0.081000 2.282000 50 50 50
1.372000 0.068000 2.201000 50 50 50
1.365000 0.066000 2.215000 50 50 50
1.395000 0.088000 2.329000 50 50 50
1.404000 0.085000 2.235000 50 50 50
1.435000 0.097000 2.207000 50 50 50
1.448000 0.103000 2.196000 50 50 50
1.428000 0.097000 2.243000 50 50 50
1.379000 0.073000 2.232000 50 50 50
1.409000 0.088000 2.249000 50 50 50
1.089000 0.159000 2.189000 50 50 50
1.076000 0.151000 2.233000 50 50 50
1.087000 0.170000 2.275000 50 50 50
1.079000 0.167000 2.313000 50 50 50
1.075000 0.162000 2.317000 50 50 50
1.100000 0.175000 2.205000 50 50 50
1.099000 0.174000 2.206000 50 50 50
1.093000 0.173000 2.247000 50 50 50
1.099000 0.186000 2.186000 50 50 50
1.099000 0.176000 2.189000 50 50 50
1.100000 0.176000 2.195000 50 50 50
1.463000 0.197000 2.280000 50 50 50
1.449000 0.213000 2.178000 50 50 50
1.466000 0.207000 2.270000 50 50 50
1.470000 0.206000 2.293000 50 50 50
1.458000 0.217000 2.210000 50 50 50
1.453000 0.216000 2.186000 50 50 50
0.901000 0.068000 2.226000 50 50 50
0.899000 0.072000 2.315000 50 50 50
0.913000 0.064000 2.220000 50 50 50
0.946000 0.056000 2.279000 50 50 50
0.930000 0.058000 2.221000 50 50 50
0.912000 0.065000 2.240000 50 50 50
0.924000 0.061000 2.234000 50 50 50
0.953000 0.053000 2.268000 50 50 50
0.914000 0.063000 2.221000 50 50 50
0.934000 0.060000 2.293000 50 50 50
0.904000 0.068000 2.250000 50 50 50
0.954000 0.053000 2.257000 50 50 50
0.949000 0.056000 2.317000 50 50 50
0.898000 0.070000 2.271000 50 50 50
0.940000 0.056000 2.247000 50 50 50
0.916000 0.065000 2.285000 50 50 50
0.911000 0.068000 2.305000 50 50 50
0.899000 0.067000 2.201000 50 50 50
0.937000 0.059000 2.277000 50 50 50
0.935000 0.060000 2.296000 50 50 50
0.931000 0.060000 2.272000 50 50 50
0.902000 0.066000 2.200000 50 50 50
0.887000 0.092000 2.229000 50 50 50
0.886000 0.094000 2.214000 50 50 50
0.889000 0.085000 2.222000 50 50 50
0.884000 0.097000 2.212000 50 50 50
0.882000 0.105000 2.261000 50 50 50
0.884000 0.102000 2.285000 50 50 50
0.894000 0.074000 2.298000 50 50 50
0.880000 0.109000 2.196000 50 50 50
0.885000 0.100000 2.315000 50 50 50
0.888000 0.090000 2.254000 50 50 50
0.882000 0.133000 2.221000 50 50 50
0.897000 0.143000 2.288000 50 50 50
0.884000 0.113000 2.287000 50 50 50
0.881000 0.113000 2.270000 50 50 50
0.889000 0.136000 2.260000 50 50 50
0.887000 0.123000 2.276000 50 50 50
0.887000 0.105000 2.326000 50 50 50
0.879000 0.131000 2.211000 50 50 50
0.997000 0.055000 2.303000 50 50 50
0.978000 0.059000 2.248000 50 50 50
0.979000 0.049000 2.310000 50 50 50
0.959000 0.061000 2.201000 50 50 50
0.995000 0.067000 2.219000 50 50 50
0.966000 0.061000 2.209000 50 50 50
0.975000 0.058000 2.245000 50 50 50
0.982000 0.056000 2.270000 50 50 50
0.988000 0.061000 2.249000 50 50 50
1.466000 0.059000 2.239000 50 50 50
1.470000 0.090000 2.185000 50 50 50
1.461000 0.069000 2.306000 50 50 50
1.466000 0.077000 2.238000 50 50 50
1.465000 0.065000 2.247000 50 50 50
1.461000 0.076000 2.297000 50 50 50
1.469000 0.075000 2.200000 50 50 50
0.529000 0.026000 2.245000 50 50 50
0.555000 0.024000 2.327000 50 50 50
0.569000 0.026000 2.307000 50 50 50
0.527000 0.026000 2.232000 50 50 50
0.545000 0.025000 2.281000 50 50 50
0.517000 0.023000 2.294000 50 50 50
0.565000 0.027000 2.266000 50 50 50
0.520000 0.023000 2.290000 50 50 50
0.575000 0.026000 2.305000 50 50 50
0.653000 0.037000 2.214000 50 50 50
0.690000 0.039000 2.232000 50 50 50
0.656000 0.032000 2.323000 50 50 50
0.583000 0.030000 2.225000 50 50 50
0.625000 0.031000 2.294000 50 50 50
0.688000 0.034000 2.325000 50 50 50
0.676000 0.035000 2.274000 50 50 50
0.617000 0.029000 2.315000 50 50 50
0.612000 0.031000 2.264000 50 50 50
0.579000 0.028000 2.280000 50 50 50
0.588000 0.030000 2.247000 50 50 50
0.688000 0.037000 2.268000 50 50 50
0.703000 0.038000 2.265000 50 50 50
0.739000 0.040000 2.291000 50 50 50
0.703000 0.036000 2.308000 50 50 50
0.624000 0.030000 2.305000 50 50 50
0.705000 0.037000 2.278000 50 50 50
0.628000 0.031000 2.299000 50 50 50
0.627000 0.030000 2.311000 50 50 50
0.616000 0.031000 2.273000 50 50 50
0.614000 0.033000 2.224000 50 50 50
0.705000 0.039000 2.253000 50 50 50
0.664000 0.035000 2.268000 50 50 50
0.634000 0.032000 2.280000 50 50 50
0.608000 0.032000 2.226000 50 50 50
0.648000 0.034000 2.261000 50 50 50
0.700000 0.037000 2.275000 50 50 50
0.679000 0.036000 2.271000 50 50 50
0.588000 0.031000 2.219000 50 50 50
0.683000 0.038000 2.236000 50 50 50
0.648000 0.035000 2.241000 50 50 50
0.765000 0.039000 2.305000 50 50 50
1.617000 0.171000 2.182000 50 50 50
1.624000 0.135000 2.170000 50 50 50
1.622000 0.161000 2.195000 50 50 50
1.618000 0.179000 2.197000 50 50 50
1.645000 0.103000 2.235000 50 50 50
1.645000 0.123000 2.258000 50 50 50
0.268000 0.166000 2.253000 50 50 50
0.278000 0.193000 2.275000 50 50 50
0.270000 0.169000 2.238000 50 50 50
0.278000 0.184000 2.207000 50 50 50
1.159000 0.070000 2.294000 50 50 50
1.152000 0.073000 2.316000 50 50 50
1.155000 0.072000 2.292000 50 50 50
1.146000 0.077000 2.247000 50 50 50
1.133000 0.083000 2.264000 50 50 50
0.847000 0.134000 2.282000 50 50 50
0.852000 0.136000 2.275000 50 50 50
0.846000 0.134000 2.283000 50 50 50
0.856000 0.137000 2.291000 50 50 50
0.836000 0.131000 2.281000 50 50 50
0.901000 0.152000 2.294000 50 50 50
0.878000 0.144000 2.295000 50 50 50
0.897000 0.151000 2.291000 50 50 50
0.843000 0.123000 2.258000 50 50 50
1.106000 0.148000 2.230000 50 50 50
1.107000 0.155000 2.228000 50 50 50
1.099000 0.178000 2.221000 50 50 50
1.102000 0.173000 2.228000 50 50 50
1.112000 0.115000 2.197000 50 50 50
1.113000 0.115000 2.223000 50 50 50
1.117000 0.103000 2.243000 50 50 50
1.109000 0.140000 2.245000 50 50 50
1.114000 0.115000 2.226000 50 50 50
1.119000 0.097000 2.237000 50 50 50
1.119000 0.113000 2.315000 50 50 50
1.310000 0.078000 2.272000 50 50 50
1.312000 0.076000 2.257000 50 50 50
1.302000 0.100000 2.224000 50 50 50
1.310000 0.074000 2.296000 50 50 50
1.310000 0.074000 2.300000 50 50 50
1.311000 0.071000 2.297000 50 50 50
1.317000 0.062000 2.274000 50 50 50
1.328000 0.035000 2.325000 50 50 50
0.868000 0.142000 2.226000 50 50 50
0.870000 0.142000 2.240000 50 50 50
0.609000 0.207000 2.312000 50 50 50
0.608000 0.208000 2.303000 50 50 50
1.369000 0.206000 2.404000 50 50 50
1.386000 0.224000 2.418000 50 50 50
1.385000 0.228000 2.454000 50 50 50
1.374000 0.201000 2.338000 50 50 50
1.383000 0.227000 2.344000 50 50 50
1.525000 0.217000 2.390000 50 50 50
1.499000 0.218000 2.343000 50 50 50
1.536000 0.217000 2.397000 50 50 50
1.532000 0.217000 2.343000 50 50 50
1.504000 0.218000 2.396000 50 50 50
1.499000 0.218000 2.374000 50 50 50
1.514000 0.218000 2.470000 50 50 50
1.515000 0.218000 2.412000 50 50 50
1.536000 0.217000 2.342000 50 50 50
1.527000 0.217000 2.357000 50 50 50
1.525000 0.218000 2.471000 50 50 50
1.587000 0.207000 2.456000 50 50 50
1.591000 0.203000 2.464000 50 50 50
1.538000 0.220000 2.457000 50 50 50
1.603000 0.206000 2.445000 50 50 50
1.611000 0.209000 2.432000 50 50 50
1.571000 0.221000 2.427000 50 50 50
1.626000 0.197000 2.457000 50 50 50
1.607000 0.213000 2.425000 50 50 50
1.579000 0.221000 2.361000 50 50 50
1.526000 0.218000 2.447000 50 50 50
1.583000 0.222000 2.379000 50 50 50
1.597000 0.222000 2.349000 50 50 50
1.531000 0.218000 2.421000 50 50 50
1.553000 0.218000 2.372000 50 50 50
1.636000 0.203000 2.376000 50 50 50
1.612000 0.222000 2.368000 50 50 50
1.617000 0.221000 2.383000 50 50 50
1.667000 0.196000 2.435000 50 50 50
1.671000 0.197000 2.447000 50 50 50
1.655000 0.191000 2.395000 50 50 50
1.673000 0.198000 2.456000 50 50 50
1.668000 0.197000 2.458000 50 50 50
1.668000 0.195000 2.414000 50 50 50
1.658000 0.190000 2.351000 50 50 50
1.655000 0.190000 2.363000 50 50 50
1.699000 0.200000 2.352000 50 50 50
1.686000 0.198000 2.370000 50 50 50
1.655000 0.190000 2.366000 50 50 50
1.672000 0.195000 2.387000 50 50 50
1.669000 0.193000 2.367000 50 50 50
1.681000 0.196000 2.360000 50 50 50
1.707000 0.204000 2.411000 50 50 50
1.705000 0.203000 2.406000 50 50 50
0.420000 0.231000 2.400000 50 50 50
0.428000 0.233000 2.360000 50 50 50
0.578000 0.220000 2.340000 50 50 50
0.553000 0.221000 2.398000 50 50 50
0.505000 0.227000 2.343000 50 50 50
0.480000 0.227000 2.433000 50 50 50
0.548000 0.221000 2.413000 50 50 50
0.542000 0.223000 2.372000 50 50 50
0.503000 0.225000 2.429000 50 50 50
0.529000 0.223000 2.411000 50 50 50
0.498000 0.227000 2.365000 50 50 50
0.436000 0.233000 2.359000 50 50 50
0.530000 0.223000 2.397000 50 50 50
0.587000 0.218000 2.396000 50 50 50
0.446000 0.231000 2.393000 50 50 50
0.539000 0.223000 2.382000 50 50 50
0.515000 0.225000 2.393000 50 50 50
0.460000 0.231000 2.359000 50 50 50
0.586000 0.219000 2.388000 50 50 50
0.550000 0.223000 2.333000 50 50 50
0.538000 0.224000 2.348000 50 50 50
0.603000 0.218000 2.358000 50 50 50
0.488000 0.228000 2.362000 50 50 50
0.546000 0.223000 2.338000 50 50 50
0.437000 0.231000 2.413000 50 50 50
0.474000 0.228000 2.431000 50 50 50
0.512000 0.225000 2.382000 50 50 50
0.447000 0.231000 2.403000 50 50 50
0.603000 0.217000 2.375000 50 50 50
0.544000 0.222000 2.399000 50 50 50
0.443000 0.231000 2.408000 50 50 50
0.502000 0.227000 2.366000 50 50 50
0.529000 0.223000 2.416000 50 50 50
0.611000 0.216000 2.361000 50 50 50
0.592000 0.223000 2.466000 50 50 50
0.594000 0.225000 2.483000 50 50 50
0.590000 0.233000 2.535000 50 50 50
0.703000 0.225000 2.534000 50 50 50
0.707000 0.228000 2.559000 50 50 50
0.625000 0.219000 2.458000 50 50 50
0.715000 0.228000 2.563000 50 50 50
0.631000 0.228000 2.522000 50 50 50
0.722000 0.225000 2.546000 50 50 50
0.568000 0.225000 2.471000 50 50 50
0.776000 0.233000 2.620000 50 50 50
0.657000 0.218000 2.467000 50 50 50
0.633000 0.219000 2.460000 50 50 50
0.752000 0.234000 2.617000 50 50 50
0.700000 0.232000 2.579000 50 50 50
0.645000 0.228000 2.529000 50 50 50
0.583000 0.231000 2.520000 50 50 50
0.719000 0.226000 2.548000 50 50 50
0.711000 0.233000 2.594000 50 50 50
0.643000 0.226000 2.511000 50 50 50
0.480000 0.232000 2.475000 50 50 50
0.646000 0.217000 2.454000 50 50 50
0.553000 0.233000 2.518000 50 50 50
0.752000 0.229000 2.584000 50 50 50
0.594000 0.224000 2.477000 50 50 50
0.810000 0.234000 2.648000 50 50 50
0.592000 0.218000 2.435000 50 50 50
0.610000 0.220000 2.455000 50 50 50
0.592000 0.228000 2.503000 50 50 50
0.661000 0.225000 2.512000 50 50 50
0.592000 0.223000 2.467000 50 50 50
0.757000 0.233000 2.611000 50 50 50
0.446000 0.232000 2.461000 50 50 50
0.668000 0.230000 2.551000 50 50 50
0.777000 0.232000 2.615000 50 50 50
0.601000 0.244000 2.583000 50 50 50
0.636000 0.235000 2.568000 50 50 50
0.760000 0.238000 2.640000 50 50 50
0.525000 0.239000 2.525000 50 50 50
0.530000 0.238000 2.524000 50 50 50
0.666000 0.240000 2.603000 50 50 50
0.635000 0.235000 2.568000 50 50 50
0.469000 0.236000 2.485000 50 50 50
0.535000 0.243000 2.545000 50 50 50
0.498000 0.236000 2.503000 50 50 50
0.790000 0.238000 2.657000 50 50 50
0.442000 0.234000 2.468000 50 50 50
0.734000 0.251000 2.767000 50 50 50
0.655000 0.248000 2.658000 50 50 50
0.609000 0.249000 2.628000 50 50 50
0.748000 0.247000 2.740000 50 50 50
0.867000 0.248000 2.862000 50 50 50
0.766000 0.252000 2.816000 50 50 50
0.750000 0.253000 2.808000 50 50 50
0.859000 0.248000 2.855000 50 50 50
0.737000 0.252000 2.786000 50 50 50
0.745000 0.249000 2.764000 50 50 50
0.621000 0.248000 2.627000 50 50 50
0.765000 0.249000 2.775000 50 50 50
0.690000 0.252000 2.746000 50 50 50
0.757000 0.252000 2.806000 50 50 50
0.907000 0.247000 2.886000 50 50 50
0.683000 0.248000 2.691000 50 50 50
0.679000 0.250000 2.706000 50 50 50
0.788000 0.251000 2.823000 50 50 50
0.672000 0.249000 2.690000 50 50 50
0.624000 0.249000 2.651000 50 50 50
0.710000 0.253000 2.768000 50 50 50
0.660000 0.246000 2.644000 50 50 50
0.728000 0.247000 2.717000 50 50 50
0.761000 0.244000 2.712000 50 50 50
0.578000 0.248000 2.585000 50 50 50
0.667000 0.246000 2.652000 50 50 50
0.722000 0.244000 2.679000 50 50 50
0.744000 0.244000 2.701000 50 50 50
0.718000 0.246000 2.695000 50 50 50
0.667000 0.244000 2.634000 50 50 50
0.705000 0.244000 2.659000 50 50 50
0.817000 0.238000 2.673000 50 50 50
0.727000 0.242000 2.646000 50 50 50
0.761000 0.241000 2.663000 50 50 50
0.712000 0.243000 2.651000 50 50 50
0.735000 0.241000 2.646000 50 50 50
0.809000 0.238000 2.675000 50 50 50
0.724000 0.242000 2.644000 50 50 50
0.682000 0.243000 2.625000 50 50 50
0.727000 0.242000 2.643000 50 50 50
0.654000 0.245000 2.622000 50 50 50
1.273000 0.236000 2.461000 50 50 50
1.357000 0.234000 2.484000 50 50 50
1.262000 0.237000 2.470000 50 50 50
1.333000 0.234000 2.490000 50 50 50
1.360000 0.234000 2.465000 50 50 50
1.314000 0.235000 2.459000 50 50 50
1.268000 0.236000 2.557000 50 50 50
1.268000 0.236000 2.492000 50 50 50
1.330000 0.234000 2.515000 50 50 50
1.258000 0.240000 2.353000 50 50 50
1.335000 0.237000 2.387000 50 50 50
1.368000 0.234000 2.459000 50 50 50
1.330000 0.237000 2.400000 50 50 50
1.308000 0.237000 2.411000 50 50 50
1.288000 0.236000 2.433000 50 50 50
1.262000 0.239000 2.391000 50 50 50
1.366000 0.238000 2.368000 50 50 50
1.260000 0.239000 2.391000 50 50 50
1.257000 0.237000 2.427000 50 50 50
1.259000 0.238000 2.418000 50 50 50
1.272000 0.238000 2.390000 50 50 50
1.281000 0.236000 2.432000 50 50 50
1.290000 0.239000 2.359000 50 50 50
1.302000 0.237000 2.419000 50 50 50
1.384000 0.236000 2.405000 50 50 50
1.361000 0.237000 2.371000 50 50 50
1.260000 0.237000 2.420000 50 50 50
1.288000 0.239000 2.377000 50 50 50
1.332000 0.235000 2.438000 50 50 50
1.339000 0.239000 2.356000 50 50 50
1.366000 0.235000 2.417000 50 50 50
1.329000 0.237000 2.556000 50 50 50
1.276000 0.237000 2.585000 50 50 50
1.308000 0.235000 2.544000 50 50 50
1.361000 0.242000 2.622000 50 50 50
1.375000 0.235000 2.514000 50 50 50
1.324000 0.240000 2.614000 50 50 50
1.330000 0.237000 2.569000 50 50 50
1.308000 0.237000 2.580000 50 50 50
1.344000 0.235000 2.527000 50 50 50
1.301000 0.236000 2.555000 50 50 50
1.343000 0.241000 2.618000 50 50 50
1.359000 0.240000 2.595000 50 50 50
1.303000 0.249000 2.660000 50 50 50
1.360000 0.244000 2.637000 50 50 50
1.346000 0.258000 2.708000 50 50 50
1.347000 0.244000 2.633000 50 50 50
1.336000 0.250000 2.664000 50 50 50
1.296000 0.241000 2.620000 50 50 50
1.328000 0.254000 2.686000 50 50 50
1.272000 0.241000 2.620000 50 50 50
1.314000 0.252000 2.678000 50 50 50
1.362000 0.245000 2.642000 50 50 50
1.357000 0.246000 2.647000 50 50 50
1.331000 0.241000 2.620000 50 50 50
1.335000 0.251000 2.673000 50 50 50
1.316000 0.242000 2.622000 50 50 50
1.298000 0.251000 2.669000 50 50 50
1.264000 0.241000 2.616000 50 50 50
1.299000 0.251000 2.669000 50 50 50
0.368000 0.186000 2.422000 50 50 50
0.362000 0.186000 2.401000 50 50 50
0.341000 0.187000 2.434000 50 50 50
0.336000 0.187000 2.436000 50 50 50
0.400000 0.188000 2.501000 50 50 50
0.407000 0.188000 2.502000 50 50 50
1.398000 0.084000 2.386000 50 50 50
1.433000 0.062000 2.445000 50 50 50
1.437000 0.059000 2.457000 50 50 50
1.405000 0.081000 2.389000 50 50 50
1.408000 0.077000 2.404000 50 50 50
1.409000 0.078000 2.398000 50 50 50
1.400000 0.091000 2.342000 50 50 50
1.451000 0.068000 2.381000 50 50 50
1.457000 0.075000 2.333000 50 50 50
0.988000 0.178000 2.773000 50 50 50
0.727000 0.201000 2.518000 50 50 50
0.915000 0.188000 2.704000 50 50 50
0.911000 0.184000 2.697000 50 50 50
0.702000 0.200000 2.492000 50 50 50
0.859000 0.178000 2.639000 50 50 50
1.008000 0.178000 2.793000 50 50 50
0.772000 0.200000 2.566000 50 50 50
0.931000 0.182000 2.717000 50 50 50
0.725000 0.202000 2.518000 50 50 50
0.993000 0.177000 2.777000 50 50 50
0.814000 0.194000 2.604000 50 50 50
0.823000 0.186000 2.608000 50 50 50
0.824000 0.196000 2.616000 50 50 50
0.940000 0.224000 2.760000 50 50 50
0.842000 0.218000 2.652000 50 50 50
0.741000 0.219000 2.548000 50 50 50
0.950000 0.216000 2.764000 50 50 50
0.764000 0.212000 2.566000 50 50 50
0.916000 0.200000 2.716000 50 50 50
0.812000 0.222000 2.624000 50 50 50
0.886000 0.200000 2.683000 50 50 50
0.957000 0.202000 2.760000 50 50 50
0.931000 0.221000 2.748000 50 50 50
0.966000 0.214000 2.779000 50 50 50
1.035000 0.189000 2.830000 50 50 50
0.964000 0.210000 2.773000 50 50 50
0.951000 0.196000 2.749000 50 50 50
0.972000 0.198000 2.772000 50 50 50
0.928000 0.209000 2.734000 50 50 50
0.782000 0.207000 2.581000 50 50 50
0.741000 0.218000 2.548000 50 50 50
1.032000 0.183000 2.822000 50 50 50
0.964000 0.197000 2.763000 50 50 50
1.695000 0.234000 2.921000 50 50 50
1.711000 0.207000 2.660000 50 50 50
1.707000 0.213000 2.596000 50 50 50
1.698000 0.229000 2.901000 50 50 50
1.704000 0.218000 2.835000 50 50 50
1.712000 0.205000 2.602000 50 50 50
1.707000 0.213000 2.808000 50 50 50
1.700000 0.225000 2.827000 50 50 50
1.705000 0.217000 2.820000 50 50 50
1.704000 0.218000 2.701000 50 50 50
1.707000 0.212000 2.699000 50 50 50
1.703000 0.220000 2.814000 50 50 50
1.706000 0.215000 2.879000 50 50 50
1.709000 0.210000 2.534000 50 50 50
1.705000 0.217000 2.877000 50 50 50
1.062000 0.155000 2.361000 50 50 50
1.483000 0.200000 2.372000 50 50 50
1.486000 0.211000 2.355000 50 50 50
1.489000 0.204000 2.389000 50 50 50
1.473000 0.193000 2.341000 50 50 50
1.407000 0.219000 2.437000 50 50 50
1.391000 0.205000 2.403000 50 50 50
1.481000 0.192000 2.381000 50 50 50
1.490000 0.203000 2.419000 50 50 50
1.476000 0.202000 2.411000 50 50 50
1.417000 0.229000 2.471000 50 50 50
1.490000 0.218000 2.465000 50 50 50
1.487000 0.214000 2.452000 50 50 50
1.452000 0.219000 2.453000 50 50 50
1.462000 0.217000 2.453000 50 50 50
1.440000 0.226000 2.534000 50 50 50
1.442000 0.226000 2.564000 50 50 50
1.414000 0.229000 2.569000 50 50 50
1.424000 0.228000 2.517000 50 50 50
1.408000 0.229000 2.596000 50 50 50
1.416000 0.229000 2.550000 50 50 50
1.450000 0.226000 2.488000 50 50 50
0.804000 0.239000 2.692000 50 50 50
0.844000 0.237000 2.684000 50 50 50
0.848000 0.238000 2.721000 50 50 50
0.872000 0.237000 2.722000 50 50 50
0.834000 0.238000 2.695000 50 50 50
0.908000 0.235000 2.740000 50 50 50
0.797000 0.240000 2.698000 50 50 50
0.763000 0.246000 2.745000 50 50 50
0.827000 0.246000 2.803000 50 50 50
0.797000 0.245000 2.759000 50 50 50
0.813000 0.246000 2.788000 50 50 50
0.851000 0.246000 2.824000 50 50 50
0.852000 0.246000 2.828000 50 50 50
0.905000 0.241000 2.813000 50 50 50
0.862000 0.244000 2.813000 50 50 50
0.860000 0.246000 2.833000 50 50 50
0.902000 0.246000 2.875000 50 50 50
0.931000 0.242000 2.850000 50 50 50
0.853000 0.245000 2.812000 50 50 50
0.924000 0.239000 2.816000 50 50 50
0.857000 0.243000 2.799000 50 50 50
0.872000 0.245000 2.837000 50 50 50
0.908000 0.243000 2.844000 50 50 50
0.912000 0.244000 2.862000 50 50 50
0.975000 0.052000 2.402000 50 50 50
0.949000 0.057000 2.338000 50 50 50
0.907000 0.074000 2.428000 50 50 50
0.912000 0.069000 2.337000 50 50 50
0.943000 0.062000 2.410000 50 50 50
0.923000 0.068000 2.415000 50 50 50
0.917000 0.068000 2.358000 50 50 50
0.977000 0.048000 2.339000 50 50 50
0.933000 0.065000 2.403000 50 50 50
0.942000 0.059000 2.338000 50 50 50
0.964000 0.056000 2.413000 50 50 50
0.986000 0.046000 2.360000 50 50 50
0.951000 0.060000 2.432000 50 50 50
0.957000 0.055000 2.353000 50 50 50
0.972000 0.051000 2.354000 50 50 50
0.986000 0.049000 2.411000 50 50 50
0.941000 0.062000 2.404000 50 50 50
0.890000 0.087000 2.335000 50 50 50
0.893000 0.079000 2.358000 50 50 50
0.892000 0.084000 2.414000 50 50 50
0.887000 0.095000 2.340000 50 50 50
0.913000 0.126000 2.426000 50 50 50
0.904000 0.109000 2.418000 50 50 50
0.900000 0.115000 2.377000 50 50 50
0.910000 0.122000 2.423000 50 50 50
0.897000 0.122000 2.339000 50 50 50
0.904000 0.140000 2.335000 50 50 50
0.916000 0.152000 2.375000 50 50 50
0.892000 0.094000 2.388000 50 50 50
0.917000 0.151000 2.385000 50 50 50
0.905000 0.106000 2.433000 50 50 50
0.909000 0.114000 2.434000 50 50 50
0.962000 0.237000 2.854000 50 50 50
0.951000 0.240000 2.885000 50 50 50
0.987000 0.232000 2.884000 50 50 50
0.949000 0.240000 2.862000 50 50 50
0.933000 0.244000 2.885000 50 50 50
0.981000 0.233000 2.868000 50 50 50
0.978000 0.234000 2.824000 50 50 50
0.978000 0.234000 2.875000 50 50 50
1.453000 0.060000 2.407000 50 50 50
0.888000 0.234000 2.717000 50 50 50
0.852000 0.239000 2.745000 50 50 50
0.816000 0.242000 2.745000 50 50 50
0.785000 0.244000 2.740000 50 50 50
0.933000 0.237000 2.792000 50 50 50
0.532000 0.023000 2.370000 50 50 50
0.582000 0.024000 2.450000 50 50 50
0.495000 0.025000 2.409000 50 50 50
0.528000 0.024000 2.405000 50 50 50
0.501000 0.024000 2.391000 50 50 50
0.551000 0.023000 2.399000 50 50 50
0.502000 0.023000 2.364000 50 50 50
0.536000 0.024000 2.401000 50 50 50
0.563000 0.024000 2.349000 50 50 50
0.592000 0.025000 2.369000 50 50 50
0.531000 0.022000 2.333000 50 50 50
0.575000 0.025000 2.342000 50 50 50
0.569000 0.024000 2.352000 50 50 50
0.577000 0.024000 2.376000 50 50 50
0.574000 0.025000 2.349000 50 50 50
0.557000 0.023000 2.370000 50 50 50
0.709000 0.035000 2.342000 50 50 50
0.680000 0.031000 2.387000 50 50 50
0.639000 0.028000 2.376000 50 50 50
0.670000 0.032000 2.341000 50 50 50
0.623000 0.027000 2.376000 50 50 50
0.673000 0.032000 2.350000 50 50 50
0.617000 0.028000 2.347000 50 50 50
0.638000 0.029000 2.363000 50 50 50
0.624000 0.025000 2.416000 50 50 50
0.699000 0.034000 2.357000 50 50 50
0.648000 0.028000 2.406000 50 50 50
0.648000 0.029000 2.380000 50 50 50
0.688000 0.032000 2.370000 50 50 50
0.624000 0.027000 2.386000 50 50 50
0.656000 0.031000 2.335000 50 50 50
0.751000 0.031000 2.386000 50 50 50
0.731000 0.032000 2.376000 50 50 50
0.731000 0.025000 2.453000 50 50 50
0.750000 0.033000 2.370000 50 50 50
0.662000 0.024000 2.459000 50 50 50
0.725000 0.031000 2.393000 50 50 50
0.657000 0.025000 2.445000 50 50 50
0.669000 0.029000 2.414000 50 50 50
0.755000 0.036000 2.341000 50 50 50
0.745000 0.030000 2.402000 50 50 50
0.708000 0.028000 2.423000 50 50 50
0.711000 0.035000 2.352000 50 50 50
0.693000 0.030000 2.401000 50 50 50
0.738000 0.022000 2.477000 50 50 50
0.764000 0.036000 2.339000 50 50 50
0.739000 0.023000 2.475000 50 50 50
0.706000 0.025000 2.451000 50 50 50
0.756000 0.035000 2.351000 50 50 50
0.274000 0.189000 2.352000 50 50 50
1.164000 0.067000 2.374000 50 50 50
1.152000 0.072000 2.426000 50 50 50
1.148000 0.075000 2.377000 50 50 50
1.169000 0.065000 2.338000 50 50 50
1.163000 0.068000 2.365000 50 50 50
1.145000 0.076000 2.380000 50 50 50
1.163000 0.068000 2.349000 50 50 50
0.641000 0.173000 2.390000 50 50 50
0.764000 0.148000 2.395000 50 50 50
0.639000 0.186000 2.402000 50 50 50
0.775000 0.138000 2.388000 50 50 50
0.654000 0.198000 2.416000 50 50 50
0.632000 0.156000 2.372000 50 50 50
0.647000 0.150000 2.370000 50 50 50
0.758000 0.140000 2.386000 50 50 50
0.664000 0.169000 2.391000 50 50 50
0.724000 0.157000 2.394000 50 50 50
0.757000 0.140000 2.386000 50 50 50
0.791000 0.130000 2.384000 50 50 50
0.764000 0.141000 2.388000 50 50 50
0.683000 0.174000 2.400000 50 50 50
0.670000 0.170000 2.394000 50 50 50
0.642000 0.192000 2.408000 50 50 50
0.653000 0.163000 2.383000 50 50 50
0.644000 0.170000 2.388000 50 50 50
0.656000 0.149000 2.372000 50 50 50
0.813000 0.131000 2.389000 50 50 50
0.832000 0.150000 2.404000 50 50 50
0.791000 0.180000 2.420000 50 50 50
0.839000 0.139000 2.397000 50 50 50
0.726000 0.168000 2.404000 50 50 50
0.770000 0.157000 2.402000 50 50 50
0.880000 0.147000 2.407000 50 50 50
0.841000 0.151000 2.406000 50 50 50
0.843000 0.156000 2.409000 50 50 50
0.830000 0.131000 2.391000 50 50 50
0.740000 0.161000 2.401000 50 50 50
0.817000 0.170000 2.416000 50 50 50
0.913000 0.157000 2.418000 50 50 50
0.873000 0.158000 2.414000 50 50 50
0.844000 0.166000 2.416000 50 50 50
0.827000 0.165000 2.414000 50 50 50
0.692000 0.196000 2.419000 50 50 50
0.902000 0.152000 2.336000 50 50 50
0.863000 0.139000 2.338000 50 50 50
0.897000 0.150000 2.378000 50 50 50
0.885000 0.146000 2.398000 50 50 50
0.874000 0.143000 2.333000 50 50 50
0.716000 0.191000 2.530000 50 50 50
0.761000 0.182000 2.571000 50 50 50
0.732000 0.188000 2.542000 50 50 50
0.681000 0.193000 2.520000 50 50 50
0.633000 0.212000 2.432000 50 50 50
0.746000 0.184000 2.562000 50 50 50
0.679000 0.195000 2.511000 50 50 50
0.644000 0.205000 2.464000 50 50 50
0.671000 0.199000 2.490000 50 50 50
0.679000 0.192000 2.524000 50 50 50
0.678000 0.203000 2.474000 50 50 50
0.697000 0.196000 2.507000 50 50 50
0.711000 0.191000 2.527000 50 50 50
0.668000 0.192000 2.522000 50 50 50
0.664000 0.195000 2.508000 50 50 50
1.127000 0.087000 2.348000 50 50 50
1.132000 0.203000 2.415000 50 50 50
1.218000 0.235000 2.423000 50 50 50
1.138000 0.220000 2.420000 50 50 50
1.195000 0.229000 2.422000 50 50 50
1.123000 0.215000 2.419000 50 50 50
1.324000 0.040000 2.335000 50 50 50
0.621000 0.211000 2.394000 50 50 50
0.616000 0.204000 2.368000 50 50 50
0.606000 0.166000 2.358000 50 50 50
0.614000 0.193000 2.376000 50 50 50
0.616000 0.206000 2.364000 50 50 50
0.614000 0.203000 2.356000 50 50 50
0.616000 0.209000 2.361000 50 50 50
1.179000 0.206000 2.353000 50 50 50
1.136000 0.188000 2.394000 50 50 50
1.111000 0.177000 2.378000 50 50 50
1.190000 0.213000 2.397000 50 50 50
1.174000 0.205000 2.383000 50 50 50
1.156000 0.197000 2.375000 50 50 50
1.235000 0.231000 2.339000 50 50 50
1.139000 0.191000 2.410000 50 50 50
1.098000 0.172000 2.402000 50 50 50
1.155000 0.197000 2.375000 50 50 50
1.112000 0.177000 2.381000 50 50 50
1.101000 0.173000 2.397000 50 50 50
1.235000 0.233000 2.400000 50 50 50
1.175000 0.205000 2.372000 50 50 50
1.372000 0.142000 2.384000 50 50 50
1.391000 0.177000 2.376000 50 50 50
1.391000 0.108000 2.387000 50 50 50
1.460000 0.179000 2.368000 50 50 50
1.431000 0.159000 2.374000 50 50 50
1.408000 0.166000 2.376000 50 50 50
1.423000 0.170000 2.374000 50 50 50
1.669000 0.212000 2.961000 50 50 50
1.695000 0.229000 2.939000 50 50 50
1.369000 0.200000 1.982000 50 50 50
1.371000 0.191000 2.003000 50 50 50
1.369000 0.187000 1.986000 50 50 50
1.365000 0.161000 1.963000 50 50 50
1.363000 0.161000 1.949000 50 50 50
1.363000 0.240000 1.894000 50 50 50
1.364000 0.150000 1.969000 50 50 50
1.368000 0.207000 1.964000 50 50 50
1.363000 0.223000 1.912000 50 50 50
1.365000 0.225000 1.929000 50 50 50
1.367000 0.217000 1.948000 50 50 50
1.376000 0.175000 2.111000 50 50 50
1.372000 0.203000 2.041000 50 50 50
1.372000 0.189000 2.029000 50 50 50
1.369000 0.211000 1.977000 50 50 50
1.373000 0.227000 2.105000 50 50 50
1.375000 0.172000 2.072000 50 50 50
1.371000 0.228000 2.047000 50 50 50
1.371000 0.218000 2.035000 50 50 50
1.368000 0.224000 1.955000 50 50 50
1.374000 0.205000 2.095000 50 50 50
1.376000 0.199000 2.129000 50 50 50
1.367000 0.248000 1.975000 50 50 50
1.371000 0.203000 2.005000 50 50 50
1.369000 0.223000 2.000000 50 50 50
1.374000 0.231000 2.115000 50 50 50
1.373000 0.222000 2.087000 50 50 50
1.374000 0.173000 2.051000 50 50 50
1.372000 0.152000 2.007000 50 50 50
1.375000 0.143000 1.953000 50 50 50
1.409000 0.155000 1.989000 50 50 50
1.382000 0.141000 1.935000 50 50 50
1.379000 0.142000 1.947000 50 50 50
1.463000 0.150000 1.907000 50 50 50
1.433000 0.157000 1.974000 50 50 50
1.430000 0.158000 1.981000 50 50 50
1.488000 0.157000 1.909000 50 50 50
1.452000 0.177000 1.992000 50 50 50
1.428000 0.196000 2.059000 50 50 50
1.437000 0.199000 2.052000 50 50 50
1.470000 0.168000 1.952000 50 50 50
1.445000 0.199000 2.042000 50 50 50
1.388000 0.174000 2.068000 50 50 50
1.432000 0.204000 2.068000 50 50 50
1.415000 0.200000 2.082000 50 50 50
1.400000 0.172000 2.049000 50 50 50
1.479000 0.159000 1.924000 50 50 50
1.433000 0.163000 1.989000 50 50 50
1.427000 0.209000 2.082000 50 50 50
1.419000 0.203000 2.083000 50 50 50
1.476000 0.166000 1.940000 50 50 50
1.426000 0.183000 2.037000 50 50 50
1.451000 0.165000 1.970000 50 50 50
1.390000 0.176000 2.069000 50 50 50
1.453000 0.209000 2.065000 50 50 50
1.437000 0.214000 2.083000 50 50 50
1.463000 0.205000 2.052000 50 50 50
1.515000 0.191000 2.006000 50 50 50
1.472000 0.181000 1.979000 50 50 50
1.466000 0.196000 2.025000 50 50 50
1.513000 0.160000 1.914000 50 50 50
1.507000 0.161000 1.917000 50 50 50
1.486000 0.176000 1.963000 50 50 50
1.553000 0.177000 1.962000 50 50 50
1.534000 0.183000 1.981000 50 50 50
1.527000 0.171000 1.946000 50 50 50
1.461000 0.201000 2.040000 50 50 50
1.466000 0.199000 2.035000 50 50 50
1.488000 0.182000 1.983000 50 50 50
1.497000 0.203000 2.065000 50 50 50
1.562000 0.190000 2.045000 50 50 50
1.554000 0.203000 2.126000 50 50 50
1.548000 0.200000 2.097000 50 50 50
1.479000 0.210000 2.093000 50 50 50
1.456000 0.215000 2.099000 50 50 50
1.563000 0.184000 2.011000 50 50 50
1.545000 0.203000 2.117000 50 50 50
1.565000 0.192000 2.066000 50 50 50
1.545000 0.200000 2.092000 50 50 50
1.564000 0.199000 2.111000 50 50 50
1.563000 0.192000 2.060000 50 50 50
1.557000 0.205000 2.138000 50 50 50
1.541000 0.187000 2.003000 50 50 50
1.553000 0.187000 2.017000 50 50 50
1.542000 0.204000 2.115000 50 50 50
1.456000 0.212000 2.081000 50 50 50
1.458000 0.213000 2.093000 50 50 50
1.571000 0.204000 2.149000 50 50 50
1.579000 0.197000 2.126000 50 50 50
1.598000 0.189000 2.138000 50 50 50
1.699000 0.189000 2.150000 50 50 50
1.681000 0.176000 2.133000 50 50 50
0.427000 0.236000 2.051000 50 50 50
0.476000 0.238000 1.977000 50 50 50
0.433000 0.231000 2.097000 50 50 50
0.435000 0.227000 2.142000 50 50 50
0.412000 0.231000 2.123000 50 50 50
0.435000 0.237000 2.035000 50 50 50
0.407000 0.229000 2.155000 50 50 50
0.395000 0.234000 2.104000 50 50 50
0.444000 0.231000 2.090000 50 50 50
0.406000 0.237000 2.060000 50 50 50
0.418000 0.241000 2.005000 50 50 50
0.418000 0.241000 2.005000 50 50 50
0.444000 0.230000 2.099000 50 50 50
0.442000 0.230000 2.107000 50 50 50
0.394000 0.241000 2.032000 50 50 50
0.450000 0.234000 2.162000 50 50 50
0.468000 0.235000 2.166000 50 50 50
0.460000 0.236000 2.146000 50 50 50
0.493000 0.234000 2.084000 50 50 50
0.489000 0.233000 2.136000 50 50 50
0.535000 0.229000 2.157000 50 50 50
0.494000 0.234000 2.113000 50 50 50
0.478000 0.237000 2.028000 50 50 50
0.473000 0.235000 2.131000 50 50 50
0.498000 0.235000 2.033000 50 50 50
0.522000 0.229000 2.183000 50 50 50
0.502000 0.233000 2.125000 50 50 50
0.459000 0.236000 2.137000 50 50 50
0.491000 0.235000 2.077000 50 50 50
0.539000 0.228000 2.178000 50 50 50
0.477000 0.236000 2.067000 50 50 50
0.482000 0.233000 2.176000 50 50 50
0.512000 0.231000 2.142000 50 50 50
0.544000 0.228000 2.167000 50 50 50
0.490000 0.236000 2.009000 50 50 50
0.538000 0.228000 2.122000 50 50 50
0.524000 0.231000 2.096000 50 50 50
0.543000 0.228000 2.161000 50 50 50
0.502000 0.231000 2.007000 50 50 50
0.539000 0.221000 2.089000 50 50 50
0.557000 0.218000 2.139000 50 50 50
0.551000 0.204000 2.071000 50 50 50
0.530000 0.217000 2.050000 50 50 50
0.522000 0.224000 2.047000 50 50 50
0.535000 0.225000 2.090000 50 50 50
0.511000 0.228000 2.024000 50 50 50
0.522000 0.226000 2.053000 50 50 50
0.567000 0.207000 2.132000 50 50 50
0.569000 0.203000 2.123000 50 50 50
0.539000 0.219000 2.084000 50 50 50
0.571000 0.203000 2.129000 50 50 50
0.534000 0.213000 2.047000 50 50 50
0.558000 0.201000 2.081000 50 50 50
0.513000 0.227000 2.028000 50 50 50
1.334000 0.252000 1.897000 50 50 50
1.297000 0.252000 1.848000 50 50 50
1.295000 0.250000 1.856000 50 50 50
1.307000 0.254000 1.843000 50 50 50
1.334000 0.251000 1.900000 50 50 50
1.303000 0.246000 1.897000 50 50 50
1.260000 0.234000 1.934000 50 50 50
1.282000 0.243000 1.899000 50 50 50
1.293000 0.241000 1.958000 50 50 50
1.317000 0.248000 2.005000 50 50 50
1.267000 0.237000 2.107000 50 50 50
1.275000 0.237000 2.029000 50 50 50
1.297000 0.245000 2.102000 50 50 50
1.289000 0.244000 2.141000 50 50 50
1.271000 0.239000 2.149000 50 50 50
1.265000 0.236000 2.105000 50 50 50
1.279000 0.237000 1.957000 50 50 50
1.256000 0.235000 2.149000 50 50 50
1.250000 0.232000 2.066000 50 50 50
1.340000 0.253000 1.961000 50 50 50
1.269000 0.236000 2.060000 50 50 50
1.280000 0.241000 2.100000 50 50 50
1.294000 0.245000 2.142000 50 50 50
1.289000 0.243000 2.094000 50 50 50
1.339000 0.254000 1.994000 50 50 50
1.301000 0.245000 2.041000 50 50 50
1.302000 0.243000 1.971000 50 50 50
1.296000 0.241000 1.933000 50 50 50
1.288000 0.242000 2.063000 50 50 50
1.272000 0.237000 2.028000 50 50 50
1.279000 0.240000 2.105000 50 50 50
1.339000 0.253000 1.969000 50 50 50
1.284000 0.240000 2.029000 50 50 50
1.309000 0.247000 2.032000 50 50 50
1.268000 0.238000 2.148000 50 50 50
1.265000 0.236000 2.087000 50 50 50
1.266000 0.234000 1.984000 50 50 50
1.343000 0.254000 2.001000 50 50 50
1.332000 0.249000 2.119000 50 50 50
1.322000 0.249000 2.116000 50 50 50
1.326000 0.251000 2.068000 50 50 50
1.323000 0.251000 2.075000 50 50 50
1.360000 0.253000 2.013000 50 50 50
1.362000 0.257000 1.909000 50 50 50
1.359000 0.252000 2.026000 50 50 50
1.331000 0.251000 2.055000 50 50 50
1.356000 0.256000 1.938000 50 50 50
1.350000 0.249000 2.103000 50 50 50
1.335000 0.248000 2.128000 50 50 50
1.352000 0.248000 2.121000 50 50 50
1.364000 0.253000 2.013000 50 50 50
1.361000 0.247000 2.149000 50 50 50
1.337000 0.250000 2.086000 50 50 50
1.328000 0.085000 2.171000 50 50 50
1.323000 0.087000 2.176000 50 50 50
1.310000 0.108000 2.145000 50 50 50
1.314000 0.102000 2.150000 50 50 50
1.348000 0.128000 2.112000 50 50 50
1.352000 0.146000 2.091000 50 50 50
1.432000 0.102000 2.140000 50 50 50
1.459000 0.123000 2.121000 50 50 50
1.420000 0.121000 2.137000 50 50 50
1.420000 0.165000 2.118000 50 50 50
1.433000 0.190000 2.102000 50 50 50
1.371000 0.081000 2.173000 50 50 50
1.405000 0.109000 2.148000 50 50 50
1.398000 0.128000 2.142000 50 50 50
1.429000 0.117000 2.134000 50 50 50
1.419000 0.107000 2.143000 50 50 50
1.448000 0.115000 2.128000 50 50 50
1.411000 0.108000 2.146000 50 50 50
1.432000 0.193000 2.101000 50 50 50
1.457000 0.102000 2.140000 50 50 50
1.450000 0.100000 2.152000 50 50 50
1.415000 0.085000 2.172000 50 50 50
1.447000 0.100000 2.171000 50 50 50
1.465000 0.105000 2.131000 50 50 50
1.367000 0.086000 2.164000 50 50 50
1.394000 0.145000 2.127000 50 50 50
1.403000 0.160000 2.120000 50 50 50
1.402000 0.170000 2.102000 50 50 50
1.381000 0.156000 2.086000 50 50 50
1.402000 0.185000 2.082000 50 50 50
1.406000 0.173000 2.105000 50 50 50
1.382000 0.137000 2.115000 50 50 50
1.402000 0.183000 2.083000 50 50 50
1.088000 0.156000 2.174000 50 50 50
1.095000 0.173000 2.144000 50 50 50
1.091000 0.195000 2.110000 50 50 50
1.093000 0.162000 2.128000 50 50 50
1.109000 0.160000 2.057000 50 50 50
1.100000 0.193000 2.086000 50 50 50
1.120000 0.168000 2.039000 50 50 50
0.906000 0.064000 2.173000 50 50 50
0.917000 0.060000 2.165000 50 50 50
0.873000 0.128000 2.178000 50 50 50
0.875000 0.120000 2.157000 50 50 50
0.892000 0.072000 2.085000 50 50 50
0.883000 0.102000 2.190000 50 50 50
0.886000 0.089000 2.105000 50 50 50
0.887000 0.088000 2.129000 50 50 50
0.889000 0.080000 2.116000 50 50 50
0.874000 0.122000 2.122000 50 50 50
0.889000 0.081000 2.121000 50 50 50
0.883000 0.098000 2.162000 50 50 50
0.892000 0.074000 2.113000 50 50 50
0.888000 0.087000 2.175000 50 50 50
0.880000 0.106000 2.096000 50 50 50
0.901000 0.147000 1.998000 50 50 50
0.960000 0.123000 1.981000 50 50 50
0.842000 0.106000 1.980000 50 50 50
0.956000 0.147000 1.994000 50 50 50
0.878000 0.085000 1.967000 50 50 50
0.986000 0.147000 1.992000 50 50 50
0.972000 0.126000 1.982000 50 50 50
0.889000 0.076000 1.962000 50 50 50
0.821000 0.134000 1.996000 50 50 50
0.853000 0.095000 1.974000 50 50 50
0.848000 0.132000 1.993000 50 50 50
0.876000 0.131000 1.991000 50 50 50
0.812000 0.132000 1.996000 50 50 50
0.920000 0.140000 1.993000 50 50 50
0.905000 0.118000 1.982000 50 50 50
0.947000 0.062000 2.171000 50 50 50
0.959000 0.069000 2.142000 50 50 50
0.986000 0.074000 2.154000 50 50 50
0.972000 0.069000 2.163000 50 50 50
0.975000 0.073000 2.146000 50 50 50
0.947000 0.061000 2.182000 50 50 50
0.978000 0.075000 2.138000 50 50 50
0.990000 0.073000 2.165000 50 50 50
0.983000 0.076000 2.135000 50 50 50
0.976000 0.074000 2.135000 50 50 50
0.987000 0.149000 2.031000 50 50 50
0.970000 0.148000 2.026000 50 50 50
1.030000 0.150000 2.046000 50 50 50
1.026000 0.150000 2.042000 50 50 50
0.831000 0.138000 2.006000 50 50 50
0.951000 0.140000 2.047000 50 50 50
1.000000 0.148000 2.041000 50 50 50
1.070000 0.145000 2.077000 50 50 50
1.073000 0.145000 2.080000 50 50 50
0.869000 0.141000 2.085000 50 50 50
0.823000 0.136000 2.020000 50 50 50
0.838000 0.139000 2.068000 50 50 50
0.909000 0.141000 2.078000 50 50 50
0.921000 0.140000 2.067000 50 50 50
0.967000 0.141000 2.071000 50 50 50
0.890000 0.138000 2.047000 50 50 50
0.895000 0.138000 2.043000 50 50 50
0.946000 0.143000 2.098000 50 50 50
0.803000 0.135000 2.018000 50 50 50
0.889000 0.138000 2.036000 50 50 50
0.864000 0.138000 2.044000 50 50 50
0.870000 0.141000 2.083000 50 50 50
0.860000 0.137000 2.033000 50 50 50
0.830000 0.138000 2.053000 50 50 50
0.971000 0.056000 1.934000 50 50 50
0.951000 0.063000 1.945000 50 50 50
0.958000 0.069000 1.948000 50 50 50
0.959000 0.060000 1.941000 50 50 50
1.019000 0.114000 1.960000 50 50 50
0.959000 0.056000 1.939000 50 50 50
0.999000 0.089000 1.949000 50 50 50
0.982000 0.085000 1.951000 50 50 50
1.061000 0.164000 1.993000 50 50 50
1.077000 0.124000 1.957000 50 50 50
1.124000 0.156000 1.978000 50 50 50
1.069000 0.133000 1.966000 50 50 50
1.060000 0.130000 1.964000 50 50 50
1.062000 0.137000 1.970000 50 50 50
1.053000 0.146000 1.979000 50 50 50
1.123000 0.153000 1.975000 50 50 50
1.090000 0.142000 1.970000 50 50 50
1.031000 0.161000 2.007000 50 50 50
1.097000 0.157000 2.045000 50 50 50
1.090000 0.152000 2.060000 50 50 50
1.085000 0.166000 2.007000 50 50 50
1.091000 0.148000 2.072000 50 50 50
1.081000 0.168000 1.999000 50 50 50
1.130000 0.168000 2.016000 50 50 50
1.046000 0.164000 1.999000 50 50 50
1.071000 0.150000 2.058000 50 50 50
0.690000 0.044000 2.188000 50 50 50
0.686000 0.047000 2.165000 50 50 50
0.749000 0.055000 2.157000 50 50 50
0.739000 0.049000 2.192000 50 50 50
0.743000 0.053000 2.164000 50 50 50
0.666000 0.042000 2.182000 50 50 50
0.589000 0.034000 2.176000 50 50 50
0.616000 0.038000 2.168000 50 50 50
0.747000 0.049000 2.204000 50 50 50
0.743000 0.050000 2.191000 50 50 50
0.664000 0.040000 2.196000 50 50 50
0.751000 0.056000 2.148000 50 50 50
0.693000 0.048000 2.158000 50 50 50
0.751000 0.049000 2.201000 50 50 50
0.573000 0.030000 2.209000 50 50 50
0.644000 0.083000 2.007000 50 50 50
0.744000 0.118000 1.992000 50 50 50
0.597000 0.043000 1.948000 50 50 50
0.732000 0.120000 2.009000 50 50 50
0.613000 0.057000 1.968000 50 50 50
0.707000 0.110000 2.010000 50 50 50
0.680000 0.103000 2.019000 50 50 50
0.666000 0.081000 1.975000 50 50 50
0.703000 0.102000 1.993000 50 50 50
0.717000 0.113000 2.008000 50 50 50
0.611000 0.046000 1.941000 50 50 50
0.701000 0.101000 1.991000 50 50 50
0.597000 0.041000 1.943000 50 50 50
0.746000 0.122000 2.000000 50 50 50
0.664000 0.083000 1.984000 50 50 50
0.646000 0.082000 2.001000 50 50 50
0.671000 0.094000 2.006000 50 50 50
0.676000 0.026000 1.922000 50 50 50
0.636000 0.036000 1.931000 50 50 50
0.735000 0.109000 1.982000 50 50 50
0.612000 0.029000 1.926000 50 50 50
0.683000 0.047000 1.937000 50 50 50
0.719000 0.046000 1.936000 50 50 50
0.694000 0.064000 1.950000 50 50 50
0.700000 0.074000 1.957000 50 50 50
0.599000 0.038000 1.933000 50 50 50
0.757000 0.117000 1.987000 50 50 50
0.676000 0.051000 1.941000 50 50 50
0.719000 0.039000 1.919000 50 50 50
0.766000 0.102000 1.930000 50 50 50
0.758000 0.095000 1.938000 50 50 50
0.729000 0.058000 1.937000 50 50 50
0.751000 0.079000 1.917000 50 50 50
0.745000 0.082000 1.952000 50 50 50
0.806000 0.099000 1.918000 50 50 50
0.829000 0.095000 1.957000 50 50 50
0.868000 0.069000 1.937000 50 50 50
0.837000 0.093000 1.965000 50 50 50
0.819000 0.095000 1.932000 50 50 50
0.880000 0.064000 1.941000 50 50 50
0.806000 0.105000 1.945000 50 50 50
0.791000 0.111000 1.934000 50 50 50
1.615000 0.154000 2.139000 50 50 50
1.617000 0.145000 2.139000 50 50 50
1.624000 0.125000 2.152000 50 50 50
1.595000 0.151000 2.052000 50 50 50
1.576000 0.171000 2.014000 50 50 50
1.590000 0.183000 2.088000 50 50 50
1.573000 0.178000 2.015000 50 50 50
1.608000 0.147000 2.094000 50 50 50
1.590000 0.155000 2.040000 50 50 50
1.605000 0.167000 2.117000 50 50 50
1.582000 0.159000 2.019000 50 50 50
1.609000 0.153000 2.111000 50 50 50
1.603000 0.154000 2.090000 50 50 50
0.283000 0.189000 2.119000 50 50 50
0.280000 0.189000 2.193000 50 50 50
0.273000 0.167000 2.152000 50 50 50
0.280000 0.184000 2.141000 50 50 50
0.266000 0.152000 2.173000 50 50 50
0.281000 0.187000 2.155000 50 50 50
0.281000 0.191000 2.196000 50 50 50
0.283000 0.188000 2.110000 50 50 50
0.281000 0.190000 2.190000 50 50 50
0.269000 0.159000 2.169000 50 50 50
0.275000 0.173000 2.164000 50 50 50
0.862000 0.137000 2.139000 50 50 50
1.125000 0.132000 2.150000 50 50 50
1.122000 0.107000 2.153000 50 50 50
1.131000 0.140000 2.108000 50 50 50
1.098000 0.185000 2.135000 50 50 50
1.103000 0.177000 2.148000 50 50 50
1.125000 0.149000 2.122000 50 50 50
1.103000 0.177000 2.156000 50 50 50
1.107000 0.169000 2.173000 50 50 50
1.141000 0.138000 2.096000 50 50 50
1.136000 0.166000 2.096000 50 50 50
1.150000 0.162000 2.088000 50 50 50
1.111000 0.188000 2.088000 50 50 50
1.139000 0.178000 2.013000 50 50 50
1.153000 0.162000 2.076000 50 50 50
1.180000 0.146000 2.054000 50 50 50
1.156000 0.167000 2.007000 50 50 50
1.150000 0.167000 2.042000 50 50 50
1.157000 0.160000 2.068000 50 50 50
1.153000 0.168000 2.015000 50 50 50
1.192000 0.184000 1.998000 50 50 50
1.198000 0.193000 1.989000 50 50 50
1.198000 0.143000 2.053000 50 50 50
1.164000 0.166000 2.010000 50 50 50
1.225000 0.198000 1.991000 50 50 50
1.225000 0.171000 2.027000 50 50 50
1.182000 0.177000 2.004000 50 50 50
1.192000 0.145000 2.049000 50 50 50
0.861000 0.140000 2.179000 50 50 50
0.860000 0.139000 2.150000 50 50 50
1.612000 0.162000 2.032000 50 50 50
1.623000 0.154000 2.057000 50 50 50
1.617000 0.161000 2.038000 50 50 50
1.596000 0.159000 2.028000 50 50 50
1.631000 0.143000 2.087000 50 50 50
1.624000 0.168000 2.029000 50 50 50
1.616000 0.176000 1.988000 50 50 50
1.621000 0.176000 1.985000 50 50 50
1.608000 0.171000 2.008000 50 50 50
1.635000 0.180000 1.967000 50 50 50
1.624000 0.179000 1.973000 50 50 50
1.664000 0.165000 2.058000 50 50 50
1.582000 0.178000 1.967000 50 50 50
1.650000 0.174000 2.004000 50 50 50
0.270000 0.188000 2.400000 50 50 50
0.236000 0.163000 2.430000 50 50 50
0.265000 0.175000 2.466000 50 50 50
0.295000 0.191000 2.395000 50 50 50
0.298000 0.191000 2.398000 50 50 50
0.320000 0.188000 2.422000 50 50 50
0.316000 0.184000 2.449000 50 50 50
0.303000 0.185000 2.435000 50 50 50
0.273000 0.182000 2.448000 50 50 50
0.281000 0.179000 2.467000 50 50 50
0.342000 0.181000 2.485000 50 50 50
0.410000 0.193000 2.544000 50 50 50
0.377000 0.189000 2.532000 50 50 50
0.317000 0.179000 2.487000 50 50 50
0.455000 0.204000 2.611000 50 50 50
0.362000 0.188000 2.536000 50 50 50
0.378000 0.191000 2.552000 50 50 50
0.408000 0.195000 2.568000 50 50 50
0.327000 0.181000 2.504000 50 50 50
0.409000 0.192000 2.532000 50 50 50
0.435000 0.204000 2.637000 50 50 50
0.328000 0.180000 2.496000 50 50 50
0.426000 0.198000 2.580000 50 50 50
0.364000 0.191000 2.564000 50 50 50
0.392000 0.190000 2.531000 50 50 50
0.367000 0.185000 2.510000 50 50 50
0.421000 0.195000 2.558000 50 50 50
0.312000 0.181000 2.516000 50 50 50
0.456000 0.207000 2.638000 50 50 50
0.297000 0.177000 2.485000 50 50 50
0.378000 0.193000 2.576000 50 50 50
0.396000 0.195000 2.577000 50 50 50
0.527000 0.212000 2.749000 50 50 50
0.491000 0.209000 2.710000 50 50 50
0.449000 0.206000 2.661000 50 50 50
1.867000 1.664000 3.197000 0 255 255
1.881000 1.683000 2.950000 0 255 255
1.870000 1.674000 3.114000 0 255 255
1.866000 1.676000 3.174000 0 255 255
1.876000 1.671000 3.034000 0 255 255
1.869000 1.668000 3.144000 0 255 255
1.869000 1.663000 3.156000 0 255 255
1.871000 1.684000 3.089000 0 255 255
1.869000 1.674000 3.135000 0 255 255
1.873000 1.687000 3.052000 0 255 255
1.870000 1.679000 3.110000 0 255 255
1.880000 1.672000 2.985000 0 255 255
1.870000 1.666000 3.135000 0 255 255
1.890000 1.645000 2.486000 0 255 255
1.861000 1.723000 3.001000 0 255 255
1.868000 1.722000 3.006000 0 255 255
1.861000 1.711000 3.110000 0 255 255
1.867000 1.728000 2.955000 0 255 255
1.877000 1.708000 2.956000 0 255 255
1.869000 1.694000 3.090000 0 255 255
1.879000 1.693000 2.955000 0 255 255
1.867000 1.690000 3.133000 0 255 255
1.872000 1.716000 3.016000 0 255 255
1.865000 1.709000 3.118000 0 255 255
1.878000 1.717000 2.931000 0 255 255
1.878000 1.724000 2.916000 0 255 255
1.872000 1.700000 3.041000 0 255 255
1.862000 1.699000 3.182000 0 255 255
1.882000 0.052000 2.293000 0 255 255
1.884000 0.049000 2.233000 0 255 255
1.882000 0.055000 2.300000 0 255 255
1.884000 0.086000 2.179000 0 255 255
1.882000 0.078000 2.251000 0 255 255
1.881000 0.073000 2.285000 0 255 255
1.881000 0.059000 2.316000 0 255 255
1.880000 0.057000 2.330000 0 255 255
1.883000 0.079000 2.226000 0 255 255
1.884000 0.059000 2.202000 0 255 255
1.882000 0.078000 2.246000 0 255 255
1.882000 0.214000 2.187000 0 255 255
1.879000 0.287000 2.255000 0 255 255
1.881000 0.306000 2.185000 0 255 255
1.881000 0.312000 2.147000 0 255 255
1.881000 0.212000 2.212000 0 255 255
1.880000 0.266000 2.220000 0 255 255
1.878000 0.271000 2.313000 0 255 255
1.882000 0.314000 2.138000 0 255 255
1.877000 0.278000 2.327000 0 255 255
1.881000 0.300000 2.188000 0 255 255
1.882000 0.311000 2.133000 0 255 255
1.878000 0.264000 2.295000 0 255 255
1.879000 0.295000 2.239000 0 255 255
1.881000 0.267000 2.205000 0 255 255
1.883000 0.188000 2.165000 0 255 255
1.883000 0.170000 2.169000 0 255 255
1.882000 0.263000 2.149000 0 255 255
1.882000 0.276000 2.159000 0 255 255
1.883000 0.209000 2.155000 0 255 255
1.880000 0.288000 2.196000 0 255 255
1.881000 0.290000 2.174000 0 255 255
1.878000 0.261000 2.307000 0 255 255
1.880000 0.263000 2.219000 0 255 255
1.882000 0.218000 2.162000 0 255 255
1.883000 0.207000 2.155000 0 255 255
1.880000 0.271000 2.225000 0 255 255
1.880000 0.251000 2.252000 0 255 255
1.883000 0.646000 2.214000 0 255 255
1.890000 0.965000 2.233000 0 255 255
1.885000 0.708000 2.247000 0 255 255
1.886000 0.746000 2.263000 0 255 255
1.883000 0.710000 2.200000 0 255 255
1.892000 0.932000 2.318000 0 255 255
1.884000 0.636000 2.246000 0 255 255
1.887000 0.713000 2.329000 0 255 255
1.893000 1.052000 2.278000 0 255 255
1.882000 0.578000 2.244000 0 255 255
1.894000 1.050000 2.326000 0 255 255
1.892000 0.949000 2.324000 0 255 255
1.887000 0.823000 2.246000 0 255 255
1.892000 1.004000 2.278000 0 255 255
1.882000 0.574000 2.244000 0 255 255
1.883000 0.590000 2.266000 0 255 255
1.887000 0.701000 2.331000 0 255 255
1.882000 0.626000 2.206000 0 255 255
1.887000 0.778000 2.287000 0 255 255
1.884000 0.656000 2.250000 0 255 255
1.884000 0.693000 2.228000 0 255 255
1.882000 0.614000 2.223000 0 255 255
1.886000 0.823000 2.227000 0 255 255
1.893000 1.061000 2.273000 0 255 255
1.883000 0.660000 2.205000 0 255 255
1.886000 0.763000 2.250000 0 255 255
1.892000 0.960000 2.294000 0 255 255
1.885000 0.742000 2.222000 0 255 255
1.885000 0.643000 2.302000 0 255 255
1.884000 0.695000 2.230000 0 255 255
1.891000 0.903000 2.318000 0 255 255
1.885000 0.613000 2.310000 0 255 255
1.889000 0.933000 2.233000 0 255 255
1.894000 1.083000 2.286000 0 255 255
1.888000 0.717000 2.330000 0 255 255
1.883000 0.647000 2.210000 0 255 255
1.884000 0.735000 2.210000 0 255 255
1.885000 0.772000 2.207000 0 255 255
1.886000 0.735000 2.267000 0 255 255
1.890000 0.973000 2.243000 0 255 255
1.890000 0.951000 2.241000 0 255 255
1.891000 0.965000 2.278000 0 255 255
1.890000 0.896000 2.281000 0 255 255
1.894000 1.137000 2.258000 0 255 255
1.887000 0.778000 2.285000 0 255 255
1.883000 0.643000 2.226000 0 255 255
1.885000 0.734000 2.228000 0 255 255
1.882000 0.588000 2.235000 0 255 255
1.882000 0.602000 2.221000 0 255 255
1.890000 0.924000 2.246000 0 255 255
1.886000 0.658000 2.296000 0 255 255
1.885000 0.749000 2.230000 0 255 255
1.883000 0.590000 2.268000 0 255 255
1.890000 0.871000 2.316000 0 255 255
1.892000 1.019000 2.265000 0 255 255
1.886000 0.779000 2.256000 0 255 255
1.887000 0.783000 2.290000 0 255 255
1.889000 0.872000 2.289000 0 255 255
1.884000 0.628000 2.277000 0 255 255
1.895000 1.096000 2.310000 0 255 255
1.893000 1.015000 2.295000 0 255 255
1.887000 0.690000 2.311000 0 255 255
1.886000 0.767000 2.257000 0 255 255
1.885000 0.797000 2.217000 0 255 255
1.886000 0.662000 2.295000 0 255 255
1.883000 0.594000 2.243000 0 255 255
1.894000 1.131000 2.281000 0 255 255
1.886000 0.829000 2.224000 0 255 255
1.884000 0.689000 2.241000 0 255 255
1.886000 0.682000 2.303000 0 255 255
1.889000 0.849000 2.287000 0 255 255
1.882000 0.600000 2.228000 0 255 255
1.893000 1.105000 2.254000 0 255 255
1.891000 0.939000 2.279000 0 255 255
1.885000 0.717000 2.250000 0 255 255
1.888000 0.834000 2.275000 0 255 255
1.886000 0.853000 2.219000 0 255 255
1.892000 1.020000 2.278000 0 255 255
1.893000 1.084000 2.265000 0 255 255
1.889000 0.862000 2.308000 0 255 255
1.891000 0.989000 2.268000 0 255 255
1.892000 1.037000 2.249000 0 255 255
1.884000 0.615000 2.268000 0 255 255
1.892000 0.970000 2.310000 0 255 255
1.886000 0.693000 2.288000 0 255 255
1.886000 0.798000 2.245000 0 255 255
1.893000 1.023000 2.308000 0 255 255
1.893000 1.003000 2.326000 0 255 255
1.893000 1.092000 2.251000 0 255 255
1.894000 1.069000 2.300000 0 255 255
1.884000 0.709000 2.214000 0 255 255
1.894000 1.119000 2.282000 0 255 255
1.891000 1.141000 2.251000 0 255 255
1.886000 1.025000 2.226000 0 255 255
1.889000 1.122000 2.245000 0 255 255
1.889000 1.009000 2.230000 0 255 255
1.891000 1.053000 2.240000 0 255 255
1.885000 0.965000 2.216000 0 255 255
1.887000 1.023000 2.227000 0 255 255
1.883000 1.159000 2.235000 0 255 255
1.880000 0.908000 2.200000 0 255 255
1.887000 1.136000 2.241000 0 255 255
1.883000 0.164000 2.175000 0 255 255
1.880000 0.126000 2.290000 0 255 255
1.883000 0.111000 2.195000 0 255 255
1.880000 0.118000 2.294000 0 255 255
1.879000 0.191000 2.296000 0 255 255
1.880000 0.202000 2.258000 0 255 255
1.883000 0.163000 2.171000 0 255 255
1.884000 0.121000 2.164000 0 255 255
1.881000 0.196000 2.236000 0 255 255
1.881000 0.157000 2.244000 0 255 255
1.881000 0.140000 2.248000 0 255 255
1.882000 0.088000 2.230000 0 255 255
1.879000 0.183000 2.299000 0 255 255
1.879000 0.179000 2.308000 0 255 255
1.882000 0.156000 2.220000 0 255 255
1.881000 0.106000 2.266000 0 255 255
1.878000 0.245000 2.322000 0 255 255
1.882000 0.153000 2.213000 0 255 255
1.881000 0.184000 2.227000 0 255 255
1.878000 0.240000 2.311000 0 255 255
1.881000 0.123000 2.276000 0 255 255
1.882000 0.159000 2.212000 0 255 255
1.880000 0.122000 2.294000 0 255 255
1.882000 0.151000 2.195000 0 255 255
1.878000 0.226000 2.329000 0 255 255
1.883000 0.138000 2.168000 0 255 255
1.878000 0.187000 2.330000 0 255 255
1.880000 0.129000 2.308000 0 255 255
1.880000 0.157000 2.282000 0 255 255
1.882000 0.120000 2.229000 0 255 255
1.881000 0.152000 2.258000 0 255 255
1.880000 0.106000 2.329000 0 255 255
1.882000 0.177000 2.192000 0 255 255
1.880000 0.177000 2.261000 0 255 255
1.883000 0.123000 2.170000 0 255 255
1.880000 0.184000 2.287000 0 255 255
1.881000 0.122000 2.246000 0 255 255
1.882000 0.117000 2.247000 0 255 255
1.882000 0.174000 2.200000 0 255 255
1.882000 0.121000 2.230000 0 255 255
1.894000 1.129000 2.287000 0 255 255
1.894000 1.147000 2.294000 0 255 255
1.882000 0.553000 2.232000 0 255 255
1.885000 0.557000 2.318000 0 255 255
1.882000 0.511000 2.244000 0 255 255
1.883000 0.561000 2.259000 0 255 255
1.884000 0.560000 2.298000 0 255 255
1.883000 0.567000 2.262000 0 255 255
1.882000 0.547000 2.248000 0 255 255
1.883000 0.529000 2.264000 0 255 255
1.882000 0.560000 2.231000 0 255 255
1.884000 0.588000 2.298000 0 255 255
1.883000 0.500000 2.293000 0 255 255
1.884000 0.529000 2.304000 0 255 255
1.881000 0.522000 2.227000 0 255 255
1.884000 0.534000 2.305000 0 255 255
1.884000 0.579000 2.298000 0 255 255
1.884000 0.546000 2.310000 0 255 255
1.884000 0.492000 2.300000 0 255 255
1.884000 0.517000 2.313000 0 255 255
1.883000 0.577000 2.265000 0 255 255
1.881000 0.553000 2.210000 0 255 255
1.886000 0.575000 2.331000 0 255 255
1.880000 0.546000 2.195000 0 255 255
1.893000 1.189000 2.329000 0 255 255
1.892000 1.211000 2.329000 0 255 255
1.894000 1.153000 2.315000 0 255 255
1.881000 0.445000 2.114000 0 255 255
1.881000 0.455000 2.109000 0 255 255
1.881000 0.438000 2.120000 0 255 255
1.882000 0.398000 2.108000 0 255 255
1.881000 0.415000 2.113000 0 255 255
1.880000 0.449000 2.131000 0 255 255
1.880000 0.461000 2.125000 0 255 255
1.881000 0.406000 2.128000 0 255 255
1.881000 0.438000 2.122000 0 255 255
1.881000 0.395000 2.117000 0 255 255
1.884000 0.464000 2.307000 0 255 255
1.882000 0.409000 2.278000 0 255 255
1.883000 0.395000 2.301000 0 255 255
1.882000 0.442000 2.267000 0 255 255
1.882000 0.475000 2.255000 0 255 255
1.884000 0.476000 2.324000 0 255 255
1.881000 0.509000 2.221000 0 255 255
1.884000 0.441000 2.310000 0 255 255
1.883000 0.412000 2.293000 0 255 255
1.883000 0.390000 2.300000 0 255 255
1.882000 0.427000 2.283000 0 255 255
1.883000 0.384000 2.322000 0 255 255
1.882000 0.450000 2.254000 0 255 255
1.883000 0.428000 2.304000 0 255 255
1.883000 0.369000 2.324000 0 255 255
1.883000 0.457000 2.304000 0 255 255
1.882000 0.419000 2.271000 0 255 255
1.882000 0.479000 2.251000 0 255 255
1.883000 0.433000 2.307000 0 255 255
1.878000 0.303000 2.325000 0 255 255
1.878000 0.392000 2.256000 0 255 255
1.880000 0.381000 2.282000 0 255 255
1.881000 0.447000 2.233000 0 255 255
1.879000 0.424000 2.237000 0 255 255
1.880000 0.383000 2.282000 0 255 255
1.880000 0.445000 2.225000 0 255 255
1.880000 0.410000 2.260000 0 255 255
1.877000 0.292000 2.325000 0 255 255
1.879000 0.389000 2.190000 0 255 255
1.877000 0.289000 2.319000 0 255 255
1.881000 0.352000 2.147000 0 255 255
1.879000 0.337000 2.231000 0 255 255
1.880000 0.355000 2.187000 0 255 255
1.880000 0.440000 2.152000 0 255 255
1.879000 0.355000 2.206000 0 255 255
1.879000 0.443000 2.189000 0 255 255
1.881000 0.338000 2.135000 0 255 255
1.879000 0.385000 2.194000 0 255 255
1.878000 0.294000 2.276000 0 255 255
1.879000 0.479000 2.163000 0 255 255
1.880000 0.392000 2.141000 0 255 255
1.880000 0.392000 2.157000 0 255 255
1.879000 0.407000 2.171000 0 255 255
1.877000 0.301000 2.315000 0 255 255
1.880000 0.401000 2.172000 0 255 255
1.880000 0.410000 2.159000 0 255 255
1.879000 0.406000 2.176000 0 255 255
1.879000 0.428000 2.164000 0 255 255
1.878000 0.407000 2.232000 0 255 255
1.879000 0.397000 2.198000 0 255 255
1.878000 1.267000 2.268000 0 255 255
1.889000 1.426000 2.269000 0 255 255
1.887000 1.415000 2.264000 0 255 255
1.871000 1.398000 2.220000 0 255 255
1.882000 1.386000 2.256000 0 255 255
1.877000 1.367000 2.246000 0 255 255
1.875000 1.428000 2.226000 0 255 255
1.872000 1.368000 2.229000 0 255 255
1.883000 1.354000 2.265000 0 255 255
1.883000 1.389000 2.257000 0 255 255
1.880000 1.419000 2.243000 0 255 255
1.878000 1.415000 2.238000 0 255 255
1.885000 1.383000 2.266000 0 255 255
1.890000 1.362000 2.324000 0 255 255
1.891000 1.437000 2.289000 0 255 255
1.891000 1.407000 2.307000 0 255 255
1.883000 1.281000 2.283000 0 255 255
1.887000 1.334000 2.314000 0 255 255
1.890000 1.368000 2.327000 0 255 255
1.885000 1.300000 2.310000 0 255 255
1.889000 1.381000 2.302000 0 255 255
1.891000 1.453000 2.274000 0 255 255
1.892000 1.427000 2.321000 0 255 255
1.891000 1.504000 2.319000 0 255 255
1.891000 1.476000 2.327000 0 255 255
1.891000 1.478000 2.313000 0 255 255
1.880000 0.056000 2.343000 0 255 255
1.880000 0.050000 2.340000 0 255 255
1.893000 0.330000 3.017000 0 255 255
1.889000 0.130000 3.187000 0 255 255
1.892000 0.263000 3.066000 0 255 255
1.892000 0.301000 3.029000 0 255 255
1.891000 0.247000 3.092000 0 255 255
1.890000 0.181000 3.145000 0 255 255
1.894000 0.356000 2.973000 0 255 255
1.889000 0.163000 2.763000 0 255 255
1.894000 0.373000 2.949000 0 255 255
1.895000 0.438000 2.889000 0 255 255
1.890000 0.177000 2.915000 0 255 255
1.888000 0.110000 2.833000 0 255 255
1.889000 0.156000 2.775000 0 255 255
1.888000 0.095000 3.130000 0 255 255
1.890000 0.232000 2.808000 0 255 255
1.894000 0.404000 2.876000 0 255 255
1.889000 0.151000 2.794000 0 255 255
1.887000 0.069000 2.999000 0 255 255
1.890000 0.189000 2.932000 0 255 255
1.889000 0.130000 3.142000 0 255 255
1.889000 0.109000 3.088000 0 255 255
1.888000 0.102000 2.914000 0 255 255
1.895000 0.414000 2.918000 0 255 255
1.889000 0.142000 2.921000 0 255 255
1.888000 0.132000 2.831000 0 255 255
1.888000 0.097000 3.165000 0 255 255
1.891000 0.262000 2.906000 0 255 255
1.888000 0.090000 3.054000 0 255 255
1.894000 0.408000 2.887000 0 255 255
1.889000 0.111000 3.067000 0 255 255
1.888000 0.108000 3.059000 0 255 255
1.888000 0.109000 3.061000 0 255 255
1.892000 0.321000 2.842000 0 255 255
1.888000 0.083000 3.019000 0 255 255
1.890000 0.172000 2.947000 0 255 255
1.890000 0.200000 2.949000 0 255 255
1.892000 0.275000 2.966000 0 255 255
1.891000 0.202000 3.099000 0 255 255
1.890000 0.207000 2.925000 0 255 255
1.891000 0.243000 3.057000 0 255 255
1.890000 0.202000 2.919000 0 255 255
1.891000 0.227000 2.871000 0 255 255
1.891000 0.208000 3.065000 0 255 255
1.888000 0.120000 2.975000 0 255 255
1.888000 0.099000 2.808000 0 255 255
1.889000 0.149000 2.791000 0 255 255
1.889000 0.129000 3.024000 0 255 255
1.892000 0.253000 3.056000 0 255 255
1.888000 0.073000 3.154000 0 255 255
1.888000 0.082000 3.180000 0 255 255
1.888000 0.102000 2.800000 0 255 255
1.887000 0.075000 2.790000 0 255 255
1.887000 0.065000 2.835000 0 255 255
1.890000 0.186000 2.938000 0 255 255
1.888000 0.120000 2.917000 0 255 255
1.888000 0.089000 3.097000 0 255 255
1.888000 0.125000 2.802000 0 255 255
1.889000 0.158000 3.042000 0 255 255
1.887000 0.070000 2.866000 0 255 255
1.891000 0.218000 3.055000 0 255 255
1.893000 0.361000 2.908000 0 255 255
1.894000 0.380000 2.918000 0 255 255
1.892000 0.296000 2.918000 0 255 255
1.889000 0.112000 3.129000 0 255 255
1.887000 0.081000 2.899000 0 255 255
1.888000 0.076000 3.134000 0 255 255
1.890000 0.187000 2.913000 0 255 255
1.889000 0.163000 2.991000 0 255 255
1.890000 0.207000 3.025000 0 255 255
1.888000 0.066000 3.039000 0 255 255
1.890000 0.202000 2.990000 0 255 255
1.890000 0.177000 2.943000 0 255 255
1.893000 0.356000 2.839000 0 255 255
1.890000 0.165000 3.126000 0 255 255
1.893000 0.331000 2.981000 0 255 255
1.891000 0.217000 2.960000 0 255 255
1.894000 0.374000 2.868000 0 255 255
1.891000 0.261000 2.874000 0 255 255
1.889000 0.161000 2.990000 0 255 255
1.888000 0.084000 3.094000 0 255 255
1.888000 0.105000 3.071000 0 255 255
1.888000 0.091000 3.187000 0 255 255
1.888000 0.106000 2.782000 0 255 255
1.892000 0.275000 3.013000 0 255 255
1.888000 0.055000 3.141000 0 255 255
1.888000 0.136000 2.833000 0 255 255
1.890000 0.227000 2.841000 0 255 255
1.887000 0.060000 2.807000 0 255 255
1.890000 0.166000 3.125000 0 255 255
1.892000 0.312000 2.933000 0 255 255
1.891000 0.248000 2.927000 0 255 255
1.892000 0.289000 2.983000 0 255 255
1.893000 0.338000 2.834000 0 255 255
1.890000 0.208000 2.804000 0 255 255
1.895000 0.416000 2.865000 0 255 255
1.894000 0.395000 2.840000 0 255 255
1.889000 0.133000 2.961000 0 255 255
1.889000 0.183000 2.781000 0 255 255
1.888000 0.084000 3.111000 0 255 255
1.887000 0.062000 3.005000 0 255 255
1.888000 0.099000 2.910000 0 255 255
1.890000 0.193000 2.820000 0 255 255
1.889000 0.148000 2.898000 0 255 255
1.892000 0.313000 2.855000 0 255 255
1.891000 0.233000 3.014000 0 255 255
1.889000 0.143000 2.825000 0 255 255
1.889000 0.140000 2.812000 0 255 255
1.890000 0.151000 3.138000 0 255 255
1.892000 0.307000 2.849000 0 255 255
1.892000 0.310000 2.814000 0 255 255
1.889000 0.141000 2.824000 0 255 255
1.890000 0.197000 3.009000 0 255 255
1.889000 0.151000 2.902000 0 255 255
1.893000 0.333000 2.919000 0 255 255
1.887000 0.057000 3.065000 0 255 255
1.888000 0.139000 2.750000 0 255 255
1.887000 0.088000 2.740000 0 255 255
1.893000 0.320000 2.889000 0 255 255
1.893000 0.348000 2.938000 0 255 255
1.889000 0.104000 3.158000 0 255 255
1.888000 0.086000 3.087000 0 255 255
1.888000 0.053000 3.199000 0 255 255
1.890000 0.152000 3.127000 0 255 255
1.888000 0.096000 2.786000 0 255 255
1.889000 0.106000 3.140000 0 255 255
1.888000 0.063000 3.075000 0 255 255
1.888000 0.116000 2.866000 0 255 255
1.887000 0.058000 2.776000 0 255 255
1.887000 0.078000 2.814000 0 255 255
1.894000 0.360000 2.974000 0 255 255
1.887000 0.064000 2.846000 0 255 255
1.889000 0.132000 2.989000 0 255 255
1.888000 0.112000 3.012000 0 255 255
1.892000 0.316000 2.816000 0 255 255
1.889000 0.141000 3.120000 0 255 255
1.889000 0.133000 3.126000 0 255 255
1.892000 0.299000 3.011000 0 255 255
1.888000 0.078000 2.991000 0 255 255
1.894000 0.357000 2.967000 0 255 255
1.891000 0.247000 2.846000 0 255 255
1.892000 0.290000 2.917000 0 255 255
1.889000 0.118000 3.120000 0 255 255
1.891000 0.223000 3.016000 0 255 255
1.893000 0.333000 2.961000 0 255 255
1.895000 0.422000 2.854000 0 255 255
1.889000 0.167000 2.791000 0 255 255
1.893000 0.348000 2.865000 0 255 255
1.888000 0.105000 2.901000 0 255 255
1.894000 0.372000 2.996000 0 255 255
1.891000 0.237000 3.106000 0 255 255
1.893000 0.330000 3.022000 0 255 255
1.892000 0.290000 3.066000 0 255 255
1.895000 0.428000 2.945000 0 255 255
1.893000 0.319000 3.060000 0 255 255
1.894000 0.387000 2.971000 0 255 255
1.889000 0.143000 3.188000 0 255 255
1.893000 0.317000 3.045000 0 255 255
1.893000 0.323000 3.025000 0 255 255
1.892000 0.300000 3.053000 0 255 255
1.894000 0.363000 3.002000 0 255 255
1.877000 0.130000 2.452000 0 255 255
1.878000 0.224000 2.385000 0 255 255
1.876000 0.171000 2.417000 0 255 255
1.878000 0.243000 2.377000 0 255 255
1.877000 0.244000 2.363000 0 255 255
1.879000 0.162000 2.447000 0 255 255
1.877000 0.181000 2.414000 0 255 255
1.883000 0.260000 2.405000 0 255 255
1.877000 0.157000 2.433000 0 255 255
1.876000 0.062000 2.502000 0 255 255
1.879000 0.144000 2.459000 0 255 255
1.877000 0.173000 2.417000 0 255 255
1.876000 0.105000 2.471000 0 255 255
1.888000 0.498000 2.422000 0 255 255
1.888000 0.494000 2.420000 0 255 255
1.890000 0.539000 2.458000 0 255 255
1.890000 0.555000 2.454000 0 255 255
1.888000 0.586000 2.396000 0 255 255
1.888000 0.508000 2.413000 0 255 255
1.889000 0.581000 2.416000 0 255 255
1.889000 0.597000 2.427000 0 255 255
1.888000 0.592000 2.409000 0 255 255
1.888000 0.506000 2.411000 0 255 255
1.888000 0.504000 2.411000 0 255 255
1.889000 0.523000 2.449000 0 255 255
1.889000 0.583000 2.427000 0 255 255
1.889000 0.587000 2.415000 0 255 255
1.889000 0.542000 2.435000 0 255 255
1.890000 0.207000 2.661000 0 255 255
1.894000 0.546000 2.645000 0 255 255
1.892000 0.261000 2.651000 0 255 255
1.889000 0.176000 2.683000 0 255 255
1.893000 0.332000 2.641000 0 255 255
1.890000 0.158000 2.658000 0 255 255
1.894000 0.371000 2.628000 0 255 255
1.890000 0.121000 2.656000 0 255 255
1.891000 0.170000 2.653000 0 255 255
1.893000 0.291000 2.638000 0 255 255
1.891000 0.195000 2.659000 0 255 255
1.889000 0.176000 2.684000 0 255 255
1.894000 0.443000 2.639000 0 255 255
1.892000 0.318000 2.646000 0 255 255
1.889000 0.099000 2.675000 0 255 255
1.896000 0.671000 2.628000 0 255 255
1.891000 0.157000 2.650000 0 255 255
1.888000 0.142000 2.687000 0 255 255
1.895000 0.511000 2.628000 0 255 255
1.897000 0.676000 2.623000 0 255 255
1.888000 0.166000 2.689000 0 255 255
1.894000 0.409000 2.629000 0 255 255
1.891000 0.260000 2.668000 0 255 255
1.894000 0.457000 2.635000 0 255 255
1.893000 0.404000 2.650000 0 255 255
1.892000 0.360000 2.649000 0 255 255
1.895000 0.443000 2.625000 0 255 255
1.891000 0.180000 2.645000 0 255 255
1.895000 0.552000 2.634000 0 255 255
1.891000 0.208000 2.651000 0 255 255
1.893000 0.430000 2.646000 0 255 255
1.891000 0.150000 2.642000 0 255 255
1.897000 0.673000 2.621000 0 255 255
1.896000 0.569000 2.627000 0 255 255
1.896000 0.545000 2.818000 0 255 255
1.890000 0.251000 2.737000 0 255 255
1.893000 0.360000 2.771000 0 255 255
1.888000 0.180000 2.692000 0 255 255
1.896000 0.508000 2.836000 0 255 255
1.893000 0.387000 2.750000 0 255 255
1.893000 0.397000 2.782000 0 255 255
1.889000 0.230000 2.706000 0 255 255
1.892000 0.435000 2.663000 0 255 255
1.893000 0.346000 2.793000 0 255 255
1.895000 0.556000 2.727000 0 255 255
1.895000 0.597000 2.656000 0 255 255
1.889000 0.199000 2.704000 0 255 255
1.894000 0.496000 2.737000 0 255 255
1.896000 0.563000 2.788000 0 255 255
1.893000 0.437000 2.688000 0 255 255
1.890000 0.273000 2.702000 0 255 255
1.893000 0.430000 2.724000 0 255 255
1.896000 0.630000 2.691000 0 255 255
1.895000 0.450000 2.845000 0 255 255
1.891000 0.332000 2.715000 0 255 255
1.897000 0.672000 2.687000 0 255 255
1.893000 0.393000 2.778000 0 255 255
1.891000 0.330000 2.686000 0 255 255
1.896000 0.544000 2.765000 0 255 255
1.888000 0.154000 2.735000 0 255 255
1.894000 0.449000 2.784000 0 255 255
1.892000 0.387000 2.670000 0 255 255
1.896000 0.568000 2.728000 0 255 255
1.892000 0.347000 2.743000 0 255 255
1.893000 0.424000 2.738000 0 255 255
1.894000 0.500000 2.713000 0 255 255
1.895000 0.593000 2.675000 0 255 255
1.895000 0.597000 2.675000 0 255 255
1.890000 0.290000 2.688000 0 255 255
1.896000 0.596000 2.707000 0 255 255
1.892000 0.317000 2.773000 0 255 255
1.891000 0.326000 2.691000 0 255 255
1.895000 0.578000 2.663000 0 255 255
1.894000 0.510000 2.684000 0 255 255
1.892000 0.327000 2.750000 0 255 255
1.894000 0.535000 2.663000 0 255 255
1.888000 0.172000 2.697000 0 255 255
1.891000 0.347000 2.706000 0 255 255
1.891000 0.319000 2.680000 0 255 255
1.895000 0.432000 2.832000 0 255 255
1.895000 0.483000 2.767000 0 255 255
1.891000 0.263000 2.769000 0 255 255
1.893000 0.406000 2.773000 0 255 255
1.894000 0.547000 2.666000 0 255 255
1.891000 0.292000 2.733000 0 255 255
1.893000 0.460000 2.695000 0 255 255
1.889000 0.163000 2.740000 0 255 255
1.892000 0.415000 2.680000 0 255 255
1.896000 0.651000 2.637000 0 255 255
1.887000 0.093000 2.722000 0 255 255
1.896000 0.620000 2.716000 0 255 255
1.896000 0.603000 2.688000 0 255 255
1.891000 0.321000 2.712000 0 255 255
1.896000 0.530000 2.813000 0 255 255
1.896000 0.592000 2.724000 0 255 255
1.894000 0.506000 2.654000 0 255 255
1.890000 0.300000 2.688000 0 255 255
1.892000 0.380000 2.732000 0 255 255
1.895000 0.540000 2.721000 0 255 255
1.896000 0.576000 2.725000 0 255 255
1.894000 0.405000 2.802000 0 255 255
1.892000 0.367000 2.728000 0 255 255
1.895000 0.611000 2.656000 0 255 255
1.892000 0.349000 2.722000 0 255 255
1.893000 0.409000 2.710000 0 255 255
1.896000 0.622000 2.658000 0 255 255
1.893000 0.421000 2.726000 0 255 255
1.890000 0.235000 2.733000 0 255 255
1.893000 0.332000 2.813000 0 255 255
1.895000 0.538000 2.714000 0 255 255
1.896000 0.481000 2.844000 0 255 255
1.891000 0.343000 2.708000 0 255 255
1.891000 0.289000 2.717000 0 255 255
1.892000 0.336000 2.727000 0 255 255
1.897000 0.638000 2.708000 0 255 255
1.888000 0.143000 2.702000 0 255 255
1.897000 0.662000 2.690000 0 255 255
1.893000 0.463000 2.689000 0 255 255
1.895000 0.466000 2.814000 0 255 255
1.894000 0.431000 2.777000 0 255 255
1.894000 0.524000 2.675000 0 255 255
1.895000 0.555000 2.710000 0 255 255
1.894000 0.483000 2.707000 0 255 255
1.895000 0.492000 2.807000 0 255 255
1.891000 0.361000 2.673000 0 255 255
1.891000 0.352000 2.691000 0 255 255
1.895000 0.460000 2.852000 0 255 255
1.897000 0.700000 2.647000 0 255 255
1.893000 0.377000 2.823000 0 255 255
1.895000 0.545000 2.675000 0 255 255
1.890000 0.205000 2.755000 0 255 255
1.894000 0.402000 2.824000 0 255 255
1.894000 0.847000 2.450000 0 255 255
1.895000 0.852000 2.489000 0 255 255
1.888000 0.661000 2.372000 0 255 255
1.892000 0.858000 2.400000 0 255 255
1.894000 0.947000 2.376000 0 255 255
1.894000 0.939000 2.393000 0 255 255
1.896000 0.928000 2.446000 0 255 255
1.893000 0.841000 2.428000 0 255 255
1.893000 0.712000 2.510000 0 255 255
1.888000 0.638000 2.383000 0 255 255
1.893000 0.778000 2.455000 0 255 255
1.887000 0.645000 2.365000 0 255 255
1.895000 0.861000 2.477000 0 255 255
1.888000 0.651000 2.383000 0 255 255
1.890000 0.741000 2.382000 0 255 255
1.896000 0.751000 2.578000 0 255 255
1.896000 0.742000 2.582000 0 255 255
1.893000 0.729000 2.492000 0 255 255
1.894000 0.906000 2.398000 0 255 255
1.893000 0.822000 2.428000 0 255 255
1.893000 0.942000 2.353000 0 255 255
1.892000 0.772000 2.454000 0 255 255
1.894000 0.799000 2.497000 0 255 255
1.888000 0.743000 2.335000 0 255 255
1.892000 0.890000 2.336000 0 255 255
1.889000 0.674000 2.411000 0 255 255
1.893000 0.793000 2.462000 0 255 255
1.887000 0.653000 2.340000 0 255 255
1.890000 0.798000 2.351000 0 255 255
1.891000 0.751000 2.408000 0 255 255
1.891000 0.849000 2.371000 0 255 255
1.891000 0.841000 2.373000 0 255 255
1.895000 0.724000 2.551000 0 255 255
1.889000 0.721000 2.381000 0 255 255
1.896000 0.741000 2.567000 0 255 255
1.893000 0.853000 2.435000 0 255 255
1.893000 0.828000 2.427000 0 255 255
1.894000 0.724000 2.522000 0 255 255
1.896000 0.754000 2.566000 0 255 255
1.894000 0.995000 2.336000 0 255 255
1.890000 0.758000 2.380000 0 255 255
1.891000 0.804000 2.394000 0 255 255
1.894000 0.938000 2.374000 0 255 255
1.895000 0.960000 2.412000 0 255 255
1.894000 1.051000 2.333000 0 255 255
1.892000 0.897000 2.348000 0 255 255
1.887000 0.659000 2.356000 0 255 255
1.892000 0.786000 2.439000 0 255 255
1.889000 0.668000 2.403000 0 255 255
1.896000 0.907000 2.462000 0 255 255
1.894000 0.741000 2.522000 0 255 255
1.893000 0.740000 2.484000 0 255 255
1.894000 0.786000 2.483000 0 255 255
1.893000 0.850000 2.415000 0 255 255
1.890000 0.728000 2.402000 0 255 255
1.889000 0.738000 2.366000 0 255 255
1.886000 0.628000 2.335000 0 255 255
1.895000 0.932000 2.406000 0 255 255
1.894000 0.826000 2.458000 0 255 255
1.893000 0.987000 2.333000 0 255 255
1.890000 0.697000 2.417000 0 255 255
1.890000 0.786000 2.356000 0 255 255
1.895000 0.726000 2.563000 0 255 255
1.893000 0.743000 2.485000 0 255 255
1.895000 0.824000 2.513000 0 255 255
1.888000 0.732000 2.343000 0 255 255
1.888000 0.656000 2.362000 0 255 255
1.894000 0.985000 2.361000 0 255 255
1.890000 0.733000 2.399000 0 255 255
1.892000 0.729000 2.463000 0 255 255
1.896000 0.781000 2.558000 0 255 255
1.895000 0.844000 2.498000 0 255 255
1.896000 0.914000 2.458000 0 255 255
1.896000 0.733000 2.584000 0 255 255
1.889000 0.758000 2.361000 0 255 255
1.894000 0.882000 2.454000 0 255 255
1.889000 0.731000 2.370000 0 255 255
1.895000 1.063000 2.334000 0 255 255
1.894000 0.867000 2.460000 0 255 255
1.895000 0.917000 2.411000 0 255 255
1.893000 0.834000 2.446000 0 255 255
1.894000 0.706000 2.528000 0 255 255
1.894000 1.013000 2.349000 0 255 255
1.893000 0.878000 2.401000 0 255 255
1.895000 0.894000 2.456000 0 255 255
1.893000 0.741000 2.473000 0 255 255
1.896000 0.764000 2.570000 0 255 255
1.893000 0.902000 2.381000 0 255 255
1.890000 0.689000 2.411000 0 255 255
1.894000 1.010000 2.334000 0 255 255
1.887000 0.682000 2.345000 0 255 255
1.891000 0.703000 2.443000 0 255 255
1.890000 0.735000 2.401000 0 255 255
1.895000 0.740000 2.550000 0 255 255
1.887000 0.657000 2.348000 0 255 255
1.893000 0.911000 2.385000 0 255 255
1.892000 0.812000 2.407000 0 255 255
1.894000 0.888000 2.451000 0 255 255
1.893000 0.739000 2.496000 0 255 255
1.891000 0.880000 2.361000 0 255 255
1.891000 0.823000 2.379000 0 255 255
1.893000 0.866000 2.431000 0 255 255
1.890000 0.679000 2.425000 0 255 255
1.894000 0.771000 2.517000 0 255 255
1.894000 0.872000 2.462000 0 255 255
1.887000 0.322000 2.449000 0 255 255
1.893000 0.289000 2.607000 0 255 255
1.887000 0.311000 2.432000 0 255 255
1.892000 0.378000 2.549000 0 255 255
1.892000 0.269000 2.583000 0 255 255
1.890000 0.230000 2.539000 0 255 255
1.890000 0.156000 2.551000 0 255 255
1.891000 0.266000 2.551000 0 255 255
1.891000 0.130000 2.605000 0 255 255
1.887000 0.234000 2.469000 0 255 255
1.890000 0.242000 2.555000 0 255 255
1.887000 0.304000 2.440000 0 255 255
1.894000 0.329000 2.619000 0 255 255
1.893000 0.294000 2.611000 0 255 255
1.891000 0.106000 2.605000 0 255 255
1.890000 0.283000 2.532000 0 255 255
1.893000 0.355000 2.609000 0 255 255
1.891000 0.210000 2.592000 0 255 255
1.889000 0.343000 2.491000 0 255 255
1.891000 0.200000 2.590000 0 255 255
1.891000 0.329000 2.557000 0 255 255
1.889000 0.265000 2.512000 0 255 255
1.891000 0.316000 2.551000 0 255 255
1.891000 0.358000 2.534000 0 255 255
1.889000 0.241000 2.513000 0 255 255
1.890000 0.292000 2.519000 0 255 255
1.892000 0.294000 2.572000 0 255 255
1.893000 0.267000 2.607000 0 255 255
1.890000 0.165000 2.549000 0 255 255
1.892000 0.186000 2.614000 0 255 255
1.887000 0.332000 2.447000 0 255 255
1.890000 0.302000 2.534000 0 255 255
1.889000 0.185000 2.537000 0 255 255
1.892000 0.171000 2.619000 0 255 255
1.890000 0.339000 2.515000 0 255 255
1.892000 0.162000 2.610000 0 255 255
1.888000 0.291000 2.482000 0 255 255
1.886000 0.312000 2.402000 0 255 255
1.886000 0.297000 2.407000 0 255 255
1.891000 0.095000 2.621000 0 255 255
1.884000 0.265000 2.415000 0 255 255
1.884000 0.114000 2.532000 0 255 255
1.881000 0.120000 2.497000 0 255 255
1.882000 0.104000 2.526000 0 255 255
1.878000 0.063000 2.523000 0 255 255
1.887000 0.097000 2.579000 0 255 255
1.885000 0.268000 2.421000 0 255 255
1.884000 0.099000 2.544000 0 255 255
1.879000 0.059000 2.537000 0 255 255
1.886000 0.086000 2.579000 0 255 255
1.885000 0.281000 2.410000 0 255 255
1.880000 0.113000 2.496000 0 255 255
1.885000 0.171000 2.496000 0 255 255
1.880000 0.154000 2.464000 0 255 255
1.887000 0.192000 2.498000 0 255 255
1.885000 0.254000 2.432000 0 255 255
1.880000 0.123000 2.491000 0 255 255
1.887000 0.165000 2.522000 0 255 255
1.889000 0.127000 2.570000 0 255 255
1.885000 0.154000 2.506000 0 255 255
1.882000 0.053000 2.560000 0 255 255
1.877000 0.043000 2.529000 0 255 255
1.882000 0.052000 2.562000 0 255 255
1.878000 0.163000 2.354000 0 255 255
1.876000 0.059000 2.501000 0 255 255
1.876000 0.047000 2.498000 0 255 255
1.877000 0.089000 2.441000 0 255 255
1.878000 0.088000 2.409000 0 255 255
1.877000 0.130000 2.422000 0 255 255
1.877000 0.163000 2.380000 0 255 255
1.877000 0.063000 2.467000 0 255 255
1.877000 0.066000 2.438000 0 255 255
1.878000 0.073000 2.409000 0 255 255
1.877000 0.149000 2.413000 0 255 255
1.877000 0.147000 2.410000 0 255 255
1.877000 0.091000 2.427000 0 255 255
1.877000 0.245000 2.360000 0 255 255
1.879000 0.127000 2.351000 0 255 255
1.878000 0.183000 2.364000 0 255 255
1.879000 0.063000 2.362000 0 255 255
1.877000 0.088000 2.426000 0 255 255
1.878000 0.107000 2.394000 0 255 255
1.877000 0.169000 2.375000 0 255 255
1.877000 0.232000 2.342000 0 255 255
1.876000 0.102000 2.458000 0 255 255
1.878000 0.154000 2.351000 0 255 255
1.877000 0.088000 2.449000 0 255 255
1.877000 0.056000 2.463000 0 255 255
1.878000 0.205000 2.340000 0 255 255
1.877000 0.234000 2.352000 0 255 255
1.880000 0.082000 2.332000 0 255 255
1.879000 0.064000 2.371000 0 255 255
1.876000 0.083000 2.458000 0 255 255
1.878000 0.210000 2.334000 0 255 255
1.877000 0.049000 2.461000 0 255 255
1.878000 0.161000 2.357000 0 255 255
1.895000 1.091000 2.412000 0 255 255
1.895000 1.084000 2.400000 0 255 255
1.895000 1.111000 2.383000 0 255 255
1.895000 1.082000 2.354000 0 255 255
1.896000 1.062000 2.407000 0 255 255
1.896000 0.999000 2.406000 0 255 255
1.896000 0.977000 2.439000 0 255 255
1.895000 1.047000 2.376000 0 255 255
1.896000 1.045000 2.422000 0 255 255
1.895000 1.088000 2.370000 0 255 255
1.895000 1.079000 2.348000 0 255 255
1.896000 0.979000 2.428000 0 255 255
1.895000 1.088000 2.407000 0 255 255
1.895000 1.095000 2.379000 0 255 255
1.896000 0.994000 2.404000 0 255 255
1.895000 1.116000 2.396000 0 255 255
1.895000 1.095000 2.373000 0 255 255
1.896000 1.026000 2.410000 0 255 255
1.896000 1.093000 2.416000 0 255 255
1.896000 1.095000 2.440000 0 255 255
1.893000 0.680000 2.508000 0 255 255
1.895000 0.623000 2.579000 0 255 255
1.895000 0.663000 2.565000 0 255 255
1.891000 0.580000 2.481000 0 255 255
1.892000 0.623000 2.505000 0 255 255
1.892000 0.500000 2.541000 0 255 255
1.895000 0.708000 2.559000 0 255 255
1.895000 0.685000 2.558000 0 255 255
1.891000 0.606000 2.466000 0 255 255
1.892000 0.663000 2.503000 0 255 255
1.893000 0.688000 2.511000 0 255 255
1.894000 0.430000 2.616000 0 255 255
1.893000 0.656000 2.517000 0 255 255
1.890000 0.663000 2.445000 0 255 255
1.892000 0.584000 2.504000 0 255 255
1.890000 0.608000 2.463000 0 255 255
1.893000 0.566000 2.531000 0 255 255
1.891000 0.640000 2.472000 0 255 255
1.893000 0.512000 2.567000 0 255 255
1.891000 0.597000 2.472000 0 255 255
1.893000 0.650000 2.524000 0 255 255
1.895000 0.596000 2.592000 0 255 255
1.894000 0.676000 2.541000 0 255 255
1.895000 0.584000 2.585000 0 255 255
1.888000 0.625000 2.399000 0 255 255
1.896000 0.599000 2.616000 0 255 255
1.892000 0.545000 2.532000 0 255 255
1.897000 0.734000 2.606000 0 255 255
1.894000 0.600000 2.560000 0 255 255
1.893000 0.519000 2.551000 0 255 255
1.896000 0.667000 2.613000 0 255 255
1.893000 0.654000 2.529000 0 255 255
1.895000 0.675000 2.559000 0 255 255
1.893000 0.663000 2.514000 0 255 255
1.889000 0.650000 2.420000 0 255 255
1.893000 0.566000 2.555000 0 255 255
1.896000 0.633000 2.598000 0 255 255
1.893000 0.696000 2.516000 0 255 255
1.890000 0.634000 2.435000 0 255 255
1.896000 0.673000 2.597000 0 255 255
1.891000 0.570000 2.489000 0 255 255
1.895000 0.462000 2.623000 0 255 255
1.894000 0.689000 2.534000 0 255 255
1.893000 0.496000 2.573000 0 255 255
1.895000 0.509000 2.614000 0 255 255
1.889000 0.602000 2.428000 0 255 255
1.890000 0.587000 2.466000 0 255 255
1.894000 0.634000 2.552000 0 255 255
1.896000 0.584000 2.613000 0 255 255
1.897000 0.736000 2.607000 0 255 255
1.890000 0.655000 2.448000 0 255 255
1.895000 0.593000 2.587000 0 255 255
1.895000 0.717000 2.575000 0 255 255
1.892000 0.553000 2.520000 0 255 255
1.894000 0.652000 2.559000 0 255 255
1.893000 0.532000 2.553000 0 255 255
1.891000 0.566000 2.500000 0 255 255
1.889000 0.633000 2.417000 0 255 255
1.886000 0.544000 2.348000 0 255 255
1.886000 0.611000 2.333000 0 255 255
1.886000 0.572000 2.336000 0 255 255
1.886000 0.502000 2.367000 0 255 255
1.886000 0.514000 2.355000 0 255 255
1.885000 0.507000 2.339000 0 255 255
1.886000 0.609000 2.348000 0 255 255
1.886000 0.587000 2.353000 0 255 255
1.886000 0.529000 2.366000 0 255 255
1.895000 1.119000 2.407000 0 255 255
1.895000 1.130000 2.384000 0 255 255
1.894000 1.146000 2.341000 0 255 255
1.894000 1.165000 2.361000 0 255 255
1.895000 1.127000 2.386000 0 255 255
1.894000 1.177000 2.390000 0 255 255
1.892000 1.225000 2.349000 0 255 255
1.893000 1.202000 2.371000 0 255 255
1.892000 1.222000 2.358000 0 255 255
1.894000 1.143000 2.335000 0 255 255
1.897000 0.904000 2.502000 0 255 255
1.897000 0.916000 2.545000 0 255 255
1.897000 0.778000 2.598000 0 255 255
1.896000 0.866000 2.532000 0 255 255
1.897000 0.927000 2.532000 0 255 255
1.897000 0.906000 2.607000 0 255 255
1.897000 0.885000 2.554000 0 255 255
1.897000 0.911000 2.546000 0 255 255
1.896000 0.856000 2.528000 0 255 255
1.896000 0.937000 2.461000 0 255 255
1.896000 0.905000 2.544000 0 255 255
1.896000 0.901000 2.523000 0 255 255
1.896000 0.866000 2.527000 0 255 255
1.897000 0.826000 2.605000 0 255 255
1.898000 0.893000 2.612000 0 255 255
1.896000 0.898000 2.510000 0 255 255
1.897000 0.820000 2.584000 0 255 255
1.897000 0.932000 2.478000 0 255 255
1.897000 0.825000 2.608000 0 255 255
1.897000 0.820000 2.582000 0 255 255
1.896000 0.841000 2.539000 0 255 255
1.897000 0.846000 2.597000 0 255 255
1.897000 0.933000 2.504000 0 255 255
1.897000 0.904000 2.502000 0 255 255
1.897000 0.862000 2.603000 0 255 255
1.897000 0.881000 2.543000 0 255 255
1.897000 0.921000 2.542000 0 255 255
1.892000 0.433000 2.536000 0 255 255
1.889000 0.411000 2.475000 0 255 255
1.885000 0.334000 2.392000 0 255 255
1.886000 0.382000 2.393000 0 255 255
1.886000 0.329000 2.401000 0 255 255
1.886000 0.422000 2.392000 0 255 255
1.891000 0.420000 2.520000 0 255 255
1.886000 0.344000 2.408000 0 255 255
1.891000 0.379000 2.527000 0 255 255
1.887000 0.382000 2.420000 0 255 255
1.889000 0.378000 2.492000 0 255 255
1.888000 0.349000 2.451000 0 255 255
1.890000 0.429000 2.505000 0 255 255
1.885000 0.429000 2.355000 0 255 255
1.886000 0.420000 2.374000 0 255 255
1.892000 0.420000 2.543000 0 255 255
1.890000 0.419000 2.497000 0 255 255
1.887000 0.359000 2.430000 0 255 255
1.894000 0.416000 2.597000 0 255 255
1.885000 0.401000 2.360000 0 255 255
1.886000 0.332000 2.395000 0 255 255
1.888000 0.346000 2.461000 0 255 255
1.890000 0.368000 2.507000 0 255 255
1.891000 0.429000 2.511000 0 255 255
1.884000 0.438000 2.337000 0 255 255
1.887000 0.437000 2.398000 0 255 255
1.887000 0.381000 2.423000 0 255 255
1.881000 0.329000 2.335000 0 255 255
1.891000 0.466000 2.510000 0 255 255
1.889000 0.466000 2.449000 0 255 255
1.894000 0.440000 2.593000 0 255 255
1.892000 0.443000 2.556000 0 255 255
1.888000 0.476000 2.427000 0 255 255
1.890000 0.512000 2.475000 0 255 255
1.894000 0.435000 2.596000 0 255 255
1.890000 0.467000 2.485000 0 255 255
1.891000 0.447000 2.515000 0 255 255
1.890000 0.482000 2.477000 0 255 255
1.889000 0.491000 2.443000 0 255 255
1.890000 0.451000 2.495000 0 255 255
1.893000 1.303000 2.846000 0 255 255
1.893000 1.320000 2.850000 0 255 255
1.885000 1.264000 2.772000 0 255 255
1.885000 1.254000 2.767000 0 255 255
1.879000 1.416000 2.808000 0 255 255
1.881000 1.340000 2.785000 0 255 255
1.881000 1.301000 2.765000 0 255 255
1.882000 1.325000 2.786000 0 255 255
1.886000 1.246000 2.767000 0 255 255
1.886000 1.313000 2.802000 0 255 255
1.878000 1.415000 2.800000 0 255 255
1.883000 1.269000 2.759000 0 255 255
1.890000 1.291000 2.815000 0 255 255
1.884000 1.318000 2.795000 0 255 255
1.884000 1.342000 2.804000 0 255 255
1.887000 1.245000 2.774000 0 255 255
1.898000 1.347000 2.694000 0 255 255
1.884000 1.333000 2.756000 0 255 255
1.885000 1.403000 2.757000 0 255 255
1.880000 1.345000 2.776000 0 255 255
1.876000 1.444000 2.803000 0 255 255
1.881000 1.400000 2.777000 0 255 255
1.886000 1.276000 2.740000 0 255 255
1.887000 1.332000 2.743000 0 255 255
1.886000 1.228000 2.735000 0 255 255
1.887000 1.397000 2.748000 0 255 255
1.893000 1.336000 2.714000 0 255 255
1.881000 1.319000 2.767000 0 255 255
1.897000 1.374000 2.701000 0 255 255
1.878000 1.402000 2.787000 0 255 255
1.878000 1.409000 2.790000 0 255 255
1.880000 1.407000 2.782000 0 255 255
1.899000 1.347000 2.688000 0 255 255
1.886000 1.400000 2.752000 0 255 255
1.882000 1.426000 2.775000 0 255 255
1.890000 1.322000 2.726000 0 255 255
1.890000 1.267000 2.720000 0 255 255
1.893000 1.404000 2.908000 0 255 255
1.892000 1.433000 3.000000 0 255 255
1.892000 1.433000 2.945000 0 255 255
1.894000 1.360000 2.894000 0 255 255
1.891000 1.467000 2.955000 0 255 255
1.892000 1.445000 2.976000 0 255 255
1.892000 1.427000 2.975000 0 255 255
1.891000 1.478000 2.931000 0 255 255
1.893000 1.383000 2.917000 0 255 255
1.892000 1.414000 2.907000 0 255 255
1.891000 1.467000 2.950000 0 255 255
1.891000 1.454000 2.919000 0 255 255
1.894000 1.334000 2.885000 0 255 255
1.892000 1.459000 3.000000 0 255 255
1.894000 1.337000 2.893000 0 255 255
1.891000 1.478000 2.932000 0 255 255
1.892000 1.419000 2.899000 0 255 255
1.891000 1.479000 2.921000 0 255 255
1.893000 1.379000 2.879000 0 255 255
1.894000 1.347000 2.903000 0 255 255
1.891000 1.467000 2.962000 0 255 255
1.893000 1.407000 2.961000 0 255 255
1.881000 1.464000 2.843000 0 255 255
1.888000 1.390000 2.852000 0 255 255
1.891000 1.433000 2.892000 0 255 255
1.887000 1.443000 2.869000 0 255 255
1.886000 1.378000 2.833000 0 255 255
1.894000 1.353000 2.871000 0 255 255
1.887000 1.368000 2.839000 0 255 255
1.891000 1.383000 2.868000 0 255 255
1.885000 1.400000 2.841000 0 255 255
1.885000 1.421000 2.849000 0 255 255
1.894000 1.321000 2.856000 0 255 255
1.892000 1.485000 3.016000 0 255 255
1.893000 1.533000 2.975000 0 255 255
1.891000 1.491000 2.986000 0 255 255
1.893000 1.535000 2.979000 0 255 255
1.893000 1.524000 3.005000 0 255 255
1.893000 1.530000 2.986000 0 255 255
1.892000 1.524000 2.967000 0 255 255
1.890000 1.502000 2.916000 0 255 255
1.890000 1.501000 2.929000 0 255 255
1.893000 1.516000 2.992000 0 255 255
1.893000 1.518000 3.074000 0 255 255
1.894000 1.552000 3.055000 0 255 255
1.893000 1.542000 3.068000 0 255 255
1.893000 1.579000 3.204000 0 255 255
1.894000 1.558000 3.073000 0 255 255
1.893000 1.528000 3.070000 0 255 255
1.893000 1.544000 3.158000 0 255 255
1.894000 1.541000 3.050000 0 255 255
1.893000 1.523000 3.026000 0 255 255
1.893000 1.537000 3.080000 0 255 255
1.894000 1.547000 3.018000 0 255 255
1.894000 1.559000 3.089000 0 255 255
1.893000 1.568000 3.179000 0 255 255
1.893000 1.574000 3.179000 0 255 255
1.894000 1.563000 3.076000 0 255 255
1.892000 1.517000 3.103000 0 255 255
1.872000 1.645000 3.175000 0 255 255
1.880000 1.618000 3.138000 0 255 255
1.886000 1.615000 3.200000 0 255 255
1.882000 1.616000 3.161000 0 255 255
1.888000 1.604000 3.173000 0 255 255
1.885000 1.610000 3.169000 0 255 255
1.874000 1.656000 3.253000 0 255 255
1.889000 1.573000 3.040000 0 255 255
1.883000 1.608000 3.124000 0 255 255
1.888000 1.590000 3.111000 0 255 255
1.884000 1.610000 3.149000 0 255 255
1.877000 1.628000 3.157000 0 255 255
1.887000 1.605000 3.174000 0 255 255
1.891000 1.596000 3.171000 0 255 255
1.869000 1.654000 3.170000 0 255 255
1.887000 1.583000 3.043000 0 255 255
1.883000 1.647000 2.978000 0 255 255
1.886000 1.588000 3.052000 0 255 255
1.887000 1.606000 2.994000 0 255 255
1.886000 1.601000 3.020000 0 255 255
1.874000 1.652000 3.101000 0 255 255
1.886000 1.595000 3.031000 0 255 255
1.873000 1.643000 3.132000 0 255 255
1.885000 1.652000 2.943000 0 255 255
1.883000 1.670000 2.944000 0 255 255
1.877000 1.628000 3.105000 0 255 255
1.888000 1.577000 3.033000 0 255 255
1.875000 1.651000 3.091000 0 255 255
1.886000 1.603000 3.012000 0 255 255
1.894000 1.553000 2.998000 0 255 255
1.893000 1.558000 2.994000 0 255 255
1.892000 1.564000 3.009000 0 255 255
1.886000 1.638000 2.951000 0 255 255
1.882000 1.651000 2.991000 0 255 255
1.889000 1.594000 2.992000 0 255 255
1.892000 1.388000 2.341000 0 255 255
1.892000 1.333000 2.382000 0 255 255
1.892000 1.360000 2.371000 0 255 255
1.889000 1.335000 2.343000 0 255 255
1.890000 1.369000 2.333000 0 255 255
1.889000 1.328000 2.347000 0 255 255
1.893000 1.394000 2.375000 0 255 255
1.894000 1.380000 2.471000 0 255 255
1.893000 1.359000 2.410000 0 255 255
1.893000 1.358000 2.416000 0 255 255
1.893000 1.410000 2.420000 0 255 255
1.894000 1.391000 2.493000 0 255 255
1.892000 1.418000 2.345000 0 255 255
1.893000 1.397000 2.437000 0 255 255
1.893000 1.366000 2.393000 0 255 255
1.893000 1.350000 2.395000 0 255 255
1.893000 1.370000 2.384000 0 255 255
1.893000 1.408000 2.429000 0 255 255
1.893000 1.376000 2.427000 0 255 255
1.891000 1.554000 2.413000 0 255 255
1.892000 1.499000 2.474000 0 255 255
1.890000 1.558000 2.379000 0 255 255
1.891000 1.529000 2.387000 0 255 255
1.891000 1.549000 2.486000 0 255 255
1.892000 1.491000 2.473000 0 255 255
1.891000 1.568000 2.451000 0 255 255
1.891000 1.586000 2.471000 0 255 255
1.890000 1.567000 2.402000 0 255 255
1.892000 1.456000 2.455000 0 255 255
1.893000 1.421000 2.443000 0 255 255
1.891000 1.570000 2.472000 0 255 255
1.892000 1.482000 2.436000 0 255 255
1.891000 1.518000 2.342000 0 255 255
1.892000 1.449000 2.355000 0 255 255
1.892000 1.501000 2.477000 0 255 255
1.893000 1.468000 2.498000 0 255 255
1.892000 1.524000 2.479000 0 255 255
1.891000 1.561000 2.433000 0 255 255
1.891000 1.526000 2.351000 0 255 255
1.892000 1.449000 2.431000 0 255 255
1.891000 1.510000 2.361000 0 255 255
1.892000 1.497000 2.415000 0 255 255
1.892000 1.497000 2.483000 0 255 255
1.892000 1.448000 2.336000 0 255 255
1.892000 1.435000 2.426000 0 255 255
1.891000 1.588000 2.467000 0 255 255
1.890000 1.626000 2.470000 0 255 255
1.892000 1.432000 2.398000 0 255 255
1.893000 1.446000 2.502000 0 255 255
1.892000 1.484000 2.389000 0 255 255
1.892000 1.456000 2.425000 0 255 255
1.892000 1.501000 2.488000 0 255 255
1.891000 1.553000 2.493000 0 255 255
1.893000 1.490000 2.559000 0 255 255
1.893000 1.473000 2.540000 0 255 255
1.891000 1.553000 2.513000 0 255 255
1.892000 1.548000 2.603000 0 255 255
1.892000 1.535000 2.499000 0 255 255
1.891000 1.594000 2.518000 0 255 255
1.892000 1.557000 2.563000 0 255 255
1.893000 1.456000 2.516000 0 255 255
1.893000 1.441000 2.546000 0 255 255
1.893000 1.452000 2.520000 0 255 255
1.892000 1.525000 2.585000 0 255 255
1.894000 1.409000 2.515000 0 255 255
1.892000 1.540000 2.502000 0 255 255
1.890000 1.638000 2.484000 0 255 255
1.891000 1.608000 2.502000 0 255 255
1.891000 1.605000 2.516000 0 255 255
1.893000 1.459000 2.533000 0 255 255
1.893000 1.468000 2.515000 0 255 255
1.892000 1.571000 2.567000 0 255 255
1.891000 1.619000 2.520000 0 255 255
1.893000 1.468000 2.510000 0 255 255
1.893000 1.489000 2.564000 0 255 255
1.893000 1.486000 2.555000 0 255 255
1.893000 1.479000 2.510000 0 255 255
1.891000 1.583000 2.505000 0 255 255
1.892000 1.538000 2.563000 0 255 255
1.897000 0.944000 2.560000 0 255 255
1.896000 0.972000 2.481000 0 255 255
1.897000 0.941000 2.560000 0 255 255
1.897000 0.940000 2.572000 0 255 255
1.897000 0.932000 2.547000 0 255 255
1.898000 0.920000 2.615000 0 255 255
1.897000 0.947000 2.501000 0 255 255
1.898000 0.956000 2.606000 0 255 255
1.897000 0.955000 2.541000 0 255 255
1.897000 0.981000 2.495000 0 255 255
1.898000 0.957000 2.611000 0 255 255
1.897000 0.955000 2.484000 0 255 255
1.897000 0.995000 2.518000 0 255 255
1.897000 1.013000 2.587000 0 255 255
1.897000 0.937000 2.574000 0 255 255
1.897000 1.037000 2.601000 0 255 255
1.897000 0.950000 2.584000 0 255 255
1.896000 1.099000 2.505000 0 255 255
1.895000 1.123000 2.511000 0 255 255
1.895000 1.122000 2.514000 0 255 255
1.896000 1.112000 2.474000 0 255 255
1.895000 1.128000 2.447000 0 255 255
1.893000 1.195000 2.400000 0 255 255
1.896000 1.105000 2.470000 0 255 255
1.895000 1.133000 2.476000 0 255 255
1.894000 1.162000 2.435000 0 255 255
1.895000 1.132000 2.442000 0 255 255
1.894000 1.149000 2.423000 0 255 255
1.896000 1.114000 2.446000 0 255 255
1.896000 1.108000 2.501000 0 255 255
1.897000 1.080000 2.570000 0 255 255
1.897000 1.072000 2.587000 0 255 255
1.895000 1.136000 2.463000 0 255 255
1.893000 1.192000 2.429000 0 255 255
1.890000 1.197000 2.690000 0 255 255
1.895000 1.123000 2.642000 0 255 255
1.898000 1.073000 2.623000 0 255 255
1.897000 1.210000 2.618000 0 255 255
1.899000 1.316000 2.593000 0 255 255
1.892000 1.182000 2.672000 0 255 255
1.891000 1.165000 2.684000 0 255 255
1.899000 1.225000 2.602000 0 255 255
1.890000 1.242000 2.681000 0 255 255
1.894000 1.258000 2.646000 0 255 255
1.898000 1.123000 2.616000 0 255 255
1.895000 1.103000 2.645000 0 255 255
1.890000 1.239000 2.686000 0 255 255
1.890000 1.181000 2.690000 0 255 255
1.896000 1.172000 2.635000 0 255 255
1.898000 1.156000 2.614000 0 255 255
1.900000 1.245000 2.596000 0 255 255
1.898000 1.282000 2.605000 0 255 255
1.899000 1.259000 2.601000 0 255 255
1.896000 1.116000 2.636000 0 255 255
1.893000 1.257000 2.656000 0 255 255
1.892000 1.243000 2.408000 0 255 255
1.894000 1.222000 2.518000 0 255 255
1.895000 1.132000 2.545000 0 255 255
1.896000 1.128000 2.563000 0 255 255
1.894000 1.193000 2.520000 0 255 255
1.893000 1.201000 2.454000 0 255 255
1.893000 1.245000 2.426000 0 255 255
1.893000 1.235000 2.465000 0 255 255
1.893000 1.276000 2.515000 0 255 255
1.895000 1.153000 2.544000 0 255 255
1.897000 1.065000 2.617000 0 255 255
1.894000 1.175000 2.500000 0 255 255
1.893000 1.258000 2.453000 0 255 255
1.892000 1.245000 2.391000 0 255 255
1.894000 1.197000 2.511000 0 255 255
1.894000 1.224000 2.514000 0 255 255
1.894000 1.179000 2.503000 0 255 255
1.893000 1.197000 2.442000 0 255 255
1.896000 1.122000 2.574000 0 255 255
1.893000 1.251000 2.441000 0 255 255
1.895000 1.163000 2.552000 0 255 255
1.896000 1.125000 2.587000 0 255 255
1.896000 1.126000 2.568000 0 255 255
1.893000 1.228000 2.477000 0 255 255
1.895000 1.204000 2.537000 0 255 255
1.894000 1.205000 2.497000 0 255 255
1.894000 1.246000 2.509000 0 255 255
1.895000 1.126000 2.538000 0 255 255
1.894000 1.219000 2.491000 0 255 255
1.893000 1.220000 2.432000 0 255 255
1.893000 1.243000 2.452000 0 255 255
1.893000 1.244000 2.472000 0 255 255
1.896000 1.132000 2.589000 0 255 255
1.894000 1.240000 2.495000 0 255 255
1.898000 1.188000 2.589000 0 255 255
1.898000 1.190000 2.592000 0 255 255
1.895000 1.241000 2.548000 0 255 255
1.897000 1.247000 2.563000 0 255 255
1.895000 1.276000 2.534000 0 255 255
1.894000 1.265000 2.530000 0 255 255
1.898000 1.237000 2.576000 0 255 255
1.897000 1.252000 2.560000 0 255 255
1.899000 1.185000 2.599000 0 255 255
1.897000 1.208000 2.572000 0 255 255
1.897000 1.225000 2.571000 0 255 255
1.896000 1.189000 2.569000 0 255 255
1.892000 1.267000 2.669000 0 255 255
1.900000 1.334000 2.621000 0 255 255
1.899000 1.319000 2.612000 0 255 255
1.899000 1.320000 2.624000 0 255 255
1.897000 1.321000 2.688000 0 255 255
1.895000 1.291000 2.661000 0 255 255
1.887000 1.223000 2.725000 0 255 255
1.888000 1.238000 2.723000 0 255 255
1.898000 1.330000 2.665000 0 255 255
1.896000 1.317000 2.694000 0 255 255
1.891000 1.258000 2.674000 0 255 255
1.900000 1.345000 2.642000 0 255 255
1.899000 1.339000 2.668000 0 255 255
1.893000 1.272000 2.667000 0 255 255
1.896000 1.054000 2.455000 0 255 255
1.897000 1.020000 2.521000 0 255 255
1.897000 1.036000 2.574000 0 255 255
1.896000 1.037000 2.448000 0 255 255
1.897000 1.025000 2.537000 0 255 255
1.897000 1.055000 2.530000 0 255 255
1.896000 1.002000 2.494000 0 255 255
1.896000 1.075000 2.453000 0 255 255
1.896000 0.998000 2.456000 0 255 255
1.896000 1.006000 2.496000 0 255 255
1.896000 0.996000 2.452000 0 255 255
1.896000 1.054000 2.472000 0 255 255
1.897000 1.055000 2.583000 0 255 255
1.897000 1.019000 2.535000 0 255 255
1.897000 1.029000 2.516000 0 255 255
1.897000 1.075000 2.537000 0 255 255
1.896000 1.066000 2.476000 0 255 255
1.897000 1.073000 2.542000 0 255 255
1.896000 1.026000 2.470000 0 255 255
1.897000 1.038000 2.586000 0 255 255
1.886000 0.111000 2.095000 0 255 255
1.884000 0.094000 2.157000 0 255 255
1.883000 0.237000 2.112000 0 255 255
1.883000 0.286000 2.116000 0 255 255
1.885000 0.133000 2.092000 0 255 255
1.885000 0.165000 2.098000 0 255 255
1.883000 0.272000 2.123000 0 255 255
1.884000 0.158000 2.136000 0 255 255
1.885000 0.119000 2.121000 0 255 255
1.884000 0.126000 2.148000 0 255 255
1.884000 0.137000 2.149000 0 255 255
1.884000 0.129000 2.137000 0 255 255
1.891000 0.275000 1.944000 0 255 255
1.885000 0.308000 2.058000 0 255 255
1.885000 0.275000 2.064000 0 255 255
1.887000 0.251000 2.022000 0 255 255
1.886000 0.243000 2.044000 0 255 255
1.886000 0.284000 2.045000 0 255 255
1.887000 0.281000 2.023000 0 255 255
1.888000 0.305000 2.002000 0 255 255
1.890000 0.257000 1.968000 0 255 255
1.884000 0.311000 2.079000 0 255 255
1.886000 0.300000 2.044000 0 255 255
1.884000 0.293000 2.077000 0 255 255
1.889000 0.245000 1.995000 0 255 255
1.885000 0.221000 2.083000 0 255 255
1.888000 0.301000 1.987000 0 255 255
1.883000 0.284000 2.108000 0 255 255
1.885000 0.306000 2.065000 0 255 255
1.888000 0.234000 2.011000 0 255 255
1.886000 0.242000 2.051000 0 255 255
1.889000 0.251000 1.977000 0 255 255
1.890000 0.302000 1.957000 0 255 255
1.889000 0.290000 1.966000 0 255 255
1.886000 0.195000 2.062000 0 255 255
1.883000 0.320000 2.104000 0 255 255
1.883000 0.314000 2.094000 0 255 255
1.884000 0.230000 2.090000 0 255 255
1.889000 0.237000 1.995000 0 255 255
1.886000 0.256000 2.043000 0 255 255
1.884000 0.279000 2.093000 0 255 255
1.886000 0.180000 2.074000 0 255 255
1.880000 0.358000 0.073000 0 255 255
1.885000 0.212000 0.231000 0 255 255
1.875000 0.240000 0.113000 0 255 255
1.872000 0.233000 0.090000 0 255 255
1.886000 0.214000 0.233000 0 255 255
1.881000 0.296000 0.127000 0 255 255
1.882000 0.141000 0.257000 0 255 255
1.879000 0.356000 0.060000 0 255 255
1.876000 0.322000 0.062000 0 255 255
1.881000 0.356000 0.084000 0 255 255
1.886000 0.260000 0.201000 0 255 255
1.885000 0.409000 0.079000 0 255 255
1.876000 0.280000 0.093000 0 255 255
1.885000 0.148000 0.276000 0 255 255
1.880000 0.136000 0.236000 0 255 255
1.876000 0.168000 0.175000 0 255 255
1.880000 0.180000 0.203000 0 255 255
1.886000 0.378000 0.113000 0 255 255
1.888000 0.469000 0.061000 0 255 255
1.879000 0.265000 0.135000 0 255 255
1.868000 0.191000 0.085000 0 255 255
1.880000 0.360000 0.065000 0 255 255
1.875000 0.168000 0.168000 0 255 255
1.887000 0.153000 0.291000 0 255 255
1.873000 0.184000 0.140000 0 255 255
1.871000 0.243000 0.078000 0 255 255
1.880000 0.168000 0.216000 0 255 255
1.882000 0.321000 0.119000 0 255 255
1.883000 0.221000 0.199000 0 255 255
1.884000 0.299000 0.148000 0 255 255
1.881000 0.181000 0.212000 0 255 255
1.878000 0.311000 0.091000 0 255 255
1.883000 0.326000 0.122000 0 255 255
1.879000 0.257000 0.137000 0 255 255
1.876000 0.313000 0.071000 0 255 255
1.874000 0.189000 0.145000 0 255 255
1.882000 0.330000 0.112000 0 255 255
1.880000 0.139000 0.237000 0 255 255
1.885000 0.367000 0.109000 0 255 255
1.886000 0.316000 0.155000 0 255 255
1.881000 0.223000 0.182000 0 255 255
1.876000 0.200000 0.154000 0 255 255
1.883000 0.281000 0.155000 0 255 255
1.879000 0.219000 0.168000 0 255 255
1.885000 0.388000 0.095000 0 255 255
1.876000 0.214000 0.145000 0 255 255
1.888000 0.471000 0.061000 0 255 255
1.885000 0.147000 0.275000 0 255 255
1.885000 0.292000 0.162000 0 255 255
1.875000 0.303000 0.063000 0 255 255
1.879000 0.240000 0.145000 0 255 255
1.880000 0.366000 0.061000 0 255 255
1.879000 0.259000 0.135000 0 255 255
1.881000 0.353000 0.087000 0 255 255
1.884000 0.295000 0.154000 0 255 255
1.872000 0.227000 0.092000 0 255 255
1.876000 0.236000 0.124000 0 255 255
1.887000 0.387000 0.108000 0 255 255
1.884000 0.246000 0.196000 0 255 255
1.873000 0.157000 0.155000 0 255 255
1.877000 0.312000 0.073000 0 255 255
1.883000 0.229000 0.352000 0 255 255
1.886000 0.133000 0.341000 0 255 255
1.883000 0.250000 0.334000 0 255 255
1.877000 0.459000 0.339000 0 255 255
1.881000 0.243000 0.380000 0 255 255
1.882000 0.246000 0.348000 0 255 255
1.882000 0.223000 0.362000 0 255 255
1.881000 0.299000 0.342000 0 255 255
1.877000 0.444000 0.350000 0 255 255
1.883000 0.200000 0.360000 0 255 255
1.879000 0.367000 0.346000 0 255 255
1.884000 0.141000 0.385000 0 255 255
1.888000 0.307000 1.499000 0 255 255
1.885000 0.327000 1.130000 0 255 255
1.886000 0.336000 1.474000 0 255 255
1.881000 0.365000 1.052000 0 255 255
1.887000 0.340000 1.673000 0 255 255
1.876000 0.433000 1.303000 0 255 255
1.883000 0.325000 0.829000 0 255 255
1.880000 0.398000 1.511000 0 255 255
1.873000 0.470000 1.283000 0 255 255
1.889000 0.314000 1.677000 0 255 255
1.887000 0.322000 1.561000 0 255 255
1.887000 0.344000 1.743000 0 255 255
1.886000 0.321000 1.355000 0 255 255
1.883000 0.329000 0.820000 0 255 255
1.878000 0.397000 1.127000 0 255 255
1.875000 0.424000 1.003000 0 255 255
1.882000 0.382000 1.490000 0 255 255
1.886000 0.326000 1.433000 0 255 255
1.872000 0.471000 1.226000 0 255 255
1.876000 0.408000 0.989000 0 255 255
1.891000 0.302000 1.840000 0 255 255
1.876000 0.422000 1.175000 0 255 255
1.880000 0.398000 1.453000 0 255 255
1.881000 0.371000 1.209000 0 255 255
1.880000 0.382000 1.156000 0 255 255
1.884000 0.335000 1.195000 0 255 255
1.884000 0.353000 1.437000 0 255 255
1.874000 0.454000 1.302000 0 255 255
1.882000 0.388000 1.572000 0 255 255
1.887000 0.329000 1.508000 0 255 255
1.878000 0.386000 0.882000 0 255 255
1.889000 0.305000 1.482000 0 255 255
1.887000 0.305000 1.283000 0 255 255
1.873000 0.454000 1.052000 0 255 255
1.878000 0.404000 1.207000 0 255 255
1.886000 0.300000 0.953000 0 255 255
1.885000 0.356000 1.594000 0 255 255
1.881000 0.366000 1.169000 0 255 255
1.872000 0.468000 1.202000 0 255 255
1.885000 0.305000 0.851000 0 255 255
1.874000 0.447000 1.136000 0 255 255
1.876000 0.425000 1.159000 0 255 255
1.884000 0.308000 0.757000 0 255 255
1.885000 0.339000 1.446000 0 255 255
1.883000 0.316000 0.652000 0 255 255
1.882000 0.387000 1.569000 0 255 255
1.884000 0.349000 1.349000 0 255 255
1.882000 0.373000 1.333000 0 255 255
1.886000 0.346000 1.661000 0 255 255
1.873000 0.449000 1.041000 0 255 255
1.885000 0.325000 1.264000 0 255 255
1.880000 0.399000 1.459000 0 255 255
1.873000 0.457000 1.223000 0 255 255
1.885000 0.300000 0.772000 0 255 255
1.881000 0.379000 1.314000 0 255 255
1.887000 0.303000 1.233000 0 255 255
1.889000 0.315000 1.716000 0 255 255
1.873000 0.447000 1.062000 0 255 255
1.881000 0.379000 1.304000 0 255 255
1.885000 0.352000 1.515000 0 255 255
1.881000 0.374000 1.212000 0 255 255
1.886000 0.312000 1.147000 0 255 255
1.882000 0.320000 0.637000 0 255 255
1.888000 0.308000 1.436000 0 255 255
1.883000 0.357000 1.297000 0 255 255
1.875000 0.424000 1.020000 0 255 255
1.884000 0.325000 1.070000 0 255 255
1.882000 0.357000 1.099000 0 255 255
1.884000 0.339000 1.186000 0 255 255
1.883000 0.321000 0.771000 0 255 255
1.883000 0.314000 0.748000 0 255 255
1.880000 0.377000 1.193000 0 255 255
1.885000 0.306000 0.826000 0 255 255
1.886000 0.306000 0.982000 0 255 255
1.885000 0.331000 1.224000 0 255 255
1.882000 0.332000 0.706000 0 255 255
1.885000 0.345000 1.550000 0 255 255
1.882000 0.335000 0.809000 0 255 255
1.883000 0.377000 1.619000 0 255 255
1.874000 0.447000 1.168000 0 255 255
1.883000 0.327000 0.917000 0 255 255
1.876000 0.432000 1.236000 0 255 255
1.879000 0.364000 0.817000 0 255 255
1.876000 0.417000 1.024000 0 255 255
1.880000 0.371000 1.099000 0 255 255
1.879000 0.375000 0.853000 0 255 255
1.886000 0.304000 1.020000 0 255 255
1.885000 0.329000 1.182000 0 255 255
1.884000 0.314000 0.839000 0 255 255
1.883000 0.347000 1.138000 0 255 255
1.880000 0.359000 0.884000 0 255 255
1.875000 0.430000 1.021000 0 255 255
1.885000 0.355000 1.678000 0 255 255
1.888000 0.316000 1.587000 0 255 255
1.883000 0.346000 1.232000 0 255 255
1.877000 0.423000 1.378000 0 255 255
1.882000 0.364000 1.291000 0 255 255
1.884000 0.305000 0.682000 0 255 255
1.886000 0.345000 1.610000 0 255 255
1.877000 0.407000 1.062000 0 255 255
1.883000 0.330000 0.963000 0 255 255
1.875000 0.437000 1.140000 0 255 255
1.888000 0.329000 1.723000 0 255 255
1.883000 0.321000 0.775000 0 255 255
1.884000 0.337000 1.135000 0 255 255
1.882000 0.362000 1.314000 0 255 255
1.883000 0.337000 0.982000 0 255 255
1.879000 0.387000 1.149000 0 255 255
1.882000 0.329000 0.753000 0 255 255
1.885000 0.313000 0.928000 0 255 255
1.881000 0.377000 1.242000 0 255 255
1.875000 0.427000 1.073000 0 255 255
1.880000 0.363000 0.870000 0 255 255
1.884000 0.339000 1.223000 0 255 255
1.886000 0.334000 1.558000 0 255 255
1.878000 0.404000 1.216000 0 255 255
1.889000 0.315000 1.642000 0 255 255
1.885000 0.330000 1.181000 0 255 255
1.877000 0.416000 1.200000 0 255 255
1.887000 0.328000 1.571000 0 255 255
1.883000 0.360000 1.435000 0 255 255
1.882000 0.330000 0.715000 0 255 255
1.887000 0.330000 1.614000 0 255 255
1.884000 0.349000 1.454000 0 255 255
1.883000 0.333000 1.030000 0 255 255
1.874000 0.439000 0.971000 0 255 255
1.882000 0.333000 0.873000 0 255 255
1.884000 0.309000 0.719000 0 255 255
1.885000 0.302000 0.885000 0 255 255
1.879000 0.370000 0.775000 0 255 255
1.884000 0.306000 0.738000 0 255 255
1.883000 0.369000 1.573000 0 255 255
1.887000 0.300000 1.214000 0 255 255
1.884000 0.361000 1.583000 0 255 255
1.884000 0.329000 1.005000 0 255 255
1.873000 0.447000 1.048000 0 255 255
1.881000 0.337000 0.726000 0 255 255
1.875000 0.426000 1.080000 0 255 255
1.880000 0.352000 0.815000 0 255 255
1.873000 0.454000 1.173000 0 255 255
1.887000 0.316000 1.451000 0 255 255
1.886000 0.305000 0.967000 0 255 255
1.890000 0.314000 1.838000 0 255 255
1.884000 0.333000 1.076000 0 255 255
1.886000 0.334000 1.569000 0 255 255
1.876000 0.419000 1.121000 0 255 255
1.886000 0.301000 1.063000 0 255 255
1.883000 0.346000 1.110000 0 255 255
1.877000 0.427000 1.344000 0 255 255
1.880000 0.365000 0.979000 0 255 255
1.877000 0.422000 1.318000 0 255 255
1.883000 0.331000 0.969000 0 255 255
1.885000 0.322000 1.137000 0 255 255
1.888000 0.309000 1.440000 0 255 255
1.876000 0.429000 1.255000 0 255 255
1.880000 0.378000 1.187000 0 255 255
1.882000 0.379000 1.488000 0 255 255
1.878000 0.413000 1.322000 0 255 255
1.883000 0.359000 1.311000 0 255 255
1.888000 0.326000 1.754000 0 255 255
1.877000 0.397000 0.921000 0 255 255
1.882000 0.381000 1.582000 0 255 255
1.873000 0.453000 1.017000 0 255 255
1.883000 0.358000 1.381000 0 255 255
1.886000 0.326000 1.313000 0 255 255
1.881000 0.350000 0.952000 0 255 255
1.885000 0.317000 1.008000 0 255 255
1.873000 0.445000 1.016000 0 255 255
1.890000 0.309000 1.776000 0 255 255
1.885000 0.344000 1.393000 0 255 255
1.875000 0.423000 1.046000 0 255 255
1.878000 0.399000 1.086000 0 255 255
1.881000 0.366000 1.121000 0 255 255
1.887000 0.313000 1.255000 0 255 255
1.888000 0.452000 0.083000 0 255 255
1.879000 0.381000 0.327000 0 255 255
1.884000 0.393000 0.213000 0 255 255
1.883000 0.328000 0.282000 0 255 255
1.886000 0.262000 0.262000 0 255 255
1.888000 0.478000 0.067000 0 255 255
1.884000 0.387000 0.227000 0 255 255
1.886000 0.437000 0.139000 0 255 255
1.884000 0.308000 0.281000 0 255 255
1.883000 0.268000 0.322000 0 255 255
1.885000 0.398000 0.191000 0 255 255
1.884000 0.418000 0.208000 0 255 255
1.883000 0.335000 0.280000 0 255 255
1.887000 0.473000 0.106000 0 255 255
1.884000 0.440000 0.196000 0 255 255
1.886000 0.427000 0.147000 0 255 255
1.886000 0.171000 0.317000 0 255 255
1.886000 0.324000 0.227000 0 255 255
1.888000 0.382000 0.140000 0 255 255
1.884000 0.453000 0.182000 0 255 255
1.888000 0.467000 0.088000 0 255 255
1.881000 0.347000 0.319000 0 255 255
1.886000 0.386000 0.173000 0 255 255
1.884000 0.278000 0.291000 0 255 255
1.886000 0.338000 0.211000 0 255 255
1.881000 0.460000 0.254000 0 255 255
1.888000 0.379000 0.146000 0 255 255
1.888000 0.432000 0.108000 0 255 255
1.882000 0.411000 0.245000 0 255 255
1.883000 0.476000 0.185000 0 255 255
1.887000 0.360000 0.182000 0 255 255
1.884000 0.243000 0.311000 0 255 255
1.882000 0.399000 0.251000 0 255 255
1.880000 0.474000 0.270000 0 255 255
1.880000 0.391000 0.313000 0 255 255
1.887000 0.218000 0.253000 0 255 255
1.884000 0.458000 0.170000 0 255 255
1.887000 0.276000 0.225000 0 255 255
1.882000 0.440000 0.236000 0 255 255
1.887000 0.247000 0.232000 0 255 255
1.885000 0.229000 0.287000 0 255 255
1.881000 0.392000 0.287000 0 255 255
1.885000 0.203000 0.301000 0 255 255
1.878000 0.469000 0.305000 0 255 255
1.885000 0.384000 0.201000 0 255 255
1.885000 0.447000 0.156000 0 255 255
1.883000 0.271000 0.316000 0 255 255
1.887000 0.264000 0.221000 0 255 255
1.886000 0.266000 0.241000 0 255 255
1.885000 0.288000 0.255000 0 255 255
1.882000 0.429000 0.247000 0 255 255
1.885000 0.328000 0.231000 0 255 255
1.883000 0.353000 0.274000 0 255 255
1.882000 0.288000 0.329000 0 255 255
1.881000 0.348000 0.320000 0 255 255
1.879000 0.452000 0.304000 0 255 255
1.878000 0.441000 0.330000 0 255 255
1.885000 0.238000 0.298000 0 255 255
1.886000 0.305000 0.228000 0 255 255
1.886000 0.358000 0.187000 0 255 255
1.886000 0.296000 0.241000 0 255 255
1.885000 0.469000 0.156000 0 255 255
1.883000 0.394000 0.246000 0 255 255
1.881000 0.355000 0.317000 0 255 255
1.887000 0.261000 0.237000 0 255 255
1.880000 0.377000 0.449000 0 255 255
1.882000 0.342000 0.521000 0 255 255
1.881000 0.364000 0.478000 0 255 255
1.883000 0.285000 0.525000 0 255 255
1.878000 0.409000 0.404000 0 255 255
1.879000 0.411000 0.447000 0 255 255
1.883000 0.259000 0.506000 0 255 255
1.883000 0.292000 0.540000 0 255 255
1.882000 0.238000 0.416000 0 255 255
1.884000 0.163000 0.416000 0 255 255
1.882000 0.328000 0.487000 0 255 255
1.882000 0.330000 0.504000 0 255 255
1.882000 0.252000 0.437000 0 255 255
1.883000 0.202000 0.455000 0 255 255
1.880000 0.294000 0.376000 0 255 255
1.878000 0.409000 0.409000 0 255 255
1.881000 0.249000 0.385000 0 255 255
1.882000 0.310000 0.482000 0 255 255
1.877000 0.455000 0.403000 0 255 255
1.879000 0.414000 0.442000 0 255 255
1.881000 0.269000 0.391000 0 255 255
1.881000 0.325000 0.429000 0 255 255
1.882000 0.224000 0.413000 0 255 255
1.883000 0.311000 0.557000 0 255 255
1.880000 0.361000 0.454000 0 255 255
1.880000 0.361000 0.443000 0 255 255
1.878000 0.432000 0.390000 0 255 255
1.880000 0.283000 0.380000 0 255 255
1.881000 0.310000 0.423000 0 255 255
1.876000 0.456000 0.354000 0 255 255
1.883000 0.284000 0.517000 0 255 255
1.877000 0.471000 0.383000 0 255 255
1.880000 0.340000 0.403000 0 255 255
1.880000 0.393000 0.450000 0 255 255
1.878000 0.431000 0.393000 0 255 255
1.884000 0.244000 0.512000 0 255 255
1.879000 0.416000 0.453000 0 255 255
1.877000 0.425000 0.366000 0 255 255
1.880000 0.384000 0.443000 0 255 255
1.882000 0.337000 0.519000 0 255 255
1.882000 0.273000 0.475000 0 255 255
1.879000 0.374000 0.426000 0 255 255
1.880000 0.386000 0.461000 0 255 255
1.879000 0.387000 0.395000 0 255 255
1.878000 0.435000 0.422000 0 255 255
1.881000 0.313000 0.459000 0 255 255
1.877000 0.459000 0.394000 0 255 255
1.883000 0.167000 0.404000 0 255 255
1.883000 0.178000 0.409000 0 255 255
1.880000 0.327000 0.388000 0 255 255
1.878000 0.434000 0.391000 0 255 255
1.881000 0.335000 0.446000 0 255 255
1.880000 0.311000 0.394000 0 255 255
1.879000 0.414000 0.451000 0 255 255
1.880000 0.345000 0.440000 0 255 255
1.883000 0.281000 0.539000 0 255 255
1.880000 0.363000 0.440000 0 255 255
1.881000 0.298000 0.404000 0 255 255
1.877000 0.471000 0.386000 0 255 255
1.883000 0.322000 0.535000 0 255 255
1.883000 0.275000 0.523000 0 255 255
1.883000 0.246000 0.459000 0 255 255
1.882000 0.204000 0.392000 0 255 255
1.880000 0.361000 0.668000 0 255 255
1.881000 0.372000 0.502000 0 255 255
1.876000 0.420000 0.738000 0 255 255
1.878000 0.380000 0.761000 0 255 255
1.876000 0.421000 0.787000 0 255 255
1.878000 0.387000 0.765000 0 255 255
1.876000 0.434000 0.669000 0 255 255
1.876000 0.419000 0.791000 0 255 255
1.875000 0.473000 0.620000 0 255 255
1.878000 0.414000 0.622000 0 255 255
1.878000 0.393000 0.694000 0 255 255
1.882000 0.339000 0.578000 0 255 255
1.875000 0.459000 0.721000 0 255 255
1.874000 0.437000 0.892000 0 255 255
1.876000 0.461000 0.610000 0 255 255
1.878000 0.417000 0.542000 0 255 255
1.875000 0.444000 0.762000 0 255 255
1.876000 0.420000 0.775000 0 255 255
1.874000 0.443000 0.890000 0 255 255
1.877000 0.451000 0.566000 0 255 255
1.883000 0.323000 0.559000 0 255 255
1.875000 0.435000 0.869000 0 255 255
1.876000 0.428000 0.725000 0 255 255
1.876000 0.428000 0.767000 0 255 255
1.873000 0.448000 0.950000 0 255 255
1.877000 0.478000 0.419000 0 255 255
1.875000 0.445000 0.803000 0 255 255
1.877000 0.398000 0.805000 0 255 255
1.878000 0.398000 0.729000 0 255 255
1.879000 0.389000 0.587000 0 255 255
1.878000 0.400000 0.661000 0 255 255
1.880000 0.351000 0.681000 0 255 255
1.875000 0.469000 0.682000 0 255 255
1.883000 0.313000 0.562000 0 255 255
1.877000 0.480000 0.411000 0 255 255
1.880000 0.388000 0.541000 0 255 255
1.879000 0.423000 0.491000 0 255 255
1.877000 0.403000 0.721000 0 255 255
1.876000 0.410000 0.862000 0 255 255
1.880000 0.371000 0.572000 0 255 255
1.878000 0.402000 0.679000 0 255 255
1.879000 0.386000 0.687000 0 255 255
1.875000 0.429000 0.802000 0 255 255
1.879000 0.412000 0.530000 0 255 255
1.878000 0.410000 0.598000 0 255 255
1.881000 0.353000 0.562000 0 255 255
1.871000 0.476000 1.049000 0 255 255
1.882000 0.335000 0.587000 0 255 255
1.878000 0.435000 0.534000 0 255 255
1.873000 0.449000 0.940000 0 255 255
1.872000 0.475000 0.987000 0 255 255
1.875000 0.442000 0.820000 0 255 255
1.873000 0.473000 0.866000 0 255 255
1.877000 0.425000 0.680000 0 255 255
1.880000 0.384000 0.518000 0 255 255
1.880000 0.384000 0.554000 0 255 255
1.875000 0.439000 0.855000 0 255 255
1.875000 0.468000 0.596000 0 255 255
1.878000 0.424000 0.598000 0 255 255
1.880000 0.348000 0.694000 0 255 255
1.871000 0.479000 1.009000 0 255 255
1.874000 0.444000 0.921000 0 255 255
1.878000 0.419000 0.603000 0 255 255
1.882000 0.341000 0.561000 0 255 255
1.872000 0.459000 1.011000 0 255 255
1.882000 0.353000 0.534000 0 255 255
1.875000 0.456000 0.758000 0 255 255
1.879000 0.388000 0.606000 0 255 255
1.882000 0.329000 0.622000 0 255 255
1.880000 0.349000 0.710000 0 255 255
1.877000 0.437000 0.584000 0 255 255
1.877000 0.457000 0.481000 0 255 255
1.877000 0.394000 0.775000 0 255 255
1.878000 0.415000 0.617000 0 255 255
1.876000 0.425000 0.801000 0 255 255
1.877000 0.470000 0.430000 0 255 255
1.880000 0.382000 0.527000 0 255 255
1.876000 0.451000 0.596000 0 255 255
1.878000 0.400000 0.713000 0 255 255
1.882000 0.348000 0.553000 0 255 255
1.878000 0.391000 0.753000 0 255 255
1.877000 0.457000 0.454000 0 255 255
1.873000 0.460000 0.877000 0 255 255
1.872000 0.473000 0.926000 0 255 255
1.877000 0.424000 0.679000 0 255 255
1.875000 0.422000 0.871000 0 255 255
1.881000 0.470000 2.005000 0 255 255
1.877000 0.444000 1.483000 0 255 255
1.882000 0.423000 1.858000 0 255 255
1.880000 0.404000 1.574000 0 255 255
1.880000 0.449000 1.853000 0 255 255
1.883000 0.422000 1.933000 0 255 255
1.872000 0.478000 1.288000 0 255 255
1.878000 0.465000 1.686000 0 255 255
1.877000 0.432000 1.431000 0 255 255
1.889000 0.331000 1.844000 0 255 255
1.877000 0.458000 1.583000 0 255 255
1.882000 0.416000 1.792000 0 255 255
1.882000 0.391000 1.630000 0 255 255
1.887000 0.369000 1.918000 0 255 255
1.889000 0.331000 1.926000 0 255 255
1.887000 0.371000 1.956000 0 255 255
1.878000 0.440000 1.570000 0 255 255
1.883000 0.454000 2.064000 0 255 255
1.877000 0.447000 1.561000 0 255 255
1.877000 0.460000 1.639000 0 255 255
1.883000 0.443000 1.999000 0 255 255
1.884000 0.410000 1.884000 0 255 255
1.881000 0.406000 1.617000 0 255 255
1.878000 0.468000 1.711000 0 255 255
1.876000 0.462000 1.544000 0 255 255
1.884000 0.436000 2.044000 0 255 255
1.887000 0.368000 1.896000 0 255 255
1.882000 0.443000 1.921000 0 255 255
1.882000 0.406000 1.692000 0 255 255
1.879000 0.484000 1.944000 0 255 255
1.875000 0.456000 1.414000 0 255 255
1.874000 0.455000 1.354000 0 255 255
1.879000 0.431000 1.587000 0 255 255
1.890000 0.330000 1.934000 0 255 255
1.883000 0.431000 1.919000 0 255 255
1.884000 0.375000 1.665000 0 255 255
1.880000 0.434000 1.731000 0 255 255
1.882000 0.450000 1.979000 0 255 255
1.873000 0.469000 1.346000 0 255 255
1.879000 0.421000 1.528000 0 255 255
1.879000 0.420000 1.540000 0 255 255
1.883000 0.403000 1.768000 0 255 255
1.876000 0.472000 1.602000 0 255 255
1.886000 0.357000 1.800000 0 255 255
1.877000 0.432000 1.467000 0 255 255
1.883000 0.400000 1.738000 0 255 255
1.887000 0.353000 1.863000 0 255 255
1.886000 0.351000 1.776000 0 255 255
1.878000 0.427000 1.522000 0 255 255
1.883000 0.446000 2.051000 0 255 255
1.879000 0.454000 1.748000 0 255 255
1.881000 0.436000 1.838000 0 255 255
1.886000 0.381000 1.945000 0 255 255
1.877000 0.471000 1.662000 0 255 255
1.879000 0.440000 1.643000 0 255 255
1.881000 0.439000 1.808000 0 255 255
1.884000 0.390000 1.787000 0 255 255
1.887000 0.382000 1.983000 0 255 255
1.881000 0.456000 1.954000 0 255 255
1.883000 0.407000 1.842000 0 255 255
1.875000 0.480000 1.552000 0 255 255
1.882000 0.442000 1.931000 0 255 255
1.885000 0.364000 1.718000 0 255 255
1.888000 0.343000 1.883000 0 255 255
1.888000 0.342000 1.873000 0 255 255
1.881000 0.465000 1.966000 0 255 255
1.881000 0.450000 1.879000 0 255 255
1.881000 0.439000 1.876000 0 255 255
1.878000 0.466000 1.725000 0 255 255
1.880000 0.440000 1.776000 0 255 255
1.888000 0.337000 1.809000 0 255 255
1.882000 0.466000 2.061000 0 255 255
1.883000 0.387000 1.657000 0 255 255
1.886000 0.353000 1.774000 0 255 255
1.885000 0.385000 1.887000 0 255 255
1.882000 0.432000 1.895000 0 255 255
1.881000 0.450000 1.903000 0 255 255
1.874000 0.476000 1.463000 0 255 255
1.883000 0.399000 1.798000 0 255 255
1.887000 0.351000 1.866000 0 255 255
1.880000 0.440000 1.743000 0 255 255
1.881000 0.400000 1.575000 0 255 255
1.875000 0.463000 1.437000 0 255 255
1.879000 0.447000 1.722000 0 255 255
1.881000 0.446000 1.898000 0 255 255
1.883000 0.413000 2.065000 0 255 255
1.882000 0.376000 2.105000 0 255 255
1.884000 0.429000 2.053000 0 255 255
1.886000 0.372000 2.024000 0 255 255
1.890000 0.328000 1.947000 0 255 255
1.885000 0.317000 2.054000 0 255 255
1.886000 0.350000 2.034000 0 255 255
1.891000 0.306000 1.930000 0 255 255
1.883000 0.325000 2.087000 0 255 255
1.884000 0.377000 2.061000 0 255 255
1.882000 0.390000 2.102000 0 255 255
1.882000 0.349000 2.103000 0 255 255
1.886000 0.369000 2.022000 0 255 255
1.888000 0.326000 1.980000 0 255 255
1.882000 0.420000 2.091000 0 255 255
1.882000 0.357000 2.102000 0 255 255
1.884000 0.381000 2.067000 0 255 255
1.888000 0.308000 1.986000 0 255 255
0.811000 0.272000 0.062000 50 50 50
0.933000 0.064000 0.433000 50 50 50
0.960000 0.065000 0.484000 50 50 50
0.910000 0.047000 0.564000 50 50 50
0.961000 0.063000 0.504000 50 50 50
0.921000 0.052000 0.532000 50 50 50
0.921000 0.055000 0.504000 50 50 50
0.985000 0.073000 0.456000 50 50 50
0.940000 0.056000 0.536000 50 50 50
0.981000 0.079000 0.375000 50 50 50
0.981000 0.078000 0.385000 50 50 50
0.917000 0.062000 0.419000 50 50 50
0.952000 0.067000 0.446000 50 50 50
0.931000 0.052000 0.563000 50 50 50
0.939000 0.056000 0.531000 50 50 50
0.941000 0.064000 0.448000 50 50 50
0.989000 0.080000 0.383000 50 50 50
0.957000 0.073000 0.384000 50 50 50
1.014000 0.085000 0.390000 50 50 50
0.938000 0.071000 0.364000 50 50 50
1.002000 0.079000 0.422000 50 50 50
0.907000 0.051000 0.515000 50 50 50
0.965000 0.071000 0.431000 50 50 50
0.900000 0.049000 0.516000 50 50 50
1.011000 0.083000 0.404000 50 50 50
0.921000 0.062000 0.429000 50 50 50
0.899000 0.043000 0.582000 50 50 50
0.978000 0.071000 0.459000 50 50 50
1.024000 0.072000 0.459000 50 50 50
0.971000 0.047000 0.572000 50 50 50
1.034000 0.077000 0.437000 50 50 50
0.937000 0.044000 0.594000 50 50 50
1.018000 0.078000 0.437000 50 50 50
0.922000 0.040000 0.612000 50 50 50
0.949000 0.044000 0.591000 50 50 50
1.044000 0.079000 0.427000 50 50 50
1.025000 0.053000 0.538000 50 50 50
0.983000 0.056000 0.532000 50 50 50
0.976000 0.037000 0.613000 50 50 50
1.038000 0.031000 0.622000 50 50 50
0.988000 0.038000 0.607000 50 50 50
1.006000 0.054000 0.535000 50 50 50
1.044000 0.055000 0.524000 50 50 50
1.021000 0.052000 0.540000 50 50 50
1.037000 0.064000 0.488000 50 50 50
1.051000 0.049000 0.546000 50 50 50
1.012000 0.049000 0.556000 50 50 50
0.993000 0.042000 0.587000 50 50 50
0.967000 0.055000 0.543000 50 50 50
1.031000 0.035000 0.608000 50 50 50
1.012000 0.048000 0.560000 50 50 50
1.053000 0.038000 0.592000 50 50 50
1.036000 0.073000 0.452000 50 50 50
1.012000 0.055000 0.532000 50 50 50
1.011000 0.072000 0.461000 50 50 50
1.056000 0.033000 0.612000 50 50 50
0.986000 0.070000 0.478000 50 50 50
0.932000 0.046000 0.587000 50 50 50
1.018000 0.076000 0.444000 50 50 50
1.008000 0.058000 0.519000 50 50 50
0.998000 0.069000 0.478000 50 50 50
0.992000 0.041000 0.594000 50 50 50
1.042000 0.067000 0.477000 50 50 50
1.212000 0.002000 0.606000 50 50 50
1.181000 0.014000 0.581000 50 50 50
1.068000 0.063000 0.478000 50 50 50
1.071000 0.077000 0.418000 50 50 50
1.105000 0.028000 0.597000 50 50 50
1.164000 0.025000 0.553000 50 50 50
1.067000 0.054000 0.521000 50 50 50
1.116000 0.024000 0.600000 50 50 50
1.121000 0.039000 0.533000 50 50 50
1.237000 0.000000 0.589000 50 50 50
1.131000 0.036000 0.535000 50 50 50
1.115000 0.035000 0.557000 50 50 50
1.129000 0.051000 0.474000 50 50 50
1.082000 0.044000 0.551000 50 50 50
1.087000 0.047000 0.531000 50 50 50
1.155000 0.029000 0.544000 50 50 50
1.132000 0.024000 0.588000 50 50 50
1.058000 0.080000 0.415000 50 50 50
1.078000 0.030000 0.615000 50 50 50
1.147000 0.034000 0.531000 50 50 50
1.089000 0.072000 0.421000 50 50 50
1.189000 0.010000 0.594000 50 50 50
1.161000 0.022000 0.569000 50 50 50
1.063000 0.062000 0.491000 50 50 50
1.088000 0.035000 0.582000 50 50 50
1.070000 0.066000 0.465000 50 50 50
1.065000 0.056000 0.511000 50 50 50
1.086000 0.033000 0.591000 50 50 50
1.113000 0.054000 0.477000 50 50 50
1.095000 0.029000 0.603000 50 50 50
1.061000 0.080000 0.413000 50 50 50
1.105000 0.096000 0.424000 50 50 50
1.169000 0.038000 0.506000 50 50 50
1.071000 0.107000 0.387000 50 50 50
1.112000 0.083000 0.436000 50 50 50
1.117000 0.071000 0.444000 50 50 50
1.060000 0.107000 0.377000 50 50 50
1.103000 0.098000 0.421000 50 50 50
1.127000 0.093000 0.447000 50 50 50
1.101000 0.102000 0.419000 50 50 50
1.066000 0.163000 0.364000 50 50 50
1.182000 0.037000 0.519000 50 50 50
1.162000 0.073000 0.488000 50 50 50
1.165000 0.066000 0.493000 50 50 50
1.096000 0.105000 0.412000 50 50 50
1.068000 0.164000 0.366000 50 50 50
1.054000 0.108000 0.370000 50 50 50
1.127000 0.075000 0.452000 50 50 50
1.155000 0.217000 0.185000 50 50 50
1.079000 0.214000 0.077000 50 50 50
1.112000 0.235000 0.258000 50 50 50
1.115000 0.212000 0.099000 50 50 50
1.091000 0.226000 0.172000 50 50 50
1.163000 0.216000 0.187000 50 50 50
1.092000 0.218000 0.117000 50 50 50
1.124000 0.220000 0.166000 50 50 50
1.153000 0.219000 0.189000 50 50 50
1.085000 0.215000 0.086000 50 50 50
1.147000 0.219000 0.190000 50 50 50
1.107000 0.224000 0.175000 50 50 50
1.090000 0.227000 0.175000 50 50 50
1.083000 0.215000 0.087000 50 50 50
1.094000 0.233000 0.219000 50 50 50
1.126000 0.225000 0.203000 50 50 50
1.173000 0.215000 0.189000 50 50 50
1.081000 0.225000 0.153000 50 50 50
1.080000 0.214000 0.078000 50 50 50
1.124000 0.219000 0.162000 50 50 50
1.141000 0.216000 0.155000 50 50 50
1.087000 0.222000 0.140000 50 50 50
1.088000 0.210000 0.059000 50 50 50
1.097000 0.244000 0.298000 50 50 50
1.122000 0.215000 0.128000 50 50 50
1.106000 0.192000 0.352000 50 50 50
1.115000 0.203000 0.346000 50 50 50
1.161000 0.198000 0.352000 50 50 50
1.244000 0.237000 0.334000 50 50 50
1.116000 0.222000 0.334000 50 50 50
1.322000 0.229000 0.345000 50 50 50
1.185000 0.211000 0.346000 50 50 50
1.187000 0.198000 0.354000 50 50 50
1.225000 0.217000 0.345000 50 50 50
1.333000 0.226000 0.348000 50 50 50
1.115000 0.229000 0.330000 50 50 50
1.169000 0.229000 0.334000 50 50 50
1.218000 0.211000 0.349000 50 50 50
1.221000 0.233000 0.335000 50 50 50
1.312000 0.230000 0.344000 50 50 50
1.090000 0.181000 0.357000 50 50 50
1.090000 0.188000 0.353000 50 50 50
1.093000 0.220000 0.334000 50 50 50
1.150000 0.213000 0.342000 50 50 50
1.118000 0.213000 0.340000 50 50 50
1.225000 0.237000 0.333000 50 50 50
1.281000 0.219000 0.349000 50 50 50
1.108000 0.223000 0.333000 50 50 50
1.119000 0.236000 0.325000 50 50 50
1.125000 0.240000 0.324000 50 50 50
1.276000 0.147000 0.490000 50 50 50
1.270000 0.075000 0.545000 50 50 50
1.246000 0.124000 0.493000 50 50 50
1.169000 0.117000 0.459000 50 50 50
1.193000 0.159000 0.437000 50 50 50
1.305000 0.122000 0.525000 50 50 50
1.226000 0.163000 0.451000 50 50 50
1.368000 0.153000 0.531000 50 50 50
1.294000 0.150000 0.496000 50 50 50
1.236000 0.095000 0.512000 50 50 50
1.249000 0.091000 0.522000 50 50 50
1.312000 0.088000 0.555000 50 50 50
1.345000 0.163000 0.511000 50 50 50
1.283000 0.150000 0.491000 50 50 50
1.194000 0.056000 0.522000 50 50 50
1.073000 0.167000 0.370000 50 50 50
1.300000 0.136000 0.511000 50 50 50
1.306000 0.137000 0.513000 50 50 50
1.285000 0.085000 0.545000 50 50 50
1.142000 0.137000 0.429000 50 50 50
1.198000 0.159000 0.440000 50 50 50
1.216000 0.085000 0.509000 50 50 50
1.110000 0.152000 0.401000 50 50 50
1.214000 0.053000 0.535000 50 50 50
1.106000 0.139000 0.410000 50 50 50
1.304000 0.106000 0.538000 50 50 50
1.362000 0.155000 0.527000 50 50 50
1.254000 0.026000 0.577000 50 50 50
1.286000 0.058000 0.567000 50 50 50
1.229000 0.048000 0.546000 50 50 50
1.229000 0.070000 0.529000 50 50 50
1.154000 0.093000 0.471000 50 50 50
1.162000 0.138000 0.439000 50 50 50
1.106000 0.149000 0.401000 50 50 50
1.128000 0.149000 0.413000 50 50 50
1.285000 0.139000 0.501000 50 50 50
1.216000 0.120000 0.481000 50 50 50
1.292000 0.127000 0.514000 50 50 50
1.136000 0.117000 0.443000 50 50 50
1.233000 0.039000 0.555000 50 50 50
1.231000 0.115000 0.493000 50 50 50
1.258000 0.065000 0.547000 50 50 50
1.209000 0.124000 0.475000 50 50 50
1.312000 0.120000 0.530000 50 50 50
1.310000 0.124000 0.526000 50 50 50
1.277000 0.125000 0.508000 50 50 50
1.142000 0.134000 0.432000 50 50 50
1.267000 0.227000 0.153000 50 50 50
1.266000 0.225000 0.163000 50 50 50
1.329000 0.225000 0.270000 50 50 50
1.270000 0.221000 0.194000 50 50 50
1.263000 0.219000 0.197000 50 50 50
1.268000 0.218000 0.215000 50 50 50
1.348000 0.224000 0.308000 50 50 50
1.328000 0.225000 0.267000 50 50 50
1.329000 0.224000 0.276000 50 50 50
1.243000 0.213000 0.203000 50 50 50
1.308000 0.234000 0.172000 50 50 50
1.263000 0.218000 0.204000 50 50 50
1.381000 0.229000 0.328000 50 50 50
1.287000 0.236000 0.131000 50 50 50
1.362000 0.231000 0.282000 50 50 50
1.232000 0.213000 0.186000 50 50 50
1.236000 0.219000 0.152000 50 50 50
1.261000 0.224000 0.160000 50 50 50
1.264000 0.220000 0.195000 50 50 50
1.282000 0.236000 0.121000 50 50 50
1.261000 0.226000 0.151000 50 50 50
1.325000 0.228000 0.242000 50 50 50
1.289000 0.224000 0.210000 50 50 50
1.268000 0.231000 0.312000 50 50 50
1.253000 0.231000 0.308000 50 50 50
1.179000 0.220000 0.220000 50 50 50
1.273000 0.232000 0.321000 50 50 50
1.320000 0.221000 0.287000 50 50 50
1.174000 0.238000 0.309000 50 50 50
1.193000 0.220000 0.230000 50 50 50
1.275000 0.230000 0.313000 50 50 50
1.220000 0.214000 0.213000 50 50 50
1.159000 0.240000 0.313000 50 50 50
1.137000 0.242000 0.309000 50 50 50
1.216000 0.237000 0.319000 50 50 50
1.234000 0.222000 0.255000 50 50 50
1.184000 0.220000 0.222000 50 50 50
1.203000 0.210000 0.185000 50 50 50
1.195000 0.217000 0.216000 50 50 50
1.274000 0.225000 0.284000 50 50 50
1.326000 0.231000 0.338000 50 50 50
1.270000 0.226000 0.289000 50 50 50
1.343000 0.229000 0.336000 50 50 50
1.329000 0.225000 0.312000 50 50 50
1.242000 0.227000 0.284000 50 50 50
1.213000 0.224000 0.255000 50 50 50
1.215000 0.238000 0.322000 50 50 50
1.148000 0.232000 0.265000 50 50 50
1.276000 0.228000 0.302000 50 50 50
1.172000 0.224000 0.241000 50 50 50
1.296000 0.220000 0.273000 50 50 50
1.233000 0.216000 0.226000 50 50 50
1.143000 0.231000 0.259000 50 50 50
1.183000 0.236000 0.303000 50 50 50
1.296000 0.220000 0.272000 50 50 50
1.215000 0.234000 0.305000 50 50 50
1.224000 0.236000 0.318000 50 50 50
1.300000 0.225000 0.299000 50 50 50
1.326000 0.223000 0.300000 50 50 50
1.177000 0.236000 0.299000 50 50 50
1.235000 0.217000 0.231000 50 50 50
1.196000 0.236000 0.307000 50 50 50
1.344000 0.234000 0.224000 50 50 50
1.373000 0.229000 0.286000 50 50 50
1.312000 0.238000 0.145000 50 50 50
1.341000 0.233000 0.206000 50 50 50
1.339000 0.232000 0.172000 50 50 50
1.377000 0.228000 0.284000 50 50 50
1.349000 0.227000 0.146000 50 50 50
1.339000 0.228000 0.111000 50 50 50
1.390000 0.228000 0.347000 50 50 50
1.318000 0.235000 0.127000 50 50 50
1.353000 0.231000 0.231000 50 50 50
1.336000 0.227000 0.076000 50 50 50
1.345000 0.233000 0.217000 50 50 50
1.346000 0.115000 0.548000 50 50 50
1.298000 0.033000 0.584000 50 50 50
1.322000 0.053000 0.574000 50 50 50
1.357000 0.070000 0.564000 50 50 50
1.345000 0.034000 0.578000 50 50 50
1.325000 0.059000 0.571000 50 50 50
1.307000 0.031000 0.583000 50 50 50
1.363000 0.062000 0.566000 50 50 50
1.358000 0.106000 0.550000 50 50 50
1.287000 0.027000 0.587000 50 50 50
1.275000 0.013000 0.594000 50 50 50
1.356000 0.069000 0.564000 50 50 50
1.369000 0.034000 0.576000 50 50 50
1.344000 0.016000 0.585000 50 50 50
1.348000 0.058000 0.569000 50 50 50
1.329000 0.082000 0.562000 50 50 50
1.331000 0.203000 0.394000 50 50 50
1.364000 0.178000 0.480000 50 50 50
1.346000 0.210000 0.383000 50 50 50
1.289000 0.176000 0.453000 50 50 50
1.168000 0.175000 0.402000 50 50 50
1.306000 0.186000 0.433000 50 50 50
1.235000 0.189000 0.394000 50 50 50
1.171000 0.185000 0.377000 50 50 50
1.269000 0.185000 0.420000 50 50 50
1.318000 0.170000 0.481000 50 50 50
1.317000 0.180000 0.452000 50 50 50
1.383000 0.199000 0.428000 50 50 50
1.379000 0.184000 0.469000 50 50 50
1.369000 0.190000 0.447000 50 50 50
1.329000 0.176000 0.471000 50 50 50
1.179000 0.179000 0.398000 50 50 50
1.216000 0.196000 0.364000 50 50 50
1.382000 0.204000 0.414000 50 50 50
1.206000 0.178000 0.411000 50 50 50
1.275000 0.197000 0.388000 50 50 50
1.356000 0.178000 0.476000 50 50 50
1.318000 0.186000 0.437000 50 50 50
1.278000 0.182000 0.430000 50 50 50
1.293000 0.205000 0.373000 50 50 50
1.354000 0.217000 0.364000 50 50 50
1.264000 0.170000 0.458000 50 50 50
1.286000 0.184000 0.429000 50 50 50
1.341000 0.195000 0.422000 50 50 50
1.262000 0.177000 0.438000 50 50 50
1.301000 0.199000 0.392000 50 50 50
1.313000 0.197000 0.403000 50 50 50
1.213000 0.184000 0.398000 50 50 50
1.127000 0.182000 0.366000 50 50 50
1.185000 0.193000 0.360000 50 50 50
1.215000 0.169000 0.439000 50 50 50
1.344000 0.165000 0.508000 50 50 50
1.345000 0.204000 0.398000 50 50 50
1.281000 0.204000 0.370000 50 50 50
1.307000 0.174000 0.465000 50 50 50
1.372000 0.187000 0.459000 50 50 50
1.169000 0.182000 0.385000 50 50 50
1.267000 0.170000 0.459000 50 50 50
1.265000 0.203000 0.368000 50 50 50
1.328000 0.170000 0.485000 50 50 50
1.339000 0.168000 0.496000 50 50 50
1.261000 0.184000 0.417000 50 50 50
1.313000 0.167000 0.488000 50 50 50
0.067000 0.306000 0.493000 50 50 50
0.068000 0.285000 0.493000 50 50 50
0.071000 0.269000 0.485000 50 50 50
0.093000 0.196000 0.413000 50 50 50
0.070000 0.187000 0.498000 50 50 50
0.069000 0.296000 0.489000 50 50 50
0.072000 0.270000 0.481000 50 50 50
0.072000 0.292000 0.478000 50 50 50
0.091000 0.221000 0.419000 50 50 50
0.077000 0.236000 0.468000 50 50 50
0.078000 0.237000 0.462000 50 50 50
0.083000 0.243000 0.444000 50 50 50
0.072000 0.391000 0.063000 50 50 50
0.079000 0.361000 0.072000 50 50 50
0.073000 0.361000 0.090000 50 50 50
0.067000 0.398000 0.074000 50 50 50
0.248000 0.337000 0.069000 50 50 50
0.220000 0.335000 0.059000 50 50 50
0.511000 0.438000 0.075000 50 50 50
0.523000 0.434000 0.072000 50 50 50
0.592000 0.406000 0.072000 50 50 50
0.564000 0.415000 0.079000 50 50 50
0.563000 0.407000 0.100000 50 50 50
0.547000 0.422000 0.079000 50 50 50
0.544000 0.419000 0.090000 50 50 50
0.578000 0.413000 0.069000 50 50 50
0.676000 0.378000 0.060000 50 50 50
0.613000 0.429000 0.148000 50 50 50
0.636000 0.403000 0.105000 50 50 50
0.708000 0.393000 0.093000 50 50 50
0.639000 0.422000 0.139000 50 50 50
0.678000 0.396000 0.097000 50 50 50
0.688000 0.401000 0.106000 50 50 50
0.698000 0.382000 0.075000 50 50 50
0.740000 0.382000 0.078000 50 50 50
0.696000 0.392000 0.091000 50 50 50
0.585000 0.402000 0.100000 50 50 50
0.680000 0.399000 0.103000 50 50 50
0.677000 0.401000 0.105000 50 50 50
0.652000 0.385000 0.076000 50 50 50
0.689000 0.381000 0.073000 50 50 50
0.687000 0.383000 0.076000 50 50 50
0.636000 0.387000 0.078000 50 50 50
0.633000 0.430000 0.152000 50 50 50
0.722000 0.446000 0.301000 50 50 50
0.699000 0.447000 0.243000 50 50 50
0.754000 0.450000 0.257000 50 50 50
0.699000 0.444000 0.328000 50 50 50
0.698000 0.446000 0.258000 50 50 50
0.695000 0.442000 0.370000 50 50 50
0.759000 0.450000 0.256000 50 50 50
0.688000 0.445000 0.278000 50 50 50
0.672000 0.445000 0.243000 50 50 50
0.680000 0.443000 0.314000 50 50 50
0.673000 0.445000 0.237000 50 50 50
0.720000 0.448000 0.247000 50 50 50
0.758000 0.450000 0.275000 50 50 50
0.667000 0.444000 0.258000 50 50 50
0.729000 0.448000 0.261000 50 50 50
0.732000 0.450000 0.224000 50 50 50
0.699000 0.448000 0.219000 50 50 50
0.705000 0.442000 0.373000 50 50 50
0.679000 0.443000 0.315000 50 50 50
0.744000 0.448000 0.300000 50 50 50
0.677000 0.441000 0.352000 50 50 50
0.673000 0.440000 0.384000 50 50 50
0.797000 0.419000 0.161000 50 50 50
0.818000 0.409000 0.147000 50 50 50
0.761000 0.411000 0.137000 50 50 50
0.725000 0.408000 0.122000 50 50 50
0.819000 0.407000 0.143000 50 50 50
0.769000 0.373000 0.066000 50 50 50
0.711000 0.413000 0.130000 50 50 50
0.754000 0.411000 0.136000 50 50 50
0.728000 0.424000 0.155000 50 50 50
0.729000 0.398000 0.105000 50 50 50
0.806000 0.390000 0.107000 50 50 50
0.785000 0.413000 0.146000 50 50 50
0.799000 0.392000 0.109000 50 50 50
0.785000 0.389000 0.101000 50 50 50
0.779000 0.421000 0.161000 50 50 50
0.747000 0.426000 0.163000 50 50 50
0.709000 0.427000 0.156000 50 50 50
0.797000 0.376000 0.079000 50 50 50
0.791000 0.392000 0.108000 50 50 50
0.774000 0.390000 0.099000 50 50 50
0.794000 0.382000 0.090000 50 50 50
0.710000 0.411000 0.124000 50 50 50
0.801000 0.403000 0.131000 50 50 50
0.725000 0.400000 0.108000 50 50 50
0.744000 0.401000 0.114000 50 50 50
0.786000 0.407000 0.136000 50 50 50
0.758000 0.420000 0.153000 50 50 50
0.750000 0.397000 0.108000 50 50 50
0.733000 0.442000 0.199000 50 50 50
0.772000 0.440000 0.209000 50 50 50
0.798000 0.435000 0.204000 50 50 50
0.678000 0.445000 0.183000 50 50 50
0.800000 0.426000 0.177000 50 50 50
0.811000 0.435000 0.211000 50 50 50
0.685000 0.448000 0.196000 50 50 50
0.718000 0.446000 0.206000 50 50 50
0.738000 0.444000 0.208000 50 50 50
0.790000 0.448000 0.243000 50 50 50
0.762000 0.440000 0.205000 50 50 50
0.792000 0.440000 0.219000 50 50 50
0.875000 0.430000 0.539000 50 50 50
0.779000 0.435000 0.467000 50 50 50
0.764000 0.430000 0.559000 50 50 50
0.790000 0.433000 0.509000 50 50 50
0.881000 0.431000 0.513000 50 50 50
0.845000 0.432000 0.514000 50 50 50
0.754000 0.429000 0.581000 50 50 50
0.914000 0.430000 0.525000 50 50 50
0.766000 0.433000 0.509000 50 50 50
0.840000 0.432000 0.511000 50 50 50
0.711000 0.430000 0.568000 50 50 50
0.875000 0.432000 0.500000 50 50 50
0.687000 0.433000 0.513000 50 50 50
0.726000 0.431000 0.562000 50 50 50
0.745000 0.429000 0.585000 50 50 50
0.839000 0.431000 0.523000 50 50 50
0.902000 0.430000 0.525000 50 50 50
0.710000 0.435000 0.484000 50 50 50
0.692000 0.429000 0.599000 50 50 50
0.775000 0.432000 0.527000 50 50 50
0.766000 0.431000 0.537000 50 50 50
0.727000 0.434000 0.500000 50 50 50
0.854000 0.432000 0.504000 50 50 50
0.704000 0.429000 0.600000 50 50 50
0.778000 0.435000 0.468000 50 50 50
0.683000 0.436000 0.456000 50 50 50
0.749000 0.435000 0.463000 50 50 50
0.718000 0.429000 0.586000 50 50 50
0.727000 0.434000 0.496000 50 50 50
0.764000 0.448000 0.319000 50 50 50
0.695000 0.440000 0.412000 50 50 50
0.876000 0.451000 0.363000 50 50 50
0.788000 0.449000 0.319000 50 50 50
0.896000 0.453000 0.337000 50 50 50
0.790000 0.450000 0.310000 50 50 50
0.800000 0.450000 0.314000 50 50 50
0.776000 0.445000 0.381000 50 50 50
0.748000 0.444000 0.383000 50 50 50
0.817000 0.448000 0.369000 50 50 50
0.847000 0.449000 0.366000 50 50 50
0.892000 0.451000 0.358000 50 50 50
0.879000 0.452000 0.345000 50 50 50
0.766000 0.449000 0.298000 50 50 50
0.815000 0.449000 0.349000 50 50 50
0.785000 0.446000 0.368000 50 50 50
0.769000 0.446000 0.367000 50 50 50
0.793000 0.449000 0.328000 50 50 50
0.790000 0.447000 0.354000 50 50 50
0.867000 0.450000 0.363000 50 50 50
0.873000 0.453000 0.316000 50 50 50
0.889000 0.452000 0.346000 50 50 50
0.751000 0.445000 0.365000 50 50 50
0.800000 0.450000 0.318000 50 50 50
0.861000 0.436000 0.282000 50 50 50
0.834000 0.437000 0.266000 50 50 50
0.861000 0.433000 0.279000 50 50 50
0.893000 0.433000 0.300000 50 50 50
0.914000 0.407000 0.281000 50 50 50
0.799000 0.450000 0.259000 50 50 50
0.928000 0.442000 0.335000 50 50 50
0.854000 0.453000 0.300000 50 50 50
0.925000 0.453000 0.346000 50 50 50
0.863000 0.431000 0.278000 50 50 50
0.785000 0.436000 0.459000 50 50 50
0.726000 0.438000 0.436000 50 50 50
0.906000 0.444000 0.415000 50 50 50
0.680000 0.438000 0.432000 50 50 50
0.910000 0.445000 0.408000 50 50 50
0.800000 0.436000 0.457000 50 50 50
0.848000 0.439000 0.445000 50 50 50
0.891000 0.437000 0.466000 50 50 50
0.928000 0.438000 0.463000 50 50 50
0.885000 0.439000 0.447000 50 50 50
0.890000 0.451000 0.368000 50 50 50
0.893000 0.432000 0.500000 50 50 50
0.737000 0.439000 0.434000 50 50 50
0.830000 0.434000 0.475000 50 50 50
0.768000 0.443000 0.407000 50 50 50
0.904000 0.439000 0.452000 50 50 50
0.856000 0.447000 0.387000 50 50 50
0.859000 0.444000 0.412000 50 50 50
0.800000 0.440000 0.429000 50 50 50
0.869000 0.440000 0.441000 50 50 50
0.836000 0.443000 0.414000 50 50 50
0.815000 0.438000 0.448000 50 50 50
0.870000 0.444000 0.413000 50 50 50
0.809000 0.438000 0.446000 50 50 50
0.932000 0.442000 0.434000 50 50 50
0.898000 0.436000 0.469000 50 50 50
0.843000 0.434000 0.481000 50 50 50
0.787000 0.439000 0.435000 50 50 50
0.930000 0.451000 0.369000 50 50 50
0.827000 0.441000 0.430000 50 50 50
0.926000 0.445000 0.411000 50 50 50
0.824000 0.435000 0.471000 50 50 50
0.706000 0.437000 0.439000 50 50 50
0.889000 0.444000 0.414000 50 50 50
0.845000 0.441000 0.432000 50 50 50
1.377000 0.142000 0.205000 50 50 50
1.343000 0.140000 0.088000 50 50 50
1.315000 0.143000 0.079000 50 50 50
1.511000 0.117000 0.081000 50 50 50
1.465000 0.125000 0.119000 50 50 50
1.450000 0.124000 0.073000 50 50 50
1.418000 0.131000 0.104000 50 50 50
1.440000 0.129000 0.128000 50 50 50
1.444000 0.131000 0.171000 50 50 50
1.460000 0.124000 0.091000 50 50 50
1.519000 0.117000 0.108000 50 50 50
1.450000 0.128000 0.137000 50 50 50
1.354000 0.139000 0.102000 50 50 50
1.521000 0.114000 0.065000 50 50 50
1.403000 0.139000 0.211000 50 50 50
1.502000 0.117000 0.071000 50 50 50
1.380000 0.138000 0.146000 50 50 50
1.418000 0.129000 0.084000 50 50 50
1.483000 0.125000 0.153000 50 50 50
1.470000 0.122000 0.077000 50 50 50
1.523000 0.115000 0.070000 50 50 50
1.468000 0.127000 0.161000 50 50 50
1.405000 0.133000 0.115000 50 50 50
1.369000 0.139000 0.142000 50 50 50
1.333000 0.140000 0.068000 50 50 50
1.374000 0.139000 0.150000 50 50 50
1.407000 0.138000 0.215000 50 50 50
1.529000 0.114000 0.072000 50 50 50
1.361000 0.141000 0.148000 50 50 50
1.349000 0.143000 0.156000 50 50 50
1.424000 0.131000 0.129000 50 50 50
1.393000 0.142000 0.240000 50 50 50
1.402000 0.131000 0.075000 50 50 50
1.374000 0.136000 0.090000 50 50 50
1.423000 0.132000 0.139000 50 50 50
1.447000 0.124000 0.062000 50 50 50
1.360000 0.142000 0.161000 50 50 50
1.400000 0.139000 0.209000 50 50 50
1.455000 0.124000 0.075000 50 50 50
1.409000 0.143000 0.240000 50 50 50
1.553000 0.132000 0.143000 50 50 50
1.572000 0.146000 0.174000 50 50 50
1.584000 0.136000 0.141000 50 50 50
1.450000 0.134000 0.197000 50 50 50
1.416000 0.146000 0.246000 50 50 50
1.626000 0.146000 0.150000 50 50 50
1.429000 0.144000 0.233000 50 50 50
1.590000 0.144000 0.159000 50 50 50
1.574000 0.146000 0.173000 50 50 50
1.581000 0.114000 0.084000 50 50 50
1.481000 0.147000 0.218000 50 50 50
1.502000 0.154000 0.226000 50 50 50
1.578000 0.144000 0.164000 50 50 50
1.535000 0.153000 0.209000 50 50 50
1.550000 0.130000 0.140000 50 50 50
1.569000 0.119000 0.102000 50 50 50
1.454000 0.132000 0.190000 50 50 50
1.536000 0.121000 0.122000 50 50 50
1.450000 0.134000 0.198000 50 50 50
1.537000 0.116000 0.109000 50 50 50
1.573000 0.158000 0.205000 50 50 50
1.621000 0.138000 0.129000 50 50 50
1.523000 0.154000 0.217000 50 50 50
1.593000 0.142000 0.152000 50 50 50
1.576000 0.136000 0.143000 50 50 50
1.532000 0.125000 0.135000 50 50 50
1.471000 0.136000 0.192000 50 50 50
1.638000 0.163000 0.189000 50 50 50
1.439000 0.134000 0.200000 50 50 50
1.580000 0.158000 0.201000 50 50 50
1.588000 0.114000 0.079000 50 50 50
1.471000 0.147000 0.222000 50 50 50
1.513000 0.154000 0.250000 50 50 50
1.543000 0.156000 0.248000 50 50 50
1.591000 0.154000 0.309000 50 50 50
1.617000 0.160000 0.229000 50 50 50
1.457000 0.152000 0.252000 50 50 50
1.532000 0.151000 0.308000 50 50 50
1.638000 0.155000 0.332000 50 50 50
1.643000 0.159000 0.265000 50 50 50
1.633000 0.157000 0.293000 50 50 50
1.600000 0.159000 0.229000 50 50 50
1.543000 0.153000 0.296000 50 50 50
1.591000 0.158000 0.242000 50 50 50
1.640000 0.161000 0.225000 50 50 50
1.638000 0.159000 0.269000 50 50 50
1.494000 0.149000 0.311000 50 50 50
1.610000 0.157000 0.270000 50 50 50
1.599000 0.156000 0.285000 50 50 50
1.611000 0.152000 0.347000 50 50 50
1.572000 0.153000 0.306000 50 50 50
1.605000 0.160000 0.222000 50 50 50
1.616000 0.155000 0.304000 50 50 50
1.644000 0.162000 0.218000 50 50 50
1.621000 0.153000 0.351000 50 50 50
1.618000 0.161000 0.219000 50 50 50
1.473000 0.152000 0.250000 50 50 50
1.458000 0.150000 0.278000 50 50 50
1.626000 0.161000 0.226000 50 50 50
1.626000 0.159000 0.259000 50 50 50
1.548000 0.154000 0.283000 50 50 50
1.457000 0.149000 0.295000 50 50 50
1.545000 0.152000 0.300000 50 50 50
1.604000 0.157000 0.275000 50 50 50
1.468000 0.151000 0.275000 50 50 50
1.537000 0.152000 0.296000 50 50 50
1.463000 0.149000 0.295000 50 50 50
1.677000 0.147000 0.103000 50 50 50
1.717000 0.166000 0.120000 50 50 50
1.688000 0.152000 0.107000 50 50 50
1.792000 0.172000 0.064000 50 50 50
1.655000 0.146000 0.121000 50 50 50
1.685000 0.161000 0.137000 50 50 50
1.657000 0.147000 0.121000 50 50 50
1.640000 0.157000 0.171000 50 50 50
1.716000 0.164000 0.116000 50 50 50
1.672000 0.136000 0.074000 50 50 50
1.629000 0.144000 0.141000 50 50 50
1.659000 0.133000 0.076000 50 50 50
1.754000 0.169000 0.094000 50 50 50
1.767000 0.171000 0.086000 50 50 50
1.789000 0.172000 0.066000 50 50 50
1.751000 0.166000 0.086000 50 50 50
1.646000 0.142000 0.116000 50 50 50
1.717000 0.153000 0.081000 50 50 50
1.723000 0.162000 0.104000 50 50 50
1.760000 0.163000 0.069000 50 50 50
0.229000 0.382000 0.242000 50 50 50
0.271000 0.378000 0.208000 50 50 50
0.257000 0.383000 0.231000 50 50 50
0.252000 0.375000 0.211000 50 50 50
0.290000 0.397000 0.254000 50 50 50
0.264000 0.377000 0.209000 50 50 50
0.267000 0.385000 0.233000 50 50 50
0.247000 0.386000 0.246000 50 50 50
0.303000 0.392000 0.335000 50 50 50
0.126000 0.380000 0.328000 50 50 50
0.365000 0.394000 0.339000 50 50 50
0.151000 0.381000 0.330000 50 50 50
0.161000 0.383000 0.328000 50 50 50
0.083000 0.373000 0.332000 50 50 50
0.226000 0.389000 0.330000 50 50 50
0.301000 0.410000 0.314000 50 50 50
0.372000 0.396000 0.338000 50 50 50
0.122000 0.375000 0.333000 50 50 50
0.346000 0.406000 0.324000 50 50 50
0.379000 0.401000 0.333000 50 50 50
0.284000 0.413000 0.308000 50 50 50
0.124000 0.372000 0.374000 50 50 50
0.126000 0.372000 0.446000 50 50 50
0.229000 0.372000 0.460000 50 50 50
0.107000 0.372000 0.440000 50 50 50
0.226000 0.373000 0.538000 50 50 50
0.318000 0.373000 0.571000 50 50 50
0.210000 0.372000 0.440000 50 50 50
0.282000 0.373000 0.541000 50 50 50
0.326000 0.373000 0.583000 50 50 50
0.317000 0.373000 0.536000 50 50 50
0.179000 0.372000 0.470000 50 50 50
0.287000 0.373000 0.567000 50 50 50
0.223000 0.373000 0.534000 50 50 50
0.211000 0.373000 0.535000 50 50 50
0.376000 0.373000 0.591000 50 50 50
0.204000 0.372000 0.444000 50 50 50
0.106000 0.372000 0.429000 50 50 50
0.138000 0.373000 0.545000 50 50 50
0.109000 0.372000 0.472000 50 50 50
0.177000 0.372000 0.415000 50 50 50
0.235000 0.372000 0.458000 50 50 50
0.113000 0.373000 0.546000 50 50 50
0.284000 0.373000 0.580000 50 50 50
0.265000 0.373000 0.566000 50 50 50
0.315000 0.373000 0.567000 50 50 50
0.343000 0.373000 0.589000 50 50 50
0.137000 0.372000 0.419000 50 50 50
0.141000 0.373000 0.547000 50 50 50
0.140000 0.373000 0.564000 50 50 50
0.149000 0.373000 0.523000 50 50 50
0.197000 0.372000 0.483000 50 50 50
0.128000 0.372000 0.438000 50 50 50
0.249000 0.373000 0.472000 50 50 50
0.180000 0.373000 0.571000 50 50 50
0.232000 0.373000 0.544000 50 50 50
0.264000 0.373000 0.537000 50 50 50
0.233000 0.373000 0.560000 50 50 50
0.180000 0.372000 0.441000 50 50 50
0.187000 0.372000 0.479000 50 50 50
0.124000 0.372000 0.391000 50 50 50
0.227000 0.373000 0.519000 50 50 50
0.428000 0.398000 0.335000 50 50 50
0.414000 0.394000 0.291000 50 50 50
0.339000 0.378000 0.106000 50 50 50
0.358000 0.383000 0.225000 50 50 50
0.354000 0.383000 0.229000 50 50 50
0.349000 0.380000 0.118000 50 50 50
0.342000 0.379000 0.142000 50 50 50
0.364000 0.384000 0.229000 50 50 50
0.357000 0.383000 0.215000 50 50 50
0.346000 0.379000 0.092000 50 50 50
0.346000 0.380000 0.135000 50 50 50
0.329000 0.392000 0.254000 50 50 50
0.386000 0.398000 0.310000 50 50 50
0.329000 0.404000 0.297000 50 50 50
0.319000 0.380000 0.200000 50 50 50
0.333000 0.390000 0.248000 50 50 50
0.322000 0.393000 0.253000 50 50 50
0.331000 0.397000 0.271000 50 50 50
0.298000 0.404000 0.276000 50 50 50
0.293000 0.373000 0.502000 50 50 50
0.263000 0.383000 0.369000 50 50 50
0.169000 0.374000 0.388000 50 50 50
0.401000 0.382000 0.497000 50 50 50
0.413000 0.382000 0.502000 50 50 50
0.383000 0.380000 0.498000 50 50 50
0.361000 0.390000 0.377000 50 50 50
0.404000 0.375000 0.566000 50 50 50
0.236000 0.375000 0.434000 50 50 50
0.281000 0.386000 0.347000 50 50 50
0.344000 0.392000 0.341000 50 50 50
0.410000 0.381000 0.507000 50 50 50
0.189000 0.373000 0.416000 50 50 50
0.414000 0.389000 0.424000 50 50 50
0.202000 0.378000 0.371000 50 50 50
0.377000 0.386000 0.426000 50 50 50
0.107000 0.374000 0.336000 50 50 50
0.372000 0.380000 0.489000 50 50 50
0.135000 0.372000 0.377000 50 50 50
0.180000 0.377000 0.358000 50 50 50
0.249000 0.374000 0.457000 50 50 50
0.383000 0.386000 0.433000 50 50 50
0.265000 0.382000 0.382000 50 50 50
0.306000 0.380000 0.441000 50 50 50
0.337000 0.382000 0.438000 50 50 50
0.360000 0.387000 0.402000 50 50 50
0.263000 0.381000 0.390000 50 50 50
0.224000 0.377000 0.404000 50 50 50
0.385000 0.382000 0.479000 50 50 50
0.332000 0.376000 0.497000 50 50 50
0.268000 0.375000 0.458000 50 50 50
0.314000 0.386000 0.374000 50 50 50
0.363000 0.389000 0.388000 50 50 50
0.404000 0.379000 0.527000 50 50 50
0.414000 0.388000 0.443000 50 50 50
0.269000 0.378000 0.429000 50 50 50
0.349000 0.390000 0.358000 50 50 50
0.295000 0.386000 0.362000 50 50 50
0.326000 0.377000 0.488000 50 50 50
0.229000 0.381000 0.363000 50 50 50
0.384000 0.381000 0.488000 50 50 50
0.286000 0.375000 0.474000 50 50 50
0.357000 0.381000 0.466000 50 50 50
0.412000 0.375000 0.583000 50 50 50
0.368000 0.392000 0.355000 50 50 50
0.274000 0.379000 0.415000 50 50 50
0.283000 0.378000 0.441000 50 50 50
0.261000 0.379000 0.413000 50 50 50
0.299000 0.382000 0.407000 50 50 50
0.330000 0.390000 0.347000 50 50 50
0.190000 0.375000 0.396000 50 50 50
0.327000 0.390000 0.343000 50 50 50
0.375000 0.393000 0.356000 50 50 50
0.183000 0.376000 0.371000 50 50 50
0.348000 0.388000 0.381000 50 50 50
0.320000 0.387000 0.373000 50 50 50
0.429000 0.396000 0.367000 50 50 50
0.194000 0.379000 0.348000 50 50 50
0.307000 0.385000 0.384000 50 50 50
0.367000 0.375000 0.542000 50 50 50
0.381000 0.378000 0.517000 50 50 50
0.196000 0.378000 0.365000 50 50 50
0.380000 0.388000 0.406000 50 50 50
0.283000 0.381000 0.401000 50 50 50
0.154000 0.377000 0.337000 50 50 50
0.354000 0.384000 0.430000 50 50 50
0.404000 0.231000 0.582000 50 50 50
0.422000 0.295000 0.525000 50 50 50
0.428000 0.215000 0.458000 50 50 50
0.421000 0.247000 0.506000 50 50 50
0.414000 0.285000 0.562000 50 50 50
0.427000 0.251000 0.482000 50 50 50
0.407000 0.227000 0.567000 50 50 50
0.409000 0.210000 0.549000 50 50 50
0.415000 0.287000 0.557000 50 50 50
0.413000 0.256000 0.553000 50 50 50
0.418000 0.250000 0.523000 50 50 50
0.414000 0.286000 0.563000 50 50 50
0.430000 0.217000 0.446000 50 50 50
0.408000 0.270000 0.584000 50 50 50
0.418000 0.322000 0.561000 50 50 50
0.416000 0.237000 0.529000 50 50 50
0.416000 0.224000 0.521000 50 50 50
0.409000 0.275000 0.581000 50 50 50
0.430000 0.218000 0.447000 50 50 50
0.428000 0.280000 0.491000 50 50 50
0.428000 0.352000 0.436000 50 50 50
0.426000 0.307000 0.495000 50 50 50
0.428000 0.343000 0.435000 50 50 50
0.431000 0.372000 0.376000 50 50 50
0.434000 0.269000 0.406000 50 50 50
0.432000 0.345000 0.384000 50 50 50
0.428000 0.287000 0.474000 50 50 50
0.432000 0.264000 0.435000 50 50 50
0.432000 0.293000 0.421000 50 50 50
0.429000 0.316000 0.444000 50 50 50
0.420000 0.340000 0.558000 50 50 50
0.422000 0.372000 0.501000 50 50 50
0.433000 0.284000 0.416000 50 50 50
0.425000 0.331000 0.487000 50 50 50
0.433000 0.266000 0.420000 50 50 50
0.425000 0.341000 0.488000 50 50 50
0.422000 0.365000 0.503000 50 50 50
0.430000 0.312000 0.432000 50 50 50
0.431000 0.269000 0.452000 50 50 50
0.431000 0.304000 0.430000 50 50 50
0.429000 0.305000 0.451000 50 50 50
0.427000 0.366000 0.436000 50 50 50
0.433000 0.269000 0.425000 50 50 50
0.433000 0.300000 0.404000 50 50 50
0.428000 0.343000 0.439000 50 50 50
0.421000 0.340000 0.541000 50 50 50
0.423000 0.338000 0.514000 50 50 50
0.423000 0.322000 0.522000 50 50 50
0.435000 0.254000 0.406000 50 50 50
0.432000 0.313000 0.401000 50 50 50
0.428000 0.324000 0.457000 50 50 50
0.443000 0.333000 0.237000 50 50 50
0.438000 0.342000 0.180000 50 50 50
0.434000 0.370000 0.239000 50 50 50
0.439000 0.348000 0.229000 50 50 50
0.453000 0.305000 0.295000 50 50 50
0.441000 0.354000 0.298000 50 50 50
0.435000 0.365000 0.229000 50 50 50
0.435000 0.373000 0.266000 50 50 50
0.432000 0.395000 0.338000 50 50 50
0.449000 0.317000 0.271000 50 50 50
0.441000 0.348000 0.274000 50 50 50
0.441000 0.321000 0.114000 50 50 50
0.441000 0.319000 0.109000 50 50 50
0.444000 0.325000 0.218000 50 50 50
0.354000 0.377000 0.082000 50 50 50
0.361000 0.376000 0.093000 50 50 50
0.388000 0.361000 0.096000 50 50 50
0.408000 0.390000 0.258000 50 50 50
0.405000 0.362000 0.141000 50 50 50
0.397000 0.364000 0.129000 50 50 50
0.420000 0.368000 0.200000 50 50 50
0.418000 0.350000 0.125000 50 50 50
0.429000 0.349000 0.150000 50 50 50
0.411000 0.340000 0.072000 50 50 50
0.429000 0.376000 0.252000 50 50 50
0.369000 0.372000 0.099000 50 50 50
0.431000 0.335000 0.096000 50 50 50
0.411000 0.387000 0.250000 50 50 50
0.409000 0.379000 0.216000 50 50 50
0.418000 0.392000 0.286000 50 50 50
0.372000 0.375000 0.117000 50 50 50
0.370000 0.383000 0.142000 50 50 50
0.379000 0.378000 0.144000 50 50 50
0.425000 0.344000 0.117000 50 50 50
0.432000 0.326000 0.064000 50 50 50
0.417000 0.353000 0.134000 50 50 50
0.397000 0.357000 0.105000 50 50 50
0.417000 0.338000 0.076000 50 50 50
0.434000 0.387000 0.339000 50 50 50
0.442000 0.268000 0.363000 50 50 50
0.441000 0.275000 0.365000 50 50 50
0.446000 0.323000 0.323000 50 50 50
0.438000 0.249000 0.390000 50 50 50
0.443000 0.310000 0.342000 50 50 50
0.440000 0.263000 0.374000 50 50 50
0.443000 0.335000 0.327000 50 50 50
0.437000 0.351000 0.344000 50 50 50
0.446000 0.317000 0.323000 50 50 50
1.350000 0.224000 0.084000 50 50 50
1.369000 0.212000 0.225000 50 50 50
1.382000 0.225000 0.292000 50 50 50
1.367000 0.191000 0.239000 50 50 50
1.362000 0.203000 0.192000 50 50 50
1.369000 0.180000 0.264000 50 50 50
1.386000 0.222000 0.318000 50 50 50
1.378000 0.197000 0.320000 50 50 50
1.387000 0.213000 0.369000 50 50 50
1.385000 0.206000 0.392000 50 50 50
1.375000 0.182000 0.365000 50 50 50
1.376000 0.186000 0.363000 50 50 50
1.386000 0.208000 0.395000 50 50 50
1.461000 0.034000 0.531000 50 50 50
1.434000 0.123000 0.510000 50 50 50
1.555000 0.070000 0.465000 50 50 50
1.416000 0.085000 0.535000 50 50 50
1.421000 0.107000 0.524000 50 50 50
1.538000 0.072000 0.473000 50 50 50
1.540000 0.047000 0.482000 50 50 50
1.452000 0.044000 0.532000 50 50 50
1.392000 0.131000 0.530000 50 50 50
1.380000 0.152000 0.529000 50 50 50
1.419000 0.121000 0.520000 50 50 50
1.424000 0.116000 0.519000 50 50 50
1.443000 0.097000 0.516000 50 50 50
1.388000 0.133000 0.532000 50 50 50
1.468000 0.049000 0.520000 50 50 50
1.577000 0.049000 0.461000 50 50 50
1.409000 0.125000 0.523000 50 50 50
1.439000 0.030000 0.544000 50 50 50
1.421000 0.101000 0.526000 50 50 50
1.386000 0.057000 0.563000 50 50 50
1.564000 0.064000 0.462000 50 50 50
1.537000 0.079000 0.471000 50 50 50
1.550000 0.066000 0.469000 50 50 50
1.420000 0.069000 0.539000 50 50 50
1.414000 0.023000 0.560000 50 50 50
1.593000 0.070000 0.443000 50 50 50
1.489000 0.103000 0.488000 50 50 50
1.526000 0.060000 0.485000 50 50 50
1.465000 0.077000 0.511000 50 50 50
1.387000 0.027000 0.574000 50 50 50
1.476000 0.073000 0.507000 50 50 50
1.523000 0.065000 0.484000 50 50 50
1.506000 0.081000 0.487000 50 50 50
1.414000 0.059000 0.546000 50 50 50
1.459000 0.097000 0.507000 50 50 50
1.465000 0.059000 0.519000 50 50 50
1.528000 0.103000 0.466000 50 50 50
1.539000 0.144000 0.443000 50 50 50
1.652000 0.142000 0.381000 50 50 50
1.562000 0.120000 0.441000 50 50 50
1.608000 0.097000 0.424000 50 50 50
1.487000 0.125000 0.480000 50 50 50
1.612000 0.064000 0.435000 50 50 50
1.616000 0.116000 0.412000 50 50 50
1.630000 0.072000 0.422000 50 50 50
1.593000 0.149000 0.411000 50 50 50
1.559000 0.128000 0.439000 50 50 50
1.582000 0.144000 0.419000 50 50 50
1.586000 0.083000 0.442000 50 50 50
1.614000 0.066000 0.433000 50 50 50
1.539000 0.121000 0.453000 50 50 50
1.412000 0.154000 0.511000 50 50 50
1.519000 0.151000 0.451000 50 50 50
1.606000 0.102000 0.423000 50 50 50
1.595000 0.080000 0.438000 50 50 50
1.619000 0.088000 0.421000 50 50 50
1.633000 0.070000 0.421000 50 50 50
1.582000 0.084000 0.444000 50 50 50
1.540000 0.103000 0.459000 50 50 50
1.561000 0.118000 0.442000 50 50 50
1.644000 0.142000 0.385000 50 50 50
1.570000 0.130000 0.432000 50 50 50
1.606000 0.119000 0.416000 50 50 50
1.531000 0.144000 0.448000 50 50 50
1.373000 0.172000 0.309000 50 50 50
1.493000 0.159000 0.448000 50 50 50
1.508000 0.161000 0.378000 50 50 50
1.584000 0.157000 0.377000 50 50 50
1.553000 0.160000 0.335000 50 50 50
1.442000 0.162000 0.439000 50 50 50
1.589000 0.156000 0.384000 50 50 50
1.554000 0.160000 0.354000 50 50 50
1.611000 0.155000 0.389000 50 50 50
1.466000 0.160000 0.473000 50 50 50
1.562000 0.158000 0.391000 50 50 50
1.633000 0.154000 0.374000 50 50 50
1.390000 0.164000 0.466000 50 50 50
1.636000 0.154000 0.369000 50 50 50
1.441000 0.161000 0.470000 50 50 50
1.573000 0.158000 0.366000 50 50 50
1.390000 0.171000 0.305000 50 50 50
1.502000 0.161000 0.402000 50 50 50
1.379000 0.166000 0.430000 50 50 50
1.486000 0.162000 0.381000 50 50 50
1.482000 0.161000 0.427000 50 50 50
1.482000 0.160000 0.454000 50 50 50
1.383000 0.172000 0.283000 50 50 50
1.413000 0.166000 0.387000 50 50 50
1.435000 0.168000 0.309000 50 50 50
1.397000 0.169000 0.337000 50 50 50
1.420000 0.167000 0.365000 50 50 50
1.423000 0.169000 0.307000 50 50 50
1.388000 0.168000 0.384000 50 50 50
1.453000 0.162000 0.428000 50 50 50
1.521000 0.161000 0.357000 50 50 50
1.398000 0.163000 0.472000 50 50 50
1.417000 0.166000 0.383000 50 50 50
1.417000 0.162000 0.482000 50 50 50
1.420000 0.162000 0.490000 50 50 50
1.372000 0.168000 0.409000 50 50 50
1.644000 0.154000 0.367000 50 50 50
1.549000 0.159000 0.364000 50 50 50
1.560000 0.157000 0.409000 50 50 50
1.537000 0.160000 0.366000 50 50 50
1.572000 0.158000 0.379000 50 50 50
1.520000 0.163000 0.325000 50 50 50
1.482000 0.161000 0.409000 50 50 50
1.391000 0.167000 0.385000 50 50 50
1.537000 0.157000 0.429000 50 50 50
1.453000 0.161000 0.451000 50 50 50
1.523000 0.160000 0.380000 50 50 50
1.547000 0.158000 0.398000 50 50 50
1.417000 0.168000 0.332000 50 50 50
1.483000 0.160000 0.443000 50 50 50
1.410000 0.166000 0.396000 50 50 50
1.525000 0.158000 0.442000 50 50 50
1.476000 0.163000 0.384000 50 50 50
1.495000 0.165000 0.316000 50 50 50
1.385000 0.171000 0.313000 50 50 50
1.404000 0.169000 0.328000 50 50 50
1.388000 0.170000 0.338000 50 50 50
1.841000 0.082000 0.264000 50 50 50
1.854000 0.153000 0.090000 50 50 50
1.847000 0.113000 0.187000 50 50 50
1.853000 0.113000 0.210000 50 50 50
1.853000 0.092000 0.271000 50 50 50
1.848000 0.105000 0.214000 50 50 50
1.846000 0.100000 0.225000 50 50 50
1.386000 0.149000 0.273000 50 50 50
1.432000 0.149000 0.290000 50 50 50
1.526000 0.157000 0.322000 50 50 50
1.481000 0.159000 0.305000 50 50 50
0.468000 0.034000 0.389000 50 50 50
0.517000 0.033000 0.414000 50 50 50
0.398000 0.028000 0.305000 50 50 50
0.492000 0.033000 0.400000 50 50 50
0.402000 0.026000 0.295000 50 50 50
0.451000 0.029000 0.345000 50 50 50
0.401000 0.034000 0.352000 50 50 50
0.384000 0.029000 0.305000 50 50 50
0.491000 0.032000 0.389000 50 50 50
0.360000 0.036000 0.339000 50 50 50
0.412000 0.030000 0.328000 50 50 50
0.332000 0.033000 0.301000 50 50 50
0.419000 0.025000 0.433000 50 50 50
0.318000 0.031000 0.349000 50 50 50
0.522000 0.035000 0.445000 50 50 50
0.329000 0.036000 0.334000 50 50 50
0.314000 0.033000 0.339000 50 50 50
0.268000 0.032000 0.316000 50 50 50
0.304000 0.004000 0.464000 50 50 50
0.461000 0.035000 0.411000 50 50 50
0.335000 0.015000 0.434000 50 50 50
0.481000 0.030000 0.449000 50 50 50
0.326000 0.004000 0.479000 50 50 50
0.382000 0.029000 0.396000 50 50 50
0.332000 0.024000 0.392000 50 50 50
0.336000 0.031000 0.358000 50 50 50
0.382000 0.015000 0.457000 50 50 50
0.467000 0.030000 0.437000 50 50 50
0.387000 0.017000 0.454000 50 50 50
0.390000 0.024000 0.423000 50 50 50
0.326000 0.013000 0.435000 50 50 50
0.512000 0.036000 0.436000 50 50 50
0.358000 0.024000 0.403000 50 50 50
0.347000 0.016000 0.435000 50 50 50
0.319000 0.004000 0.471000 50 50 50
0.292000 0.007000 0.442000 50 50 50
0.347000 0.019000 0.419000 50 50 50
0.518000 0.032000 0.457000 50 50 50
0.301000 0.012000 0.427000 50 50 50
0.310000 0.012000 0.430000 50 50 50
0.389000 0.033000 0.382000 50 50 50
0.294000 0.003000 0.462000 50 50 50
0.414000 0.014000 0.482000 50 50 50
0.445000 0.022000 0.465000 50 50 50
0.272000 0.032000 0.319000 50 50 50
0.321000 0.005000 0.468000 50 50 50
0.413000 0.029000 0.412000 50 50 50
0.316000 0.036000 0.326000 50 50 50
0.330000 0.034000 0.341000 50 50 50
0.295000 0.023000 0.373000 50 50 50
0.392000 0.012000 0.478000 50 50 50
0.480000 0.034000 0.427000 50 50 50
1.076000 0.217000 0.093000 50 50 50
1.075000 0.220000 0.165000 50 50 50
1.078000 0.222000 0.146000 50 50 50
1.578000 0.044000 0.475000 50 50 50
1.551000 0.039000 0.504000 50 50 50
1.609000 0.051000 0.583000 50 50 50
1.519000 0.033000 0.565000 50 50 50
1.520000 0.034000 0.579000 50 50 50
1.588000 0.047000 0.576000 50 50 50
1.528000 0.035000 0.547000 50 50 50
1.384000 0.008000 0.584000 50 50 50
1.480000 0.026000 0.586000 50 50 50
1.567000 0.043000 0.538000 50 50 50
1.501000 0.029000 0.515000 50 50 50
1.626000 0.053000 0.443000 50 50 50
1.468000 0.023000 0.536000 50 50 50
1.518000 0.033000 0.535000 50 50 50
1.625000 0.053000 0.500000 50 50 50
1.619000 0.052000 0.499000 50 50 50
1.548000 0.039000 0.559000 50 50 50
1.555000 0.040000 0.542000 50 50 50
1.561000 0.041000 0.518000 50 50 50
1.597000 0.048000 0.524000 50 50 50
1.621000 0.053000 0.544000 50 50 50
1.611000 0.051000 0.541000 50 50 50
1.565000 0.043000 0.586000 50 50 50
1.542000 0.037000 0.502000 50 50 50
1.458000 0.022000 0.583000 50 50 50
0.333000 0.382000 0.066000 50 50 50
0.258000 0.339000 0.071000 50 50 50
0.347000 0.386000 0.070000 50 50 50
0.390000 0.395000 0.059000 50 50 50
0.368000 0.394000 0.067000 50 50 50
0.421000 0.349000 0.059000 50 50 50
0.459000 0.373000 0.060000 50 50 50
0.454000 0.358000 0.060000 50 50 50
0.505000 0.395000 0.085000 50 50 50
0.482000 0.399000 0.068000 50 50 50
0.520000 0.423000 0.088000 50 50 50
0.467000 0.353000 0.071000 50 50 50
0.487000 0.371000 0.080000 50 50 50
0.707000 0.238000 0.548000 50 50 50
0.702000 0.279000 0.578000 50 50 50
0.699000 0.329000 0.506000 50 50 50
0.687000 0.404000 0.601000 50 50 50
0.687000 0.398000 0.602000 50 50 50
0.689000 0.384000 0.588000 50 50 50
0.704000 0.276000 0.527000 50 50 50
0.708000 0.229000 0.558000 50 50 50
0.696000 0.349000 0.518000 50 50 50
0.701000 0.301000 0.534000 50 50 50
0.694000 0.365000 0.532000 50 50 50
0.694000 0.351000 0.556000 50 50 50
0.709000 0.217000 0.578000 50 50 50
0.692000 0.365000 0.587000 50 50 50
0.698000 0.340000 0.493000 50 50 50
0.705000 0.327000 0.499000 50 50 50
0.781000 0.205000 0.547000 50 50 50
0.745000 0.223000 0.545000 50 50 50
0.778000 0.279000 0.510000 50 50 50
0.758000 0.215000 0.547000 50 50 50
0.800000 0.259000 0.517000 50 50 50
0.748000 0.220000 0.546000 50 50 50
0.852000 0.232000 0.521000 50 50 50
0.727000 0.204000 0.558000 50 50 50
0.717000 0.259000 0.531000 50 50 50
0.854000 0.248000 0.512000 50 50 50
0.729000 0.187000 0.566000 50 50 50
0.706000 0.298000 0.514000 50 50 50
0.832000 0.260000 0.510000 50 50 50
0.780000 0.359000 0.479000 50 50 50
0.767000 0.363000 0.479000 50 50 50
0.807000 0.293000 0.500000 50 50 50
0.843000 0.297000 0.496000 50 50 50
0.815000 0.360000 0.476000 50 50 50
0.843000 0.257000 0.510000 50 50 50
0.802000 0.282000 0.504000 50 50 50
0.817000 0.296000 0.498000 50 50 50
0.788000 0.346000 0.483000 50 50 50
0.789000 0.330000 0.489000 50 50 50
0.792000 0.290000 0.502000 50 50 50
0.844000 0.221000 0.528000 50 50 50
0.823000 0.214000 0.535000 50 50 50
0.784000 0.172000 0.563000 50 50 50
0.759000 0.193000 0.557000 50 50 50
0.818000 0.212000 0.537000 50 50 50
0.866000 0.334000 0.479000 50 50 50
0.868000 0.326000 0.482000 50 50 50
0.894000 0.401000 0.449000 50 50 50
0.869000 0.327000 0.481000 50 50 50
0.892000 0.342000 0.472000 50 50 50
0.971000 0.311000 0.477000 50 50 50
0.931000 0.342000 0.469000 50 50 50
0.927000 0.312000 0.480000 50 50 50
0.890000 0.302000 0.488000 50 50 50
0.943000 0.304000 0.482000 50 50 50
0.898000 0.318000 0.481000 50 50 50
0.912000 0.267000 0.499000 50 50 50
0.913000 0.261000 0.502000 50 50 50
0.928000 0.262000 0.500000 50 50 50
0.932000 0.293000 0.487000 50 50 50
0.909000 0.376000 0.458000 50 50 50
0.958000 0.294000 0.485000 50 50 50
0.903000 0.317000 0.481000 50 50 50
0.914000 0.292000 0.489000 50 50 50
0.927000 0.270000 0.497000 50 50 50
0.944000 0.340000 0.468000 50 50 50
0.896000 0.350000 0.469000 50 50 50
0.890000 0.289000 0.493000 50 50 50
0.957000 0.344000 0.463000 50 50 50
0.964000 0.366000 0.423000 50 50 50
0.949000 0.352000 0.460000 50 50 50
0.989000 0.310000 0.473000 50 50 50
0.997000 0.304000 0.474000 50 50 50
0.952000 0.415000 0.370000 50 50 50
0.920000 0.410000 0.296000 50 50 50
0.938000 0.392000 0.324000 50 50 50
0.944000 0.424000 0.358000 50 50 50
0.952000 0.394000 0.357000 50 50 50
0.930000 0.428000 0.329000 50 50 50
0.941000 0.419000 0.347000 50 50 50
0.976000 0.373000 0.484000 50 50 50
0.978000 0.373000 0.456000 50 50 50
0.980000 0.370000 0.443000 50 50 50
0.950000 0.430000 0.462000 50 50 50
0.965000 0.399000 0.419000 50 50 50
0.970000 0.390000 0.424000 50 50 50
0.957000 0.414000 0.405000 50 50 50
0.958000 0.411000 0.404000 50 50 50
0.953000 0.419000 0.385000 50 50 50
0.067000 0.116000 0.609000 50 50 50
0.185000 0.144000 0.612000 50 50 50
0.231000 0.162000 0.598000 50 50 50
0.153000 0.128000 0.629000 50 50 50
0.113000 0.122000 0.620000 50 50 50
0.139000 0.125000 0.630000 50 50 50
0.155000 0.128000 0.633000 50 50 50
0.095000 0.119000 0.617000 50 50 50
0.210000 0.193000 0.498000 50 50 50
0.246000 0.185000 0.546000 50 50 50
0.195000 0.198000 0.473000 50 50 50
0.168000 0.202000 0.444000 50 50 50
0.189000 0.193000 0.483000 50 50 50
0.214000 0.191000 0.507000 50 50 50
0.191000 0.188000 0.499000 50 50 50
0.267000 0.187000 0.558000 50 50 50
0.233000 0.200000 0.496000 50 50 50
0.209000 0.186000 0.518000 50 50 50
0.111000 0.182000 0.455000 50 50 50
0.115000 0.169000 0.495000 50 50 50
0.087000 0.164000 0.490000 50 50 50
0.240000 0.175000 0.573000 50 50 50
0.226000 0.174000 0.565000 50 50 50
0.241000 0.172000 0.580000 50 50 50
0.108000 0.194000 0.420000 50 50 50
0.088000 0.143000 0.548000 50 50 50
0.106000 0.184000 0.447000 50 50 50
0.088000 0.165000 0.487000 50 50 50
0.088000 0.145000 0.543000 50 50 50
0.201000 0.181000 0.527000 50 50 50
0.096000 0.138000 0.568000 50 50 50
0.187000 0.183000 0.509000 50 50 50
0.178000 0.156000 0.579000 50 50 50
0.138000 0.151000 0.563000 50 50 50
0.100000 0.185000 0.440000 50 50 50
0.127000 0.182000 0.466000 50 50 50
0.094000 0.169000 0.479000 50 50 50
0.172000 0.174000 0.525000 50 50 50
0.117000 0.148000 0.557000 50 50 50
0.153000 0.180000 0.492000 50 50 50
0.138000 0.147000 0.574000 50 50 50
0.138000 0.161000 0.535000 50 50 50
0.083000 0.123000 0.601000 50 50 50
0.150000 0.143000 0.594000 50 50 50
0.125000 0.154000 0.545000 50 50 50
0.161000 0.176000 0.510000 50 50 50
0.128000 0.183000 0.466000 50 50 50
0.082000 0.146000 0.536000 50 50 50
0.192000 0.174000 0.538000 50 50 50
0.121000 0.164000 0.515000 50 50 50
0.089000 0.159000 0.505000 50 50 50
0.108000 0.174000 0.475000 50 50 50
0.344000 0.198000 0.571000 50 50 50
1.345000 0.227000 0.061000 50 50 50
1.332000 0.254000 0.066000 50 50 50
1.339000 0.236000 0.063000 50 50 50
1.298000 0.242000 0.106000 50 50 50
1.304000 0.255000 0.095000 50 50 50
1.333000 0.238000 0.069000 50 50 50
1.339000 0.361000 0.128000 50 50 50
1.352000 0.363000 0.076000 50 50 50
1.312000 0.374000 0.097000 50 50 50
1.305000 0.378000 0.088000 50 50 50
1.348000 0.351000 0.179000 50 50 50
1.320000 0.370000 0.110000 50 50 50
1.326000 0.371000 0.083000 50 50 50
1.354000 0.349000 0.179000 50 50 50
1.365000 0.350000 0.143000 50 50 50
1.372000 0.339000 0.207000 50 50 50
1.330000 0.365000 0.125000 50 50 50
1.363000 0.350000 0.143000 50 50 50
1.275000 0.389000 0.085000 50 50 50
1.295000 0.379000 0.106000 50 50 50
1.348000 0.352000 0.172000 50 50 50
1.356000 0.360000 0.090000 50 50 50
1.272000 0.390000 0.087000 50 50 50
1.342000 0.363000 0.107000 50 50 50
1.344000 0.361000 0.112000 50 50 50
1.323000 0.371000 0.088000 50 50 50
1.778000 0.161000 0.116000 50 50 50
1.793000 0.126000 0.180000 50 50 50
1.831000 0.141000 0.127000 50 50 50
1.835000 0.104000 0.202000 50 50 50
1.833000 0.093000 0.227000 50 50 50
1.824000 0.150000 0.114000 50 50 50
1.759000 0.167000 0.115000 50 50 50
1.715000 0.147000 0.183000 50 50 50
1.715000 0.154000 0.168000 50 50 50
1.840000 0.147000 0.110000 50 50 50
1.840000 0.102000 0.204000 50 50 50
1.763000 0.120000 0.211000 50 50 50
1.731000 0.168000 0.129000 50 50 50
1.839000 0.151000 0.103000 50 50 50
1.801000 0.157000 0.111000 50 50 50
1.776000 0.166000 0.108000 50 50 50
1.719000 0.134000 0.208000 50 50 50
1.753000 0.167000 0.117000 50 50 50
1.818000 0.103000 0.214000 50 50 50
1.817000 0.151000 0.114000 50 50 50
1.764000 0.108000 0.235000 50 50 50
1.833000 0.115000 0.182000 50 50 50
1.774000 0.108000 0.230000 50 50 50
1.794000 0.127000 0.179000 50 50 50
1.736000 0.142000 0.181000 50 50 50
1.850000 0.150000 0.097000 50 50 50
1.804000 0.121000 0.186000 50 50 50
1.772000 0.141000 0.162000 50 50 50
1.838000 0.137000 0.132000 50 50 50
1.064000 0.332000 0.357000 50 50 50
1.070000 0.294000 0.350000 50 50 50
1.079000 0.234000 0.337000 50 50 50
0.595000 0.032000 0.486000 50 50 50
0.566000 0.011000 0.590000 50 50 50
0.680000 0.024000 0.503000 50 50 50
0.636000 0.017000 0.546000 50 50 50
0.575000 0.025000 0.521000 50 50 50
0.596000 0.022000 0.530000 50 50 50
0.577000 0.026000 0.516000 50 50 50
0.628000 0.023000 0.519000 50 50 50
0.600000 0.013000 0.573000 50 50 50
0.589000 0.016000 0.561000 50 50 50
0.624000 0.016000 0.555000 50 50 50
0.572000 0.017000 0.563000 50 50 50
0.657000 0.027000 0.495000 50 50 50
0.795000 0.280000 0.059000 50 50 50
0.895000 0.054000 0.523000 50 50 50
0.893000 0.058000 0.512000 50 50 50
0.889000 0.067000 0.437000 50 50 50
0.887000 0.074000 0.483000 50 50 50
0.892000 0.061000 0.508000 50 50 50
0.886000 0.077000 0.454000 50 50 50
0.892000 0.059000 0.454000 50 50 50
0.855000 0.060000 0.593000 50 50 50
0.833000 0.100000 0.568000 50 50 50
0.887000 0.060000 0.604000 50 50 50
0.840000 0.068000 0.584000 50 50 50
0.845000 0.142000 0.556000 50 50 50
0.880000 0.067000 0.599000 50 50 50
0.853000 0.107000 0.573000 50 50 50
0.836000 0.131000 0.557000 50 50 50
0.855000 0.085000 0.583000 50 50 50
0.815000 0.087000 0.567000 50 50 50
0.836000 0.116000 0.563000 50 50 50
0.817000 0.078000 0.572000 50 50 50
0.855000 0.158000 0.554000 50 50 50
0.854000 0.090000 0.580000 50 50 50
0.831000 0.104000 0.566000 50 50 50
0.851000 0.105000 0.573000 50 50 50
0.807000 0.071000 0.570000 50 50 50
0.885000 0.084000 0.563000 50 50 50
0.880000 0.097000 0.516000 50 50 50
0.879000 0.102000 0.547000 50 50 50
0.881000 0.093000 0.506000 50 50 50
0.878000 0.105000 0.538000 50 50 50
0.876000 0.110000 0.543000 50 50 50
0.884000 0.084000 0.503000 50 50 50
0.887000 0.079000 0.536000 50 50 50
0.897000 0.051000 0.611000 50 50 50
0.886000 0.079000 0.537000 50 50 50
0.870000 0.127000 0.521000 50 50 50
0.875000 0.113000 0.501000 50 50 50
0.890000 0.070000 0.555000 50 50 50
0.875000 0.111000 0.511000 50 50 50
0.979000 0.125000 0.381000 50 50 50
1.003000 0.107000 0.373000 50 50 50
0.965000 0.142000 0.388000 50 50 50
0.976000 0.120000 0.379000 50 50 50
1.010000 0.097000 0.370000 50 50 50
0.934000 0.126000 0.382000 50 50 50
0.942000 0.095000 0.370000 50 50 50
1.034000 0.096000 0.369000 50 50 50
0.948000 0.126000 0.382000 50 50 50
0.919000 0.101000 0.372000 50 50 50
0.996000 0.116000 0.377000 50 50 50
1.005000 0.221000 0.352000 50 50 50
0.981000 0.220000 0.362000 50 50 50
1.015000 0.181000 0.375000 50 50 50
1.001000 0.202000 0.366000 50 50 50
1.003000 0.201000 0.366000 50 50 50
0.995000 0.223000 0.355000 50 50 50
1.019000 0.212000 0.352000 50 50 50
0.983000 0.233000 0.352000 50 50 50
1.017000 0.198000 0.363000 50 50 50
1.013000 0.202000 0.361000 50 50 50
1.013000 0.185000 0.373000 50 50 50
0.947000 0.395000 1.464000 50 50 50
0.952000 0.396000 1.603000 50 50 50
0.947000 0.394000 1.513000 50 50 50
0.946000 0.390000 1.639000 50 50 50
0.950000 0.399000 1.457000 50 50 50
0.956000 0.404000 1.471000 50 50 50
0.947000 0.391000 1.626000 50 50 50
0.952000 0.399000 1.498000 50 50 50
0.941000 0.387000 1.599000 50 50 50
0.950000 0.399000 1.438000 50 50 50
0.954000 0.398000 1.604000 50 50 50
0.957000 0.400000 1.634000 50 50 50
0.943000 0.391000 1.510000 50 50 50
0.942000 0.384000 1.677000 50 50 50
0.948000 0.370000 1.817000 50 50 50
0.964000 0.373000 1.796000 50 50 50
0.994000 0.365000 1.833000 50 50 50
0.972000 0.371000 1.805000 50 50 50
0.990000 0.364000 1.835000 50 50 50
0.986000 0.369000 1.814000 50 50 50
0.989000 0.367000 1.823000 50 50 50
0.950000 0.368000 1.826000 50 50 50
0.939000 0.376000 1.790000 50 50 50
0.964000 0.378000 1.774000 50 50 50
0.992000 0.376000 1.777000 50 50 50
0.957000 0.387000 1.730000 50 50 50
1.058000 0.402000 1.648000 50 50 50
1.039000 0.403000 1.521000 50 50 50
0.955000 0.405000 1.347000 50 50 50
1.037000 0.403000 1.593000 50 50 50
1.146000 0.401000 1.807000 50 50 50
1.032000 0.402000 1.664000 50 50 50
0.987000 0.403000 1.576000 50 50 50
1.054000 0.402000 1.709000 50 50 50
1.095000 0.402000 1.644000 50 50 50
1.102000 0.401000 1.739000 50 50 50
1.021000 0.403000 1.567000 50 50 50
1.093000 0.402000 1.703000 50 50 50
0.975000 0.405000 1.354000 50 50 50
1.106000 0.402000 1.701000 50 50 50
1.080000 0.403000 1.575000 50 50 50
0.986000 0.403000 1.610000 50 50 50
0.970000 0.405000 1.336000 50 50 50
1.201000 0.400000 1.850000 50 50 50
1.032000 0.404000 1.505000 50 50 50
1.045000 0.404000 1.492000 50 50 50
0.983000 0.404000 1.476000 50 50 50
1.010000 0.404000 1.433000 50 50 50
1.037000 0.402000 1.690000 50 50 50
1.001000 0.404000 1.445000 50 50 50
1.070000 0.403000 1.565000 50 50 50
1.137000 0.402000 1.704000 50 50 50
1.050000 0.402000 1.714000 50 50 50
1.093000 0.401000 1.733000 50 50 50
1.057000 0.402000 1.684000 50 50 50
0.987000 0.405000 1.378000 50 50 50
1.090000 0.402000 1.675000 50 50 50
1.143000 0.401000 1.736000 50 50 50
1.046000 0.402000 1.616000 50 50 50
1.006000 0.403000 1.552000 50 50 50
0.962000 0.405000 1.348000 50 50 50
1.054000 0.403000 1.604000 50 50 50
1.042000 0.404000 1.502000 50 50 50
1.087000 0.402000 1.640000 50 50 50
1.137000 0.401000 1.755000 50 50 50
1.010000 0.403000 1.557000 50 50 50
1.021000 0.402000 1.693000 50 50 50
1.032000 0.403000 1.543000 50 50 50
1.060000 0.401000 1.722000 50 50 50
0.965000 0.404000 1.415000 50 50 50
0.976000 0.402000 1.627000 50 50 50
0.972000 0.405000 1.362000 50 50 50
0.971000 0.404000 1.458000 50 50 50
1.007000 0.404000 1.434000 50 50 50
0.978000 0.403000 1.537000 50 50 50
1.026000 0.402000 1.653000 50 50 50
1.041000 0.403000 1.564000 50 50 50
0.960000 0.404000 1.440000 50 50 50
1.033000 0.403000 1.578000 50 50 50
0.958000 0.405000 1.369000 50 50 50
1.125000 0.401000 1.773000 50 50 50
1.114000 0.402000 1.707000 50 50 50
1.077000 0.401000 1.718000 50 50 50
0.970000 0.404000 1.467000 50 50 50
1.008000 0.403000 1.520000 50 50 50
1.101000 0.393000 1.804000 50 50 50
0.985000 0.388000 1.725000 50 50 50
1.093000 0.378000 1.853000 50 50 50
1.104000 0.394000 1.804000 50 50 50
1.035000 0.401000 1.719000 50 50 50
1.013000 0.379000 1.783000 50 50 50
1.065000 0.381000 1.817000 50 50 50
0.995000 0.391000 1.722000 50 50 50
1.060000 0.390000 1.779000 50 50 50
1.120000 0.401000 1.790000 50 50 50
0.999000 0.387000 1.739000 50 50 50
1.010000 0.392000 1.732000 50 50 50
1.055000 0.391000 1.773000 50 50 50
1.143000 0.400000 1.810000 50 50 50
0.985000 0.382000 1.748000 50 50 50
1.078000 0.398000 1.765000 50 50 50
1.114000 0.387000 1.835000 50 50 50
1.172000 0.397000 1.847000 50 50 50
1.113000 0.397000 1.796000 50 50 50
1.001000 0.376000 1.784000 50 50 50
1.007000 0.390000 1.734000 50 50 50
0.999000 0.401000 1.687000 50 50 50
1.114000 0.384000 1.847000 50 50 50
0.980000 0.404000 1.287000 50 50 50
1.053000 0.400000 1.288000 50 50 50
1.007000 0.396000 0.890000 50 50 50
1.024000 0.404000 1.433000 50 50 50
1.137000 0.400000 1.585000 50 50 50
0.978000 0.400000 1.039000 50 50 50
1.023000 0.400000 1.200000 50 50 50
1.051000 0.401000 1.352000 50 50 50
1.027000 0.399000 1.128000 50 50 50
1.153000 0.400000 1.635000 50 50 50
0.988000 0.404000 1.327000 50 50 50
1.056000 0.402000 1.420000 50 50 50
1.117000 0.398000 1.394000 50 50 50
1.000000 0.396000 0.854000 50 50 50
1.064000 0.403000 1.524000 50 50 50
1.157000 0.400000 1.644000 50 50 50
1.003000 0.399000 1.058000 50 50 50
1.155000 0.399000 1.632000 50 50 50
1.033000 0.401000 1.285000 50 50 50
1.034000 0.397000 1.045000 50 50 50
1.028000 0.396000 0.995000 50 50 50
1.051000 0.401000 1.336000 50 50 50
1.155000 0.401000 1.702000 50 50 50
0.989000 0.400000 1.046000 50 50 50
1.076000 0.401000 1.430000 50 50 50
0.966000 0.405000 1.304000 50 50 50
1.153000 0.399000 1.577000 50 50 50
1.015000 0.400000 1.181000 50 50 50
1.078000 0.397000 1.244000 50 50 50
1.052000 0.397000 1.136000 50 50 50
0.973000 0.404000 1.222000 50 50 50
1.171000 0.399000 1.680000 50 50 50
0.994000 0.400000 1.074000 50 50 50
1.010000 0.396000 0.913000 50 50 50
1.016000 0.401000 1.251000 50 50 50
1.007000 0.401000 1.183000 50 50 50
1.081000 0.401000 1.445000 50 50 50
1.012000 0.399000 1.104000 50 50 50
1.007000 0.403000 1.294000 50 50 50
0.965000 0.405000 1.277000 50 50 50
1.020000 0.398000 1.052000 50 50 50
0.995000 0.397000 0.936000 50 50 50
1.025000 0.398000 1.110000 50 50 50
1.080000 0.398000 1.268000 50 50 50
1.065000 0.401000 1.431000 50 50 50
1.133000 0.400000 1.585000 50 50 50
1.099000 0.402000 1.608000 50 50 50
0.978000 0.402000 1.169000 50 50 50
1.088000 0.398000 1.338000 50 50 50
1.133000 0.401000 1.635000 50 50 50
1.005000 0.404000 1.347000 50 50 50
1.073000 0.397000 1.174000 50 50 50
1.006000 0.395000 0.835000 50 50 50
0.974000 0.402000 1.110000 50 50 50
1.112000 0.400000 1.498000 50 50 50
0.990000 0.396000 0.819000 50 50 50
1.041000 0.401000 1.328000 50 50 50
1.147000 0.401000 1.672000 50 50 50
0.987000 0.402000 1.177000 50 50 50
0.997000 0.398000 0.977000 50 50 50
1.142000 0.398000 1.531000 50 50 50
1.051000 0.399000 1.213000 50 50 50
1.129000 0.402000 1.664000 50 50 50
0.987000 0.395000 0.798000 50 50 50
1.188000 0.400000 1.802000 50 50 50
1.128000 0.401000 1.659000 50 50 50
1.088000 0.397000 1.251000 50 50 50
1.157000 0.400000 1.647000 50 50 50
1.048000 0.399000 1.227000 50 50 50
1.057000 0.397000 1.129000 50 50 50
1.107000 0.398000 1.363000 50 50 50
1.017000 0.403000 1.322000 50 50 50
1.091000 0.401000 1.512000 50 50 50
0.973000 0.400000 1.005000 50 50 50
1.107000 0.399000 1.426000 50 50 50
1.024000 0.396000 0.938000 50 50 50
0.988000 0.404000 1.274000 50 50 50
1.140000 0.399000 1.537000 50 50 50
1.137000 0.400000 1.625000 50 50 50
1.005000 0.402000 1.266000 50 50 50
1.170000 0.400000 1.695000 50 50 50
1.004000 0.403000 1.291000 50 50 50
1.128000 0.399000 1.495000 50 50 50
1.000000 0.396000 0.899000 50 50 50
1.094000 0.398000 1.337000 50 50 50
1.098000 0.402000 1.559000 50 50 50
1.023000 0.396000 0.973000 50 50 50
1.083000 0.398000 1.301000 50 50 50
1.122000 0.399000 1.506000 50 50 50
1.055000 0.403000 1.456000 50 50 50
1.026000 0.399000 1.126000 50 50 50
1.048000 0.401000 1.360000 50 50 50
0.984000 0.404000 1.279000 50 50 50
1.046000 0.397000 1.088000 50 50 50
1.084000 0.397000 1.230000 50 50 50
1.117000 0.401000 1.607000 50 50 50
1.087000 0.401000 1.493000 50 50 50
1.003000 0.398000 1.023000 50 50 50
1.048000 0.400000 1.298000 50 50 50
1.011000 0.397000 0.958000 50 50 50
1.025000 0.396000 0.958000 50 50 50
1.102000 0.400000 1.470000 50 50 50
1.022000 0.401000 1.243000 50 50 50
1.165000 0.396000 1.084000 50 50 50
1.276000 0.400000 1.807000 50 50 50
1.237000 0.400000 1.833000 50 50 50
1.303000 0.398000 1.541000 50 50 50
1.526000 0.400000 1.860000 50 50 50
1.140000 0.397000 1.249000 50 50 50
1.245000 0.400000 1.808000 50 50 50
1.497000 0.399000 1.824000 50 50 50
1.409000 0.399000 1.709000 50 50 50
1.106000 0.397000 1.179000 50 50 50
1.032000 0.395000 0.935000 50 50 50
1.550000 0.399000 1.708000 50 50 50
1.690000 0.399000 1.817000 50 50 50
1.422000 0.398000 1.568000 50 50 50
1.504000 0.398000 1.606000 50 50 50
1.205000 0.398000 1.517000 50 50 50
1.198000 0.399000 1.640000 50 50 50
1.573000 0.400000 1.863000 50 50 50
1.162000 0.398000 1.554000 50 50 50
1.337000 0.397000 1.353000 50 50 50
1.557000 0.399000 1.666000 50 50 50
1.595000 0.399000 1.781000 50 50 50
1.524000 0.399000 1.814000 50 50 50
1.221000 0.399000 1.770000 50 50 50
1.457000 0.399000 1.764000 50 50 50
1.317000 0.397000 1.329000 50 50 50
1.200000 0.397000 1.292000 50 50 50
1.258000 0.399000 1.697000 50 50 50
1.338000 0.399000 1.631000 50 50 50
1.217000 0.398000 1.561000 50 50 50
1.441000 0.399000 1.796000 50 50 50
1.264000 0.400000 1.850000 50 50 50
1.357000 0.397000 1.323000 50 50 50
1.645000 0.399000 1.834000 50 50 50
1.525000 0.399000 1.737000 50 50 50
1.138000 0.398000 1.445000 50 50 50
1.199000 0.399000 1.757000 50 50 50
1.330000 0.400000 1.850000 50 50 50
1.197000 0.396000 1.085000 50 50 50
1.347000 0.399000 1.641000 50 50 50
1.224000 0.399000 1.746000 50 50 50
1.414000 0.398000 1.581000 50 50 50
1.322000 0.398000 1.446000 50 50 50
1.580000 0.399000 1.714000 50 50 50
1.119000 0.397000 1.185000 50 50 50
1.338000 0.398000 1.438000 50 50 50
1.529000 0.399000 1.739000 50 50 50
1.114000 0.397000 1.359000 50 50 50
1.115000 0.396000 1.122000 50 50 50
1.313000 0.399000 1.675000 50 50 50
1.138000 0.396000 1.091000 50 50 50
1.037000 0.395000 0.897000 50 50 50
1.401000 0.398000 1.529000 50 50 50
1.017000 0.395000 0.853000 50 50 50
1.225000 0.398000 1.551000 50 50 50
1.401000 0.399000 1.742000 50 50 50
1.454000 0.399000 1.763000 50 50 50
1.329000 0.397000 1.349000 50 50 50
1.699000 0.399000 1.857000 50 50 50
1.430000 0.400000 1.865000 50 50 50
1.450000 0.400000 1.832000 50 50 50
1.288000 0.399000 1.604000 50 50 50
1.208000 0.399000 1.712000 50 50 50
1.393000 0.397000 1.403000 50 50 50
1.282000 0.400000 1.860000 50 50 50
1.410000 0.398000 1.464000 50 50 50
1.367000 0.398000 1.519000 50 50 50
1.530000 0.399000 1.750000 50 50 50
1.264000 0.396000 1.182000 50 50 50
1.310000 0.398000 1.493000 50 50 50
1.186000 0.398000 1.537000 50 50 50
1.262000 0.398000 1.465000 50 50 50
1.154000 0.397000 1.200000 50 50 50
1.413000 0.398000 1.547000 50 50 50
1.562000 0.398000 1.636000 50 50 50
1.601000 0.399000 1.788000 50 50 50
1.466000 0.398000 1.517000 50 50 50
1.168000 0.397000 1.335000 50 50 50
1.241000 0.397000 1.316000 50 50 50
1.533000 0.399000 1.775000 50 50 50
1.198000 0.399000 1.595000 50 50 50
1.237000 0.399000 1.671000 50 50 50
1.318000 0.397000 1.338000 50 50 50
1.427000 0.399000 1.821000 50 50 50
1.422000 0.399000 1.761000 50 50 50
1.346000 0.398000 1.433000 50 50 50
1.542000 0.399000 1.663000 50 50 50
1.281000 0.397000 1.398000 50 50 50
1.171000 0.399000 1.595000 50 50 50
1.274000 0.399000 1.691000 50 50 50
1.177000 0.397000 1.235000 50 50 50
1.191000 0.397000 1.278000 50 50 50
1.205000 0.398000 1.554000 50 50 50
1.491000 0.399000 1.773000 50 50 50
1.030000 0.395000 0.916000 50 50 50
1.413000 0.398000 1.597000 50 50 50
1.133000 0.398000 1.401000 50 50 50
1.277000 0.398000 1.519000 50 50 50
1.079000 0.396000 1.072000 50 50 50
1.409000 0.399000 1.769000 50 50 50
1.482000 0.399000 1.675000 50 50 50
1.619000 0.399000 1.757000 50 50 50
1.167000 0.397000 1.280000 50 50 50
1.281000 0.399000 1.748000 50 50 50
1.170000 0.396000 1.156000 50 50 50
1.086000 0.395000 0.935000 50 50 50
1.491000 0.398000 1.606000 50 50 50
1.200000 0.397000 1.223000 50 50 50
1.389000 0.399000 1.749000 50 50 50
1.375000 0.398000 1.463000 50 50 50
1.417000 0.398000 1.476000 50 50 50
1.191000 0.397000 1.196000 50 50 50
1.328000 0.398000 1.594000 50 50 50
1.053000 0.395000 0.929000 50 50 50
1.452000 0.398000 1.583000 50 50 50
1.224000 0.397000 1.281000 50 50 50
1.207000 0.397000 1.338000 50 50 50
1.582000 0.399000 1.722000 50 50 50
1.384000 0.398000 1.427000 50 50 50
1.165000 0.399000 1.604000 50 50 50
1.155000 0.398000 1.516000 50 50 50
1.595000 0.399000 1.708000 50 50 50
1.196000 0.399000 1.770000 50 50 50
1.067000 0.396000 1.077000 50 50 50
1.119000 0.395000 0.955000 50 50 50
1.331000 0.399000 1.685000 50 50 50
1.188000 0.399000 1.675000 50 50 50
1.348000 0.399000 1.723000 50 50 50
1.234000 0.398000 1.526000 50 50 50
1.599000 0.399000 1.787000 50 50 50
1.408000 0.398000 1.432000 50 50 50
1.544000 0.400000 1.854000 50 50 50
1.154000 0.397000 1.289000 50 50 50
1.607000 0.399000 1.695000 50 50 50
1.049000 0.396000 1.040000 50 50 50
1.304000 0.398000 1.535000 50 50 50
1.180000 0.397000 1.254000 50 50 50
1.178000 0.398000 1.537000 50 50 50
1.252000 0.398000 1.484000 50 50 50
1.668000 0.399000 1.783000 50 50 50
1.572000 0.399000 1.699000 50 50 50
1.343000 0.398000 1.482000 50 50 50
1.079000 0.396000 1.075000 50 50 50
1.290000 0.400000 1.836000 50 50 50
1.199000 0.398000 1.576000 50 50 50
1.351000 0.398000 1.590000 50 50 50
1.422000 0.400000 1.862000 50 50 50
1.162000 0.397000 1.239000 50 50 50
1.387000 0.399000 1.782000 50 50 50
1.402000 0.400000 1.855000 50 50 50
1.322000 0.400000 1.832000 50 50 50
1.403000 0.399000 1.665000 50 50 50
1.486000 0.399000 1.651000 50 50 50
1.375000 0.398000 1.467000 50 50 50
1.193000 0.398000 1.554000 50 50 50
1.299000 0.400000 1.864000 50 50 50
1.158000 0.396000 1.021000 50 50 50
1.655000 0.399000 1.854000 50 50 50
1.107000 0.396000 1.156000 50 50 50
1.131000 0.397000 1.371000 50 50 50
1.412000 0.397000 1.395000 50 50 50
1.569000 0.399000 1.757000 50 50 50
1.555000 0.399000 1.793000 50 50 50
1.163000 0.396000 1.182000 50 50 50
1.601000 0.399000 1.811000 50 50 50
1.230000 0.399000 1.719000 50 50 50
1.464000 0.398000 1.590000 50 50 50
1.402000 0.399000 1.806000 50 50 50
1.232000 0.398000 1.477000 50 50 50
1.454000 0.399000 1.826000 50 50 50
1.670000 0.399000 1.836000 50 50 50
1.211000 0.399000 1.600000 50 50 50
1.405000 0.399000 1.751000 50 50 50
1.399000 0.399000 1.682000 50 50 50
1.127000 0.397000 1.241000 50 50 50
1.032000 0.395000 0.835000 50 50 50
1.136000 0.396000 1.137000 50 50 50
1.144000 0.397000 1.210000 50 50 50
1.509000 0.399000 1.676000 50 50 50
1.072000 0.396000 1.009000 50 50 50
1.467000 0.398000 1.519000 50 50 50
1.564000 0.399000 1.834000 50 50 50
1.484000 0.399000 1.653000 50 50 50
1.375000 0.399000 1.709000 50 50 50
1.328000 0.398000 1.523000 50 50 50
1.458000 0.399000 1.718000 50 50 50
1.147000 0.397000 1.300000 50 50 50
1.270000 0.398000 1.521000 50 50 50
1.263000 0.399000 1.665000 50 50 50
1.257000 0.399000 1.721000 50 50 50
1.161000 0.398000 1.548000 50 50 50
1.077000 0.396000 1.075000 50 50 50
1.253000 0.396000 1.176000 50 50 50
1.150000 0.396000 1.159000 50 50 50
1.353000 0.399000 1.712000 50 50 50
1.263000 0.397000 1.295000 50 50 50
1.255000 0.397000 1.319000 50 50 50
1.539000 0.399000 1.786000 50 50 50
1.163000 0.396000 1.136000 50 50 50
1.328000 0.398000 1.496000 50 50 50
1.231000 0.396000 1.119000 50 50 50
1.129000 0.398000 1.440000 50 50 50
1.313000 0.399000 1.653000 50 50 50
1.365000 0.400000 1.856000 50 50 50
1.490000 0.399000 1.721000 50 50 50
1.306000 0.397000 1.351000 50 50 50
1.442000 0.398000 1.485000 50 50 50
1.553000 0.399000 1.836000 50 50 50
1.176000 0.397000 1.376000 50 50 50
1.571000 0.399000 1.681000 50 50 50
1.179000 0.398000 1.431000 50 50 50
1.301000 0.399000 1.665000 50 50 50
1.000000 0.395000 0.787000 50 50 50
1.284000 0.399000 1.765000 50 50 50
1.301000 0.397000 1.271000 50 50 50
1.288000 0.399000 1.758000 50 50 50
1.227000 0.398000 1.505000 50 50 50
1.059000 0.395000 0.893000 50 50 50
1.199000 0.397000 1.304000 50 50 50
1.561000 0.399000 1.687000 50 50 50
1.400000 0.399000 1.639000 50 50 50
1.206000 0.399000 1.641000 50 50 50
1.257000 0.400000 1.849000 50 50 50
1.593000 0.399000 1.722000 50 50 50
1.147000 0.396000 1.115000 50 50 50
1.293000 0.398000 1.575000 50 50 50
1.201000 0.399000 1.635000 50 50 50
1.433000 0.398000 1.563000 50 50 50
1.326000 0.399000 1.735000 50 50 50
1.512000 0.399000 1.801000 50 50 50
1.395000 0.399000 1.710000 50 50 50
1.218000 0.397000 1.309000 50 50 50
1.453000 0.399000 1.774000 50 50 50
1.316000 0.400000 1.833000 50 50 50
1.333000 0.398000 1.494000 50 50 50
1.456000 0.399000 1.637000 50 50 50
1.684000 0.399000 1.825000 50 50 50
1.146000 0.397000 1.340000 50 50 50
1.505000 0.399000 1.764000 50 50 50
1.411000 0.397000 1.396000 50 50 50
1.553000 0.399000 1.809000 50 50 50
1.288000 0.397000 1.301000 50 50 50
1.173000 0.397000 1.225000 50 50 50
1.232000 0.397000 1.243000 50 50 50
1.297000 0.397000 1.306000 50 50 50
1.440000 0.399000 1.723000 50 50 50
1.415000 0.398000 1.528000 50 50 50
1.344000 0.398000 1.534000 50 50 50
1.166000 0.398000 1.430000 50 50 50
1.300000 0.398000 1.440000 50 50 50
1.254000 0.399000 1.605000 50 50 50
1.387000 0.399000 1.776000 50 50 50
1.104000 0.397000 1.179000 50 50 50
1.235000 0.400000 1.802000 50 50 50
1.224000 0.399000 1.682000 50 50 50
1.351000 0.399000 1.720000 50 50 50
1.213000 0.400000 1.795000 50 50 50
1.397000 0.398000 1.570000 50 50 50
1.637000 0.399000 1.764000 50 50 50
1.127000 0.397000 1.278000 50 50 50
1.266000 0.396000 1.175000 50 50 50
1.536000 0.398000 1.624000 50 50 50
1.144000 0.397000 1.353000 50 50 50
1.299000 0.398000 1.583000 50 50 50
1.465000 0.398000 1.475000 50 50 50
1.215000 0.396000 1.124000 50 50 50
1.456000 0.398000 1.536000 50 50 50
1.062000 0.395000 0.959000 50 50 50
1.415000 0.398000 1.554000 50 50 50
1.374000 0.398000 1.579000 50 50 50
1.416000 0.399000 1.723000 50 50 50
1.075000 0.396000 1.018000 50 50 50
1.308000 0.398000 1.479000 50 50 50
1.128000 0.397000 1.297000 50 50 50
1.227000 0.399000 1.618000 50 50 50
1.170000 0.398000 1.396000 50 50 50
1.099000 0.396000 1.108000 50 50 50
1.461000 0.399000 1.767000 50 50 50
1.546000 0.399000 1.793000 50 50 50
1.531000 0.398000 1.636000 50 50 50
1.393000 0.398000 1.593000 50 50 50
1.682000 0.399000 1.849000 50 50 50
1.434000 0.398000 1.467000 50 50 50
1.204000 0.397000 1.252000 50 50 50
1.222000 0.397000 1.376000 50 50 50
1.417000 0.399000 1.668000 50 50 50
1.253000 0.398000 1.418000 50 50 50
1.195000 0.398000 1.485000 50 50 50
1.364000 0.399000 1.651000 50 50 50
1.574000 0.399000 1.712000 50 50 50
1.280000 0.400000 1.829000 50 50 50
1.198000 0.397000 1.321000 50 50 50
1.592000 0.399000 1.764000 50 50 50
1.472000 0.399000 1.636000 50 50 50
1.342000 0.398000 1.523000 50 50 50
1.206000 0.399000 1.661000 50 50 50
1.195000 0.399000 1.690000 50 50 50
1.070000 0.396000 1.142000 50 50 50
1.414000 0.398000 1.579000 50 50 50
1.423000 0.399000 1.691000 50 50 50
1.696000 0.399000 1.856000 50 50 50
1.622000 0.399000 1.812000 50 50 50
1.080000 0.396000 1.150000 50 50 50
1.187000 0.397000 1.360000 50 50 50
1.185000 0.397000 1.246000 50 50 50
1.144000 0.396000 1.103000 50 50 50
1.180000 0.396000 1.173000 50 50 50
1.271000 0.397000 1.395000 50 50 50
1.496000 0.399000 1.675000 50 50 50
1.460000 0.398000 1.561000 50 50 50
1.318000 0.399000 1.777000 50 50 50
1.347000 0.398000 1.538000 50 50 50
1.516000 0.399000 1.816000 50 50 50
1.221000 0.400000 1.829000 50 50 50
1.355000 0.399000 1.634000 50 50 50
1.268000 0.400000 1.826000 50 50 50
1.252000 0.399000 1.763000 50 50 50
1.185000 0.399000 1.617000 50 50 50
1.419000 0.399000 1.748000 50 50 50
1.586000 0.399000 1.722000 50 50 50
1.113000 0.395000 0.963000 50 50 50
1.136000 0.398000 1.433000 50 50 50
1.440000 0.399000 1.806000 50 50 50
1.457000 0.398000 1.562000 50 50 50
1.369000 0.399000 1.652000 50 50 50
1.156000 0.397000 1.283000 50 50 50
1.537000 0.399000 1.733000 50 50 50
1.148000 0.398000 1.480000 50 50 50
1.195000 0.396000 1.164000 50 50 50
1.477000 0.400000 1.842000 50 50 50
1.220000 0.398000 1.449000 50 50 50
1.376000 0.398000 1.552000 50 50 50
1.451000 0.399000 1.757000 50 50 50
1.537000 0.400000 1.851000 50 50 50
1.601000 0.399000 1.715000 50 50 50
1.242000 0.398000 1.511000 50 50 50
1.472000 0.398000 1.624000 50 50 50
1.149000 0.398000 1.485000 50 50 50
1.534000 0.398000 1.637000 50 50 50
1.278000 0.397000 1.215000 50 50 50
1.230000 0.400000 1.807000 50 50 50
1.216000 0.397000 1.200000 50 50 50
1.122000 0.396000 1.103000 50 50 50
1.469000 0.398000 1.500000 50 50 50
1.195000 0.399000 1.701000 50 50 50
1.088000 0.396000 1.075000 50 50 50
1.157000 0.396000 1.026000 50 50 50
1.347000 0.399000 1.764000 50 50 50
1.228000 0.399000 1.658000 50 50 50
1.297000 0.398000 1.579000 50 50 50
1.341000 0.399000 1.636000 50 50 50
1.003000 0.395000 0.775000 50 50 50
1.076000 0.396000 1.059000 50 50 50
1.502000 0.399000 1.832000 50 50 50
1.317000 0.397000 1.238000 50 50 50
1.534000 0.395000 1.337000 50 50 50
1.210000 0.394000 0.958000 50 50 50
1.423000 0.391000 0.943000 50 50 50
1.326000 0.394000 1.087000 50 50 50
1.381000 0.396000 1.239000 50 50 50
1.249000 0.392000 0.832000 50 50 50
1.320000 0.394000 1.036000 50 50 50
1.242000 0.392000 0.848000 50 50 50
1.070000 0.394000 0.778000 50 50 50
1.131000 0.392000 0.746000 50 50 50
1.622000 0.397000 1.582000 50 50 50
1.639000 0.398000 1.673000 50 50 50
1.513000 0.396000 1.382000 50 50 50
1.473000 0.393000 1.158000 50 50 50
1.414000 0.395000 1.219000 50 50 50
1.462000 0.397000 1.456000 50 50 50
1.288000 0.393000 0.919000 50 50 50
1.352000 0.394000 1.083000 50 50 50
1.446000 0.394000 1.182000 50 50 50
1.330000 0.392000 0.938000 50 50 50
1.385000 0.396000 1.236000 50 50 50
1.054000 0.394000 0.759000 50 50 50
1.343000 0.391000 0.860000 50 50 50
1.433000 0.394000 1.161000 50 50 50
1.358000 0.394000 1.114000 50 50 50
1.399000 0.397000 1.362000 50 50 50
1.288000 0.394000 1.015000 50 50 50
1.480000 0.398000 1.478000 50 50 50
1.506000 0.397000 1.495000 50 50 50
1.382000 0.392000 0.994000 50 50 50
1.362000 0.396000 1.215000 50 50 50
1.471000 0.395000 1.291000 50 50 50
1.285000 0.393000 0.933000 50 50 50
1.086000 0.395000 0.855000 50 50 50
1.425000 0.393000 1.110000 50 50 50
1.312000 0.396000 1.223000 50 50 50
1.101000 0.394000 0.813000 50 50 50
1.298000 0.392000 0.857000 50 50 50
1.314000 0.392000 0.894000 50 50 50
1.465000 0.393000 1.100000 50 50 50
1.398000 0.391000 0.908000 50 50 50
1.236000 0.394000 0.957000 50 50 50
1.416000 0.395000 1.199000 50 50 50
1.347000 0.394000 1.049000 50 50 50
1.545000 0.396000 1.461000 50 50 50
1.508000 0.394000 1.227000 50 50 50
1.411000 0.391000 0.967000 50 50 50
1.283000 0.391000 0.834000 50 50 50
1.272000 0.393000 0.911000 50 50 50
1.418000 0.393000 1.080000 50 50 50
1.579000 0.396000 1.450000 50 50 50
1.223000 0.393000 0.884000 50 50 50
1.355000 0.394000 1.127000 50 50 50
1.328000 0.394000 1.087000 50 50 50
1.212000 0.394000 0.949000 50 50 50
1.169000 0.394000 0.905000 50 50 50
1.350000 0.393000 0.985000 50 50 50
1.534000 0.397000 1.509000 50 50 50
1.041000 0.395000 0.821000 50 50 50
1.445000 0.391000 0.941000 50 50 50
1.675000 0.399000 1.780000 50 50 50
1.536000 0.398000 1.553000 50 50 50
1.073000 0.394000 0.822000 50 50 50
1.371000 0.392000 0.971000 50 50 50
1.246000 0.391000 0.760000 50 50 50
1.542000 0.397000 1.500000 50 50 50
1.160000 0.392000 0.779000 50 50 50
1.241000 0.396000 1.106000 50 50 50
1.387000 0.389000 0.748000 50 50 50
1.163000 0.394000 0.897000 50 50 50
1.408000 0.396000 1.286000 50 50 50
1.292000 0.394000 1.040000 50 50 50
1.418000 0.397000 1.387000 50 50 50
1.205000 0.391000 0.755000 50 50 50
1.675000 0.399000 1.786000 50 50 50
1.407000 0.392000 0.970000 50 50 50
1.403000 0.392000 0.986000 50 50 50
1.403000 0.396000 1.292000 50 50 50
1.493000 0.392000 1.102000 50 50 50
1.371000 0.395000 1.178000 50 50 50
1.107000 0.395000 0.878000 50 50 50
1.471000 0.393000 1.110000 50 50 50
1.234000 0.395000 1.020000 50 50 50
1.207000 0.394000 0.969000 50 50 50
1.436000 0.391000 0.972000 50 50 50
1.322000 0.395000 1.150000 50 50 50
1.514000 0.394000 1.282000 50 50 50
1.408000 0.394000 1.160000 50 50 50
1.432000 0.394000 1.176000 50 50 50
1.086000 0.394000 0.826000 50 50 50
1.442000 0.394000 1.166000 50 50 50
1.284000 0.391000 0.790000 50 50 50
1.609000 0.398000 1.640000 50 50 50
1.181000 0.393000 0.816000 50 50 50
1.146000 0.393000 0.833000 50 50 50
1.198000 0.393000 0.884000 50 50 50
1.450000 0.392000 1.031000 50 50 50
1.584000 0.398000 1.604000 50 50 50
1.223000 0.391000 0.761000 50 50 50
1.198000 0.395000 0.997000 50 50 50
1.247000 0.395000 1.034000 50 50 50
1.262000 0.395000 1.086000 50 50 50
1.353000 0.391000 0.910000 50 50 50
1.443000 0.392000 1.021000 50 50 50
1.314000 0.391000 0.816000 50 50 50
1.376000 0.393000 1.030000 50 50 50
1.537000 0.396000 1.400000 50 50 50
1.222000 0.396000 1.092000 50 50 50
1.392000 0.393000 1.051000 50 50 50
1.540000 0.396000 1.412000 50 50 50
1.305000 0.396000 1.202000 50 50 50
1.164000 0.394000 0.861000 50 50 50
1.450000 0.394000 1.207000 50 50 50
1.688000 0.398000 1.755000 50 50 50
1.519000 0.398000 1.523000 50 50 50
1.540000 0.394000 1.282000 50 50 50
1.184000 0.395000 0.956000 50 50 50
1.305000 0.391000 0.801000 50 50 50
1.378000 0.393000 1.041000 50 50 50
1.334000 0.390000 0.817000 50 50 50
1.189000 0.393000 0.828000 50 50 50
1.352000 0.391000 0.900000 50 50 50
1.614000 0.399000 1.689000 50 50 50
1.474000 0.395000 1.254000 50 50 50
1.110000 0.395000 0.928000 50 50 50
1.141000 0.393000 0.786000 50 50 50
1.597000 0.399000 1.671000 50 50 50
1.434000 0.391000 0.935000 50 50 50
1.206000 0.396000 1.064000 50 50 50
1.642000 0.398000 1.702000 50 50 50
1.356000 0.397000 1.277000 50 50 50
1.429000 0.394000 1.200000 50 50 50
1.330000 0.390000 0.794000 50 50 50
1.279000 0.393000 0.931000 50 50 50
1.281000 0.395000 1.110000 50 50 50
1.253000 0.394000 0.969000 50 50 50
1.205000 0.393000 0.856000 50 50 50
1.568000 0.397000 1.547000 50 50 50
1.276000 0.396000 1.167000 50 50 50
1.217000 0.393000 0.864000 50 50 50
1.309000 0.392000 0.924000 50 50 50
1.649000 0.398000 1.679000 50 50 50
1.320000 0.393000 0.951000 50 50 50
1.298000 0.396000 1.144000 50 50 50
1.462000 0.398000 1.460000 50 50 50
1.250000 0.395000 1.033000 50 50 50
1.358000 0.393000 1.042000 50 50 50
1.324000 0.390000 0.753000 50 50 50
1.360000 0.393000 1.048000 50 50 50
1.218000 0.393000 0.869000 50 50 50
1.549000 0.395000 1.346000 50 50 50
1.429000 0.396000 1.338000 50 50 50
1.276000 0.396000 1.129000 50 50 50
1.464000 0.395000 1.273000 50 50 50
1.279000 0.392000 0.864000 50 50 50
1.525000 0.398000 1.556000 50 50 50
1.484000 0.393000 1.155000 50 50 50
1.228000 0.394000 0.936000 50 50 50
1.537000 0.394000 1.247000 50 50 50
1.537000 0.397000 1.492000 50 50 50
1.560000 0.398000 1.616000 50 50 50
1.643000 0.398000 1.677000 50 50 50
1.426000 0.395000 1.206000 50 50 50
1.592000 0.398000 1.590000 50 50 50
1.105000 0.394000 0.814000 50 50 50
1.432000 0.396000 1.333000 50 50 50
1.379000 0.393000 1.080000 50 50 50
1.044000 0.394000 0.785000 50 50 50
1.398000 0.391000 0.899000 50 50 50
1.379000 0.392000 1.000000 50 50 50
1.530000 0.395000 1.336000 50 50 50
1.631000 0.398000 1.681000 50 50 50
1.579000 0.398000 1.639000 50 50 50
1.380000 0.394000 1.127000 50 50 50
1.347000 0.391000 0.902000 50 50 50
1.644000 0.398000 1.653000 50 50 50
1.179000 0.392000 0.748000 50 50 50
1.209000 0.393000 0.859000 50 50 50
1.201000 0.395000 1.040000 50 50 50
1.454000 0.397000 1.425000 50 50 50
1.480000 0.392000 1.055000 50 50 50
1.535000 0.394000 1.303000 50 50 50
1.399000 0.396000 1.283000 50 50 50
1.282000 0.392000 0.884000 50 50 50
1.380000 0.395000 1.157000 50 50 50
1.334000 0.393000 0.990000 50 50 50
1.264000 0.396000 1.116000 50 50 50
1.089000 0.394000 0.793000 50 50 50
1.238000 0.395000 1.059000 50 50 50
1.679000 0.398000 1.732000 50 50 50
1.641000 0.398000 1.681000 50 50 50
1.388000 0.394000 1.157000 50 50 50
1.320000 0.390000 0.800000 50 50 50
1.467000 0.396000 1.376000 50 50 50
1.221000 0.395000 1.017000 50 50 50
1.402000 0.389000 0.801000 50 50 50
1.412000 0.393000 1.112000 50 50 50
1.321000 0.396000 1.208000 50 50 50
1.284000 0.391000 0.838000 50 50 50
1.268000 0.395000 1.059000 50 50 50
1.461000 0.393000 1.095000 50 50 50
1.268000 0.391000 0.757000 50 50 50
1.174000 0.394000 0.929000 50 50 50
1.587000 0.396000 1.481000 50 50 50
1.520000 0.395000 1.301000 50 50 50
1.325000 0.396000 1.216000 50 50 50
1.311000 0.390000 0.777000 50 50 50
1.189000 0.393000 0.860000 50 50 50
1.280000 0.395000 1.103000 50 50 50
1.437000 0.393000 1.137000 50 50 50
1.366000 0.391000 0.865000 50 50 50
1.453000 0.393000 1.088000 50 50 50
1.353000 0.394000 1.099000 50 50 50
1.341000 0.390000 0.778000 50 50 50
1.359000 0.389000 0.746000 50 50 50
1.499000 0.393000 1.146000 50 50 50
1.319000 0.396000 1.167000 50 50 50
1.133000 0.394000 0.888000 50 50 50
1.374000 0.392000 0.977000 50 50 50
1.616000 0.396000 1.540000 50 50 50
1.203000 0.392000 0.803000 50 50 50
1.447000 0.394000 1.206000 50 50 50
1.425000 0.394000 1.147000 50 50 50
1.381000 0.396000 1.234000 50 50 50
1.154000 0.395000 0.951000 50 50 50
1.392000 0.397000 1.352000 50 50 50
1.625000 0.399000 1.696000 50 50 50
1.465000 0.392000 1.025000 50 50 50
1.335000 0.394000 1.041000 50 50 50
1.479000 0.394000 1.244000 50 50 50
1.259000 0.394000 1.006000 50 50 50
1.024000 0.394000 0.768000 50 50 50
1.182000 0.395000 0.960000 50 50 50
1.332000 0.390000 0.784000 50 50 50
1.420000 0.390000 0.860000 50 50 50
1.376000 0.391000 0.931000 50 50 50
1.185000 0.394000 0.928000 50 50 50
1.285000 0.396000 1.156000 50 50 50
1.640000 0.397000 1.623000 50 50 50
1.417000 0.393000 1.078000 50 50 50
1.541000 0.397000 1.467000 50 50 50
1.689000 0.399000 1.762000 50 50 50
1.208000 0.394000 0.930000 50 50 50
1.079000 0.395000 0.884000 50 50 50
1.152000 0.395000 0.928000 50 50 50
1.424000 0.396000 1.332000 50 50 50
1.377000 0.397000 1.332000 50 50 50
1.186000 0.392000 0.761000 50 50 50
1.454000 0.396000 1.343000 50 50 50
1.200000 0.393000 0.885000 50 50 50
1.206000 0.392000 0.782000 50 50 50
1.371000 0.389000 0.783000 50 50 50
1.230000 0.393000 0.926000 50 50 50
1.441000 0.391000 0.969000 50 50 50
1.457000 0.392000 1.048000 50 50 50
1.475000 0.394000 1.221000 50 50 50
1.116000 0.394000 0.832000 50 50 50
1.442000 0.397000 1.398000 50 50 50
1.366000 0.390000 0.824000 50 50 50
1.563000 0.395000 1.383000 50 50 50
1.199000 0.396000 1.056000 50 50 50
1.296000 0.395000 1.085000 50 50 50
1.427000 0.394000 1.140000 50 50 50
1.243000 0.396000 1.105000 50 50 50
1.517000 0.398000 1.545000 50 50 50
1.286000 0.393000 0.921000 50 50 50
1.592000 0.397000 1.553000 50 50 50
1.242000 0.392000 0.869000 50 50 50
1.241000 0.391000 0.780000 50 50 50
1.195000 0.394000 0.944000 50 50 50
1.671000 0.399000 1.755000 50 50 50
1.282000 0.393000 0.935000 50 50 50
1.588000 0.397000 1.563000 50 50 50
1.331000 0.393000 0.966000 50 50 50
1.342000 0.392000 0.969000 50 50 50
1.313000 0.390000 0.784000 50 50 50
1.342000 0.391000 0.830000 50 50 50
1.174000 0.394000 0.894000 50 50 50
1.324000 0.391000 0.850000 50 50 50
1.365000 0.394000 1.137000 50 50 50
1.405000 0.392000 1.005000 50 50 50
1.460000 0.397000 1.398000 50 50 50
1.325000 0.391000 0.822000 50 50 50
1.473000 0.392000 1.043000 50 50 50
1.234000 0.394000 0.950000 50 50 50
1.285000 0.390000 0.744000 50 50 50
1.202000 0.395000 1.028000 50 50 50
1.392000 0.395000 1.197000 50 50 50
1.186000 0.393000 0.819000 50 50 50
1.430000 0.397000 1.373000 50 50 50
1.367000 0.390000 0.849000 50 50 50
1.465000 0.390000 0.973000 50 50 50
1.544000 0.387000 1.033000 50 50 50
1.631000 0.389000 1.295000 50 50 50
1.537000 0.381000 0.761000 50 50 50
1.562000 0.384000 0.956000 50 50 50
1.534000 0.392000 1.173000 50 50 50
1.739000 0.378000 1.086000 50 50 50
1.735000 0.378000 1.078000 50 50 50
1.669000 0.383000 1.135000 50 50 50
1.722000 0.378000 1.063000 50 50 50
1.694000 0.396000 1.671000 50 50 50
1.727000 0.386000 1.371000 50 50 50
1.496000 0.387000 0.897000 50 50 50
1.578000 0.381000 0.855000 50 50 50
1.649000 0.394000 1.488000 50 50 50
1.434000 0.387000 0.763000 50 50 50
1.599000 0.393000 1.364000 50 50 50
1.617000 0.393000 1.385000 50 50 50
1.682000 0.390000 1.423000 50 50 50
1.561000 0.389000 1.138000 50 50 50
1.637000 0.390000 1.311000 50 50 50
1.637000 0.392000 1.397000 50 50 50
1.539000 0.389000 1.071000 50 50 50
1.512000 0.385000 0.865000 50 50 50
1.646000 0.378000 0.894000 50 50 50
1.542000 0.383000 0.877000 50 50 50
1.476000 0.385000 0.798000 50 50 50
1.464000 0.391000 0.990000 50 50 50
1.519000 0.385000 0.881000 50 50 50
1.596000 0.394000 1.395000 50 50 50
1.675000 0.378000 0.968000 50 50 50
1.419000 0.390000 0.842000 50 50 50
1.683000 0.390000 1.417000 50 50 50
1.683000 0.375000 0.887000 50 50 50
1.656000 0.390000 1.371000 50 50 50
1.633000 0.385000 1.131000 50 50 50
1.706000 0.375000 0.935000 50 50 50
1.631000 0.393000 1.439000 50 50 50
1.592000 0.387000 1.112000 50 50 50
1.719000 0.382000 1.197000 50 50 50
1.642000 0.374000 0.759000 50 50 50
1.615000 0.376000 0.748000 50 50 50
1.440000 0.387000 0.798000 50 50 50
1.592000 0.394000 1.381000 50 50 50
1.724000 0.373000 0.888000 50 50 50
1.666000 0.395000 1.588000 50 50 50
1.632000 0.383000 1.062000 50 50 50
1.657000 0.386000 1.214000 50 50 50
1.485000 0.388000 0.945000 50 50 50
1.530000 0.393000 1.205000 50 50 50
1.510000 0.386000 0.908000 50 50 50
1.541000 0.389000 1.089000 50 50 50
1.672000 0.374000 0.811000 50 50 50
1.612000 0.385000 1.088000 50 50 50
1.573000 0.378000 0.762000 50 50 50
1.708000 0.398000 1.795000 50 50 50
1.543000 0.392000 1.193000 50 50 50
1.729000 0.387000 1.415000 50 50 50
1.617000 0.385000 1.104000 50 50 50
1.643000 0.393000 1.465000 50 50 50
1.597000 0.382000 0.957000 50 50 50
1.573000 0.390000 1.177000 50 50 50
1.736000 0.378000 1.115000 50 50 50
1.729000 0.385000 1.333000 50 50 50
1.643000 0.387000 1.220000 50 50 50
1.735000 0.379000 1.146000 50 50 50
1.631000 0.389000 1.290000 50 50 50
1.658000 0.377000 0.875000 50 50 50
1.543000 0.381000 0.786000 50 50 50
1.706000 0.380000 1.104000 50 50 50
1.653000 0.388000 1.293000 50 50 50
1.657000 0.390000 1.371000 50 50 50
1.663000 0.381000 1.055000 50 50 50
1.639000 0.391000 1.353000 50 50 50
1.635000 0.375000 0.775000 50 50 50
1.719000 0.379000 1.090000 50 50 50
1.629000 0.387000 1.212000 50 50 50
1.587000 0.386000 1.090000 50 50 50
1.535000 0.382000 0.806000 50 50 50
1.540000 0.389000 1.094000 50 50 50
1.708000 0.384000 1.266000 50 50 50
1.605000 0.392000 1.336000 50 50 50
1.576000 0.391000 1.220000 50 50 50
1.450000 0.390000 0.922000 50 50 50
1.633000 0.377000 0.823000 50 50 50
1.442000 0.385000 0.742000 50 50 50
1.507000 0.384000 0.827000 50 50 50
1.501000 0.382000 0.740000 50 50 50
1.540000 0.387000 1.020000 50 50 50
1.736000 0.369000 0.777000 50 50 50
1.569000 0.385000 1.013000 50 50 50
1.511000 0.390000 1.072000 50 50 50
1.655000 0.374000 0.784000 50 50 50
1.728000 0.369000 0.752000 50 50 50
1.711000 0.388000 1.404000 50 50 50
1.614000 0.379000 0.865000 50 50 50
1.739000 0.372000 0.885000 50 50 50
1.569000 0.388000 1.103000 50 50 50
1.659000 0.386000 1.224000 50 50 50
1.567000 0.380000 0.812000 50 50 50
1.609000 0.388000 1.186000 50 50 50
1.531000 0.384000 0.868000 50 50 50
1.613000 0.394000 1.431000 50 50 50
1.656000 0.376000 0.862000 50 50 50
1.669000 0.395000 1.583000 50 50 50
1.649000 0.375000 0.816000 50 50 50
1.627000 0.388000 1.228000 50 50 50
1.575000 0.384000 0.970000 50 50 50
1.575000 0.386000 1.030000 50 50 50
1.421000 0.389000 0.819000 50 50 50
1.570000 0.385000 0.999000 50 50 50
1.739000 0.381000 1.200000 50 50 50
1.663000 0.376000 0.851000 50 50 50
1.573000 0.380000 0.837000 50 50 50
1.631000 0.375000 0.763000 50 50 50
1.519000 0.385000 0.899000 50 50 50
1.421000 0.389000 0.835000 50 50 50
1.685000 0.379000 1.010000 50 50 50
1.694000 0.374000 0.852000 50 50 50
1.590000 0.392000 1.291000 50 50 50
1.520000 0.385000 0.900000 50 50 50
1.678000 0.374000 0.820000 50 50 50
1.575000 0.391000 1.243000 50 50 50
1.635000 0.395000 1.501000 50 50 50
1.667000 0.395000 1.573000 50 50 50
1.645000 0.392000 1.430000 50 50 50
1.510000 0.382000 0.769000 50 50 50
1.604000 0.385000 1.062000 50 50 50
1.623000 0.376000 0.764000 50 50 50
1.693000 0.377000 0.950000 50 50 50
1.649000 0.382000 1.055000 50 50 50
1.706000 0.389000 1.453000 50 50 50
1.573000 0.385000 1.017000 50 50 50
1.540000 0.392000 1.208000 50 50 50
1.708000 0.387000 1.371000 50 50 50
1.716000 0.383000 1.237000 50 50 50
1.714000 0.375000 0.921000 50 50 50
1.524000 0.387000 0.969000 50 50 50
1.666000 0.383000 1.145000 50 50 50
1.621000 0.376000 0.777000 50 50 50
1.634000 0.378000 0.887000 50 50 50
1.521000 0.391000 1.129000 50 50 50
1.558000 0.389000 1.112000 50 50 50
1.630000 0.384000 1.075000 50 50 50
1.530000 0.384000 0.875000 50 50 50
1.700000 0.378000 1.024000 50 50 50
1.750000 0.376000 1.040000 50 50 50
1.712000 0.375000 0.943000 50 50 50
1.675000 0.395000 1.609000 50 50 50
1.687000 0.374000 0.855000 50 50 50
1.600000 0.377000 0.774000 50 50 50
1.632000 0.385000 1.150000 50 50 50
1.540000 0.392000 1.199000 50 50 50
1.720000 0.373000 0.890000 50 50 50
1.565000 0.380000 0.793000 50 50 50
1.650000 0.378000 0.906000 50 50 50
1.707000 0.384000 1.267000 50 50 50
1.549000 0.387000 1.036000 50 50 50
1.715000 0.397000 1.752000 50 50 50
1.591000 0.387000 1.110000 50 50 50
1.643000 0.386000 1.183000 50 50 50
1.559000 0.381000 0.815000 50 50 50
1.632000 0.376000 0.787000 50 50 50
1.717000 0.376000 0.973000 50 50 50
1.706000 0.390000 1.463000 50 50 50
1.705000 0.377000 0.975000 50 50 50
1.443000 0.389000 0.878000 50 50 50
1.696000 0.379000 1.032000 50 50 50
1.622000 0.390000 1.280000 50 50 50
1.643000 0.393000 1.454000 50 50 50
1.475000 0.390000 0.988000 50 50 50
1.714000 0.381000 1.164000 50 50 50
1.620000 0.376000 0.771000 50 50 50
1.598000 0.378000 0.806000 50 50 50
1.469000 0.384000 0.756000 50 50 50
1.661000 0.395000 1.561000 50 50 50
1.732000 0.385000 1.346000 50 50 50
1.636000 0.392000 1.384000 50 50 50
1.611000 0.391000 1.292000 50 50 50
1.662000 0.380000 1.022000 50 50 50
1.721000 0.378000 1.060000 50 50 50
1.662000 0.392000 1.454000 50 50 50
1.579000 0.379000 0.809000 50 50 50
1.707000 0.379000 1.079000 50 50 50
1.659000 0.383000 1.101000 50 50 50
1.604000 0.381000 0.941000 50 50 50
1.724000 0.384000 1.300000 50 50 50
1.553000 0.391000 1.192000 50 50 50
1.606000 0.382000 0.949000 50 50 50
1.580000 0.387000 1.083000 50 50 50
1.555000 0.382000 0.838000 50 50 50
1.638000 0.384000 1.104000 50 50 50
1.509000 0.382000 0.748000 50 50 50
1.631000 0.396000 1.522000 50 50 50
1.709000 0.373000 0.849000 50 50 50
1.507000 0.388000 0.981000 50 50 50
1.730000 0.390000 1.511000 50 50 50
1.716000 0.372000 0.846000 50 50 50
1.689000 0.395000 1.617000 50 50 50
1.721000 0.388000 1.426000 50 50 50
1.656000 0.394000 1.518000 50 50 50
1.660000 0.391000 1.430000 50 50 50
1.613000 0.390000 1.260000 50 50 50
1.643000 0.385000 1.145000 50 50 50
1.691000 0.385000 1.265000 50 50 50
1.694000 0.383000 1.206000 50 50 50
1.627000 0.384000 1.075000 50 50 50
1.573000 0.393000 1.293000 50 50 50
1.613000 0.390000 1.281000 50 50 50
1.609000 0.385000 1.099000 50 50 50
1.476000 0.388000 0.893000 50 50 50
1.697000 0.387000 1.339000 50 50 50
1.692000 0.396000 1.686000 50 50 50
1.619000 0.388000 1.221000 50 50 50
1.565000 0.381000 0.835000 50 50 50
1.729000 0.384000 1.316000 50 50 50
1.695000 0.386000 1.293000 50 50 50
1.723000 0.388000 1.456000 50 50 50
1.647000 0.380000 0.991000 50 50 50
1.727000 0.370000 0.785000 50 50 50
1.451000 0.391000 0.953000 50 50 50
1.461000 0.387000 0.836000 50 50 50
1.514000 0.382000 0.752000 50 50 50
1.623000 0.394000 1.455000 50 50 50
1.689000 0.387000 1.332000 50 50 50
1.532000 0.390000 1.103000 50 50 50
1.618000 0.385000 1.121000 50 50 50
1.484000 0.383000 0.748000 50 50 50
1.580000 0.390000 1.220000 50 50 50
1.722000 0.387000 1.385000 50 50 50
1.747000 0.382000 1.274000 50 50 50
1.640000 0.381000 1.020000 50 50 50
1.655000 0.395000 1.551000 50 50 50
1.664000 0.393000 1.511000 50 50 50
1.741000 0.371000 0.854000 50 50 50
1.642000 0.378000 0.899000 50 50 50
1.610000 0.383000 1.023000 50 50 50
1.708000 0.397000 1.739000 50 50 50
1.710000 0.397000 1.746000 50 50 50
1.609000 0.379000 0.853000 50 50 50
1.592000 0.391000 1.257000 50 50 50
1.567000 0.379000 0.775000 50 50 50
1.761000 0.369000 0.828000 50 50 50
1.588000 0.388000 1.163000 50 50 50
1.737000 0.375000 1.001000 50 50 50
1.604000 0.395000 1.453000 50 50 50
1.601000 0.390000 1.236000 50 50 50
1.726000 0.378000 1.065000 50 50 50
1.741000 0.371000 0.851000 50 50 50
1.642000 0.392000 1.408000 50 50 50
1.681000 0.393000 1.541000 50 50 50
1.614000 0.396000 1.498000 50 50 50
1.641000 0.381000 1.021000 50 50 50
1.609000 0.383000 1.019000 50 50 50
1.585000 0.387000 1.098000 50 50 50
1.626000 0.392000 1.393000 50 50 50
1.690000 0.387000 1.322000 50 50 50
1.570000 0.390000 1.189000 50 50 50
1.700000 0.386000 1.319000 50 50 50
1.707000 0.388000 1.421000 50 50 50
1.695000 0.380000 1.098000 50 50 50
1.669000 0.386000 1.234000 50 50 50
1.713000 0.390000 1.498000 50 50 50
1.655000 0.395000 1.542000 50 50 50
1.615000 0.392000 1.356000 50 50 50
1.626000 0.379000 0.899000 50 50 50
1.489000 0.384000 0.789000 50 50 50
1.633000 0.396000 1.528000 50 50 50
1.571000 0.394000 1.331000 50 50 50
1.717000 0.379000 1.075000 50 50 50
1.691000 0.396000 1.679000 50 50 50
1.744000 0.373000 0.936000 50 50 50
1.626000 0.379000 0.913000 50 50 50
1.462000 0.389000 0.904000 50 50 50
1.690000 0.390000 1.449000 50 50 50
1.645000 0.378000 0.908000 50 50 50
1.466000 0.387000 0.831000 50 50 50
1.623000 0.395000 1.481000 50 50 50
1.613000 0.384000 1.066000 50 50 50
1.598000 0.383000 0.969000 50 50 50
1.721000 0.394000 1.661000 50 50 50
1.669000 0.379000 0.980000 50 50 50
1.694000 0.380000 1.065000 50 50 50
1.692000 0.381000 1.106000 50 50 50
1.666000 0.392000 1.453000 50 50 50
1.700000 0.387000 1.371000 50 50 50
1.627000 0.379000 0.912000 50 50 50
1.698000 0.384000 1.222000 50 50 50
1.435000 0.390000 0.891000 50 50 50
1.625000 0.391000 1.352000 50 50 50
1.667000 0.381000 1.066000 50 50 50
1.677000 0.373000 0.785000 50 50 50
1.614000 0.388000 1.190000 50 50 50
1.604000 0.393000 1.361000 50 50 50
1.652000 0.376000 0.830000 50 50 50
1.623000 0.387000 1.196000 50 50 50
1.564000 0.383000 0.913000 50 50 50
1.623000 0.392000 1.361000 50 50 50
1.648000 0.388000 1.266000 50 50 50
1.653000 0.378000 0.919000 50 50 50
1.615000 0.376000 0.771000 50 50 50
1.728000 0.378000 1.074000 50 50 50
1.728000 0.377000 1.028000 50 50 50
1.725000 0.376000 0.999000 50 50 50
1.416000 0.389000 0.808000 50 50 50
1.658000 0.374000 0.773000 50 50 50
1.634000 0.387000 1.200000 50 50 50
1.699000 0.389000 1.438000 50 50 50
1.670000 0.376000 0.886000 50 50 50
1.670000 0.377000 0.924000 50 50 50
1.577000 0.381000 0.882000 50 50 50
1.718000 0.388000 1.436000 50 50 50
1.683000 0.382000 1.132000 50 50 50
1.753000 0.379000 1.281000 50 50 50
1.765000 0.371000 1.145000 50 50 50
1.747000 0.382000 1.315000 50 50 50
1.748000 0.382000 1.275000 50 50 50
1.755000 0.377000 1.217000 50 50 50
1.758000 0.375000 1.209000 50 50 50
1.754000 0.378000 1.258000 50 50 50
1.756000 0.376000 1.185000 50 50 50
1.758000 0.375000 1.084000 50 50 50
1.755000 0.378000 1.241000 50 50 50
0.268000 0.370000 1.649000 50 50 50
0.242000 0.371000 1.646000 50 50 50
0.389000 0.373000 1.739000 50 50 50
0.187000 0.380000 1.745000 50 50 50
0.362000 0.373000 1.726000 50 50 50
0.203000 0.376000 1.701000 50 50 50
0.187000 0.381000 1.756000 50 50 50
0.210000 0.379000 1.744000 50 50 50
0.221000 0.371000 1.640000 50 50 50
0.180000 0.380000 1.734000 50 50 50
0.346000 0.376000 1.769000 50 50 50
0.221000 0.373000 1.670000 50 50 50
0.167000 0.381000 1.755000 50 50 50
0.170000 0.372000 1.621000 50 50 50
0.326000 0.373000 1.717000 50 50 50
0.136000 0.372000 1.614000 50 50 50
0.409000 0.376000 1.798000 50 50 50
0.486000 0.375000 1.812000 50 50 50
0.353000 0.377000 1.779000 50 50 50
0.517000 0.372000 1.790000 50 50 50
0.209000 0.381000 1.775000 50 50 50
0.409000 0.370000 1.719000 50 50 50
0.483000 0.372000 1.778000 50 50 50
0.237000 0.370000 1.630000 50 50 50
0.315000 0.376000 1.745000 50 50 50
0.205000 0.380000 1.749000 50 50 50
0.214000 0.378000 1.732000 50 50 50
0.473000 0.373000 1.782000 50 50 50
0.337000 0.371000 1.694000 50 50 50
0.251000 0.374000 1.694000 50 50 50
0.331000 0.369000 1.668000 50 50 50
0.192000 0.370000 1.606000 50 50 50
0.161000 0.377000 1.694000 50 50 50
0.332000 0.371000 1.696000 50 50 50
0.235000 0.377000 1.720000 50 50 50
0.186000 0.371000 1.619000 50 50 50
0.194000 0.378000 1.718000 50 50 50
0.445000 0.376000 1.810000 50 50 50
0.160000 0.367000 1.549000 50 50 50
0.469000 0.373000 1.788000 50 50 50
0.323000 0.369000 1.660000 50 50 50
0.225000 0.371000 1.636000 50 50 50
0.306000 0.376000 1.742000 50 50 50
0.165000 0.368000 1.571000 50 50 50
0.332000 0.371000 1.694000 50 50 50
0.135000 0.377000 1.682000 50 50 50
0.357000 0.372000 1.718000 50 50 50
0.243000 0.374000 1.683000 50 50 50
0.138000 0.372000 1.606000 50 50 50
0.228000 0.374000 1.682000 50 50 50
0.159000 0.382000 1.762000 50 50 50
0.189000 0.368000 1.576000 50 50 50
0.275000 0.370000 1.644000 50 50 50
0.193000 0.370000 1.618000 50 50 50
0.334000 0.371000 1.685000 50 50 50
0.396000 0.377000 1.806000 50 50 50
0.164000 0.372000 1.629000 50 50 50
0.188000 0.375000 1.677000 50 50 50
0.224000 0.372000 1.652000 50 50 50
0.301000 0.371000 1.673000 50 50 50
0.152000 0.368000 1.566000 50 50 50
0.298000 0.370000 1.661000 50 50 50
0.157000 0.381000 1.737000 50 50 50
0.554000 0.374000 1.837000 50 50 50
0.347000 0.371000 1.700000 50 50 50
0.129000 0.377000 1.681000 50 50 50
0.360000 0.371000 1.709000 50 50 50
0.173000 0.368000 1.575000 50 50 50
0.415000 0.377000 1.806000 50 50 50
0.376000 0.378000 1.806000 50 50 50
0.152000 0.367000 1.549000 50 50 50
0.126000 0.383000 1.755000 50 50 50
0.276000 0.370000 1.655000 50 50 50
0.495000 0.370000 1.846000 50 50 50
0.217000 0.361000 1.840000 50 50 50
0.181000 0.361000 1.836000 50 50 50
0.373000 0.365000 1.845000 50 50 50
0.316000 0.369000 1.830000 50 50 50
0.199000 0.355000 1.853000 50 50 50
0.369000 0.369000 1.835000 50 50 50
0.208000 0.361000 1.838000 50 50 50
0.165000 0.378000 1.790000 50 50 50
0.195000 0.380000 1.789000 50 50 50
0.165000 0.375000 1.799000 50 50 50
0.193000 0.369000 1.817000 50 50 50
0.405000 0.369000 1.839000 50 50 50
0.182000 0.363000 1.831000 50 50 50
0.314000 0.361000 1.851000 50 50 50
0.573000 0.372000 1.848000 50 50 50
0.532000 0.373000 1.842000 50 50 50
0.274000 0.379000 1.799000 50 50 50
0.223000 0.356000 1.852000 50 50 50
0.425000 0.368000 1.842000 50 50 50
0.326000 0.379000 1.803000 50 50 50
0.311000 0.378000 1.806000 50 50 50
0.361000 0.364000 1.848000 50 50 50
0.163000 0.371000 1.808000 50 50 50
0.334000 0.363000 1.846000 50 50 50
0.214000 0.371000 1.812000 50 50 50
0.225000 0.372000 1.813000 50 50 50
0.179000 0.368000 0.981000 50 50 50
0.245000 0.366000 0.962000 50 50 50
0.181000 0.367000 1.252000 50 50 50
0.165000 0.368000 1.032000 50 50 50
0.184000 0.366000 1.271000 50 50 50
0.179000 0.367000 1.255000 50 50 50
0.175000 0.366000 1.397000 50 50 50
0.240000 0.366000 1.089000 50 50 50
0.248000 0.366000 0.948000 50 50 50
0.162000 0.367000 1.289000 50 50 50
0.157000 0.366000 1.484000 50 50 50
0.173000 0.367000 1.282000 50 50 50
0.216000 0.367000 1.058000 50 50 50
0.159000 0.367000 1.320000 50 50 50
0.223000 0.367000 0.940000 50 50 50
0.176000 0.368000 1.016000 50 50 50
0.162000 0.368000 1.088000 50 50 50
0.281000 0.366000 0.929000 50 50 50
0.233000 0.366000 1.036000 50 50 50
0.190000 0.366000 1.261000 50 50 50
0.171000 0.367000 1.277000 50 50 50
0.186000 0.367000 1.206000 50 50 50
0.212000 0.367000 0.995000 50 50 50
0.281000 0.366000 0.940000 50 50 50
0.189000 0.367000 1.031000 50 50 50
0.179000 0.368000 0.943000 50 50 50
0.189000 0.368000 0.933000 50 50 50
0.219000 0.367000 1.050000 50 50 50
0.164000 0.366000 1.440000 50 50 50
0.243000 0.366000 0.973000 50 50 50
0.210000 0.367000 0.951000 50 50 50
0.162000 0.367000 1.288000 50 50 50
0.177000 0.366000 1.339000 50 50 50
0.249000 0.366000 0.983000 50 50 50
0.255000 0.366000 0.914000 50 50 50
0.219000 0.367000 0.994000 50 50 50
0.173000 0.368000 1.055000 50 50 50
0.163000 0.368000 1.074000 50 50 50
0.174000 0.367000 1.103000 50 50 50
0.160000 0.367000 1.300000 50 50 50
0.159000 0.367000 1.310000 50 50 50
0.243000 0.366000 1.089000 50 50 50
0.245000 0.366000 1.046000 50 50 50
0.212000 0.367000 1.071000 50 50 50
0.241000 0.367000 0.933000 50 50 50
0.176000 0.367000 1.275000 50 50 50
0.181000 0.367000 1.075000 50 50 50
0.266000 0.366000 0.975000 50 50 50
0.172000 0.368000 1.094000 50 50 50
0.323000 0.364000 1.080000 50 50 50
0.227000 0.366000 1.188000 50 50 50
0.232000 0.366000 1.237000 50 50 50
0.358000 0.364000 1.113000 50 50 50
0.272000 0.365000 1.020000 50 50 50
0.274000 0.365000 1.022000 50 50 50
0.400000 0.363000 1.002000 50 50 50
0.368000 0.364000 1.010000 50 50 50
0.235000 0.365000 1.359000 50 50 50
0.377000 0.363000 1.110000 50 50 50
0.229000 0.365000 1.368000 50 50 50
0.277000 0.365000 1.227000 50 50 50
0.256000 0.365000 1.201000 50 50 50
0.269000 0.365000 1.232000 50 50 50
0.261000 0.365000 1.237000 50 50 50
0.272000 0.366000 0.999000 50 50 50
0.285000 0.365000 1.183000 50 50 50
0.242000 0.365000 1.340000 50 50 50
0.464000 0.362000 0.952000 50 50 50
0.344000 0.364000 1.029000 50 50 50
0.286000 0.365000 1.012000 50 50 50
0.410000 0.363000 1.005000 50 50 50
0.265000 0.365000 1.290000 50 50 50
0.243000 0.365000 1.220000 50 50 50
0.397000 0.363000 1.013000 50 50 50
0.196000 0.366000 1.379000 50 50 50
0.323000 0.365000 1.028000 50 50 50
0.265000 0.366000 1.026000 50 50 50
0.359000 0.364000 0.983000 50 50 50
0.314000 0.364000 1.201000 50 50 50
0.306000 0.365000 0.994000 50 50 50
0.426000 0.363000 0.957000 50 50 50
0.441000 0.363000 0.973000 50 50 50
0.269000 0.365000 1.117000 50 50 50
0.242000 0.365000 1.325000 50 50 50
0.363000 0.364000 0.944000 50 50 50
0.340000 0.364000 1.179000 50 50 50
0.347000 0.364000 1.047000 50 50 50
0.292000 0.365000 0.989000 50 50 50
0.291000 0.365000 1.163000 50 50 50
0.252000 0.366000 1.117000 50 50 50
0.326000 0.364000 1.171000 50 50 50
0.253000 0.365000 1.156000 50 50 50
0.397000 0.364000 0.935000 50 50 50
0.319000 0.365000 0.975000 50 50 50
0.296000 0.365000 1.129000 50 50 50
0.453000 0.363000 0.929000 50 50 50
0.316000 0.364000 1.199000 50 50 50
0.298000 0.364000 1.247000 50 50 50
0.237000 0.366000 1.149000 50 50 50
0.204000 0.366000 1.335000 50 50 50
0.215000 0.366000 1.293000 50 50 50
0.279000 0.365000 1.276000 50 50 50
0.365000 0.364000 1.019000 50 50 50
0.254000 0.365000 1.157000 50 50 50
0.414000 0.363000 0.980000 50 50 50
0.184000 0.366000 1.415000 50 50 50
0.241000 0.366000 1.216000 50 50 50
0.283000 0.365000 0.951000 50 50 50
0.242000 0.365000 1.228000 50 50 50
0.248000 0.365000 1.207000 50 50 50
0.248000 0.365000 1.274000 50 50 50
0.251000 0.365000 1.340000 50 50 50
0.258000 0.365000 1.283000 50 50 50
0.285000 0.365000 1.216000 50 50 50
0.264000 0.366000 1.053000 50 50 50
0.307000 0.365000 1.020000 50 50 50
0.298000 0.365000 1.021000 50 50 50
0.300000 0.364000 1.249000 50 50 50
0.211000 0.366000 1.373000 50 50 50
0.403000 0.363000 1.060000 50 50 50
0.182000 0.366000 1.384000 50 50 50
0.307000 0.365000 1.061000 50 50 50
0.269000 0.365000 1.242000 50 50 50
0.303000 0.365000 1.194000 50 50 50
0.326000 0.364000 1.164000 50 50 50
0.367000 0.364000 0.955000 50 50 50
0.295000 0.365000 0.933000 50 50 50
0.286000 0.365000 1.208000 50 50 50
0.239000 0.365000 1.344000 50 50 50
0.255000 0.365000 1.305000 50 50 50
0.334000 0.365000 0.920000 50 50 50
0.300000 0.365000 0.973000 50 50 50
0.236000 0.365000 1.279000 50 50 50
0.418000 0.363000 1.001000 50 50 50
0.323000 0.364000 1.097000 50 50 50
0.289000 0.365000 0.941000 50 50 50
0.330000 0.364000 1.051000 50 50 50
0.251000 0.365000 1.334000 50 50 50
0.395000 0.365000 1.329000 50 50 50
0.743000 0.367000 1.520000 50 50 50
0.813000 0.368000 1.681000 50 50 50
0.531000 0.363000 1.052000 50 50 50
0.426000 0.367000 1.609000 50 50 50
0.528000 0.365000 1.327000 50 50 50
0.384000 0.366000 1.512000 50 50 50
0.808000 0.369000 1.773000 50 50 50
0.584000 0.364000 1.210000 50 50 50
0.275000 0.365000 1.336000 50 50 50
0.624000 0.368000 1.624000 50 50 50
0.571000 0.366000 1.351000 50 50 50
0.713000 0.368000 1.583000 50 50 50
0.553000 0.366000 1.371000 50 50 50
0.477000 0.363000 1.025000 50 50 50
0.419000 0.365000 1.356000 50 50 50
0.496000 0.362000 0.966000 50 50 50
0.487000 0.363000 1.026000 50 50 50
0.539000 0.366000 1.466000 50 50 50
0.640000 0.366000 1.445000 50 50 50
0.418000 0.364000 1.125000 50 50 50
0.695000 0.367000 1.514000 50 50 50
0.421000 0.365000 1.262000 50 50 50
0.346000 0.366000 1.453000 50 50 50
0.482000 0.364000 1.131000 50 50 50
0.460000 0.364000 1.113000 50 50 50
0.441000 0.367000 1.612000 50 50 50
0.614000 0.367000 1.476000 50 50 50
0.783000 0.369000 1.727000 50 50 50
0.407000 0.365000 1.339000 50 50 50
0.407000 0.366000 1.415000 50 50 50
0.703000 0.366000 1.365000 50 50 50
0.671000 0.366000 1.407000 50 50 50
0.741000 0.368000 1.639000 50 50 50
0.456000 0.363000 1.075000 50 50 50
0.375000 0.364000 1.174000 50 50 50
0.787000 0.368000 1.617000 50 50 50
0.566000 0.367000 1.607000 50 50 50
0.624000 0.365000 1.314000 50 50 50
0.372000 0.365000 1.375000 50 50 50
0.685000 0.368000 1.640000 50 50 50
0.540000 0.364000 1.204000 50 50 50
0.393000 0.367000 1.583000 50 50 50
0.384000 0.366000 1.383000 50 50 50
0.803000 0.369000 1.742000 50 50 50
0.622000 0.365000 1.247000 50 50 50
0.464000 0.364000 1.140000 50 50 50
0.595000 0.367000 1.488000 50 50 50
0.271000 0.366000 1.448000 50 50 50
0.432000 0.365000 1.309000 50 50 50
0.531000 0.365000 1.229000 50 50 50
0.537000 0.366000 1.353000 50 50 50
0.435000 0.366000 1.422000 50 50 50
0.396000 0.366000 1.479000 50 50 50
0.383000 0.364000 1.226000 50 50 50
0.694000 0.366000 1.376000 50 50 50
0.703000 0.366000 1.446000 50 50 50
0.714000 0.367000 1.567000 50 50 50
0.460000 0.365000 1.258000 50 50 50
0.680000 0.368000 1.606000 50 50 50
0.356000 0.364000 1.192000 50 50 50
0.591000 0.365000 1.276000 50 50 50
0.333000 0.364000 1.200000 50 50 50
0.537000 0.366000 1.472000 50 50 50
0.576000 0.368000 1.629000 50 50 50
0.227000 0.365000 1.401000 50 50 50
0.192000 0.366000 1.457000 50 50 50
0.622000 0.364000 1.201000 50 50 50
0.481000 0.368000 1.656000 50 50 50
0.507000 0.366000 1.371000 50 50 50
0.343000 0.364000 1.256000 50 50 50
0.323000 0.366000 1.463000 50 50 50
0.814000 0.369000 1.696000 50 50 50
0.398000 0.364000 1.219000 50 50 50
0.402000 0.367000 1.525000 50 50 50
0.556000 0.366000 1.348000 50 50 50
0.324000 0.364000 1.260000 50 50 50
0.672000 0.368000 1.674000 50 50 50
0.793000 0.369000 1.699000 50 50 50
0.507000 0.367000 1.503000 50 50 50
0.693000 0.368000 1.687000 50 50 50
0.553000 0.364000 1.137000 50 50 50
0.433000 0.366000 1.466000 50 50 50
0.207000 0.366000 1.440000 50 50 50
0.652000 0.367000 1.486000 50 50 50
0.483000 0.367000 1.504000 50 50 50
0.470000 0.364000 1.141000 50 50 50
0.460000 0.363000 1.031000 50 50 50
0.504000 0.365000 1.271000 50 50 50
0.531000 0.364000 1.194000 50 50 50
0.628000 0.365000 1.218000 50 50 50
0.645000 0.368000 1.621000 50 50 50
0.684000 0.368000 1.670000 50 50 50
0.351000 0.366000 1.429000 50 50 50
0.723000 0.367000 1.497000 50 50 50
0.553000 0.366000 1.401000 50 50 50
0.770000 0.368000 1.693000 50 50 50
0.631000 0.368000 1.615000 50 50 50
0.487000 0.367000 1.567000 50 50 50
0.347000 0.365000 1.372000 50 50 50
0.416000 0.367000 1.580000 50 50 50
0.313000 0.365000 1.309000 50 50 50
0.397000 0.367000 1.606000 50 50 50
0.438000 0.364000 1.184000 50 50 50
0.906000 0.369000 1.778000 50 50 50
0.483000 0.364000 1.159000 50 50 50
0.353000 0.366000 1.474000 50 50 50
0.600000 0.368000 1.609000 50 50 50
0.403000 0.363000 1.107000 50 50 50
0.454000 0.363000 1.096000 50 50 50
0.537000 0.368000 1.645000 50 50 50
0.408000 0.365000 1.326000 50 50 50
0.168000 0.366000 1.526000 50 50 50
0.524000 0.364000 1.150000 50 50 50
0.360000 0.366000 1.454000 50 50 50
0.390000 0.366000 1.424000 50 50 50
0.684000 0.366000 1.446000 50 50 50
0.662000 0.366000 1.431000 50 50 50
0.679000 0.367000 1.520000 50 50 50
0.610000 0.367000 1.527000 50 50 50
0.193000 0.366000 1.473000 50 50 50
0.502000 0.367000 1.513000 50 50 50
0.407000 0.363000 1.087000 50 50 50
0.454000 0.367000 1.600000 50 50 50
0.317000 0.365000 1.311000 50 50 50
0.586000 0.368000 1.604000 50 50 50
0.375000 0.364000 1.218000 50 50 50
0.366000 0.364000 1.205000 50 50 50
0.307000 0.367000 1.541000 50 50 50
0.279000 0.365000 1.300000 50 50 50
0.598000 0.366000 1.434000 50 50 50
0.738000 0.367000 1.567000 50 50 50
0.622000 0.367000 1.480000 50 50 50
0.795000 0.368000 1.661000 50 50 50
0.412000 0.365000 1.339000 50 50 50
0.586000 0.365000 1.321000 50 50 50
0.506000 0.363000 1.022000 50 50 50
0.600000 0.365000 1.267000 50 50 50
0.679000 0.365000 1.314000 50 50 50
0.456000 0.363000 1.089000 50 50 50
0.750000 0.367000 1.496000 50 50 50
0.467000 0.362000 0.969000 50 50 50
0.527000 0.366000 1.402000 50 50 50
0.292000 0.367000 1.566000 50 50 50
0.786000 0.369000 1.755000 50 50 50
0.402000 0.363000 1.115000 50 50 50
0.590000 0.364000 1.155000 50 50 50
0.821000 0.369000 1.763000 50 50 50
0.489000 0.364000 1.182000 50 50 50
0.669000 0.366000 1.367000 50 50 50
0.434000 0.363000 1.016000 50 50 50
0.865000 0.369000 1.711000 50 50 50
0.672000 0.367000 1.536000 50 50 50
0.559000 0.366000 1.409000 50 50 50
0.890000 0.369000 1.793000 50 50 50
0.584000 0.366000 1.358000 50 50 50
0.532000 0.365000 1.340000 50 50 50
0.538000 0.365000 1.239000 50 50 50
0.632000 0.365000 1.232000 50 50 50
0.514000 0.364000 1.096000 50 50 50
0.554000 0.365000 1.217000 50 50 50
0.207000 0.367000 1.560000 50 50 50
0.381000 0.366000 1.490000 50 50 50
0.286000 0.365000 1.306000 50 50 50
0.851000 0.369000 1.704000 50 50 50
0.354000 0.366000 1.477000 50 50 50
0.429000 0.365000 1.287000 50 50 50
0.491000 0.367000 1.511000 50 50 50
0.460000 0.366000 1.459000 50 50 50
0.542000 0.364000 1.121000 50 50 50
0.495000 0.364000 1.199000 50 50 50
0.359000 0.367000 1.573000 50 50 50
0.592000 0.364000 1.201000 50 50 50
0.559000 0.365000 1.315000 50 50 50
0.448000 0.364000 1.225000 50 50 50
0.440000 0.366000 1.502000 50 50 50
0.435000 0.364000 1.180000 50 50 50
0.618000 0.367000 1.533000 50 50 50
0.731000 0.367000 1.525000 50 50 50
0.618000 0.368000 1.670000 50 50 50
0.607000 0.367000 1.543000 50 50 50
0.464000 0.365000 1.323000 50 50 50
0.809000 0.369000 1.720000 50 50 50
0.500000 0.366000 1.406000 50 50 50
0.575000 0.366000 1.427000 50 50 50
0.758000 0.368000 1.605000 50 50 50
0.415000 0.365000 1.301000 50 50 50
0.194000 0.366000 1.484000 50 50 50
0.402000 0.365000 1.306000 50 50 50
0.317000 0.366000 1.489000 50 50 50
0.522000 0.363000 1.086000 50 50 50
0.361000 0.366000 1.420000 50 50 50
0.528000 0.368000 1.629000 50 50 50
0.636000 0.367000 1.580000 50 50 50
0.605000 0.366000 1.420000 50 50 50
0.765000 0.369000 1.743000 50 50 50
0.327000 0.364000 1.234000 50 50 50
0.569000 0.367000 1.524000 50 50 50
0.751000 0.367000 1.552000 50 50 50
0.479000 0.365000 1.251000 50 50 50
0.589000 0.365000 1.337000 50 50 50
0.852000 0.369000 1.749000 50 50 50
0.538000 0.366000 1.389000 50 50 50
0.615000 0.367000 1.493000 50 50 50
0.713000 0.368000 1.591000 50 50 50
0.889000 0.369000 1.774000 50 50 50
0.465000 0.366000 1.469000 50 50 50
0.505000 0.364000 1.226000 50 50 50
0.597000 0.365000 1.266000 50 50 50
0.209000 0.366000 1.522000 50 50 50
0.884000 0.369000 1.756000 50 50 50
0.169000 0.366000 1.517000 50 50 50
0.495000 0.364000 1.119000 50 50 50
0.390000 0.366000 1.475000 50 50 50
0.770000 0.368000 1.692000 50 50 50
0.344000 0.366000 1.435000 50 50 50
0.438000 0.365000 1.370000 50 50 50
0.582000 0.367000 1.533000 50 50 50
0.546000 0.367000 1.575000 50 50 50
0.705000 0.367000 1.517000 50 50 50
0.558000 0.368000 1.661000 50 50 50
0.274000 0.366000 1.407000 50 50 50
0.251000 0.366000 1.446000 50 50 50
0.408000 0.367000 1.531000 50 50 50
0.535000 0.367000 1.550000 50 50 50
0.603000 0.368000 1.695000 50 50 50
0.244000 0.367000 1.552000 50 50 50
0.680000 0.366000 1.419000 50 50 50
0.578000 0.366000 1.470000 50 50 50
0.580000 0.366000 1.418000 50 50 50
0.741000 0.368000 1.668000 50 50 50
0.450000 0.367000 1.609000 50 50 50
0.742000 0.367000 1.494000 50 50 50
0.449000 0.364000 1.212000 50 50 50
0.408000 0.365000 1.304000 50 50 50
0.559000 0.365000 1.267000 50 50 50
0.621000 0.366000 1.427000 50 50 50
0.602000 0.366000 1.366000 50 50 50
0.370000 0.364000 1.166000 50 50 50
0.436000 0.367000 1.605000 50 50 50
0.827000 0.369000 1.736000 50 50 50
0.681000 0.367000 1.480000 50 50 50
0.607000 0.367000 1.473000 50 50 50
0.440000 0.363000 1.099000 50 50 50
0.505000 0.365000 1.347000 50 50 50
0.245000 0.366000 1.437000 50 50 50
0.252000 0.365000 1.399000 50 50 50
0.391000 0.365000 1.378000 50 50 50
0.460000 0.366000 1.445000 50 50 50
0.277000 0.366000 1.451000 50 50 50
0.748000 0.368000 1.636000 50 50 50
0.685000 0.368000 1.675000 50 50 50
0.353000 0.366000 1.471000 50 50 50
0.717000 0.366000 1.430000 50 50 50
0.703000 0.368000 1.707000 50 50 50
0.333000 0.366000 1.514000 50 50 50
0.508000 0.367000 1.614000 50 50 50
0.536000 0.365000 1.310000 50 50 50
0.546000 0.367000 1.520000 50 50 50
0.519000 0.365000 1.284000 50 50 50
0.515000 0.368000 1.628000 50 50 50
0.488000 0.365000 1.246000 50 50 50
0.451000 0.364000 1.209000 50 50 50
0.450000 0.365000 1.267000 50 50 50
0.621000 0.366000 1.415000 50 50 50
0.484000 0.364000 1.114000 50 50 50
0.438000 0.365000 1.323000 50 50 50
0.381000 0.365000 1.342000 50 50 50
0.564000 0.364000 1.134000 50 50 50
0.712000 0.367000 1.554000 50 50 50
0.646000 0.367000 1.590000 50 50 50
0.616000 0.365000 1.335000 50 50 50
0.555000 0.364000 1.147000 50 50 50
0.766000 0.367000 1.498000 50 50 50
0.523000 0.363000 1.028000 50 50 50
0.276000 0.365000 1.369000 50 50 50
0.656000 0.366000 1.401000 50 50 50
0.662000 0.367000 1.519000 50 50 50
0.560000 0.363000 1.079000 50 50 50
0.633000 0.365000 1.296000 50 50 50
0.336000 0.364000 1.203000 50 50 50
0.833000 0.369000 1.733000 50 50 50
0.702000 0.368000 1.689000 50 50 50
0.387000 0.367000 1.534000 50 50 50
0.552000 0.368000 1.622000 50 50 50
0.894000 0.369000 1.766000 50 50 50
0.557000 0.364000 1.143000 50 50 50
0.743000 0.368000 1.604000 50 50 50
0.474000 0.363000 1.032000 50 50 50
0.627000 0.365000 1.247000 50 50 50
0.376000 0.364000 1.239000 50 50 50
0.642000 0.367000 1.465000 50 50 50
0.292000 0.367000 1.574000 50 50 50
0.237000 0.365000 1.388000 50 50 50
0.709000 0.366000 1.431000 50 50 50
0.631000 0.365000 1.306000 50 50 50
0.736000 0.369000 1.713000 50 50 50
0.458000 0.367000 1.527000 50 50 50
0.463000 0.365000 1.275000 50 50 50
0.470000 0.365000 1.270000 50 50 50
0.719000 0.367000 1.554000 50 50 50
0.538000 0.364000 1.095000 50 50 50
0.359000 0.364000 1.246000 50 50 50
0.677000 0.367000 1.537000 50 50 50
0.519000 0.367000 1.542000 50 50 50
0.809000 0.368000 1.590000 50 50 50
0.620000 0.366000 1.367000 50 50 50
0.637000 0.368000 1.705000 50 50 50
0.788000 0.369000 1.700000 50 50 50
0.525000 0.367000 1.503000 50 50 50
0.746000 0.369000 1.744000 50 50 50
0.678000 0.368000 1.624000 50 50 50
0.293000 0.366000 1.501000 50 50 50
0.597000 0.365000 1.307000 50 50 50
0.656000 0.366000 1.340000 50 50 50
0.841000 0.368000 1.645000 50 50 50
0.414000 0.365000 1.327000 50 50 50
0.249000 0.366000 1.510000 50 50 50
0.465000 0.364000 1.179000 50 50 50
0.265000 0.366000 1.454000 50 50 50
0.498000 0.366000 1.482000 50 50 50
0.480000 0.364000 1.226000 50 50 50
0.460000 0.364000 1.192000 50 50 50
0.538000 0.366000 1.461000 50 50 50
0.323000 0.365000 1.343000 50 50 50
0.683000 0.367000 1.533000 50 50 50
0.535000 0.365000 1.269000 50 50 50
0.418000 0.364000 1.230000 50 50 50
0.741000 0.367000 1.457000 50 50 50
0.722000 0.368000 1.683000 50 50 50
0.576000 0.368000 1.608000 50 50 50
0.733000 0.368000 1.591000 50 50 50
0.403000 0.363000 1.086000 50 50 50
0.589000 0.366000 1.450000 50 50 50
0.558000 0.368000 1.642000 50 50 50
0.678000 0.368000 1.649000 50 50 50
0.398000 0.364000 1.222000 50 50 50
0.631000 0.367000 1.592000 50 50 50
0.629000 0.368000 1.657000 50 50 50
0.411000 0.366000 1.484000 50 50 50
0.173000 0.366000 1.494000 50 50 50
0.508000 0.366000 1.421000 50 50 50
0.528000 0.364000 1.221000 50 50 50
0.240000 0.366000 1.537000 50 50 50
0.489000 0.364000 1.229000 50 50 50
0.626000 0.367000 1.525000 50 50 50
0.544000 0.364000 1.158000 50 50 50
0.567000 0.365000 1.316000 50 50 50
0.576000 0.366000 1.380000 50 50 50
0.449000 0.363000 1.018000 50 50 50
0.695000 0.367000 1.474000 50 50 50
0.374000 0.367000 1.530000 50 50 50
0.431000 0.364000 1.173000 50 50 50
0.406000 0.365000 1.341000 50 50 50
0.758000 0.367000 1.554000 50 50 50
0.379000 0.367000 1.596000 50 50 50
0.810000 0.368000 1.607000 50 50 50
0.516000 0.366000 1.481000 50 50 50
0.346000 0.367000 1.602000 50 50 50
0.498000 0.363000 1.016000 50 50 50
0.599000 0.366000 1.345000 50 50 50
0.726000 0.369000 1.745000 50 50 50
0.830000 0.368000 1.631000 50 50 50
0.506000 0.368000 1.666000 50 50 50
0.513000 0.366000 1.411000 50 50 50
0.214000 0.366000 1.501000 50 50 50
0.462000 0.363000 1.017000 50 50 50
0.718000 0.368000 1.645000 50 50 50
0.865000 0.369000 1.758000 50 50 50
0.468000 0.363000 1.081000 50 50 50
0.587000 0.368000 1.623000 50 50 50
0.560000 0.368000 1.634000 50 50 50
0.451000 0.364000 1.171000 50 50 50
0.619000 0.366000 1.422000 50 50 50
0.473000 0.364000 1.117000 50 50 50
0.780000 0.368000 1.568000 50 50 50
0.722000 0.368000 1.657000 50 50 50
0.568000 0.366000 1.356000 50 50 50
0.476000 0.367000 1.501000 50 50 50
0.496000 0.364000 1.222000 50 50 50
0.230000 0.366000 1.493000 50 50 50
0.291000 0.365000 1.379000 50 50 50
0.490000 0.363000 0.978000 50 50 50
0.427000 0.367000 1.562000 50 50 50
0.434000 0.366000 1.414000 50 50 50
0.596000 0.368000 1.648000 50 50 50
0.675000 0.367000 1.483000 50 50 50
0.598000 0.365000 1.298000 50 50 50
0.876000 0.369000 1.733000 50 50 50
0.457000 0.365000 1.244000 50 50 50
0.510000 0.365000 1.344000 50 50 50
0.513000 0.366000 1.435000 50 50 50
0.570000 0.368000 1.685000 50 50 50
0.425000 0.363000 1.076000 50 50 50
0.578000 0.364000 1.140000 50 50 50
0.334000 0.366000 1.504000 50 50 50
0.657000 0.367000 1.462000 50 50 50
0.503000 0.367000 1.497000 50 50 50
0.524000 0.364000 1.149000 50 50 50
0.849000 0.369000 1.694000 50 50 50
0.577000 0.367000 1.578000 50 50 50
0.302000 0.365000 1.336000 50 50 50
0.554000 0.365000 1.308000 50 50 50
0.558000 0.367000 1.609000 50 50 50
0.556000 0.365000 1.223000 50 50 50
0.451000 0.363000 1.054000 50 50 50
0.572000 0.365000 1.270000 50 50 50
0.641000 0.365000 1.281000 50 50 50
0.438000 0.366000 1.435000 50 50 50
0.343000 0.366000 1.457000 50 50 50
0.702000 0.368000 1.695000 50 50 50
0.191000 0.366000 1.477000 50 50 50
0.867000 0.369000 1.738000 50 50 50
0.366000 0.367000 1.560000 50 50 50
0.474000 0.364000 1.175000 50 50 50
0.854000 0.369000 1.702000 50 50 50
0.504000 0.364000 1.206000 50 50 50
0.379000 0.366000 1.440000 50 50 50
0.864000 0.369000 1.714000 50 50 50
0.279000 0.366000 1.532000 50 50 50
0.590000 0.366000 1.452000 50 50 50
0.291000 0.368000 1.615000 50 50 50
0.570000 0.369000 1.711000 50 50 50
0.477000 0.369000 1.703000 50 50 50
0.581000 0.371000 1.783000 50 50 50
0.496000 0.369000 1.708000 50 50 50
0.594000 0.369000 1.720000 50 50 50
0.466000 0.369000 1.694000 50 50 50
0.677000 0.370000 1.771000 50 50 50
0.350000 0.367000 1.615000 50 50 50
0.335000 0.368000 1.636000 50 50 50
0.508000 0.369000 1.704000 50 50 50
0.622000 0.370000 1.744000 50 50 50
0.749000 0.370000 1.794000 50 50 50
0.710000 0.372000 1.827000 50 50 50
0.748000 0.370000 1.787000 50 50 50
0.747000 0.370000 1.802000 50 50 50
0.496000 0.369000 1.690000 50 50 50
0.664000 0.371000 1.796000 50 50 50
0.564000 0.371000 1.790000 50 50 50
0.568000 0.371000 1.783000 50 50 50
0.479000 0.369000 1.705000 50 50 50
0.324000 0.368000 1.631000 50 50 50
0.280000 0.367000 1.601000 50 50 50
0.273000 0.367000 1.597000 50 50 50
0.524000 0.371000 1.769000 50 50 50
0.392000 0.368000 1.639000 50 50 50
0.619000 0.370000 1.760000 50 50 50
0.514000 0.368000 1.685000 50 50 50
0.720000 0.371000 1.817000 50 50 50
0.448000 0.368000 1.658000 50 50 50
0.445000 0.368000 1.671000 50 50 50
0.410000 0.370000 1.699000 50 50 50
0.714000 0.369000 1.746000 50 50 50
0.602000 0.370000 1.761000 50 50 50
0.365000 0.369000 1.677000 50 50 50
0.542000 0.369000 1.714000 50 50 50
0.599000 0.371000 1.774000 50 50 50
0.608000 0.369000 1.738000 50 50 50
0.479000 0.371000 1.746000 50 50 50
0.359000 0.369000 1.664000 50 50 50
0.835000 0.371000 1.828000 50 50 50
0.733000 0.370000 1.789000 50 50 50
0.326000 0.368000 1.641000 50 50 50
0.673000 0.369000 1.744000 50 50 50
0.595000 0.370000 1.766000 50 50 50
0.830000 0.371000 1.824000 50 50 50
0.811000 0.371000 1.829000 50 50 50
0.500000 0.371000 1.769000 50 50 50
0.377000 0.368000 1.654000 50 50 50
0.580000 0.370000 1.740000 50 50 50
0.418000 0.368000 1.658000 50 50 50
0.484000 0.371000 1.748000 50 50 50
0.661000 0.370000 1.762000 50 50 50
0.732000 0.370000 1.783000 50 50 50
0.706000 0.372000 1.835000 50 50 50
0.450000 0.371000 1.735000 50 50 50
0.588000 0.372000 1.812000 50 50 50
0.634000 0.369000 1.725000 50 50 50
0.646000 0.372000 1.817000 50 50 50
0.430000 0.370000 1.705000 50 50 50
0.749000 0.371000 1.807000 50 50 50
0.384000 0.370000 1.697000 50 50 50
0.655000 0.370000 1.778000 50 50 50
0.732000 0.371000 1.808000 50 50 50
0.633000 0.372000 1.823000 50 50 50
0.546000 0.369000 1.715000 50 50 50
0.522000 0.372000 1.786000 50 50 50
0.855000 0.370000 1.805000 50 50 50
0.235000 0.367000 1.584000 50 50 50
0.539000 0.368000 1.693000 50 50 50
0.578000 0.369000 1.733000 50 50 50
0.611000 0.369000 1.714000 50 50 50
0.249000 0.367000 1.577000 50 50 50
0.521000 0.368000 1.689000 50 50 50
0.417000 0.369000 1.692000 50 50 50
0.600000 0.372000 1.804000 50 50 50
0.349000 0.368000 1.633000 50 50 50
0.586000 0.371000 1.795000 50 50 50
0.420000 0.368000 1.644000 50 50 50
0.589000 0.369000 1.719000 50 50 50
0.764000 0.371000 1.816000 50 50 50
0.594000 0.369000 1.710000 50 50 50
0.755000 0.370000 1.804000 50 50 50
0.788000 0.371000 1.822000 50 50 50
0.763000 0.369000 1.351000 50 50 50
0.689000 0.369000 1.117000 50 50 50
0.770000 0.373000 1.093000 50 50 50
0.714000 0.372000 1.024000 50 50 50
0.730000 0.372000 1.070000 50 50 50
0.701000 0.370000 1.063000 50 50 50
0.705000 0.369000 1.184000 50 50 50
0.626000 0.369000 0.937000 50 50 50
0.926000 0.370000 1.811000 50 50 50
0.653000 0.369000 1.010000 50 50 50
0.723000 0.371000 1.079000 50 50 50
0.561000 0.365000 0.961000 50 50 50
0.850000 0.369000 1.610000 50 50 50
0.778000 0.368000 1.438000 50 50 50
0.552000 0.364000 1.005000 50 50 50
0.695000 0.368000 1.206000 50 50 50
0.582000 0.364000 1.078000 50 50 50
0.863000 0.369000 1.671000 50 50 50
0.757000 0.373000 1.073000 50 50 50
0.851000 0.371000 1.499000 50 50 50
0.692000 0.368000 1.209000 50 50 50
0.498000 0.363000 0.924000 50 50 50
0.790000 0.370000 1.398000 50 50 50
0.823000 0.373000 1.316000 50 50 50
0.691000 0.370000 1.087000 50 50 50
0.730000 0.371000 1.091000 50 50 50
0.700000 0.366000 1.309000 50 50 50
0.843000 0.369000 1.577000 50 50 50
0.654000 0.366000 1.191000 50 50 50
0.676000 0.370000 1.026000 50 50 50
0.732000 0.368000 1.321000 50 50 50
0.574000 0.364000 1.085000 50 50 50
0.608000 0.367000 1.008000 50 50 50
0.796000 0.368000 1.497000 50 50 50
0.627000 0.368000 0.960000 50 50 50
0.773000 0.373000 1.144000 50 50 50
0.901000 0.369000 1.749000 50 50 50
0.784000 0.367000 1.524000 50 50 50
0.563000 0.364000 1.033000 50 50 50
0.798000 0.369000 1.424000 50 50 50
0.794000 0.373000 1.180000 50 50 50
0.719000 0.369000 1.195000 50 50 50
0.593000 0.366000 0.985000 50 50 50
0.647000 0.368000 1.020000 50 50 50
0.664000 0.366000 1.224000 50 50 50
0.781000 0.370000 1.329000 50 50 50
0.858000 0.369000 1.618000 50 50 50
0.865000 0.369000 1.672000 50 50 50
0.833000 0.369000 1.581000 50 50 50
0.628000 0.368000 0.990000 50 50 50
0.809000 0.371000 1.374000 50 50 50
0.716000 0.368000 1.289000 50 50 50
0.728000 0.371000 1.095000 50 50 50
0.811000 0.373000 1.277000 50 50 50
0.758000 0.368000 1.424000 50 50 50
0.585000 0.366000 1.004000 50 50 50
0.764000 0.370000 1.312000 50 50 50
0.800000 0.370000 1.384000 50 50 50
0.771000 0.370000 1.330000 50 50 50
0.636000 0.365000 1.184000 50 50 50
0.687000 0.366000 1.297000 50 50 50
0.583000 0.365000 1.055000 50 50 50
0.543000 0.364000 0.969000 50 50 50
0.612000 0.367000 0.991000 50 50 50
0.652000 0.368000 1.093000 50 50 50
0.646000 0.369000 1.002000 50 50 50
0.640000 0.368000 1.016000 50 50 50
0.767000 0.372000 1.144000 50 50 50
0.799000 0.369000 1.449000 50 50 50
0.806000 0.371000 1.341000 50 50 50
0.690000 0.367000 1.269000 50 50 50
0.539000 0.364000 0.984000 50 50 50
0.719000 0.369000 1.218000 50 50 50
0.604000 0.367000 0.969000 50 50 50
0.669000 0.368000 1.143000 50 50 50
0.615000 0.368000 0.943000 50 50 50
0.703000 0.371000 1.058000 50 50 50
0.821000 0.372000 1.360000 50 50 50
0.816000 0.369000 1.494000 50 50 50
0.639000 0.366000 1.178000 50 50 50
0.659000 0.369000 1.006000 50 50 50
0.815000 0.369000 1.513000 50 50 50
0.737000 0.374000 0.979000 50 50 50
0.695000 0.366000 1.336000 50 50 50
0.781000 0.374000 1.113000 50 50 50
0.632000 0.367000 1.076000 50 50 50
0.607000 0.367000 0.975000 50 50 50
0.498000 0.362000 0.931000 50 50 50
0.667000 0.367000 1.175000 50 50 50
0.614000 0.365000 1.126000 50 50 50
0.864000 0.371000 1.517000 50 50 50
0.660000 0.368000 1.068000 50 50 50
0.676000 0.369000 1.064000 50 50 50
0.580000 0.366000 0.996000 50 50 50
0.581000 0.366000 1.002000 50 50 50
0.678000 0.365000 1.303000 50 50 50
0.617000 0.368000 0.934000 50 50 50
0.645000 0.370000 0.944000 50 50 50
0.744000 0.373000 1.043000 50 50 50
0.849000 0.372000 1.430000 50 50 50
0.725000 0.372000 1.054000 50 50 50
0.922000 0.370000 1.800000 50 50 50
0.669000 0.365000 1.286000 50 50 50
0.665000 0.366000 1.205000 50 50 50
0.750000 0.370000 1.243000 50 50 50
0.648000 0.368000 1.075000 50 50 50
0.547000 0.364000 0.997000 50 50 50
0.572000 0.365000 1.032000 50 50 50
0.785000 0.371000 1.313000 50 50 50
0.731000 0.369000 1.249000 50 50 50
0.741000 0.370000 1.214000 50 50 50
0.801000 0.369000 1.454000 50 50 50
0.753000 0.367000 1.419000 50 50 50
0.751000 0.371000 1.210000 50 50 50
0.786000 0.372000 1.260000 50 50 50
0.853000 0.370000 1.591000 50 50 50
0.709000 0.368000 1.222000 50 50 50
0.591000 0.364000 1.129000 50 50 50
0.763000 0.373000 1.117000 50 50 50
0.689000 0.371000 1.006000 50 50 50
0.621000 0.368000 0.960000 50 50 50
0.800000 0.370000 1.426000 50 50 50
0.640000 0.369000 0.960000 50 50 50
0.638000 0.365000 1.206000 50 50 50
0.578000 0.366000 0.932000 50 50 50
0.778000 0.368000 1.449000 50 50 50
0.740000 0.372000 1.056000 50 50 50
0.627000 0.367000 1.029000 50 50 50
0.753000 0.370000 1.261000 50 50 50
0.705000 0.368000 1.260000 50 50 50
0.642000 0.369000 0.985000 50 50 50
0.815000 0.370000 1.416000 50 50 50
0.674000 0.368000 1.149000 50 50 50
0.870000 0.369000 1.670000 50 50 50
0.649000 0.368000 1.083000 50 50 50
0.669000 0.370000 0.974000 50 50 50
0.879000 0.369000 1.710000 50 50 50
0.641000 0.368000 1.008000 50 50 50
0.574000 0.366000 0.949000 50 50 50
0.726000 0.367000 1.331000 50 50 50
0.584000 0.366000 1.002000 50 50 50
0.790000 0.371000 1.307000 50 50 50
0.891000 0.362000 0.975000 50 50 50
0.823000 0.373000 1.293000 50 50 50
0.818000 0.372000 1.216000 50 50 50
0.945000 0.356000 0.904000 50 50 50
0.916000 0.361000 1.051000 50 50 50
0.825000 0.368000 0.945000 50 50 50
0.819000 0.369000 1.021000 50 50 50
0.889000 0.369000 1.464000 50 50 50
0.949000 0.359000 1.128000 50 50 50
0.831000 0.371000 1.251000 50 50 50
0.931000 0.369000 1.766000 50 50 50
0.946000 0.361000 1.290000 50 50 50
0.917000 0.365000 1.344000 50 50 50
0.790000 0.373000 1.093000 50 50 50
0.838000 0.372000 1.371000 50 50 50
0.892000 0.365000 1.183000 50 50 50
0.906000 0.361000 1.015000 50 50 50
0.824000 0.369000 1.035000 50 50 50
0.860000 0.366000 1.071000 50 50 50
0.902000 0.367000 1.418000 50 50 50
0.920000 0.363000 1.239000 50 50 50
0.879000 0.364000 1.051000 50 50 50
0.915000 0.366000 1.391000 50 50 50
0.871000 0.368000 1.287000 50 50 50
0.906000 0.370000 1.659000 50 50 50
0.883000 0.366000 1.168000 50 50 50
0.825000 0.372000 1.227000 50 50 50
0.900000 0.367000 1.413000 50 50 50
0.937000 0.364000 1.434000 50 50 50
0.895000 0.368000 1.453000 50 50 50
0.814000 0.371000 1.082000 50 50 50
0.810000 0.371000 1.095000 50 50 50
0.918000 0.361000 1.089000 50 50 50
0.879000 0.363000 0.913000 50 50 50
0.921000 0.363000 1.220000 50 50 50
0.807000 0.371000 1.024000 50 50 50
0.894000 0.364000 1.090000 50 50 50
0.849000 0.366000 0.968000 50 50 50
0.834000 0.368000 0.979000 50 50 50
0.838000 0.372000 1.332000 50 50 50
0.905000 0.365000 1.283000 50 50 50
0.952000 0.356000 0.896000 50 50 50
0.870000 0.368000 1.303000 50 50 50
0.925000 0.363000 1.244000 50 50 50
0.830000 0.370000 1.161000 50 50 50
0.918000 0.369000 1.648000 50 50 50
0.848000 0.366000 0.939000 50 50 50
0.897000 0.368000 1.456000 50 50 50
0.876000 0.364000 1.004000 50 50 50
0.925000 0.360000 1.005000 50 50 50
0.935000 0.359000 1.008000 50 50 50
0.884000 0.368000 1.394000 50 50 50
0.879000 0.371000 1.569000 50 50 50
0.874000 0.368000 1.319000 50 50 50
0.942000 0.361000 1.209000 50 50 50
0.842000 0.367000 0.956000 50 50 50
0.887000 0.364000 1.087000 50 50 50
0.919000 0.365000 1.403000 50 50 50
0.869000 0.370000 1.418000 50 50 50
0.811000 0.373000 1.226000 50 50 50
0.910000 0.361000 1.035000 50 50 50
0.850000 0.370000 1.304000 50 50 50
0.807000 0.370000 1.014000 50 50 50
0.824000 0.370000 1.074000 50 50 50
0.852000 0.371000 1.401000 50 50 50
0.905000 0.369000 1.594000 50 50 50
0.920000 0.369000 1.701000 50 50 50
0.888000 0.363000 1.037000 50 50 50
0.885000 0.365000 1.113000 50 50 50
0.864000 0.370000 1.365000 50 50 50
0.810000 0.372000 1.111000 50 50 50
0.920000 0.367000 1.501000 50 50 50
0.859000 0.368000 1.202000 50 50 50
0.924000 0.362000 1.151000 50 50 50
0.944000 0.357000 0.967000 50 50 50
0.811000 0.371000 1.106000 50 50 50
0.912000 0.364000 1.286000 50 50 50
0.894000 0.363000 1.038000 50 50 50
0.892000 0.365000 1.190000 50 50 50
0.788000 0.374000 1.114000 50 50 50
0.938000 0.365000 1.515000 50 50 50
0.933000 0.360000 1.052000 50 50 50
0.824000 0.368000 0.939000 50 50 50
0.935000 0.367000 1.616000 50 50 50
0.844000 0.370000 1.212000 50 50 50
0.767000 0.374000 1.011000 50 50 50
0.771000 0.373000 0.929000 50 50 50
0.850000 0.366000 0.949000 50 50 50
0.893000 0.363000 1.040000 50 50 50
0.814000 0.370000 0.988000 50 50 50
0.859000 0.366000 1.009000 50 50 50
0.930000 0.361000 1.184000 50 50 50
0.916000 0.361000 1.053000 50 50 50
0.787000 0.371000 0.924000 50 50 50
0.941000 0.357000 0.895000 50 50 50
0.947000 0.358000 1.055000 50 50 50
0.831000 0.372000 1.326000 50 50 50
0.934000 0.367000 1.635000 50 50 50
0.890000 0.370000 1.537000 50 50 50
0.926000 0.364000 1.332000 50 50 50
0.916000 0.369000 1.651000 50 50 50
0.875000 0.366000 1.151000 50 50 50
0.919000 0.367000 1.561000 50 50 50
0.831000 0.369000 1.095000 50 50 50
0.904000 0.365000 1.310000 50 50 50
0.910000 0.370000 1.715000 50 50 50
0.901000 0.369000 1.591000 50 50 50
0.914000 0.359000 0.915000 50 50 50
0.928000 0.359000 0.971000 50 50 50
0.911000 0.361000 1.027000 50 50 50
0.876000 0.366000 1.149000 50 50 50
0.886000 0.369000 1.491000 50 50 50
0.909000 0.365000 1.284000 50 50 50
0.898000 0.370000 1.626000 50 50 50
0.870000 0.368000 1.251000 50 50 50
0.903000 0.368000 1.459000 50 50 50
0.928000 0.364000 1.339000 50 50 50
0.890000 0.368000 1.386000 50 50 50
0.847000 0.371000 1.299000 50 50 50
0.864000 0.367000 1.165000 50 50 50
0.916000 0.366000 1.459000 50 50 50
0.869000 0.369000 1.367000 50 50 50
0.817000 0.371000 1.109000 50 50 50
0.930000 0.360000 1.097000 50 50 50
0.932000 0.362000 1.202000 50 50 50
0.887000 0.363000 0.965000 50 50 50
0.875000 0.367000 1.255000 50 50 50
0.808000 0.371000 1.078000 50 50 50
0.879000 0.369000 1.402000 50 50 50
0.880000 0.370000 1.471000 50 50 50
0.921000 0.368000 1.639000 50 50 50
0.913000 0.367000 1.469000 50 50 50
0.932000 0.362000 1.227000 50 50 50
0.877000 0.366000 1.155000 50 50 50
0.867000 0.371000 1.486000 50 50 50
0.895000 0.369000 1.487000 50 50 50
0.955000 0.377000 1.061000 50 50 50
0.954000 0.369000 1.081000 50 50 50
0.936000 0.379000 1.669000 50 50 50
0.939000 0.370000 1.546000 50 50 50
0.943000 0.383000 1.474000 50 50 50
0.934000 0.368000 1.679000 50 50 50
0.935000 0.375000 1.692000 50 50 50
0.957000 0.359000 0.931000 50 50 50
0.946000 0.385000 1.386000 50 50 50
0.950000 0.394000 1.301000 50 50 50
0.948000 0.398000 1.351000 50 50 50
0.946000 0.378000 1.354000 50 50 50
0.956000 0.368000 1.010000 50 50 50
0.950000 0.388000 1.267000 50 50 50
0.955000 0.372000 1.045000 50 50 50
0.946000 0.388000 1.401000 50 50 50
0.948000 0.393000 1.341000 50 50 50
0.941000 0.387000 1.528000 50 50 50
0.951000 0.383000 1.209000 50 50 50
0.943000 0.377000 1.440000 50 50 50
0.943000 0.377000 1.440000 50 50 50
0.934000 0.373000 1.719000 50 50 50
0.951000 0.401000 1.278000 50 50 50
0.953000 0.382000 1.149000 50 50 50
0.943000 0.374000 1.414000 50 50 50
0.940000 0.371000 1.513000 50 50 50
0.946000 0.392000 1.409000 50 50 50
0.942000 0.380000 1.482000 50 50 50
0.950000 0.400000 1.313000 50 50 50
0.953000 0.382000 1.143000 50 50 50
0.957000 0.368000 0.985000 50 50 50
0.956000 0.364000 0.988000 50 50 50
0.941000 0.370000 1.475000 50 50 50
0.979000 0.398000 0.938000 50 50 50
1.388000 0.341000 1.875000 50 50 50
1.296000 0.355000 1.885000 50 50 50
1.445000 0.328000 1.873000 50 50 50
1.376000 0.347000 1.874000 50 50 50
1.461000 0.331000 1.866000 50 50 50
1.271000 0.371000 1.879000 50 50 50
1.349000 0.345000 1.881000 50 50 50
1.414000 0.329000 1.878000 50 50 50
1.296000 0.377000 1.869000 50 50 50
1.563000 0.368000 1.865000 50 50 50
1.491000 0.333000 1.864000 50 50 50
1.500000 0.381000 1.866000 50 50 50
1.491000 0.360000 1.866000 50 50 50
1.338000 0.371000 1.868000 50 50 50
1.266000 0.389000 1.869000 50 50 50
1.668000 0.394000 1.865000 50 50 50
1.500000 0.376000 1.866000 50 50 50
1.421000 0.364000 1.866000 50 50 50
1.590000 0.357000 1.864000 50 50 50
1.404000 0.374000 1.867000 50 50 50
1.442000 0.387000 1.867000 50 50 50
1.394000 0.387000 1.868000 50 50 50
1.503000 0.360000 1.865000 50 50 50
1.554000 0.349000 1.864000 50 50 50
1.266000 0.392000 1.870000 50 50 50
1.517000 0.365000 1.865000 50 50 50
1.579000 0.363000 1.865000 50 50 50
1.552000 0.388000 1.866000 50 50 50
1.543000 0.351000 1.865000 50 50 50
1.429000 0.398000 1.868000 50 50 50
1.608000 0.362000 1.864000 50 50 50
1.598000 0.398000 1.866000 50 50 50
1.499000 0.361000 1.865000 50 50 50
1.359000 0.375000 1.868000 50 50 50
1.535000 0.393000 1.866000 50 50 50
1.580000 0.373000 1.865000 50 50 50
1.508000 0.363000 1.865000 50 50 50
1.595000 0.396000 1.866000 50 50 50
1.427000 0.386000 1.867000 50 50 50
1.694000 0.394000 1.864000 50 50 50
1.602000 0.391000 1.865000 50 50 50
1.478000 0.383000 1.867000 50 50 50
1.410000 0.353000 1.866000 50 50 50
1.513000 0.371000 1.866000 50 50 50
1.561000 0.372000 0.744000 50 50 50
1.614000 0.357000 0.751000 50 50 50
1.601000 0.359000 0.750000 50 50 50
1.567000 0.359000 0.748000 50 50 50
1.619000 0.372000 0.746000 50 50 50
1.603000 0.375000 0.744000 50 50 50
0.063000 1.004000 1.637000 50 50 50
0.070000 1.121000 1.642000 50 50 50
0.072000 1.210000 1.644000 50 50 50
0.067000 1.195000 1.642000 50 50 50
0.065000 1.073000 1.638000 50 50 50
0.070000 1.275000 1.645000 50 50 50
0.160000 0.929000 1.651000 50 50 50
0.165000 1.232000 1.616000 50 50 50
0.155000 0.948000 1.633000 50 50 50
0.159000 1.067000 1.625000 50 50 50
0.156000 0.955000 1.633000 50 50 50
0.157000 0.943000 1.638000 50 50 50
0.166000 1.017000 1.656000 50 50 50
0.169000 1.054000 1.660000 50 50 50
0.161000 1.125000 1.621000 50 50 50
0.165000 1.032000 1.651000 50 50 50
0.164000 1.097000 1.635000 50 50 50
0.164000 1.165000 1.624000 50 50 50
0.164000 0.920000 1.666000 50 50 50
0.154000 0.929000 1.632000 50 50 50
0.160000 1.034000 1.635000 50 50 50
0.164000 0.941000 1.665000 50 50 50
0.164000 1.156000 1.626000 50 50 50
0.169000 1.027000 1.666000 50 50 50
0.159000 1.092000 1.622000 50 50 50
0.158000 1.015000 1.632000 50 50 50
0.162000 0.910000 1.668000 50 50 50
0.138000 0.797000 1.646000 50 50 50
0.132000 0.755000 1.670000 50 50 50
0.133000 0.760000 1.666000 50 50 50
0.159000 0.894000 1.661000 50 50 50
0.140000 0.796000 1.674000 50 50 50
0.135000 0.768000 1.676000 50 50 50
0.143000 0.825000 1.645000 50 50 50
0.151000 0.869000 1.645000 50 50 50
0.149000 0.853000 1.655000 50 50 50
0.166000 1.217000 1.628000 50 50 50
0.172000 1.032000 1.682000 50 50 50
0.167000 1.185000 1.632000 50 50 50
0.172000 1.062000 1.676000 50 50 50
0.173000 1.035000 1.689000 50 50 50
0.169000 1.159000 1.656000 50 50 50
0.175000 1.053000 1.703000 50 50 50
0.173000 1.040000 1.687000 50 50 50
0.172000 1.102000 1.682000 50 50 50
0.169000 1.119000 1.656000 50 50 50
0.177000 1.059000 1.718000 50 50 50
0.173000 1.063000 1.685000 50 50 50
0.171000 1.094000 1.674000 50 50 50
0.175000 1.029000 1.707000 50 50 50
0.176000 1.054000 1.716000 50 50 50
0.166000 1.204000 1.629000 50 50 50
0.173000 1.079000 1.689000 50 50 50
0.171000 1.123000 1.666000 50 50 50
0.169000 1.121000 1.654000 50 50 50
0.171000 1.058000 1.673000 50 50 50
0.174000 1.028000 1.694000 50 50 50
0.159000 1.288000 1.680000 50 50 50
0.165000 1.220000 1.666000 50 50 50
0.155000 1.318000 1.695000 50 50 50
0.174000 1.106000 1.704000 50 50 50
0.159000 1.280000 1.680000 50 50 50
0.168000 1.195000 1.660000 50 50 50
0.162000 1.240000 1.702000 50 50 50
0.153000 1.352000 1.685000 50 50 50
0.168000 1.174000 1.694000 50 50 50
0.158000 1.284000 1.695000 50 50 50
0.170000 1.150000 1.700000 50 50 50
0.160000 1.267000 1.693000 50 50 50
0.174000 1.113000 1.692000 50 50 50
0.152000 1.367000 1.670000 50 50 50
0.171000 1.137000 1.699000 50 50 50
0.152000 1.355000 1.694000 50 50 50
0.172000 1.129000 1.705000 50 50 50
0.151000 1.366000 1.704000 50 50 50
0.165000 1.219000 1.659000 50 50 50
0.159000 1.270000 1.707000 50 50 50
0.151000 1.361000 1.697000 50 50 50
0.165000 1.202000 1.708000 50 50 50
0.156000 1.321000 1.668000 50 50 50
0.157000 1.292000 1.709000 50 50 50
0.163000 1.259000 1.617000 50 50 50
0.156000 1.314000 1.625000 50 50 50
0.143000 1.426000 1.668000 50 50 50
0.153000 1.336000 1.622000 50 50 50
0.155000 1.317000 1.619000 50 50 50
0.147000 1.395000 1.653000 50 50 50
0.161000 1.277000 1.626000 50 50 50
0.078000 1.197000 1.712000 50 50 50
0.082000 1.204000 1.707000 50 50 50
0.084000 1.218000 1.704000 50 50 50
0.061000 1.198000 1.731000 50 50 50
0.094000 1.262000 1.692000 50 50 50
0.078000 1.203000 1.712000 50 50 50
0.079000 1.188000 1.710000 50 50 50
0.072000 1.235000 1.718000 50 50 50
0.063000 1.276000 1.722000 50 50 50
0.079000 1.408000 1.687000 50 50 50
0.067000 1.366000 1.704000 50 50 50
0.066000 1.384000 1.701000 50 50 50
0.080000 1.361000 1.693000 50 50 50
0.072000 1.327000 1.706000 50 50 50
0.061000 1.255000 1.727000 50 50 50
0.080000 1.391000 1.688000 50 50 50
0.064000 1.320000 1.713000 50 50 50
0.090000 1.352000 1.686000 50 50 50
0.075000 1.330000 1.703000 50 50 50
0.092000 1.341000 1.686000 50 50 50
0.077000 1.392000 1.691000 50 50 50
0.085000 1.325000 1.695000 50 50 50
0.081000 1.160000 1.705000 50 50 50
0.076000 1.173000 1.713000 50 50 50
0.066000 1.172000 1.724000 50 50 50
0.116000 1.074000 1.713000 50 50 50
0.091000 1.159000 1.696000 50 50 50
0.112000 1.128000 1.703000 50 50 50
0.164000 1.068000 1.718000 50 50 50
0.096000 1.102000 1.706000 50 50 50
0.132000 1.085000 1.712000 50 50 50
0.150000 1.122000 1.711000 50 50 50
0.138000 1.372000 1.704000 50 50 50
0.167000 1.095000 1.717000 50 50 50
0.157000 1.158000 1.713000 50 50 50
0.116000 1.165000 1.699000 50 50 50
0.103000 1.180000 1.695000 50 50 50
0.148000 1.357000 1.707000 50 50 50
0.158000 1.196000 1.713000 50 50 50
0.100000 1.199000 1.694000 50 50 50
0.100000 1.197000 1.694000 50 50 50
0.153000 1.326000 1.709000 50 50 50
0.143000 1.135000 1.709000 50 50 50
0.146000 1.272000 1.708000 50 50 50
0.126000 1.198000 1.702000 50 50 50
0.133000 1.234000 1.704000 50 50 50
0.144000 1.113000 1.709000 50 50 50
0.106000 1.234000 1.697000 50 50 50
0.139000 1.364000 1.717000 50 50 50
0.123000 1.308000 1.705000 50 50 50
0.132000 1.343000 1.711000 50 50 50
0.136000 1.348000 1.716000 50 50 50
0.059000 0.869000 1.698000 50 50 50
0.062000 0.880000 1.688000 50 50 50
0.061000 0.866000 1.701000 50 50 50
0.076000 0.886000 1.675000 50 50 50
0.066000 0.825000 1.667000 50 50 50
0.066000 0.773000 1.669000 50 50 50
0.061000 0.841000 1.662000 50 50 50
0.069000 0.854000 1.668000 50 50 50
0.076000 0.818000 1.677000 50 50 50
0.067000 0.835000 1.668000 50 50 50
0.080000 0.851000 1.702000 50 50 50
0.100000 0.814000 1.699000 50 50 50
0.063000 0.838000 1.707000 50 50 50
0.094000 0.819000 1.701000 50 50 50
0.077000 0.815000 1.705000 50 50 50
0.089000 0.815000 1.702000 50 50 50
0.098000 0.807000 1.700000 50 50 50
0.062000 0.836000 1.707000 50 50 50
0.076000 0.797000 1.699000 50 50 50
0.066000 0.780000 1.686000 50 50 50
0.056000 0.782000 1.686000 50 50 50
