ply
format ascii 1.0
element vertex 24000
property float x
property float y
property float z
property uchar red
property uchar green
property uchar blue
end_header
1.884000 0.752000 2.194000 162 163 167
1.881000 0.640000 2.175000 162 162 160
1.880000 0.572000 2.180000 163 164 159
1.881000 0.632000 2.172000 163 162 157
1.883000 0.710000 2.186000 164 165 167
1.884000 0.765000 2.196000 162 163 167
1.880000 0.549000 2.187000 163 164 156
1.866000 0.920000 2.170000 174 174 186
1.864000 1.157000 2.194000 195 195 183
1.871000 1.050000 2.196000 194 191 186
1.872000 1.008000 2.192000 162 161 157
1.875000 0.705000 2.163000 166 166 166
1.875000 0.917000 2.189000 171 171 181
1.869000 0.942000 2.178000 171 171 181
1.879000 0.852000 2.191000 168 172 175
1.879000 0.680000 2.168000 164 164 164
1.867000 0.935000 2.172000 172 172 182
1.873000 0.723000 2.160000 166 166 166
1.877000 0.946000 2.195000 169 168 174
1.874000 0.814000 2.174000 168 170 169
1.873000 0.806000 2.171000 168 170 169
1.878000 0.744000 2.174000 164 168 169
1.874000 0.888000 2.185000 169 172 179
1.877000 0.737000 2.170000 165 166 168
1.870000 0.946000 2.181000 170 170 178
1.865000 1.086000 2.188000 196 193 184
1.873000 0.973000 2.190000 169 168 173
1.872000 0.762000 2.163000 161 170 169
1.879000 0.523000 2.167000 165 162 155
1.880000 0.537000 2.182000 164 165 159
1.840000 1.394000 2.111000 74 72 73
1.846000 1.394000 2.117000 85 81 82
1.953000 1.416000 1.936000 165 164 160
1.900000 1.405000 2.001000 149 141 128
1.934000 1.410000 2.105000 81 81 79
1.887000 1.402000 2.078000 68 61 55
1.880000 1.402000 1.962000 130 131 126
1.912000 1.407000 2.076000 220 213 194
1.918000 1.409000 1.931000 134 134 124
1.861000 1.398000 2.030000 105 95 93
1.904000 1.405000 2.109000 251 245 231
1.893000 1.405000 1.951000 131 131 129
1.904000 1.406000 1.988000 120 117 110
1.926000 1.409000 2.059000 141 137 126
1.936000 1.411000 2.089000 238 239 243
1.851000 1.396000 2.085000 70 65 59
1.934000 1.411000 2.090000 238 239 243
1.846000 1.395000 2.042000 96 96 94
1.842000 1.394000 2.112000 77 75 76
1.936000 1.411000 2.050000 113 110 105
1.880000 1.401000 2.088000 73 66 58
1.871000 1.400000 1.965000 130 131 126
1.907000 1.406000 2.015000 152 146 130
1.862000 1.398000 2.071000 74 67 59
1.943000 1.413000 1.976000 147 144 137
1.858000 1.398000 2.017000 100 95 91
1.917000 1.408000 2.086000 232 229 210
1.921000 1.409000 1.985000 160 155 149
1.937000 1.411000 2.084000 228 229 234
1.926000 1.409000 2.057000 149 147 135
1.879000 1.401000 2.067000 69 64 58
1.956000 1.415000 2.044000 208 208 206
1.937000 1.412000 2.025000 109 104 100
1.947000 1.414000 2.030000 184 181 176
1.845000 1.395000 2.081000 70 69 67
1.896000 1.404000 2.057000 141 134 124
1.869000 1.400000 1.952000 135 138 127
1.846000 1.394000 2.122000 94 89 93
1.883000 1.401000 2.080000 71 64 58
1.924000 1.410000 1.927000 145 145 133
1.846000 1.395000 2.051000 93 95 92
1.880000 0.501000 2.100000 170 169 164
1.880000 0.507000 2.122000 166 168 165
1.880000 0.496000 2.122000 168 167 162
1.879000 0.501000 2.173000 168 165 158
1.879000 0.494000 2.158000 167 164 157
1.879000 0.485000 2.162000 176 174 162
1.905000 0.531000 2.100000 80 78 65
1.901000 0.531000 2.091000 99 97 84
1.929000 0.536000 2.085000 187 186 192
1.954000 0.540000 2.088000 83 80 75
1.917000 0.534000 2.087000 161 160 156
1.913000 0.533000 2.085000 177 174 167
1.903000 0.531000 2.110000 56 53 44
1.909000 0.532000 2.089000 121 119 107
1.947000 0.539000 2.123000 52 52 44
1.883000 0.721000 2.155000 164 168 169
1.892000 0.760000 2.154000 170 171 173
1.887000 0.615000 2.148000 161 163 158
1.893000 0.777000 2.154000 177 178 180
1.882000 0.717000 2.155000 164 168 169
1.910000 0.741000 2.147000 53 50 45
1.914000 0.654000 2.141000 57 54 45
1.948000 0.599000 2.128000 61 58 49
1.895000 0.805000 2.155000 175 175 183
1.932000 0.726000 2.139000 57 54 45
1.911000 0.740000 2.147000 57 54 47
1.917000 0.654000 2.140000 57 54 47
1.916000 0.768000 2.147000 53 50 45
1.876000 0.630000 2.153000 161 162 157
1.882000 0.872000 2.162000 173 174 179
1.942000 0.664000 2.133000 95 93 78
1.917000 0.735000 2.144000 55 51 48
1.882000 0.535000 2.146000 164 163 159
1.932000 0.793000 2.142000 53 49 46
1.945000 0.738000 2.135000 90 88 75
1.907000 0.554000 2.139000 63 60 55
1.874000 0.674000 2.155000 165 165 163
1.877000 0.721000 2.157000 165 167 166
1.907000 0.921000 2.157000 44 44 44
1.884000 0.867000 2.161000 173 174 179
1.914000 0.924000 2.155000 45 44 40
1.943000 0.754000 2.137000 77 75 62
1.926000 0.537000 2.132000 56 53 46
1.876000 0.814000 2.162000 170 171 173
1.906000 0.740000 2.148000 55 54 49
1.880000 0.987000 2.169000 169 169 177
1.905000 0.769000 2.150000 54 53 49
1.885000 0.589000 2.148000 165 164 159
1.906000 0.566000 2.140000 66 61 57
1.951000 0.563000 2.125000 62 59 54
1.913000 0.613000 2.140000 62 59 50
1.902000 0.643000 2.145000 58 57 52
1.891000 0.944000 2.163000 170 173 182
1.957000 0.576000 2.124000 60 59 54
1.883000 0.576000 2.148000 163 162 157
1.924000 0.829000 2.147000 51 48 43
1.919000 0.715000 2.143000 55 52 47
1.903000 0.659000 2.145000 56 55 50
1.945000 0.673000 2.132000 115 113 98
1.893000 0.946000 2.163000 170 173 182
1.868000 0.957000 2.171000 170 170 182
1.908000 0.655000 2.144000 58 55 48
1.945000 0.614000 2.130000 116 114 99
1.951000 0.635000 2.129000 60 57 48
1.932000 0.824000 2.144000 50 47 40
1.880000 0.684000 2.154000 165 167 166
1.870000 1.036000 2.175000 160 160 168
1.892000 0.600000 2.146000 167 166 161
1.920000 0.880000 2.150000 47 46 42
1.929000 0.847000 2.146000 51 48 43
1.876000 1.020000 2.172000 159 162 171
1.903000 0.687000 2.147000 56 53 48
1.935000 0.690000 2.137000 69 67 55
1.903000 0.657000 2.145000 56 55 50
1.920000 1.121000 2.149000 43 42 37
1.906000 1.098000 2.158000 41 39 40
1.945000 1.312000 2.132000 59 56 47
1.922000 1.152000 2.147000 47 44 39
1.900000 1.073000 2.161000 163 162 167
1.903000 1.048000 2.160000 179 179 181
1.962000 1.256000 2.122000 53 50 43
1.921000 1.010000 2.150000 44 41 36
1.931000 0.923000 2.144000 48 45 40
1.949000 1.089000 2.132000 43 40 35
1.959000 0.788000 2.129000 56 52 49
1.914000 1.033000 2.154000 44 41 36
1.920000 1.217000 2.147000 49 46 41
1.936000 1.193000 2.139000 58 55 48
1.922000 0.927000 2.150000 46 43 38
1.938000 0.882000 2.141000 63 58 52
1.963000 1.208000 2.122000 51 48 41
1.959000 1.227000 2.124000 53 50 43
1.961000 0.793000 2.128000 57 53 50
1.959000 0.900000 2.128000 52 49 44
1.927000 1.002000 2.146000 44 41 36
1.943000 1.261000 2.133000 97 94 87
1.946000 1.012000 2.135000 111 108 103
1.938000 1.206000 2.137000 70 67 60
1.921000 1.019000 2.149000 43 40 35
1.949000 1.105000 2.132000 45 42 37
1.958000 1.290000 2.124000 54 51 42
1.929000 1.134000 2.143000 47 44 39
1.944000 1.107000 2.135000 100 97 92
1.960000 1.085000 2.125000 47 44 39
1.947000 1.087000 2.133000 81 78 73
1.880000 1.202000 2.172000 158 158 156
1.926000 1.180000 2.145000 47 44 37
1.955000 1.137000 2.128000 49 46 41
1.959000 1.287000 2.123000 53 50 41
1.918000 1.043000 2.151000 43 40 33
1.909000 1.129000 2.155000 44 43 41
1.921000 1.248000 2.147000 48 45 38
1.941000 0.933000 2.139000 66 63 58
1.865000 1.159000 2.182000 161 163 160
1.880000 1.086000 2.173000 161 156 162
1.875000 1.150000 2.175000 179 180 184
1.963000 1.175000 2.123000 49 46 41
1.882000 1.207000 2.171000 151 151 149
1.923000 1.214000 2.146000 46 43 36
1.941000 0.987000 2.138000 66 63 58
1.957000 0.793000 2.130000 57 53 50
1.951000 0.771000 2.134000 82 79 72
1.953000 1.078000 2.130000 48 45 40
1.951000 0.769000 2.134000 83 80 73
1.950000 1.122000 2.131000 47 44 39
1.943000 0.828000 2.138000 75 72 63
1.875000 1.162000 2.175000 166 168 180
1.953000 1.043000 2.130000 44 41 36
1.960000 0.773000 2.129000 57 53 50
1.949000 1.159000 2.131000 58 55 48
1.898000 1.008000 2.163000 169 169 177
1.953000 1.221000 2.128000 52 49 42
1.955000 1.140000 2.128000 47 44 39
1.945000 1.178000 2.133000 101 98 91
1.953000 1.247000 2.128000 53 50 43
1.959000 1.057000 2.126000 49 46 41
1.872000 1.218000 2.173000 156 156 156
1.887000 1.326000 2.144000 89 90 82
1.851000 1.282000 2.162000 162 162 154
1.935000 1.396000 2.117000 60 58 46
1.890000 1.363000 2.135000 61 61 51
1.850000 1.360000 2.144000 169 170 164
1.920000 1.289000 2.146000 52 49 42
1.904000 1.335000 2.138000 56 53 44
1.864000 1.323000 2.150000 167 168 163
1.899000 1.328000 2.141000 55 55 45
1.899000 1.335000 2.140000 54 54 44
1.922000 1.360000 2.129000 56 53 44
1.957000 1.414000 2.108000 56 56 48
1.877000 1.301000 2.152000 162 164 159
1.916000 1.335000 2.136000 54 51 42
1.855000 1.395000 2.135000 160 161 155
1.931000 1.311000 2.138000 64 61 52
1.909000 1.340000 2.136000 55 52 43
1.876000 1.290000 2.155000 161 163 160
1.874000 1.296000 2.154000 164 166 161
1.945000 1.383000 2.118000 60 58 46
1.853000 1.355000 2.144000 168 169 163
1.955000 1.407000 2.110000 62 60 48
1.902000 1.360000 2.133000 58 55 46
1.856000 1.303000 2.156000 164 165 159
1.884000 1.340000 2.142000 168 169 161
1.912000 1.278000 2.150000 54 51 44
1.961000 1.374000 2.117000 58 55 46
1.903000 1.367000 2.131000 58 55 46
1.858000 1.188000 2.185000 199 197 185
1.855000 1.330000 2.181000 198 199 183
1.855000 1.314000 2.181000 198 199 185
1.857000 1.248000 2.185000 195 195 185
1.850000 1.295000 2.160000 161 160 155
1.851000 1.295000 2.163000 166 166 158
1.851000 1.334000 2.166000 165 167 154
1.859000 1.226000 2.191000 191 193 180
1.861000 1.408000 2.189000 196 198 177
1.846000 1.392000 2.147000 172 171 166
1.857000 1.362000 2.186000 197 198 182
1.889000 1.406000 1.785000 118 116 104
1.893000 1.407000 1.739000 117 113 101
1.919000 1.410000 1.864000 212 214 200
1.900000 1.408000 1.735000 119 112 94
1.904000 1.407000 1.875000 229 228 224
1.897000 1.406000 1.845000 170 160 148
1.900000 1.409000 1.681000 103 97 75
1.908000 1.409000 1.821000 173 160 141
1.916000 1.411000 1.765000 143 140 121
1.937000 1.414000 1.822000 129 125 116
1.896000 1.406000 1.906000 167 169 155
1.913000 1.409000 1.846000 171 166 137
1.937000 1.413000 1.860000 128 123 120
1.894000 1.407000 1.732000 116 112 100
1.881000 1.403000 1.904000 181 178 173
1.893000 1.407000 1.735000 117 115 103
1.895000 1.407000 1.770000 125 123 108
1.896000 1.407000 1.754000 121 119 104
1.938000 1.413000 1.893000 155 157 135
1.934000 1.420000 1.622000 128 126 114
1.919000 1.413000 1.701000 108 104 79
1.958000 1.427000 1.621000 150 152 139
1.953000 1.422000 1.722000 149 146 137
1.928000 1.421000 1.557000 129 127 115
1.954000 1.418000 1.833000 158 159 153
1.906000 1.411000 1.639000 96 85 63
1.935000 1.422000 1.570000 140 137 128
1.959000 1.417000 1.897000 162 163 158
1.946000 1.429000 1.476000 149 151 140
1.956000 1.423000 1.710000 147 147 135
1.945000 1.420000 1.719000 144 140 129
1.954000 1.428000 1.517000 147 148 143
1.958000 1.426000 1.392000 153 154 148
1.950000 1.429000 1.481000 150 151 143
1.959000 1.428000 1.587000 152 149 140
1.963000 1.425000 1.386000 154 155 149
1.954000 1.428000 1.460000 151 152 146
1.964000 1.425000 1.381000 155 156 150
1.963000 1.424000 1.271000 155 156 151
1.956000 1.426000 1.312000 154 155 147
1.964000 1.427000 1.638000 151 151 139
1.884000 0.495000 0.145000 138 129 114
1.878000 0.485000 0.303000 155 143 117
1.876000 0.497000 0.326000 149 140 123
1.886000 0.494000 0.117000 143 134 119
1.885000 0.492000 0.143000 139 129 117
1.879000 0.493000 0.264000 148 141 113
1.885000 0.497000 0.122000 142 132 120
1.881000 0.491000 0.218000 151 140 122
1.879000 0.534000 0.247000 123 115 94
1.878000 0.529000 0.272000 119 113 91
1.884000 0.494000 0.164000 141 129 115
1.887000 0.516000 0.086000 120 115 95
1.883000 0.521000 0.162000 112 105 89
1.877000 0.485000 0.309000 151 141 116
1.877000 0.521000 0.290000 143 133 108
1.877000 0.525000 0.289000 125 118 92
1.881000 0.525000 0.206000 124 113 95
1.883000 0.518000 0.162000 124 117 101
1.876000 0.505000 0.335000 150 143 125
1.879000 0.482000 0.277000 155 146 117
1.881000 0.494000 0.216000 150 139 121
1.883000 0.506000 0.171000 139 129 117
1.877000 0.504000 0.315000 149 139 114
1.886000 0.492000 0.114000 139 132 116
1.875000 0.502000 0.347000 144 139 135
1.875000 0.490000 0.543000 164 158 142
1.873000 0.523000 0.564000 167 164 149
1.873000 0.500000 0.713000 170 173 156
1.873000 0.516000 0.623000 162 163 155
1.875000 0.520000 0.410000 152 150 137
1.872000 0.509000 0.786000 160 164 150
1.872000 0.505000 0.782000 163 167 153
1.874000 0.513000 0.469000 182 175 157
1.870000 0.511000 0.948000 167 172 152
1.872000 0.498000 0.791000 161 164 153
1.873000 0.515000 0.666000 172 174 153
1.875000 0.523000 0.401000 129 126 117
1.871000 0.501000 0.868000 163 166 145
1.872000 0.487000 0.821000 182 185 168
1.873000 0.487000 0.749000 193 192 172
1.875000 0.521000 0.415000 154 153 135
1.872000 0.486000 0.904000 191 194 177
1.872000 0.487000 0.842000 181 182 164
1.873000 0.515000 0.570000 170 170 160
1.872000 0.513000 0.751000 186 185 164
1.876000 0.498000 0.423000 169 163 149
1.871000 0.505000 0.936000 164 168 151
1.876000 0.488000 0.417000 167 161 145
1.869000 0.502000 1.098000 172 174 160
1.872000 0.489000 0.818000 179 181 167
1.872000 0.494000 0.802000 165 168 159
1.871000 0.502000 0.872000 164 166 144
1.876000 0.482000 0.433000 181 174 155
1.875000 0.505000 0.467000 175 168 152
1.871000 0.503000 0.912000 166 169 150
1.875000 0.499000 0.495000 166 160 146
1.874000 0.506000 0.548000 161 155 143
1.872000 0.495000 0.814000 164 166 152
1.874000 0.520000 0.473000 177 170 151
1.874000 0.490000 0.669000 173 174 160
1.876000 0.487000 0.476000 176 167 150
1.873000 0.519000 0.577000 162 163 158
1.872000 0.492000 0.825000 168 171 152
1.874000 0.504000 0.556000 160 156 145
1.873000 0.508000 0.692000 173 171 156
1.873000 0.512000 0.640000 163 165 151
1.869000 0.505000 1.072000 171 172 154
1.875000 0.503000 0.411000 161 157 145
1.874000 0.499000 0.598000 156 157 161
1.869000 0.501000 1.085000 171 173 159
1.876000 0.488000 0.426000 169 162 146
1.871000 0.500000 0.874000 168 170 148
1.873000 0.511000 0.637000 163 165 152
1.872000 0.498000 0.773000 169 171 157
1.874000 0.501000 0.547000 163 157 143
1.876000 0.483000 0.479000 180 173 154
1.875000 0.484000 0.610000 184 186 175
1.873000 0.503000 0.674000 174 173 155
1.869000 0.498000 1.107000 172 174 161
1.875000 0.520000 0.414000 155 153 138
1.875000 0.511000 1.704000 164 163 159
1.878000 0.489000 1.865000 181 178 171
1.877000 0.495000 1.811000 168 165 160
1.880000 0.490000 2.066000 181 178 169
1.876000 0.492000 1.745000 163 162 160
1.881000 0.486000 2.091000 174 174 164
1.878000 0.487000 1.911000 224 215 206
1.876000 0.495000 1.705000 164 163 159
1.876000 0.496000 1.752000 164 162 163
1.879000 0.488000 1.923000 210 207 202
1.872000 0.513000 1.505000 163 165 160
1.870000 0.508000 1.260000 172 172 170
1.873000 0.500000 1.531000 161 166 160
1.872000 0.489000 1.306000 190 189 184
1.875000 0.498000 1.668000 163 165 160
1.871000 0.489000 1.271000 190 190 188
1.876000 0.510000 1.789000 165 164 162
1.874000 0.511000 1.666000 163 164 159
1.879000 0.485000 1.979000 194 187 179
1.871000 0.484000 1.259000 196 196 194
1.874000 0.496000 1.566000 160 165 161
1.871000 0.484000 1.262000 196 196 194
1.877000 0.502000 1.894000 192 189 184
1.873000 0.497000 1.448000 164 169 165
1.871000 0.491000 1.307000 178 177 172
1.874000 0.516000 1.662000 161 162 157
1.874000 0.504000 1.632000 163 163 161
1.876000 0.493000 1.699000 164 163 159
1.875000 0.507000 1.700000 164 163 159
1.878000 0.509000 2.033000 192 187 183
1.878000 0.490000 1.862000 179 179 171
1.874000 0.495000 1.521000 163 166 159
1.876000 0.503000 1.776000 166 162 163
1.874000 0.511000 1.642000 164 164 162
1.876000 0.500000 1.731000 164 163 159
1.872000 0.498000 1.397000 166 171 164
1.873000 0.486000 1.446000 185 187 182
1.875000 0.512000 1.745000 163 162 160
1.871000 0.499000 1.343000 170 173 166
1.872000 0.492000 1.329000 177 179 168
1.872000 0.489000 1.338000 191 192 186
1.870000 0.504000 1.294000 170 173 166
1.931000 0.538000 0.725000 150 150 138
1.886000 0.531000 0.420000 141 136 116
1.915000 0.523000 1.087000 134 137 120
1.889000 0.522000 0.802000 126 129 110
1.885000 0.513000 1.103000 172 172 160
1.898000 0.523000 0.880000 118 121 104
1.897000 0.534000 0.482000 151 144 125
1.958000 0.538000 1.071000 117 118 102
1.953000 0.541000 0.911000 130 128 113
1.877000 0.517000 0.855000 170 172 151
1.947000 0.540000 0.856000 126 129 112
1.909000 0.523000 1.024000 115 114 93
1.870000 0.507000 1.120000 172 174 161
1.942000 0.534000 1.029000 139 143 128
1.898000 0.519000 1.040000 88 86 65
1.909000 0.520000 1.135000 129 129 119
1.874000 0.514000 0.933000 164 168 153
1.926000 0.532000 0.905000 179 182 165
1.902000 0.518000 1.106000 128 126 114
1.956000 0.537000 1.080000 123 121 108
1.928000 0.536000 0.785000 171 172 154
1.900000 0.534000 0.519000 146 140 124
1.917000 0.527000 0.959000 142 145 126
1.927000 0.527000 1.100000 174 176 163
1.929000 0.528000 1.084000 174 178 163
1.912000 0.523000 1.049000 125 124 104
1.927000 0.528000 1.053000 173 176 159
1.940000 0.536000 0.902000 131 132 118
1.898000 0.527000 0.747000 134 133 115
1.896000 0.519000 1.025000 74 69 50
1.940000 0.531000 1.117000 166 166 158
1.919000 0.526000 1.052000 150 153 134
1.946000 0.538000 0.915000 129 130 116
1.905000 0.520000 1.088000 127 128 114
1.893000 0.518000 0.995000 72 69 52
1.900000 0.517000 1.142000 126 127 119
1.923000 0.524000 1.135000 155 153 138
1.873000 0.511000 1.017000 169 171 158
1.899000 0.520000 0.996000 96 93 74
1.945000 0.535000 1.010000 117 119 105
1.928000 0.536000 0.755000 170 173 156
1.946000 0.537000 0.950000 135 132 113
1.925000 0.536000 0.721000 169 170 156
1.874000 0.525000 0.496000 150 144 128
1.898000 0.533000 0.491000 144 139 119
1.880000 0.510000 1.128000 175 177 163
1.954000 0.540000 0.943000 132 131 111
1.911000 0.533000 0.671000 182 181 161
1.923000 0.529000 0.951000 171 174 153
1.896000 0.527000 0.701000 140 142 121
1.914000 0.525000 0.992000 127 130 113
1.934000 0.531000 1.033000 167 171 154
1.878000 0.529000 0.419000 129 126 109
1.890000 0.523000 0.789000 127 129 115
1.879000 0.510000 1.138000 173 175 162
1.883000 0.522000 0.715000 158 161 140
1.908000 0.532000 0.682000 165 162 143
1.961000 0.539000 1.059000 119 120 104
1.874000 0.509000 1.107000 172 174 160
1.937000 0.540000 0.741000 125 126 108
1.877000 0.511000 1.089000 170 172 158
1.882000 0.519000 0.825000 154 155 137
1.932000 0.535000 0.870000 164 167 150
1.884000 0.531000 0.397000 128 124 113
1.894000 0.526000 0.738000 140 139 118
1.886000 0.522000 0.760000 129 130 114
1.880000 0.512000 1.283000 173 172 167
1.908000 0.526000 1.530000 119 122 103
1.949000 0.538000 1.426000 114 117 108
1.896000 0.519000 1.350000 119 126 119
1.892000 0.528000 1.938000 143 141 128
1.874000 0.512000 1.394000 166 171 165
1.933000 0.533000 1.459000 154 159 153
1.892000 0.516000 1.280000 150 151 145
1.880000 0.516000 1.495000 164 166 161
1.894000 0.517000 1.313000 127 129 124
1.885000 0.518000 1.521000 161 163 158
1.898000 0.527000 1.776000 119 115 106
1.892000 0.527000 1.948000 130 128 115
1.884000 0.519000 1.612000 146 148 145
1.942000 0.535000 1.393000 124 130 126
1.961000 0.541000 1.359000 118 121 110
1.958000 0.538000 1.258000 125 124 120
1.912000 0.526000 1.451000 121 125 111
1.883000 0.514000 1.355000 166 172 168
1.905000 0.522000 1.342000 124 125 119
1.920000 0.531000 1.621000 173 174 168
1.963000 0.543000 1.446000 112 113 105
1.932000 0.536000 1.677000 134 135 130
1.877000 0.520000 1.784000 164 164 164
1.896000 0.518000 1.310000 120 125 118
1.876000 0.517000 1.618000 161 163 160
1.888000 0.519000 1.526000 143 145 140
1.946000 0.539000 1.530000 108 109 101
1.900000 0.522000 1.452000 118 120 106
1.954000 0.535000 1.150000 125 125 117
1.886000 0.520000 1.601000 145 147 144
1.891000 0.522000 1.662000 108 109 103
1.929000 0.532000 1.461000 161 166 160
1.880000 0.520000 1.724000 164 163 161
1.886000 0.514000 1.270000 171 172 166
1.939000 0.537000 1.581000 108 109 101
1.929000 0.535000 1.644000 165 167 166
1.883000 0.523000 1.891000 140 141 133
1.913000 0.532000 1.822000 173 172 170
1.907000 0.527000 1.632000 120 121 107
1.880000 0.517000 1.553000 159 164 160
1.872000 0.508000 1.221000 176 172 169
1.942000 0.535000 1.407000 114 119 112
1.892000 0.515000 1.176000 153 150 143
1.952000 0.537000 1.289000 122 125 116
1.913000 0.529000 1.620000 134 136 123
1.923000 0.530000 1.459000 170 173 166
1.955000 0.539000 1.349000 119 122 111
1.912000 0.529000 1.661000 135 137 126
1.883000 0.519000 1.641000 163 163 161
1.885000 0.513000 1.254000 171 173 170
1.885000 0.521000 1.724000 118 117 115
1.898000 0.524000 1.633000 113 113 103
1.876000 0.512000 1.357000 167 172 168
1.947000 0.536000 1.379000 118 121 114
1.884000 0.521000 1.734000 147 145 146
1.933000 0.529000 1.189000 174 173 171
1.901000 0.524000 1.565000 112 114 103
1.933000 0.529000 1.216000 174 173 169
1.949000 0.540000 1.546000 108 109 101
1.938000 0.537000 1.567000 112 118 108
1.955000 0.537000 1.224000 127 125 126
1.891000 0.520000 1.521000 110 112 107
1.878000 0.514000 1.446000 163 168 164
1.919000 0.527000 1.381000 140 144 130
1.904000 0.525000 1.583000 114 114 102
1.879000 0.522000 1.902000 171 171 163
1.959000 0.539000 1.304000 122 123 115
1.900000 0.528000 1.816000 120 116 107
1.959000 0.539000 1.259000 126 125 121
1.912000 0.521000 1.173000 139 135 124
1.913000 0.530000 1.687000 142 142 132
1.919000 0.527000 1.404000 136 139 128
1.940000 0.531000 1.207000 166 168 165
1.901000 0.524000 1.556000 112 114 103
1.891000 0.520000 1.505000 116 118 113
1.939000 0.533000 1.305000 154 157 148
1.905000 0.521000 1.311000 126 127 121
1.878000 0.511000 1.240000 174 173 169
1.950000 0.538000 1.396000 115 120 113
1.906000 0.521000 1.251000 127 127 125
1.951000 0.537000 1.306000 122 124 119
1.912000 0.525000 1.382000 127 131 117
1.943000 0.537000 1.454000 112 111 106
1.896000 0.519000 1.364000 119 124 117
1.918000 0.532000 1.712000 175 175 173
1.932000 0.529000 1.233000 173 174 169
1.948000 0.536000 1.308000 121 126 122
1.877000 0.519000 1.710000 167 166 162
1.931000 0.542000 0.623000 136 134 113
1.888000 0.538000 0.287000 132 125 99
1.896000 0.545000 0.179000 147 135 119
1.914000 0.546000 0.343000 138 134 122
1.900000 0.542000 0.301000 150 144 122
1.943000 0.544000 0.688000 128 130 108
1.899000 0.538000 0.377000 167 161 147
1.952000 0.543000 0.802000 126 127 109
1.944000 0.547000 0.629000 136 129 111
1.917000 0.548000 0.321000 128 121 103
1.913000 0.536000 0.574000 162 162 152
1.899000 0.539000 0.359000 143 140 131
1.944000 0.551000 0.538000 130 125 106
1.899000 0.541000 0.319000 148 141 131
1.940000 0.546000 0.611000 134 132 111
1.888000 0.540000 0.223000 131 125 103
1.889000 0.544000 0.150000 140 131 114
1.931000 0.549000 0.445000 132 124 101
1.925000 0.547000 0.442000 132 126 102
1.928000 0.541000 0.605000 136 133 114
1.958000 0.544000 0.848000 121 122 106
1.936000 0.546000 0.569000 131 129 106
1.905000 0.549000 0.169000 135 122 103
1.929000 0.540000 0.649000 160 157 142
1.910000 0.549000 0.240000 128 116 90
1.937000 0.548000 0.531000 128 127 106
1.957000 0.550000 0.675000 130 129 108
1.883000 0.540000 0.172000 123 116 100
1.903000 0.536000 0.483000 168 160 141
1.909000 0.545000 0.332000 142 137 134
1.933000 0.547000 0.525000 128 130 109
1.886000 0.535000 0.339000 120 116 105
1.892000 0.540000 0.259000 141 130 108
1.935000 0.540000 0.706000 128 127 109
1.950000 0.549000 0.645000 134 127 108
1.880000 0.532000 0.357000 113 109 100
1.886000 0.532000 0.396000 135 131 119
1.882000 0.531000 0.387000 112 109 100
1.894000 0.548000 0.098000 134 126 107
1.920000 0.547000 0.376000 137 130 104
1.944000 0.547000 0.622000 137 132 112
1.939000 0.546000 0.593000 133 133 109
1.919000 0.534000 1.963000 213 212 217
1.920000 0.534000 1.971000 197 196 201
1.911000 0.533000 2.013000 198 194 195
1.946000 0.540000 1.642000 104 103 98
1.958000 0.542000 1.772000 142 141 136
1.957000 0.542000 1.686000 128 125 120
1.956000 0.542000 1.522000 109 110 102
1.899000 0.530000 2.074000 120 118 105
1.949000 0.540000 1.879000 109 106 101
1.925000 0.535000 1.982000 198 198 200
1.956000 0.541000 2.000000 138 129 130
1.957000 0.542000 1.733000 136 133 126
1.953000 0.540000 1.951000 138 135 128
1.945000 0.539000 1.816000 112 108 107
1.929000 0.536000 1.791000 170 170 172
1.945000 0.540000 1.675000 126 126 118
1.949000 0.540000 1.801000 110 106 105
1.908000 0.532000 1.984000 148 147 142
1.920000 0.535000 1.926000 193 191 196
1.956000 0.542000 1.639000 126 123 118
1.935000 0.538000 1.732000 116 116 114
1.952000 0.541000 1.652000 125 122 117
1.963000 0.543000 1.554000 135 137 126
1.922000 0.535000 1.825000 168 167 172
1.954000 0.541000 1.642000 130 127 122
1.961000 0.542000 1.960000 137 136 134
1.919000 0.534000 1.902000 195 193 194
1.892000 0.529000 2.034000 126 124 109
1.918000 0.534000 1.877000 187 186 191
1.958000 0.542000 1.760000 141 140 135
1.942000 0.538000 1.952000 118 117 112
1.952000 0.541000 1.805000 113 109 108
1.932000 0.536000 2.061000 145 145 143
1.951000 0.540000 1.806000 113 109 108
1.963000 0.543000 1.484000 110 112 99
1.930000 0.536000 1.915000 192 193 188
1.924000 0.535000 1.932000 192 192 194
1.929000 0.536000 1.932000 196 196 198
1.941000 0.538000 2.080000 94 94 92
1.946000 0.548000 0.428000 133 125 104
1.956000 0.545000 0.330000 121 113 90
1.950000 0.544000 0.207000 123 112 90
1.952000 0.545000 0.279000 123 110 91
1.959000 0.545000 0.336000 121 115 93
1.954000 0.543000 0.171000 118 112 88
1.953000 0.547000 0.436000 129 121 100
1.934000 0.550000 0.433000 132 124 101
1.949000 0.545000 0.255000 118 110 91
1.927000 0.545000 0.069000 124 112 88
1.952000 0.546000 0.323000 121 113 92
1.927000 0.547000 0.216000 115 107 84
1.896000 0.550000 0.072000 131 118 101
1.951000 0.545000 0.260000 118 107 87
1.928000 0.548000 0.252000 118 110 87
1.925000 0.546000 0.140000 126 115 95
1.919000 0.547000 0.119000 127 115 91
1.962000 0.547000 0.493000 126 119 101
1.946000 0.550000 0.511000 126 121 101
1.936000 0.544000 0.089000 123 112 84
1.929000 0.548000 0.290000 122 114 91
1.916000 0.548000 0.150000 132 121 101
1.957000 0.542000 0.153000 122 111 89
1.941000 0.543000 0.093000 122 111 83
1.962000 0.549000 0.627000 132 130 107
1.916000 0.549000 0.219000 121 109 85
1.918000 0.549000 0.247000 123 111 87
1.936000 0.544000 0.110000 125 113 87
1.929000 0.548000 0.269000 121 111 86
1.959000 0.545000 0.321000 121 115 93
1.941000 0.549000 0.416000 131 125 103
1.943000 0.547000 0.350000 118 116 93
1.947000 0.542000 0.098000 122 111 83
1.960000 0.545000 0.353000 121 113 92
1.950000 0.547000 0.403000 127 121 99
1.957000 0.544000 0.280000 124 111 92
1.957000 0.544000 0.287000 123 112 90
0.969000 1.590000 1.990000 165 161 158
1.071000 1.568000 2.073000 174 179 185
1.003000 1.583000 2.027000 168 171 176
1.054000 1.572000 2.070000 173 176 181
1.017000 1.580000 2.053000 171 173 172
1.039000 1.576000 2.086000 172 177 181
1.044000 1.574000 1.987000 179 180 182
0.994000 1.585000 2.039000 167 171 174
1.061000 1.570000 2.012000 176 179 184
0.984000 1.587000 1.986000 174 174 176
0.988000 1.586000 2.017000 171 172 176
0.963000 1.592000 2.044000 176 171 165
1.080000 1.567000 2.097000 173 180 188
1.002000 1.583000 2.043000 169 173 176
1.028000 1.577000 1.986000 177 178 180
1.020000 1.579000 1.965000 179 180 184
1.085000 1.566000 2.115000 176 181 187
0.981000 1.587000 1.982000 170 170 172
1.063000 1.571000 1.962000 182 183 187
1.051000 1.572000 1.942000 181 182 186
1.398000 1.493000 2.059000 150 150 158
1.160000 1.549000 2.008000 181 184 189
1.099000 1.563000 2.121000 177 182 186
1.283000 1.520000 1.972000 165 170 166
1.242000 1.530000 1.934000 170 174 175
1.248000 1.528000 1.967000 172 173 175
1.248000 1.528000 1.948000 168 172 175
1.173000 1.546000 2.076000 180 185 191
1.256000 1.526000 2.124000 181 185 184
1.376000 1.498000 1.949000 153 156 163
1.302000 1.515000 2.141000 173 166 150
1.105000 1.562000 2.040000 179 182 189
1.179000 1.544000 2.008000 180 183 188
1.217000 1.535000 2.032000 177 182 186
1.340000 1.507000 1.938000 155 158 163
1.311000 1.513000 2.005000 160 162 161
1.401000 1.492000 2.033000 152 153 158
1.276000 1.522000 2.122000 176 178 177
1.240000 1.530000 2.073000 175 180 184
1.184000 1.543000 1.993000 179 184 187
1.094000 1.564000 2.017000 180 183 188
1.124000 1.557000 1.964000 182 185 190
1.274000 1.522000 2.020000 167 171 170
1.184000 1.543000 1.965000 179 183 186
1.224000 1.534000 1.973000 174 180 180
1.204000 1.539000 1.964000 177 181 182
1.352000 1.504000 2.057000 156 157 161
1.464000 1.478000 2.119000 148 145 154
1.274000 1.522000 2.092000 172 177 180
1.272000 1.523000 2.016000 167 171 170
1.376000 1.498000 2.107000 151 150 155
1.234000 1.532000 2.001000 173 179 179
1.142000 1.553000 2.052000 179 182 189
1.269000 1.523000 1.966000 166 170 169
1.101000 1.563000 2.053000 178 181 188
1.287000 1.519000 2.090000 167 173 173
1.321000 1.511000 2.111000 159 161 160
1.358000 1.502000 1.952000 154 157 162
1.369000 1.500000 2.118000 151 150 155
1.312000 1.513000 2.127000 165 164 159
1.257000 1.526000 2.129000 172 173 167
1.405000 1.491000 2.009000 153 152 158
1.380000 1.497000 2.073000 152 153 158
1.094000 1.564000 2.015000 180 183 188
1.166000 1.547000 1.981000 178 183 189
1.158000 1.549000 1.999000 181 184 189
1.116000 1.559000 2.085000 179 183 192
1.438000 1.484000 2.094000 148 148 156
1.367000 1.500000 2.017000 153 154 158
1.144000 1.553000 2.073000 178 181 190
1.296000 1.517000 2.120000 171 172 167
1.149000 1.551000 1.984000 181 184 189
1.373000 1.499000 2.064000 152 153 157
1.361000 1.502000 1.955000 154 157 162
1.245000 1.529000 2.080000 175 180 184
1.236000 1.531000 2.130000 171 172 166
1.334000 1.508000 2.013000 155 159 158
1.401000 1.492000 2.035000 152 153 158
1.312000 1.513000 2.025000 161 165 164
1.421000 1.488000 2.082000 149 149 157
1.185000 1.543000 2.129000 172 172 170
1.354000 1.503000 2.032000 154 158 159
1.166000 1.547000 2.041000 181 184 191
1.340000 1.507000 1.951000 153 158 162
1.405000 1.491000 2.136000 160 158 145
1.199000 1.539000 2.111000 177 184 194
1.395000 1.494000 2.115000 149 150 155
1.404000 1.492000 2.098000 148 148 156
1.307000 1.514000 2.139000 173 167 153
1.242000 1.530000 2.011000 172 177 180
1.139000 1.554000 2.005000 181 184 189
1.278000 1.521000 1.998000 166 170 171
1.080000 1.567000 1.930000 184 185 189
1.145000 1.552000 1.966000 181 184 189
1.237000 1.531000 2.000000 172 178 178
1.115000 1.559000 1.973000 182 185 190
1.162000 1.548000 2.001000 181 185 188
1.124000 1.557000 2.054000 179 182 189
1.178000 1.544000 2.070000 180 185 191
1.150000 1.551000 2.010000 180 183 188
1.211000 1.537000 2.019000 177 180 185
1.348000 1.505000 2.058000 157 158 162
1.274000 1.522000 2.109000 171 176 182
1.427000 1.486000 2.090000 148 148 156
1.265000 1.524000 2.135000 166 164 152
1.376000 1.498000 2.090000 150 151 156
1.153000 1.550000 2.092000 180 184 193
1.125000 1.557000 2.116000 177 184 192
1.210000 1.537000 2.143000 166 163 148
1.165000 1.548000 1.964000 181 185 188
1.224000 1.534000 1.971000 174 180 180
1.147000 1.552000 2.020000 180 183 188
1.110000 1.560000 2.065000 179 182 187
1.254000 1.527000 2.110000 174 177 182
1.126000 1.557000 1.989000 181 184 189
1.098000 1.563000 2.060000 178 181 186
1.468000 1.477000 2.081000 147 148 153
1.464000 1.477000 2.049000 149 150 155
1.415000 1.489000 1.968000 153 153 161
1.491000 1.471000 2.128000 140 137 128
1.377000 1.498000 1.942000 153 156 163
1.429000 1.486000 2.003000 152 151 156
1.410000 1.490000 1.960000 154 154 162
1.438000 1.484000 1.981000 152 153 158
1.389000 1.495000 1.950000 153 156 163
1.463000 1.478000 2.075000 148 149 154
1.423000 1.487000 1.987000 155 154 160
1.482000 1.473000 2.096000 146 147 151
1.424000 1.487000 1.941000 154 155 160
1.621000 1.426000 2.032000 156 156 158
1.589000 1.434000 2.111000 148 148 148
1.587000 1.440000 2.017000 157 156 161
1.557000 1.451000 2.039000 154 153 159
1.570000 1.444000 2.068000 149 153 154
1.572000 1.442000 2.098000 150 150 152
1.583000 1.438000 2.096000 148 152 153
1.623000 1.421000 2.098000 143 144 146
1.571000 1.442000 2.102000 150 150 152
1.518000 1.462000 2.117000 146 145 150
1.620000 1.422000 2.102000 150 146 145
1.578000 1.445000 1.998000 157 156 161
1.605000 1.427000 2.130000 188 180 167
1.593000 1.439000 1.996000 158 157 162
1.610000 1.436000 1.934000 167 167 169
1.529000 1.462000 2.051000 150 154 157
1.642000 1.420000 1.995000 162 162 162
1.626000 1.423000 2.047000 154 155 157
1.579000 1.446000 1.972000 160 159 165
1.559000 1.448000 2.088000 150 151 155
1.520000 1.461000 2.125000 153 153 145
1.520000 1.463000 2.095000 147 148 153
1.621000 1.428000 1.997000 159 159 161
1.551000 1.455000 2.014000 156 155 161
1.516000 1.463000 2.114000 146 145 151
1.646000 1.421000 1.954000 167 167 169
1.603000 1.431000 2.076000 149 150 152
1.500000 1.469000 2.113000 145 145 153
1.514000 1.465000 1.957000 157 158 162
1.526000 1.463000 2.025000 152 152 160
1.508000 1.467000 1.953000 156 157 161
1.518000 1.465000 2.012000 152 153 158
1.539000 1.460000 1.940000 159 159 167
1.494000 1.470000 2.034000 151 151 159
1.499000 1.469000 2.021000 152 153 158
1.817000 1.396000 1.935000 166 165 161
1.726000 1.408000 2.000000 164 164 164
1.738000 1.407000 2.125000 189 190 176
1.797000 1.399000 2.022000 166 166 164
1.793000 1.399000 1.960000 165 167 162
1.749000 1.405000 2.097000 154 155 150
1.762000 1.404000 2.106000 154 155 150
1.705000 1.410000 2.007000 163 165 162
1.680000 1.414000 2.105000 140 139 134
1.779000 1.401000 1.939000 167 169 166
1.764000 1.403000 1.986000 168 169 164
1.678000 1.414000 2.010000 162 162 160
1.760000 1.404000 2.034000 161 161 159
1.684000 1.413000 2.139000 196 189 170
1.645000 1.418000 2.050000 157 157 157
1.683000 1.413000 2.005000 164 164 162
1.661000 1.416000 2.115000 202 200 185
1.630000 1.420000 2.116000 74 71 62
1.814000 1.397000 2.125000 160 162 149
1.695000 1.412000 2.047000 156 155 153
1.697000 1.411000 2.013000 162 162 160
1.817000 1.397000 2.032000 163 164 159
1.781000 1.401000 2.051000 161 162 157
1.673000 1.414000 1.987000 165 165 165
1.811000 1.397000 2.069000 160 160 158
1.728000 1.408000 2.108000 152 153 148
1.775000 1.402000 1.974000 166 168 163
1.646000 1.418000 2.069000 154 154 154
1.779000 1.401000 2.030000 162 162 160
1.736000 1.407000 2.120000 150 150 140
1.723000 1.408000 2.081000 152 153 148
1.751000 1.405000 2.067000 157 157 155
1.778000 1.401000 2.073000 158 159 154
1.771000 1.402000 2.078000 158 159 153
1.729000 1.407000 2.000000 165 165 165
1.758000 1.404000 1.971000 168 168 166
1.811000 1.397000 2.017000 164 165 160
1.822000 1.396000 1.953000 168 167 163
1.670000 1.415000 2.093000 140 140 138
1.733000 1.407000 1.979000 169 170 165
1.787000 1.400000 1.990000 165 167 164
1.719000 1.409000 2.015000 160 162 159
1.774000 1.402000 2.083000 158 159 153
1.752000 1.405000 2.078000 155 156 151
1.785000 1.400000 1.941000 166 168 165
1.743000 1.406000 1.975000 169 170 165
1.709000 1.410000 1.955000 171 169 170
1.826000 1.395000 2.046000 158 158 156
1.776000 1.402000 1.984000 166 166 164
1.748000 1.405000 2.067000 157 157 155
1.745000 1.405000 1.946000 170 170 170
1.728000 1.408000 2.120000 146 146 136
1.829000 1.395000 2.096000 160 160 160
1.842000 1.395000 2.031000 98 96 97
1.110000 1.554000 0.991000 143 151 128
0.991000 1.580000 0.989000 134 138 123
1.062000 1.564000 0.934000 92 91 71
1.205000 1.533000 1.014000 144 152 129
1.120000 1.551000 0.979000 148 154 128
1.201000 1.534000 1.000000 142 150 127
1.146000 1.546000 1.024000 149 156 125
1.093000 1.557000 0.923000 142 146 129
1.159000 1.543000 0.975000 146 151 128
1.067000 1.563000 0.992000 148 151 132
1.145000 1.546000 0.969000 149 154 131
1.106000 1.555000 0.977000 146 151 129
1.035000 1.570000 0.976000 132 129 112
0.994000 1.579000 0.968000 138 139 131
1.073000 1.562000 0.978000 145 148 129
1.062000 1.564000 0.935000 85 84 64
1.156000 1.543000 0.982000 147 153 127
1.082000 1.559000 0.925000 140 144 129
1.067000 1.563000 0.977000 146 149 130
1.161000 1.543000 1.004000 145 154 125
1.016000 1.574000 0.990000 153 155 142
1.060000 1.564000 0.949000 105 102 83
1.119000 1.552000 0.984000 145 153 129
1.068000 1.563000 0.972000 139 140 122
1.094000 1.557000 0.938000 144 149 129
1.146000 1.546000 1.002000 145 153 129
1.165000 1.542000 0.976000 147 152 129
1.119000 1.552000 1.010000 145 153 130
0.974000 1.583000 0.968000 134 136 115
1.044000 1.570000 0.882000 74 77 60
1.009000 1.583000 0.782000 143 146 139
1.033000 1.572000 0.893000 210 211 205
1.034000 1.574000 0.853000 134 137 126
1.047000 1.569000 0.891000 137 139 126
1.066000 1.563000 0.915000 129 135 123
0.986000 1.588000 0.801000 141 144 133
0.958000 1.587000 0.966000 163 159 134
1.029000 1.574000 0.882000 76 78 64
0.967000 1.589000 0.889000 146 145 124
1.068000 1.563000 0.902000 178 185 177
0.965000 1.585000 0.972000 154 153 123
1.063000 1.565000 0.885000 103 105 92
0.992000 1.581000 0.921000 137 139 128
1.009000 1.581000 0.833000 141 143 140
0.990000 1.589000 0.757000 140 143 132
0.993000 1.588000 0.758000 138 141 130
0.971000 1.589000 0.864000 136 137 121
1.016000 1.580000 0.807000 142 146 132
0.993000 1.589000 0.750000 138 144 134
0.992000 1.581000 0.917000 136 138 127
0.969000 1.592000 0.817000 138 140 126
0.985000 1.581000 0.956000 131 133 122
0.991000 1.587000 0.808000 140 146 136
0.999000 1.580000 0.907000 212 212 202
0.961000 1.590000 0.895000 159 155 128
0.956000 1.588000 0.967000 162 158 133
0.956000 1.596000 0.124000 159 156 147
0.996000 1.592000 0.060000 158 152 138
1.066000 1.576000 0.073000 153 149 137
1.026000 1.584000 0.081000 155 149 135
1.027000 1.584000 0.076000 154 148 132
0.962000 1.591000 0.173000 162 159 150
0.998000 1.588000 0.110000 143 140 133
0.989000 1.590000 0.115000 145 142 135
1.045000 1.578000 0.105000 154 146 133
1.014000 1.582000 0.144000 144 143 138
0.998000 1.588000 0.115000 139 139 131
0.973000 1.594000 0.104000 143 143 135
0.961000 1.590000 1.797000 184 183 188
0.981000 1.585000 1.727000 143 144 146
1.003000 1.582000 1.911000 180 180 182
0.992000 1.584000 1.892000 177 178 182
1.029000 1.576000 1.918000 181 182 186
1.020000 1.578000 1.864000 178 176 177
0.966000 1.590000 1.933000 173 173 171
0.996000 1.584000 1.926000 179 179 181
0.980000 1.587000 1.858000 176 177 181
1.004000 1.581000 1.842000 176 177 179
0.974000 1.588000 1.862000 173 174 176
0.987000 1.586000 1.943000 176 178 177
1.013000 1.579000 1.862000 178 180 175
0.984000 1.586000 1.919000 177 177 179
1.001000 1.582000 1.818000 173 173 181
0.972000 1.587000 1.734000 142 143 145
0.963000 1.590000 1.855000 181 183 182
0.975000 1.588000 1.879000 174 175 177
1.014000 1.579000 1.848000 177 179 176
0.962000 1.590000 1.778000 175 176 180
0.972000 1.587000 1.658000 138 142 141
1.199000 1.544000 0.109000 149 142 116
1.075000 1.569000 0.146000 144 141 132
1.281000 1.517000 0.232000 146 141 121
1.178000 1.549000 0.112000 149 142 116
1.227000 1.538000 0.111000 146 138 115
1.094000 1.566000 0.132000 155 149 133
1.154000 1.550000 0.165000 158 152 136
1.242000 1.531000 0.166000 145 140 121
1.147000 1.557000 0.096000 165 157 134
1.215000 1.539000 0.131000 148 140 117
1.276000 1.523000 0.164000 146 141 121
1.252000 1.529000 0.160000 146 141 119
1.200000 1.539000 0.171000 142 140 119
1.295000 1.516000 0.212000 145 140 120
1.087000 1.560000 0.222000 148 145 136
1.148000 1.551000 0.163000 158 152 136
1.168000 1.542000 0.227000 151 148 141
1.235000 1.530000 0.190000 145 140 120
1.250000 1.531000 0.140000 147 141 119
1.086000 1.571000 0.079000 156 150 138
1.108000 1.559000 0.182000 147 143 134
1.178000 1.552000 0.066000 144 136 115
1.161000 1.552000 0.122000 145 140 120
1.040000 1.574000 0.181000 146 143 138
1.017000 1.577000 0.206000 139 136 129
1.207000 1.541000 0.137000 146 140 118
1.158000 1.552000 0.133000 159 154 135
1.179000 1.551000 0.084000 151 143 120
1.307000 1.517000 0.166000 147 142 120
1.068000 1.569000 0.159000 146 143 136
1.400000 1.489000 0.258000 148 143 124
0.999000 1.581000 0.205000 144 141 134
1.107000 1.566000 0.093000 154 151 136
1.149000 1.555000 0.111000 158 153 134
1.119000 1.558000 0.161000 152 146 132
1.319000 1.514000 0.171000 148 142 120
1.267000 1.528000 0.130000 148 142 120
1.122000 1.561000 0.111000 155 151 140
1.168000 1.546000 0.178000 160 153 137
1.071000 1.568000 0.168000 148 145 138
1.140000 1.560000 0.065000 159 147 125
1.026000 1.579000 0.157000 143 143 135
1.100000 1.559000 0.209000 148 145 136
0.967000 1.588000 0.207000 152 150 138
1.164000 1.553000 0.093000 151 141 114
1.367000 1.498000 0.233000 147 142 122
1.067000 1.570000 0.153000 146 143 136
1.138000 1.553000 0.173000 156 150 138
1.309000 1.514000 0.192000 148 141 122
1.083000 1.571000 0.090000 156 148 135
1.243000 1.528000 0.201000 145 140 120
1.355000 1.503000 0.202000 149 143 121
1.080000 1.569000 0.120000 154 151 136
1.252000 1.528000 0.174000 145 140 120
1.071000 1.566000 0.191000 146 146 138
1.219000 1.533000 0.210000 144 139 119
0.994000 1.581000 0.215000 144 141 134
1.118000 1.559000 0.152000 156 150 134
1.364000 1.499000 0.236000 148 143 123
1.147000 1.551000 0.178000 156 150 138
1.141000 1.553000 0.164000 157 151 137
1.152000 1.551000 0.163000 157 151 135
1.150000 1.553000 0.143000 156 150 138
1.070000 1.566000 0.197000 146 146 138
1.014000 1.577000 0.207000 145 142 135
1.147000 1.551000 0.167000 159 153 139
1.016000 1.577000 0.208000 146 143 136
1.192000 1.549000 0.059000 147 140 121
1.151000 1.555000 0.098000 148 140 117
1.144000 1.554000 0.136000 156 150 138
1.178000 1.545000 0.154000 145 138 119
1.202000 1.537000 0.202000 145 140 120
1.160000 1.554000 0.099000 150 140 113
1.080000 1.567000 0.148000 144 141 132
1.073000 1.573000 0.089000 155 147 134
1.176000 1.550000 0.102000 150 143 117
1.042000 1.572000 0.806000 139 142 131
1.017000 1.580000 0.755000 143 146 135
1.036000 1.574000 0.805000 140 143 132
1.002000 1.578000 0.623000 143 145 134
1.069000 1.563000 0.874000 134 136 122
0.978000 1.589000 0.619000 144 144 132
1.065000 1.564000 0.848000 130 138 123
0.989000 1.583000 0.591000 141 143 130
0.997000 1.580000 0.611000 141 145 131
1.023000 1.573000 0.691000 141 149 138
0.986000 1.589000 0.675000 141 145 131
1.011000 1.579000 0.692000 138 146 133
0.988000 1.588000 0.666000 143 146 135
1.070000 1.563000 0.879000 106 107 93
0.986000 1.591000 0.700000 144 148 134
1.023000 1.578000 0.771000 143 146 137
1.133000 1.553000 1.160000 147 149 135
1.213000 1.533000 1.076000 143 152 125
1.021000 1.573000 0.998000 142 146 131
1.008000 1.583000 1.235000 142 143 138
0.989000 1.587000 1.219000 142 142 142
1.141000 1.551000 1.149000 146 150 133
1.076000 1.564000 1.099000 144 145 127
1.144000 1.548000 1.087000 145 150 130
1.093000 1.560000 1.099000 144 147 126
1.258000 1.523000 1.071000 142 151 124
0.979000 1.585000 1.072000 138 139 125
1.133000 1.551000 1.084000 145 148 129
0.978000 1.586000 1.116000 140 138 126
0.956000 1.587000 0.984000 161 157 132
1.102000 1.559000 1.141000 144 147 130
1.039000 1.573000 1.111000 141 143 129
1.060000 1.568000 1.136000 141 143 130
1.056000 1.572000 1.217000 145 146 140
1.150000 1.547000 1.072000 145 150 130
1.020000 1.576000 1.092000 144 144 120
1.110000 1.555000 1.059000 144 147 126
1.207000 1.534000 1.077000 142 151 124
0.973000 1.589000 1.181000 140 141 133
1.010000 1.579000 1.110000 138 140 127
1.124000 1.553000 1.078000 145 148 129
1.223000 1.531000 1.092000 145 151 125
1.146000 1.549000 1.104000 145 148 129
1.079000 1.561000 1.028000 145 148 129
1.111000 1.555000 1.048000 145 150 130
1.016000 1.574000 1.003000 141 139 127
1.057000 1.568000 1.100000 144 147 130
1.033000 1.572000 1.039000 72 75 66
1.026000 1.580000 1.256000 146 146 138
0.987000 1.582000 1.029000 135 135 123
0.992000 1.586000 1.215000 142 142 144
1.111000 1.554000 1.033000 144 149 129
1.068000 1.569000 1.206000 146 146 138
1.177000 1.543000 1.135000 146 151 131
1.006000 1.583000 1.208000 142 142 142
1.017000 1.582000 1.263000 146 147 139
1.129000 1.552000 1.094000 144 147 128
1.186000 1.540000 1.119000 145 150 127
1.077000 1.564000 1.102000 144 145 127
0.988000 1.583000 1.095000 136 138 125
1.107000 1.559000 1.151000 146 146 134
1.059000 1.568000 1.125000 142 144 130
1.036000 1.575000 1.186000 143 143 135
0.999000 1.579000 1.025000 132 134 123
1.094000 1.560000 1.098000 144 147 126
0.970000 1.590000 1.180000 142 144 133
1.143000 1.547000 1.043000 145 150 130
1.129000 1.552000 1.079000 145 148 129
1.079000 1.561000 1.015000 147 150 131
1.140000 1.551000 1.149000 146 150 133
1.090000 1.561000 1.110000 144 145 127
1.238000 1.527000 1.075000 143 152 125
1.110000 1.555000 1.055000 144 149 129
1.036000 1.577000 1.238000 146 145 140
0.994000 1.586000 1.233000 144 144 144
1.053000 1.571000 1.171000 143 143 133
1.043000 1.572000 1.120000 140 142 128
0.994000 1.581000 1.062000 138 140 126
0.978000 1.584000 1.038000 133 134 120
1.049000 1.572000 1.155000 142 144 131
1.048000 1.571000 1.110000 141 143 129
1.061000 1.567000 1.090000 144 148 125
1.033000 1.576000 1.198000 144 143 139
1.074000 1.564000 1.082000 143 146 127
1.014000 1.581000 1.211000 142 142 142
0.996000 1.579000 1.017000 133 135 124
1.188000 1.539000 1.100000 145 151 125
0.997000 1.584000 1.198000 141 141 139
1.027000 1.575000 1.094000 144 146 125
1.024000 1.573000 1.025000 94 96 85
1.004000 1.581000 1.152000 140 139 134
1.046000 1.574000 1.206000 145 144 139
1.070000 1.564000 1.063000 144 146 132
1.016000 1.576000 0.275000 142 142 134
1.064000 1.565000 0.230000 148 148 140
1.134000 1.549000 0.316000 149 145 134
0.962000 1.588000 0.267000 119 116 107
1.222000 1.529000 0.376000 148 146 134
0.983000 1.583000 0.384000 141 141 129
1.162000 1.543000 0.319000 150 146 135
1.294000 1.513000 0.357000 149 146 137
1.035000 1.572000 0.262000 147 147 139
1.034000 1.571000 0.501000 141 141 133
1.127000 1.551000 0.341000 149 147 135
1.037000 1.570000 0.484000 141 142 134
1.052000 1.568000 0.253000 146 146 138
0.997000 1.580000 0.249000 141 141 133
1.000000 1.579000 0.545000 144 146 135
0.997000 1.580000 0.254000 142 142 134
1.115000 1.553000 0.430000 142 144 133
1.120000 1.553000 0.233000 149 146 137
1.018000 1.575000 0.424000 141 140 135
1.320000 1.507000 0.296000 155 148 140
1.018000 1.575000 0.335000 145 142 137
1.108000 1.555000 0.377000 149 147 134
0.981000 1.584000 0.231000 145 142 133
1.096000 1.557000 0.432000 142 142 134
1.289000 1.514000 0.272000 153 147 135
1.095000 1.558000 0.474000 140 141 135
1.149000 1.546000 0.286000 150 146 137
1.175000 1.540000 0.252000 153 149 140
1.016000 1.576000 0.262000 143 143 135
1.054000 1.567000 0.407000 143 143 135
0.992000 1.581000 0.434000 140 140 132
1.137000 1.548000 0.301000 149 145 136
0.975000 1.585000 0.429000 139 139 129
0.993000 1.581000 0.258000 142 139 132
1.151000 1.545000 0.417000 146 144 131
1.206000 1.533000 0.356000 149 147 134
1.141000 1.547000 0.420000 146 144 131
1.285000 1.515000 0.332000 152 148 139
1.263000 1.520000 0.341000 151 147 136
1.037000 1.571000 0.403000 142 143 137
1.027000 1.573000 0.409000 139 141 136
1.076000 1.562000 0.273000 147 147 139
1.066000 1.565000 0.279000 149 146 139
1.222000 1.529000 0.403000 148 146 133
1.078000 1.561000 0.435000 141 140 135
1.120000 1.552000 0.449000 143 143 133
0.982000 1.583000 0.421000 144 141 132
0.990000 1.581000 0.343000 145 142 133
1.115000 1.553000 0.285000 149 146 137
1.234000 1.526000 0.325000 151 147 136
1.326000 1.506000 0.328000 154 147 141
1.151000 1.545000 0.321000 149 145 134
1.186000 1.538000 0.308000 151 147 136
1.383000 1.493000 0.289000 153 148 144
1.201000 1.534000 0.346000 151 147 135
1.150000 1.546000 0.339000 150 146 134
1.040000 1.570000 0.367000 146 143 134
1.389000 1.492000 0.289000 153 148 144
0.991000 1.581000 0.550000 140 142 131
1.162000 1.543000 0.249000 152 148 137
1.361000 1.498000 0.308000 153 148 142
1.296000 1.513000 0.251000 146 140 124
1.210000 1.532000 0.374000 147 145 130
1.209000 1.532000 0.309000 151 147 136
1.182000 1.538000 0.400000 147 143 131
1.264000 1.520000 0.356000 150 148 136
1.253000 1.522000 0.336000 150 146 134
1.043000 1.570000 0.299000 146 146 136
1.050000 1.568000 0.377000 148 146 134
1.169000 1.541000 0.366000 150 147 132
1.287000 1.515000 0.347000 150 146 137
0.989000 1.581000 0.549000 140 142 131
1.270000 1.519000 0.297000 154 147 139
1.230000 1.528000 0.302000 151 147 136
1.148000 1.546000 0.281000 150 146 137
1.101000 1.557000 0.254000 151 146 140
1.040000 1.570000 0.409000 141 142 136
1.093000 1.558000 0.304000 149 146 139
1.200000 1.534000 0.337000 150 147 132
1.296000 1.513000 0.353000 149 146 137
1.146000 1.546000 0.379000 147 145 132
1.208000 1.533000 0.257000 154 147 137
1.133000 1.549000 0.373000 149 145 133
1.226000 1.528000 0.289000 152 148 137
1.151000 1.545000 0.376000 147 145 132
1.136000 1.548000 0.418000 146 144 131
0.989000 1.582000 0.265000 144 141 134
1.054000 1.567000 0.256000 147 147 139
1.095000 1.558000 0.741000 141 147 135
1.196000 1.535000 0.977000 143 151 127
1.137000 1.548000 0.857000 139 142 131
1.187000 1.537000 0.965000 143 151 128
1.066000 1.563000 0.845000 131 137 123
1.119000 1.551000 0.922000 147 151 137
1.178000 1.539000 0.948000 141 149 128
1.086000 1.559000 0.789000 138 140 126
1.096000 1.557000 0.793000 137 140 123
1.179000 1.539000 0.904000 129 137 116
1.005000 1.577000 0.621000 143 145 134
1.178000 1.539000 0.904000 129 137 116
1.161000 1.543000 0.940000 133 140 122
1.059000 1.565000 0.718000 143 149 137
1.218000 1.530000 0.994000 143 152 125
1.040000 1.570000 0.659000 145 148 139
1.069000 1.562000 0.826000 133 139 125
1.247000 1.524000 1.004000 143 152 125
1.085000 1.560000 0.732000 142 148 136
1.273000 1.519000 1.043000 142 150 126
1.075000 1.561000 0.808000 136 140 125
1.122000 1.551000 0.916000 200 204 190
1.027000 1.572000 0.699000 141 149 138
1.025000 1.573000 0.694000 141 149 138
1.119000 1.552000 0.825000 132 135 116
1.126000 1.551000 0.804000 132 136 119
1.030000 1.572000 0.652000 146 149 140
1.117000 1.552000 0.901000 170 173 156
1.010000 1.576000 0.646000 144 147 136
1.205000 1.533000 0.981000 144 152 128
1.166000 1.542000 0.919000 111 118 102
1.054000 1.567000 0.694000 143 149 139
1.041000 1.569000 0.681000 143 149 139
1.183000 1.538000 0.954000 143 151 130
1.052000 1.566000 0.778000 142 145 134
1.090000 1.559000 0.744000 140 146 134
1.007000 1.577000 0.599000 141 144 133
1.038000 1.570000 0.664000 142 148 138
1.139000 1.547000 0.889000 141 148 132
0.979000 1.589000 1.441000 140 142 137
0.987000 1.585000 1.640000 139 141 140
1.001000 1.584000 1.587000 138 140 135
1.011000 1.581000 1.718000 143 147 150
0.994000 1.586000 1.525000 135 140 134
1.028000 1.577000 1.856000 179 181 180
1.024000 1.577000 1.850000 179 181 180
1.037000 1.575000 1.881000 182 182 184
1.045000 1.574000 1.871000 182 180 183
1.059000 1.572000 1.903000 183 184 186
1.010000 1.580000 1.755000 153 155 167
1.026000 1.578000 1.755000 154 157 166
1.008000 1.582000 1.675000 143 141 144
0.980000 1.586000 1.649000 136 140 139
0.981000 1.590000 1.386000 143 144 136
1.009000 1.581000 1.724000 144 147 152
1.004000 1.582000 1.684000 144 143 148
1.033000 1.576000 1.865000 182 180 181
1.012000 1.580000 1.776000 162 162 174
1.036000 1.576000 1.803000 173 172 178
1.004000 1.583000 1.643000 140 141 143
0.996000 1.587000 1.452000 140 141 135
1.022000 1.580000 1.697000 145 146 151
0.987000 1.588000 1.457000 141 142 134
1.029000 1.577000 1.827000 177 178 182
1.047000 1.574000 1.855000 180 182 181
0.977000 1.589000 1.490000 139 140 132
1.021000 1.578000 1.844000 177 178 180
0.989000 1.584000 1.691000 142 143 147
1.010000 1.584000 1.536000 138 140 137
1.015000 1.582000 1.594000 136 140 139
0.994000 1.583000 1.724000 142 145 150
1.111000 1.560000 1.605000 139 143 142
1.044000 1.576000 1.496000 138 143 137
1.035000 1.578000 1.630000 139 140 142
1.132000 1.555000 1.779000 167 168 173
1.234000 1.532000 1.900000 169 173 174
1.072000 1.569000 1.888000 185 185 187
1.119000 1.558000 1.858000 178 182 183
1.148000 1.552000 1.679000 147 148 152
1.077000 1.568000 1.684000 144 145 149
1.124000 1.557000 1.888000 183 184 186
1.065000 1.571000 1.806000 174 175 179
1.089000 1.565000 1.903000 185 186 190
1.090000 1.565000 1.743000 157 160 169
0.999000 1.587000 1.436000 142 143 137
1.067000 1.571000 1.641000 139 143 144
1.037000 1.578000 1.674000 142 142 144
1.158000 1.549000 1.666000 144 148 147
1.130000 1.556000 1.760000 164 164 172
1.133000 1.555000 1.852000 178 179 181
1.097000 1.564000 1.624000 140 142 141
1.165000 1.548000 1.647000 143 147 146
1.248000 1.528000 1.810000 160 165 169
1.200000 1.540000 1.762000 160 160 170
1.132000 1.556000 1.596000 141 143 142
1.155000 1.550000 1.683000 148 149 153
1.082000 1.567000 1.611000 141 141 141
1.116000 1.559000 1.906000 182 185 190
1.032000 1.579000 1.488000 138 143 137
1.065000 1.571000 1.648000 139 143 144
1.084000 1.566000 1.911000 185 186 190
1.054000 1.574000 1.795000 171 172 177
1.147000 1.552000 1.862000 179 179 181
1.097000 1.564000 1.718000 149 152 157
1.194000 1.541000 1.741000 158 158 166
1.185000 1.543000 1.855000 172 173 175
1.229000 1.533000 1.790000 160 163 168
1.280000 1.521000 1.862000 160 164 167
1.111000 1.560000 1.908000 182 186 189
1.201000 1.539000 1.793000 164 165 170
1.079000 1.568000 1.679000 144 145 149
1.100000 1.563000 1.538000 140 145 141
1.099000 1.563000 1.903000 183 187 190
1.047000 1.576000 1.483000 139 144 138
1.136000 1.555000 1.692000 149 150 154
1.109000 1.561000 1.611000 143 145 144
1.063000 1.572000 1.784000 167 167 175
1.283000 1.520000 1.892000 161 165 168
1.093000 1.565000 1.541000 141 143 138
1.329000 1.509000 1.897000 158 159 164
1.127000 1.557000 1.759000 163 163 171
1.061000 1.572000 1.748000 156 159 168
1.069000 1.570000 1.548000 140 142 137
1.151000 1.551000 1.737000 159 158 164
1.119000 1.559000 1.550000 142 144 141
1.071000 1.570000 1.801000 173 174 178
1.113000 1.560000 1.736000 157 160 169
1.287000 1.519000 1.829000 158 161 166
1.051000 1.575000 1.443000 140 145 138
1.106000 1.562000 1.752000 161 164 173
1.087000 1.566000 1.755000 160 163 172
1.085000 1.567000 1.696000 147 148 153
1.082000 1.567000 1.626000 141 143 142
1.137000 1.554000 1.795000 169 170 175
1.058000 1.573000 1.574000 141 139 140
1.028000 1.580000 1.459000 141 144 137
1.117000 1.559000 1.923000 182 186 189
1.171000 1.546000 1.721000 153 153 163
1.020000 1.582000 1.434000 144 144 136
1.126000 1.557000 1.714000 153 154 158
1.092000 1.565000 1.593000 138 142 141
1.020000 1.582000 1.567000 140 139 135
1.036000 1.578000 1.511000 138 143 137
1.132000 1.556000 1.759000 163 163 171
1.015000 1.583000 1.389000 142 143 135
1.048000 1.575000 1.692000 144 145 149
1.019000 1.582000 1.501000 139 144 137
1.059000 1.572000 1.838000 181 181 181
1.083000 1.567000 1.485000 139 144 138
1.113000 1.560000 1.821000 176 176 178
1.031000 1.579000 1.400000 144 145 137
1.055000 1.574000 1.724000 149 152 159
1.110000 1.561000 1.734000 156 159 166
1.232000 1.532000 1.833000 164 168 171
1.118000 1.559000 1.817000 175 175 177
1.193000 1.541000 1.830000 169 170 174
1.227000 1.533000 1.745000 155 158 165
1.063000 1.572000 1.741000 153 156 165
1.125000 1.557000 1.806000 171 175 178
1.149000 1.551000 1.878000 179 181 180
1.067000 1.571000 1.719000 148 151 158
1.131000 1.556000 1.688000 148 149 153
1.139000 1.554000 1.909000 182 186 189
1.141000 1.553000 1.712000 152 153 157
1.162000 1.549000 1.639000 142 148 146
1.050000 1.575000 1.695000 145 146 151
1.168000 1.547000 1.684000 148 149 153
1.141000 1.553000 1.821000 173 174 176
1.081000 1.568000 1.468000 140 145 138
1.170000 1.547000 1.705000 149 152 157
1.017000 1.583000 1.382000 143 144 138
1.176000 1.545000 1.686000 149 150 154
1.073000 1.569000 1.481000 139 144 140
1.259000 1.526000 1.921000 166 171 165
1.150000 1.551000 1.820000 170 174 175
1.078000 1.568000 1.554000 141 143 138
1.092000 1.565000 1.784000 171 170 176
1.094000 1.564000 1.710000 147 150 155
1.314000 1.513000 1.927000 158 162 163
1.098000 1.563000 1.784000 169 170 175
1.308000 1.514000 1.892000 159 162 167
1.183000 1.543000 1.833000 171 172 176
1.063000 1.572000 1.756000 159 162 171
1.034000 1.579000 1.412000 143 144 136
1.197000 1.540000 1.892000 175 177 176
1.093000 1.565000 1.592000 138 142 141
1.065000 1.571000 1.835000 181 181 181
1.271000 1.523000 1.780000 155 159 162
1.322000 1.511000 1.879000 157 158 163
1.132000 1.555000 1.733000 159 159 167
1.142000 1.553000 1.634000 142 146 145
1.125000 1.557000 1.769000 166 165 173
1.320000 1.511000 1.922000 157 161 164
1.191000 1.542000 1.647000 144 148 147
1.167000 1.547000 1.624000 142 146 145
1.095000 1.564000 1.814000 175 177 176
1.091000 1.565000 1.553000 139 144 138
1.169000 1.542000 0.842000 124 129 109
1.282000 1.516000 0.852000 148 152 135
1.069000 1.564000 0.673000 146 149 140
1.229000 1.528000 0.643000 146 149 140
1.175000 1.539000 0.446000 143 144 130
1.352000 1.500000 0.487000 151 148 139
1.273000 1.518000 0.404000 148 146 134
1.164000 1.542000 0.485000 143 143 131
1.127000 1.550000 0.574000 143 144 136
1.220000 1.530000 0.685000 146 149 140
1.232000 1.527000 0.779000 145 153 140
1.184000 1.538000 0.502000 141 141 131
1.232000 1.527000 0.595000 145 147 136
1.192000 1.537000 0.883000 136 143 125
1.120000 1.552000 0.687000 144 150 140
1.352000 1.500000 0.500000 151 148 139
1.098000 1.557000 0.678000 145 148 139
1.069000 1.564000 0.673000 146 149 140
1.190000 1.536000 0.459000 144 145 131
1.291000 1.514000 0.380000 150 148 136
1.161000 1.543000 0.572000 144 145 137
1.324000 1.506000 0.444000 150 147 138
1.309000 1.510000 0.887000 145 152 134
1.310000 1.509000 0.352000 151 147 138
1.032000 1.572000 0.631000 143 146 137
1.199000 1.535000 0.685000 146 149 140
1.364000 1.497000 0.397000 152 149 142
1.221000 1.530000 0.887000 144 153 132
1.177000 1.540000 0.850000 124 132 111
1.286000 1.515000 0.753000 150 151 143
1.206000 1.533000 0.769000 147 150 139
1.260000 1.521000 0.931000 144 152 129
1.175000 1.540000 0.583000 144 145 137
1.248000 1.524000 0.733000 149 152 143
1.215000 1.531000 0.627000 146 149 138
1.365000 1.497000 0.418000 151 148 141
1.392000 1.491000 0.317000 153 148 145
1.291000 1.514000 0.703000 150 151 145
1.356000 1.500000 0.641000 151 152 146
1.174000 1.540000 0.532000 144 144 134
1.206000 1.533000 0.649000 145 148 139
1.310000 1.509000 0.401000 150 147 138
1.105000 1.555000 0.489000 140 141 133
1.273000 1.519000 0.932000 144 152 129
1.202000 1.534000 0.872000 142 149 131
1.340000 1.503000 0.558000 150 150 138
1.195000 1.536000 0.774000 146 149 138
1.091000 1.558000 0.509000 142 143 135
1.262000 1.521000 0.616000 145 148 139
1.179000 1.539000 0.804000 134 138 121
1.341000 1.503000 0.656000 148 154 144
1.204000 1.534000 0.744000 147 150 139
1.242000 1.525000 0.930000 144 152 129
1.159000 1.544000 0.771000 139 143 129
1.188000 1.537000 0.632000 145 148 137
1.178000 1.539000 0.657000 146 149 138
1.194000 1.536000 0.605000 145 146 138
1.078000 1.561000 0.680000 146 149 140
1.272000 1.518000 0.511000 146 146 134
1.234000 1.527000 0.751000 147 150 139
1.180000 1.539000 0.635000 145 148 137
1.030000 1.572000 0.534000 143 143 133
1.108000 1.555000 0.746000 142 145 134
1.242000 1.525000 0.532000 145 145 135
1.186000 1.538000 0.752000 146 149 138
1.327000 1.506000 0.583000 150 150 140
1.148000 1.546000 0.601000 143 146 137
1.210000 1.532000 0.439000 146 144 131
1.410000 1.487000 0.353000 152 149 144
1.324000 1.507000 0.837000 149 153 138
1.266000 1.520000 0.673000 147 148 140
1.258000 1.522000 0.975000 142 152 127
1.325000 1.506000 0.644000 149 150 142
1.325000 1.507000 0.818000 148 151 140
1.390000 1.492000 0.487000 153 150 141
1.207000 1.533000 0.677000 146 149 140
1.329000 1.505000 0.494000 150 147 138
1.421000 1.485000 0.312000 153 148 145
1.264000 1.520000 0.422000 149 147 135
1.276000 1.518000 0.807000 149 153 139
1.060000 1.565000 0.610000 144 147 138
1.262000 1.521000 0.904000 145 153 132
1.072000 1.563000 0.522000 142 143 135
1.361000 1.498000 0.498000 151 148 139
1.190000 1.537000 0.818000 136 140 123
1.273000 1.519000 0.952000 143 151 127
1.172000 1.541000 0.783000 137 141 126
1.224000 1.529000 0.424000 146 144 132
1.219000 1.531000 0.938000 144 152 131
1.250000 1.523000 0.729000 149 152 143
1.322000 1.507000 0.733000 150 151 145
1.348000 1.501000 0.398000 152 149 142
1.137000 1.548000 0.529000 142 144 133
1.210000 1.532000 0.871000 146 153 135
1.038000 1.570000 0.534000 144 146 135
1.389000 1.492000 0.498000 153 150 141
1.178000 1.539000 0.749000 145 148 137
1.296000 1.513000 0.759000 150 153 144
1.305000 1.511000 0.416000 149 146 137
1.142000 1.547000 0.555000 143 145 134
1.201000 1.534000 0.676000 146 149 140
1.291000 1.515000 0.986000 142 150 126
1.343000 1.502000 0.532000 149 149 137
1.241000 1.526000 0.892000 145 155 131
1.255000 1.522000 0.581000 147 147 139
1.269000 1.519000 0.536000 147 147 137
1.321000 1.507000 0.598000 149 149 141
1.312000 1.510000 0.751000 150 151 145
1.227000 1.528000 0.638000 143 149 137
1.350000 1.501000 0.680000 148 153 146
1.285000 1.515000 0.555000 147 147 137
1.175000 1.540000 0.533000 144 144 134
1.109000 1.555000 0.742000 141 147 135
1.262000 1.521000 0.833000 146 154 133
1.358000 1.499000 0.505000 151 148 139
1.111000 1.554000 0.607000 144 147 138
1.034000 1.571000 0.540000 142 144 133
1.055000 1.566000 0.575000 142 145 136
1.245000 1.524000 0.569000 145 145 135
1.085000 1.560000 0.633000 144 147 138
1.234000 1.527000 0.712000 147 150 143
1.370000 1.496000 0.357000 152 147 143
1.363000 1.498000 0.371000 152 147 143
1.317000 1.508000 0.357000 151 147 138
1.024000 1.573000 0.536000 141 141 131
1.177000 1.539000 0.467000 142 142 130
1.329000 1.506000 0.783000 150 151 145
1.286000 1.516000 0.999000 143 151 127
1.241000 1.525000 0.735000 148 151 142
1.340000 1.503000 0.498000 150 147 138
1.242000 1.525000 0.605000 146 148 137
1.346000 1.502000 0.738000 150 153 146
1.261000 1.521000 0.449000 147 144 135
1.243000 1.525000 0.958000 144 152 129
1.427000 1.483000 0.317000 153 148 145
1.314000 1.509000 0.838000 149 153 138
1.290000 1.514000 0.635000 148 150 139
1.254000 1.522000 0.483000 148 145 136
1.273000 1.518000 0.461000 147 144 135
1.215000 1.531000 0.567000 145 145 135
1.225000 1.529000 0.651000 145 148 139
1.265000 1.520000 0.769000 149 152 143
1.246000 1.524000 0.827000 146 153 135
1.241000 1.526000 0.802000 146 152 138
1.210000 1.532000 0.429000 146 144 131
1.340000 1.503000 0.365000 151 146 140
1.235000 1.526000 0.589000 145 147 136
1.070000 1.563000 0.555000 141 147 137
1.281000 1.516000 0.769000 149 152 143
1.133000 1.549000 0.654000 146 149 140
1.385000 1.493000 0.329000 153 148 144
1.249000 1.524000 0.726000 148 151 142
1.276000 1.518000 0.826000 147 152 132
1.242000 1.525000 0.594000 146 148 137
1.339000 1.503000 0.549000 149 149 137
1.106000 1.555000 0.686000 146 149 140
1.347000 1.501000 0.454000 151 148 139
1.015000 1.575000 0.591000 142 145 134
1.134000 1.549000 0.733000 143 146 135
1.411000 1.487000 0.335000 152 148 147
1.291000 1.515000 1.031000 141 149 125
1.189000 1.537000 0.740000 148 151 140
1.122000 1.552000 0.771000 139 143 128
1.322000 1.507000 0.802000 148 151 142
1.172000 1.540000 0.609000 144 145 137
1.213000 1.532000 0.793000 146 152 138
1.115000 1.553000 0.594000 143 146 137
1.328000 1.505000 0.359000 152 147 141
1.344000 1.502000 0.634000 150 150 142
1.277000 1.517000 0.480000 148 145 136
1.414000 1.486000 0.377000 153 150 143
1.210000 1.532000 0.712000 147 150 143
1.115000 1.553000 0.591000 143 146 137
1.240000 1.526000 0.822000 146 153 137
1.324000 1.507000 0.602000 149 149 141
1.099000 1.557000 0.704000 146 149 140
1.103000 1.556000 0.494000 139 142 133
1.305000 1.511000 0.805000 149 152 141
1.166000 1.542000 0.793000 133 137 120
1.157000 1.544000 0.590000 144 145 137
1.223000 1.529000 0.620000 146 148 137
1.340000 1.503000 0.747000 151 152 146
1.204000 1.533000 0.460000 146 144 131
1.223000 1.529000 0.542000 144 144 134
1.239000 1.526000 0.903000 145 153 130
1.411000 1.487000 0.346000 153 149 146
0.998000 1.579000 0.556000 144 146 135
1.317000 1.508000 0.482000 151 148 139
1.322000 1.508000 0.869000 147 151 134
1.316000 1.508000 0.431000 149 146 137
1.265000 1.520000 0.972000 143 153 128
1.172000 1.541000 0.769000 142 146 132
1.175000 1.540000 0.489000 143 143 133
1.089000 1.559000 0.627000 142 148 138
1.301000 1.512000 0.556000 148 148 136
1.194000 1.536000 0.670000 145 148 139
1.194000 1.536000 0.838000 136 139 120
1.198000 1.535000 0.681000 146 149 140
1.127000 1.550000 0.576000 143 144 136
1.271000 1.518000 0.444000 147 145 133
1.282000 1.516000 0.655000 148 149 141
1.237000 1.527000 0.919000 144 152 129
1.188000 1.537000 0.815000 133 140 122
1.291000 1.514000 0.642000 148 150 139
1.166000 1.542000 0.621000 145 148 137
1.246000 1.524000 0.826000 146 153 135
1.233000 1.527000 0.772000 146 152 140
1.049000 1.568000 0.551000 142 145 136
1.125000 1.551000 0.490000 142 142 134
1.201000 1.534000 0.820000 142 149 131
1.315000 1.509000 0.567000 149 149 139
1.090000 1.559000 0.573000 142 145 136
1.034000 1.571000 0.548000 142 143 135
1.280000 1.517000 0.652000 148 149 141
1.335000 1.504000 0.497000 150 147 138
1.277000 1.517000 0.593000 147 147 139
1.293000 1.513000 0.507000 146 146 134
1.241000 1.526000 0.970000 142 150 126
1.342000 1.502000 0.412000 150 147 138
1.039000 1.570000 0.567000 141 144 135
1.275000 1.517000 0.545000 147 147 137
1.264000 1.520000 0.720000 149 152 143
1.348000 1.501000 0.367000 151 146 142
1.169000 1.541000 0.761000 143 146 135
1.334000 1.504000 0.438000 151 148 139
1.131000 1.550000 0.793000 135 138 121
1.273000 1.519000 0.914000 144 152 129
1.351000 1.501000 0.715000 148 153 147
1.401000 1.492000 1.819000 161 162 166
1.350000 1.502000 1.376000 153 155 154
1.297000 1.515000 1.393000 152 158 144
1.266000 1.523000 1.547000 144 149 143
1.001000 1.586000 1.332000 146 147 133
1.355000 1.502000 1.748000 152 154 153
1.061000 1.572000 1.406000 143 149 137
1.195000 1.539000 1.223000 154 154 142
1.281000 1.520000 1.625000 145 147 144
1.274000 1.522000 1.728000 150 151 156
1.149000 1.551000 1.393000 148 154 144
1.159000 1.548000 1.417000 146 153 145
1.079000 1.567000 1.292000 150 151 135
1.190000 1.541000 1.369000 150 156 144
1.436000 1.483000 1.874000 167 167 169
1.363000 1.499000 1.505000 149 152 145
1.128000 1.556000 1.368000 150 152 141
1.270000 1.522000 1.655000 144 148 147
1.310000 1.512000 1.379000 154 157 140
1.139000 1.552000 1.213000 151 151 139
1.344000 1.505000 1.638000 147 147 147
1.186000 1.543000 1.599000 141 146 142
1.209000 1.536000 1.323000 153 156 145
1.135000 1.554000 1.319000 152 154 141
1.280000 1.518000 1.104000 144 149 126
1.144000 1.551000 1.287000 153 154 138
1.246000 1.528000 1.576000 142 147 143
1.322000 1.508000 1.317000 158 156 143
1.307000 1.514000 1.643000 145 147 144
1.294000 1.515000 1.380000 152 158 144
1.351000 1.504000 1.880000 154 157 164
1.048000 1.575000 1.333000 148 149 135
1.176000 1.545000 1.541000 142 147 143
1.247000 1.528000 1.625000 145 147 146
1.288000 1.518000 1.498000 145 150 143
1.284000 1.517000 1.139000 147 152 129
1.253000 1.525000 1.244000 156 156 148
1.335000 1.508000 1.823000 157 158 163
1.290000 1.516000 1.176000 148 153 131
1.066000 1.570000 1.314000 149 149 137
1.259000 1.523000 1.266000 155 155 147
1.113000 1.560000 1.515000 145 146 141
1.301000 1.514000 1.509000 145 150 144
1.395000 1.493000 1.713000 157 157 155
1.387000 1.494000 1.591000 152 153 148
1.199000 1.540000 1.589000 142 147 140
1.301000 1.513000 1.325000 154 155 147
1.328000 1.508000 1.558000 143 148 144
1.299000 1.515000 1.431000 148 153 147
1.372000 1.497000 1.504000 150 153 146
1.085000 1.566000 1.360000 150 150 140
1.172000 1.545000 1.293000 153 155 142
1.231000 1.530000 1.235000 155 155 143
1.278000 1.519000 1.309000 157 157 145
1.326000 1.509000 1.542000 146 148 145
1.410000 1.489000 1.784000 159 160 162
1.315000 1.511000 1.608000 145 147 146
1.109000 1.560000 1.370000 150 150 138
1.359000 1.501000 1.545000 148 150 145
1.289000 1.518000 1.715000 150 151 156
1.223000 1.532000 1.113000 145 151 125
1.221000 1.534000 1.490000 145 152 144
1.253000 1.526000 1.470000 148 151 144
1.257000 1.526000 1.750000 156 157 162
1.341000 1.505000 1.603000 146 148 147
1.251000 1.525000 1.265000 157 154 147
1.175000 1.545000 1.525000 144 149 143
1.250000 1.527000 1.620000 143 148 144
1.316000 1.511000 1.678000 148 148 148
1.331000 1.507000 1.571000 143 148 144
1.337000 1.507000 1.862000 155 158 163
1.174000 1.544000 1.253000 153 154 146
1.167000 1.547000 1.605000 143 145 142
1.344000 1.504000 1.498000 146 151 145
1.136000 1.554000 1.462000 144 149 143
1.272000 1.522000 1.692000 148 149 151
1.363000 1.501000 1.892000 156 157 162
1.230000 1.530000 1.204000 151 154 137
1.190000 1.542000 1.625000 143 147 146
1.323000 1.509000 1.611000 145 147 146
1.165000 1.547000 1.531000 142 146 145
1.292000 1.517000 1.591000 142 147 143
1.285000 1.518000 1.462000 147 152 145
1.066000 1.571000 1.442000 141 146 139
1.402000 1.492000 1.882000 169 170 172
1.072000 1.569000 1.320000 149 149 137
1.306000 1.513000 1.414000 152 155 146
1.104000 1.562000 1.428000 143 149 139
1.236000 1.528000 1.125000 147 153 127
1.296000 1.516000 1.592000 142 147 143
1.035000 1.578000 1.302000 148 148 136
1.193000 1.540000 1.396000 148 154 144
1.383000 1.495000 1.592000 151 152 147
1.197000 1.540000 1.650000 146 148 147
1.374000 1.498000 1.871000 158 159 164
1.182000 1.542000 1.292000 153 155 142
1.383000 1.496000 1.728000 156 156 154
1.166000 1.546000 1.353000 152 154 141
1.119000 1.557000 1.194000 148 150 137
1.248000 1.526000 1.267000 157 154 147
1.283000 1.519000 1.630000 145 147 144
1.367000 1.500000 1.915000 156 157 162
1.308000 1.512000 1.419000 152 155 146
1.380000 1.496000 1.653000 148 148 146
1.143000 1.552000 1.456000 144 149 143
1.278000 1.520000 1.396000 151 157 147
1.340000 1.504000 1.408000 152 158 146
1.269000 1.520000 1.134000 146 151 128
1.229000 1.532000 1.581000 142 147 143
1.124000 1.557000 1.347000 150 152 141
1.160000 1.549000 1.566000 140 145 139
1.310000 1.511000 1.219000 152 154 143
1.395000 1.493000 1.875000 169 169 171
1.381000 1.495000 1.563000 149 151 146
1.262000 1.522000 1.175000 149 154 132
1.275000 1.521000 1.502000 145 150 144
1.282000 1.517000 1.156000 148 153 130
1.049000 1.575000 1.328000 148 149 135
1.160000 1.548000 1.431000 145 153 142
1.129000 1.555000 1.316000 152 154 141
1.054000 1.573000 1.260000 148 148 140
1.381000 1.495000 1.552000 151 153 148
1.098000 1.562000 1.269000 151 151 139
1.209000 1.535000 1.143000 146 152 126
1.240000 1.530000 1.594000 142 147 143
1.198000 1.540000 1.611000 143 148 144
1.348000 1.503000 1.502000 146 151 144
1.244000 1.528000 1.582000 142 147 143
1.320000 1.511000 1.769000 154 155 159
1.283000 1.518000 1.395000 151 157 147
1.320000 1.511000 1.674000 148 148 148
1.350000 1.504000 1.877000 154 157 164
1.284000 1.519000 1.641000 145 147 146
1.368000 1.498000 1.488000 149 152 145
1.349000 1.504000 1.706000 151 151 153
1.039000 1.577000 1.316000 147 148 134
1.185000 1.542000 1.325000 152 155 144
1.061000 1.572000 1.305000 149 149 137
1.269000 1.522000 1.456000 148 153 146
1.076000 1.568000 1.333000 150 150 138
1.325000 1.508000 1.293000 158 155 146
1.290000 1.517000 1.522000 144 149 145
1.230000 1.531000 1.441000 149 154 147
1.154000 1.550000 1.468000 144 151 144
1.324000 1.510000 1.686000 148 148 148
1.089000 1.564000 1.237000 149 150 145
1.250000 1.526000 1.460000 146 153 145
1.215000 1.535000 1.531000 142 147 143
1.061000 1.572000 1.348000 147 151 137
1.304000 1.514000 1.628000 144 146 145
1.244000 1.528000 1.387000 150 156 146
1.355000 1.503000 1.832000 156 157 162
1.324000 1.508000 1.437000 150 155 148
1.143000 1.551000 1.192000 150 151 137
1.277000 1.521000 1.780000 155 159 162
1.257000 1.524000 1.251000 155 155 147
1.419000 1.487000 1.785000 159 160 162
1.154000 1.549000 1.414000 145 153 140
1.255000 1.524000 1.208000 153 154 140
1.305000 1.514000 1.732000 152 151 156
1.354000 1.502000 1.647000 148 148 148
1.046000 1.575000 1.260000 148 148 140
1.437000 1.483000 1.853000 167 167 169
1.161000 1.548000 1.366000 150 154 140
1.276000 1.521000 1.613000 143 147 146
1.266000 1.521000 1.138000 147 153 127
1.137000 1.553000 1.251000 154 151 144
1.312000 1.511000 1.331000 155 155 145
1.096000 1.563000 1.256000 150 150 140
1.197000 1.539000 1.404000 150 156 146
1.159000 1.549000 1.540000 141 147 143
1.175000 1.544000 1.315000 151 154 143
1.269000 1.522000 1.376000 152 158 144
1.415000 1.489000 1.918000 155 156 161
1.309000 1.512000 1.347000 155 156 148
1.272000 1.522000 1.692000 148 149 151
1.370000 1.498000 1.558000 145 150 144
1.277000 1.519000 1.153000 148 153 130
1.097000 1.563000 1.246000 150 150 140
1.300000 1.514000 1.469000 147 152 146
1.290000 1.515000 1.152000 147 152 129
1.320000 1.510000 1.480000 147 152 146
1.202000 1.537000 1.280000 152 154 143
1.006000 1.585000 1.282000 146 145 140
1.310000 1.512000 1.504000 146 151 145
1.258000 1.524000 1.359000 153 156 145
1.114000 1.559000 1.465000 144 146 141
1.368000 1.499000 1.627000 147 147 147
1.180000 1.542000 1.192000 151 152 138
1.158000 1.548000 1.327000 151 154 143
1.416000 1.488000 1.854000 166 165 170
1.271000 1.523000 1.771000 154 158 161
1.375000 1.498000 1.920000 169 170 174
1.237000 1.531000 1.639000 144 148 147
1.390000 1.494000 1.698000 156 157 152
1.048000 1.575000 1.275000 148 148 138
1.297000 1.515000 1.320000 157 157 147
1.303000 1.514000 1.603000 145 147 146
1.124000 1.556000 1.323000 152 154 143
1.226000 1.533000 1.552000 143 148 144
1.057000 1.572000 1.276000 149 149 139
1.021000 1.582000 1.370000 143 146 137
1.218000 1.535000 1.682000 148 149 153
1.158000 1.549000 1.577000 141 143 142
1.179000 1.544000 1.492000 144 149 142
1.375000 1.497000 1.623000 148 148 146
1.160000 1.549000 1.509000 143 148 142
1.354000 1.502000 1.622000 146 146 146
1.341000 1.504000 1.381000 155 156 148
1.232000 1.531000 1.530000 144 149 145
1.283000 1.520000 1.750000 153 154 158
1.311000 1.511000 1.298000 156 156 144
1.242000 1.527000 1.103000 145 151 123
1.311000 1.510000 1.192000 147 154 138
1.281000 1.519000 1.532000 143 148 142
1.254000 1.526000 1.514000 143 148 142
1.207000 1.536000 1.272000 153 155 144
1.410000 1.489000 1.796000 160 161 165
1.239000 1.530000 1.606000 142 147 143
1.209000 1.537000 1.649000 145 149 150
1.126000 1.557000 1.509000 143 145 140
1.173000 1.545000 1.403000 148 154 144
1.283000 1.520000 1.785000 155 158 163
1.117000 1.558000 1.379000 148 150 139
1.239000 1.528000 1.252000 156 153 146
1.368000 1.499000 1.740000 154 153 158
1.240000 1.528000 1.174000 149 152 133
1.285000 1.518000 1.575000 142 147 143
1.157000 1.549000 1.394000 148 156 143
1.304000 1.515000 1.761000 155 156 158
1.332000 1.506000 1.383000 155 157 144
1.230000 1.531000 1.457000 147 152 145
1.142000 1.553000 1.456000 144 149 143
1.104000 1.562000 1.436000 144 149 142
1.034000 1.578000 1.313000 147 147 135
1.261000 1.524000 1.457000 149 154 147
1.187000 1.542000 1.407000 148 154 144
1.155000 1.550000 1.548000 140 146 142
1.367000 1.498000 1.470000 151 154 147
1.283000 1.520000 1.750000 152 156 159
1.220000 1.534000 1.491000 145 152 144
1.375000 1.497000 1.606000 148 148 146
1.231000 1.532000 1.707000 151 152 157
1.239000 1.529000 1.320000 156 158 147
1.135000 1.553000 1.255000 155 152 143
1.403000 1.490000 1.691000 155 155 153
1.280000 1.518000 1.133000 146 151 128
1.272000 1.522000 1.653000 145 147 146
1.140000 1.553000 1.379000 148 151 140
1.255000 1.524000 1.237000 157 155 143
1.255000 1.524000 1.264000 155 155 147
1.135000 1.554000 1.275000 154 152 140
1.164000 1.546000 1.176000 148 150 136
1.302000 1.515000 1.647000 145 147 144
1.209000 1.536000 1.238000 153 155 144
1.032000 1.579000 1.269000 147 147 137
1.278000 1.520000 1.597000 142 147 143
1.055000 1.574000 1.381000 148 147 142
1.419000 1.488000 1.912000 155 156 161
1.203000 1.538000 1.425000 148 155 147
1.234000 1.530000 1.479000 145 152 145
1.294000 1.515000 1.252000 154 154 146
1.135000 1.555000 1.508000 145 147 142
1.319000 1.512000 1.839000 158 159 164
1.398000 1.492000 0.193000 152 147 127
1.403000 1.491000 0.132000 156 149 130
1.416000 1.487000 0.159000 154 149 130
1.395000 1.493000 0.136000 155 148 129
1.235000 1.538000 0.087000 150 142 121
1.389000 1.495000 0.166000 154 147 128
1.317000 1.515000 0.117000 152 144 123
1.378000 1.498000 0.158000 155 147 128
1.426000 1.484000 0.232000 150 145 126
1.277000 1.526000 0.106000 150 144 122
1.428000 1.483000 0.248000 150 144 128
1.302000 1.519000 0.136000 150 144 122
1.307000 1.518000 0.082000 153 147 125
1.235000 1.537000 0.094000 149 141 120
1.333000 1.510000 0.103000 155 147 126
1.365000 1.501000 0.187000 152 145 126
1.412000 1.489000 0.172000 153 146 128
1.434000 1.482000 0.248000 150 144 128
1.258000 1.531000 0.112000 147 141 119
1.354000 1.505000 0.116000 155 147 126
1.312000 1.516000 0.117000 152 144 123
1.337000 1.510000 0.090000 157 149 128
1.386000 1.495000 0.218000 149 144 124
1.349000 1.506000 0.125000 154 146 127
1.244000 1.535000 0.080000 150 142 121
1.323000 1.513000 0.150000 151 143 122
1.303000 1.519000 0.127000 151 143 122
1.355000 1.505000 0.109000 159 148 128
1.431000 1.483000 0.189000 150 147 130
1.218000 1.542000 0.068000 150 142 121
1.411000 1.489000 0.164000 153 146 128
1.520000 1.462000 0.870000 152 156 155
1.533000 1.459000 0.844000 153 158 154
1.533000 1.459000 0.593000 156 157 161
1.545000 1.456000 0.881000 155 157 156
1.642000 1.434000 0.952000 156 157 151
1.375000 1.496000 1.059000 146 150 133
1.582000 1.448000 1.127000 156 158 155
1.666000 1.429000 0.947000 156 159 152
1.471000 1.473000 0.935000 149 151 146
1.450000 1.478000 0.571000 152 151 146
1.597000 1.444000 0.701000 159 160 154
1.351000 1.501000 0.727000 148 153 147
1.366000 1.497000 0.797000 148 151 144
1.574000 1.450000 0.881000 155 157 154
1.315000 1.509000 1.035000 143 151 128
1.608000 1.442000 1.075000 156 158 153
1.437000 1.481000 0.493000 149 146 137
1.702000 1.420000 0.997000 159 160 152
1.504000 1.466000 1.034000 153 154 149
1.683000 1.425000 1.201000 164 165 159
1.502000 1.466000 0.624000 153 154 156
1.503000 1.466000 0.491000 150 150 138
1.337000 1.504000 1.045000 143 153 129
1.430000 1.483000 0.648000 154 154 152
1.659000 1.430000 1.054000 158 159 151
1.592000 1.446000 1.153000 158 160 157
1.317000 1.509000 0.972000 144 149 127
1.441000 1.480000 0.997000 148 152 138
1.478000 1.472000 1.029000 151 154 147
1.660000 1.430000 1.123000 160 161 155
1.496000 1.468000 1.048000 150 152 147
1.692000 1.423000 1.123000 160 163 156
1.410000 1.487000 0.587000 147 147 137
1.431000 1.482000 0.819000 151 153 148
1.624000 1.438000 0.895000 157 160 153
1.642000 1.434000 0.849000 157 159 154
1.436000 1.481000 0.639000 153 153 151
1.459000 1.476000 0.819000 150 155 149
1.382000 1.494000 0.938000 147 151 136
1.594000 1.445000 0.874000 156 161 155
1.321000 1.508000 0.948000 145 150 128
1.528000 1.460000 0.981000 152 153 155
1.570000 1.451000 1.041000 154 156 153
1.650000 1.432000 1.117000 160 161 155
1.369000 1.497000 0.894000 147 151 136
1.491000 1.469000 1.013000 152 153 148
1.504000 1.466000 0.457000 150 148 135
1.654000 1.431000 1.004000 157 158 152
1.367000 1.497000 0.785000 150 153 146
1.493000 1.468000 0.512000 152 149 142
1.405000 1.489000 0.942000 147 151 137
1.774000 1.404000 1.169000 161 162 157
1.629000 1.437000 0.803000 159 162 155
1.517000 1.463000 1.044000 152 153 148
1.505000 1.465000 0.520000 150 149 145
1.387000 1.493000 0.786000 149 154 147
1.605000 1.443000 0.752000 158 161 154
1.489000 1.469000 0.726000 155 153 154
1.445000 1.480000 1.015000 148 152 138
1.310000 1.510000 1.021000 142 150 126
1.550000 1.455000 0.911000 153 155 154
1.662000 1.429000 0.945000 156 159 152
1.374000 1.496000 0.633000 151 152 144
1.557000 1.454000 0.609000 155 157 156
1.350000 1.501000 1.013000 146 149 130
1.650000 1.432000 0.850000 158 160 155
1.406000 1.488000 0.980000 147 149 136
1.382000 1.494000 0.595000 148 148 138
1.443000 1.480000 0.668000 155 155 153
1.460000 1.476000 0.848000 148 153 147
1.492000 1.469000 1.000000 151 152 146
1.462000 1.476000 1.020000 151 152 144
1.471000 1.473000 0.563000 155 153 154
1.396000 1.491000 0.783000 149 154 147
1.449000 1.478000 0.782000 151 156 150
1.467000 1.474000 0.584000 154 154 152
1.505000 1.465000 0.496000 150 150 138
1.408000 1.488000 0.965000 147 149 136
1.415000 1.486000 0.752000 151 156 150
1.372000 1.496000 0.870000 147 150 139
1.687000 1.424000 1.027000 158 159 151
1.440000 1.481000 0.786000 150 157 150
1.487000 1.470000 0.634000 154 154 154
1.671000 1.427000 0.925000 156 159 152
1.504000 1.466000 0.529000 153 154 149
1.627000 1.438000 0.935000 155 158 151
1.581000 1.448000 1.046000 154 156 151
1.501000 1.466000 0.839000 151 156 152
1.742000 1.411000 1.102000 161 162 154
1.488000 1.470000 0.811000 152 157 151
1.402000 1.489000 0.985000 148 150 136
1.677000 1.426000 1.011000 158 159 151
1.487000 1.470000 0.759000 154 154 152
1.720000 1.416000 1.056000 158 160 149
1.553000 1.455000 1.018000 152 154 153
1.446000 1.479000 1.099000 151 152 144
1.389000 1.492000 0.682000 150 155 151
1.620000 1.439000 0.766000 154 157 148
1.679000 1.426000 0.943000 156 159 152
1.640000 1.435000 0.943000 155 158 151
1.499000 1.467000 0.484000 150 151 137
1.475000 1.472000 0.497000 151 148 141
1.482000 1.471000 0.932000 150 152 147
1.391000 1.492000 0.775000 150 155 148
1.362000 1.498000 1.039000 144 152 131
1.405000 1.489000 0.880000 148 151 142
1.674000 1.427000 1.012000 158 159 151
1.488000 1.469000 0.488000 152 150 138
1.423000 1.484000 0.588000 146 146 136
1.645000 1.433000 0.960000 156 157 151
1.432000 1.482000 0.969000 147 150 139
1.343000 1.503000 0.824000 148 151 140
1.530000 1.460000 0.753000 157 157 157
1.458000 1.476000 0.563000 150 149 144
1.463000 1.475000 0.951000 150 152 147
1.320000 1.508000 0.926000 147 152 132
1.659000 1.430000 1.091000 157 160 153
1.578000 1.449000 0.894000 156 158 155
1.472000 1.473000 1.100000 151 152 146
1.375000 1.496000 1.089000 147 151 134
1.521000 1.462000 0.723000 155 157 156
1.370000 1.497000 0.710000 148 155 148
1.359000 1.499000 1.004000 144 148 131
1.732000 1.414000 1.100000 161 162 154
1.504000 1.466000 0.590000 152 154 153
1.499000 1.467000 1.086000 153 154 148
1.766000 1.406000 1.217000 163 163 163
1.547000 1.456000 0.747000 155 157 154
1.433000 1.482000 0.712000 151 155 154
1.460000 1.476000 1.098000 151 152 144
1.598000 1.444000 1.014000 155 157 152
1.416000 1.486000 0.940000 148 152 138
1.546000 1.456000 0.971000 153 155 154
1.460000 1.476000 0.546000 149 149 139
1.394000 1.491000 0.579000 146 146 134
1.589000 1.446000 0.733000 157 159 158
1.587000 1.447000 0.817000 158 160 155
1.685000 1.424000 0.972000 158 159 151
1.521000 1.462000 0.653000 153 157 156
1.392000 1.491000 0.841000 149 152 143
1.656000 1.431000 0.904000 156 159 152
1.441000 1.480000 0.553000 149 149 139
1.589000 1.446000 0.918000 156 158 155
1.363000 1.498000 0.772000 149 152 145
1.679000 1.426000 0.954000 158 159 151
1.413000 1.487000 0.620000 153 152 147
1.416000 1.486000 1.044000 146 150 135
1.543000 1.457000 1.029000 154 155 157
1.512000 1.464000 1.082000 153 154 149
1.564000 1.452000 0.873000 154 159 155
1.584000 1.448000 1.023000 152 157 153
1.537000 1.458000 0.602000 155 156 158
1.527000 1.461000 1.035000 154 154 154
1.378000 1.495000 0.959000 146 150 133
1.601000 1.444000 0.911000 156 159 152
1.606000 1.442000 0.885000 155 160 154
1.496000 1.468000 0.898000 152 154 149
1.678000 1.426000 1.017000 157 158 150
1.365000 1.498000 0.970000 144 151 133
1.426000 1.484000 0.515000 150 149 131
1.733000 1.413000 1.135000 162 163 155
1.451000 1.478000 1.092000 151 152 144
1.723000 1.416000 1.157000 162 163 157
1.583000 1.448000 0.754000 157 159 154
1.367000 1.497000 0.982000 145 149 132
1.486000 1.470000 0.580000 153 155 152
1.416000 1.486000 0.835000 150 152 147
1.486000 1.470000 0.634000 154 154 154
1.688000 1.424000 1.210000 166 167 162
1.365000 1.498000 0.746000 151 154 147
1.382000 1.494000 0.592000 148 148 138
1.639000 1.435000 0.921000 156 159 152
1.670000 1.428000 1.070000 159 160 154
1.361000 1.499000 0.924000 146 150 135
1.540000 1.457000 0.719000 155 157 156
1.595000 1.445000 0.707000 159 160 154
1.357000 1.500000 1.043000 142 151 130
1.398000 1.490000 0.774000 149 154 147
1.372000 1.496000 0.872000 147 151 137
1.505000 1.466000 0.954000 151 153 150
1.487000 1.470000 0.667000 154 154 154
1.754000 1.408000 1.121000 160 161 153
1.549000 1.455000 0.944000 154 156 155
1.316000 1.509000 1.052000 143 151 128
1.481000 1.471000 1.020000 152 153 147
1.441000 1.480000 1.029000 148 151 140
1.403000 1.489000 0.613000 148 148 138
1.386000 1.493000 0.615000 144 144 136
1.465000 1.475000 1.056000 149 152 143
1.428000 1.483000 0.746000 150 155 151
1.491000 1.469000 0.529000 150 152 139
1.602000 1.443000 1.100000 158 158 156
1.554000 1.454000 0.646000 156 158 157
1.556000 1.454000 0.938000 154 156 155
1.402000 1.489000 0.575000 147 147 135
1.448000 1.479000 0.939000 149 152 145
1.683000 1.425000 1.007000 159 160 152
1.397000 1.490000 0.643000 153 154 149
1.675000 1.427000 1.025000 158 159 151
1.551000 1.455000 1.031000 154 156 155
1.622000 1.439000 1.102000 159 160 155
1.627000 1.438000 0.780000 159 161 156
1.586000 1.447000 0.934000 155 157 154
1.675000 1.427000 0.922000 157 160 153
1.432000 1.482000 0.620000 155 154 150
1.523000 1.461000 0.574000 154 155 159
1.724000 1.415000 1.177000 162 165 158
1.317000 1.509000 0.948000 145 150 128
1.582000 1.448000 1.170000 158 160 157
1.422000 1.485000 0.659000 153 155 152
1.522000 1.462000 0.858000 152 157 153
1.448000 1.479000 1.084000 151 152 144
1.607000 1.442000 1.101000 157 158 153
1.433000 1.482000 1.109000 150 152 139
1.470000 1.474000 0.875000 151 153 148
1.410000 1.487000 1.064000 148 152 137
1.450000 1.478000 1.105000 151 152 144
1.491000 1.469000 0.897000 152 154 149
1.472000 1.473000 0.901000 150 152 147
1.641000 1.435000 1.170000 161 163 158
1.511000 1.464000 0.679000 154 156 155
1.441000 1.480000 0.286000 151 145 133
1.635000 1.436000 1.014000 156 157 151
1.457000 1.477000 1.021000 150 152 141
1.440000 1.480000 0.535000 148 148 136
1.437000 1.481000 1.015000 150 152 139
1.493000 1.468000 0.906000 150 155 149
1.518000 1.463000 0.621000 152 156 157
1.562000 1.453000 0.971000 155 157 154
1.506000 1.465000 0.540000 152 152 152
1.429000 1.483000 1.015000 149 151 138
1.526000 1.461000 0.662000 155 155 155
1.690000 1.423000 1.005000 159 160 152
1.474000 1.473000 0.614000 154 154 152
1.439000 1.481000 0.395000 153 145 132
1.581000 1.448000 1.083000 156 158 153
1.453000 1.477000 0.753000 151 155 154
1.461000 1.475000 0.399000 150 147 132
1.668000 1.428000 0.957000 158 159 153
1.345000 1.502000 0.960000 143 151 128
1.380000 1.494000 0.669000 151 153 150
1.656000 1.431000 0.956000 157 158 152
1.369000 1.497000 0.954000 144 151 133
1.402000 1.489000 0.622000 155 154 149
1.620000 1.439000 1.039000 157 158 153
1.549000 1.456000 1.110000 155 156 158
1.754000 1.409000 1.217000 163 163 163
1.583000 1.448000 1.028000 152 157 153
1.610000 1.441000 0.977000 156 157 152
1.497000 1.467000 0.694000 151 155 154
1.551000 1.455000 0.941000 155 157 156
1.599000 1.444000 1.071000 156 158 153
1.516000 1.463000 1.111000 153 155 154
1.507000 1.465000 0.883000 153 155 152
1.505000 1.466000 1.131000 155 156 151
1.465000 1.475000 0.683000 154 154 154
1.705000 1.420000 1.003000 159 160 152
1.339000 1.504000 0.901000 147 151 134
1.642000 1.434000 1.095000 158 159 153
1.717000 1.417000 1.171000 163 166 159
1.482000 1.471000 0.738000 154 156 155
1.411000 1.487000 0.604000 149 149 141
1.644000 1.434000 1.190000 163 164 159
1.318000 1.509000 0.923000 146 151 131
1.671000 1.427000 1.131000 161 162 156
1.394000 1.491000 0.606000 145 145 135
1.362000 1.498000 0.850000 148 152 138
1.544000 1.457000 0.718000 156 158 157
1.424000 1.484000 0.551000 147 147 137
1.623000 1.439000 0.885000 155 160 153
1.450000 1.478000 0.685000 154 154 152
1.682000 1.425000 1.179000 163 164 158
1.536000 1.458000 0.689000 155 157 156
1.457000 1.477000 0.509000 148 148 136
1.450000 1.478000 0.900000 150 153 144
1.594000 1.445000 0.827000 158 160 155
1.548000 1.456000 0.956000 154 156 155
1.342000 1.503000 0.973000 144 149 129
1.728000 1.414000 1.070000 159 161 150
1.421000 1.485000 0.558000 147 147 137
1.479000 1.471000 0.453000 148 149 133
1.362000 1.498000 1.013000 145 149 132
1.418000 1.485000 0.451000 150 146 134
1.741000 1.412000 1.227000 165 165 165
1.421000 1.485000 0.654000 153 155 152
1.451000 1.478000 0.515000 149 149 137
1.520000 1.462000 1.035000 153 153 151
1.398000 1.490000 1.003000 147 149 135
1.471000 1.474000 0.923000 149 151 146
1.646000 1.433000 1.082000 157 160 153
1.704000 1.420000 1.208000 165 166 161
1.399000 1.490000 0.824000 149 151 146
1.499000 1.467000 0.455000 150 148 135
1.475000 1.473000 0.696000 153 155 154
1.479000 1.472000 1.033000 151 154 145
1.464000 1.475000 0.827000 149 154 148
1.699000 1.421000 1.111000 161 162 154
1.503000 1.466000 0.613000 154 156 155
1.506000 1.465000 0.535000 153 153 151
1.635000 1.436000 0.876000 157 160 153
1.426000 1.484000 0.853000 150 152 147
1.476000 1.472000 0.637000 154 154 154
1.653000 1.432000 1.061000 159 160 152
1.578000 1.449000 0.937000 155 157 156
1.514000 1.464000 0.801000 153 158 152
1.449000 1.478000 0.751000 150 154 153
1.441000 1.480000 0.610000 153 156 149
1.415000 1.486000 0.667000 152 154 151
1.427000 1.483000 0.526000 150 148 136
1.437000 1.481000 0.598000 155 155 147
1.502000 1.466000 0.497000 150 150 140
1.663000 1.429000 1.074000 158 161 154
1.529000 1.460000 0.562000 156 157 159
1.594000 1.445000 1.056000 156 158 153
1.401000 1.489000 0.702000 150 155 151
1.379000 1.495000 1.026000 144 151 133
1.508000 1.465000 0.670000 154 156 155
1.416000 1.486000 0.423000 147 147 135
1.682000 1.425000 1.171000 163 164 158
1.465000 1.475000 0.407000 152 146 132
1.531000 1.460000 0.909000 151 156 150
1.649000 1.433000 1.130000 160 161 155
1.501000 1.466000 0.469000 149 150 136
1.587000 1.457000 0.135000 163 157 141
1.674000 1.444000 0.076000 163 162 144
1.599000 1.456000 0.125000 163 160 143
1.576000 1.459000 0.135000 164 158 142
1.458000 1.480000 0.092000 160 155 136
1.484000 1.476000 0.077000 166 161 141
1.599000 1.456000 0.079000 164 161 142
1.527000 1.467000 0.153000 162 155 137
1.523000 1.469000 0.108000 164 159 139
1.550000 1.464000 0.087000 166 161 142
1.572000 1.460000 0.159000 163 160 145
1.686000 1.442000 0.059000 162 159 144
1.458000 1.479000 0.166000 154 151 132
1.544000 1.465000 0.107000 163 158 138
1.677000 1.443000 0.085000 161 160 142
1.561000 1.462000 0.141000 165 159 143
1.618000 1.453000 0.108000 163 160 143
1.509000 1.472000 0.066000 164 159 139
1.522000 1.469000 0.110000 163 158 139
1.602000 1.456000 0.091000 164 161 142
1.497000 1.471000 0.227000 154 148 136
1.624000 1.452000 0.059000 161 158 141
1.522000 1.468000 0.146000 162 155 139
1.602000 1.455000 0.145000 164 158 142
1.616000 1.454000 0.063000 161 158 139
1.538000 1.466000 0.086000 162 157 137
1.607000 1.455000 0.104000 162 159 140
1.760000 1.429000 0.059000 160 158 143
1.519000 1.468000 0.169000 159 154 135
1.633000 1.450000 0.127000 162 159 142
1.440000 1.481000 0.195000 150 147 130
1.563000 1.462000 0.101000 166 161 142
1.653000 1.447000 0.077000 160 157 140
1.648000 1.448000 0.075000 160 157 140
1.511000 1.471000 0.110000 163 158 139
1.541000 1.466000 0.064000 164 162 141
1.648000 1.448000 0.086000 162 159 144
1.443000 1.483000 0.074000 162 157 137
1.685000 1.441000 0.096000 162 161 143
1.456000 1.480000 0.109000 162 154 135
1.661000 1.446000 0.061000 162 159 142
1.726000 1.435000 0.061000 160 157 142
1.576000 1.459000 0.144000 164 158 142
1.528000 1.467000 0.139000 164 156 143
1.449000 1.480000 0.160000 154 151 132
1.638000 1.449000 0.137000 159 156 141
1.495000 1.473000 0.146000 161 154 135
1.524000 1.468000 0.132000 165 158 140
1.606000 1.455000 0.109000 162 159 142
1.704000 1.438000 0.095000 156 155 135
1.641000 1.448000 0.116000 161 158 141
1.651000 1.447000 0.130000 157 154 139
1.545000 1.465000 0.113000 165 160 140
1.512000 1.470000 0.170000 158 153 134
1.452000 1.480000 0.133000 159 153 131
1.651000 1.448000 0.059000 162 159 142
1.450000 1.480000 0.138000 156 154 131
1.542000 1.466000 0.074000 162 160 139
1.440000 1.482000 0.136000 154 154 130
1.436000 1.483000 0.107000 161 155 133
1.554000 1.464000 0.104000 166 161 142
1.577000 1.460000 0.064000 164 162 141
1.503000 1.473000 0.059000 163 158 138
1.448000 1.480000 0.219000 148 147 129
1.449000 1.482000 0.061000 161 156 137
1.452000 1.479000 0.198000 150 147 130
1.643000 1.423000 1.927000 170 170 172
1.696000 1.412000 1.755000 168 169 164
1.643000 1.432000 1.780000 169 169 167
1.690000 1.423000 1.599000 156 157 152
1.668000 1.429000 1.662000 156 157 151
1.756000 1.408000 1.408000 165 166 158
1.746000 1.406000 1.517000 156 157 149
1.727000 1.412000 1.545000 156 157 149
1.680000 1.415000 1.822000 173 173 171
1.737000 1.410000 1.516000 155 156 148
1.630000 1.437000 1.779000 168 168 166
1.597000 1.446000 1.854000 169 169 171
1.768000 1.404000 1.396000 164 165 157
1.697000 1.414000 1.707000 168 168 160
1.695000 1.416000 1.686000 159 158 153
1.702000 1.414000 1.685000 158 157 152
1.682000 1.420000 1.713000 169 169 157
1.728000 1.413000 1.516000 154 155 147
1.658000 1.427000 1.763000 168 169 164
1.659000 1.418000 1.900000 171 171 171
1.668000 1.422000 1.779000 170 170 168
1.639000 1.429000 1.849000 171 171 173
1.642000 1.425000 1.908000 171 171 173
1.632000 1.431000 1.879000 171 171 173
1.661000 1.429000 1.704000 166 167 159
1.679000 1.426000 1.629000 157 156 152
1.734000 1.413000 1.476000 157 160 151
1.715000 1.409000 1.680000 157 158 153
1.675000 1.425000 1.684000 156 155 150
1.774000 1.404000 1.359000 169 166 161
1.730000 1.413000 1.510000 154 155 147
1.673000 1.424000 1.703000 168 169 161
1.655000 1.421000 1.877000 172 172 172
1.776000 1.404000 1.349000 168 165 158
1.623000 1.439000 1.801000 168 168 166
1.690000 1.416000 1.725000 168 169 161
1.601000 1.441000 1.915000 167 166 171
1.680000 1.426000 1.623000 156 155 151
1.597000 1.445000 1.874000 170 169 174
1.625000 1.438000 1.794000 168 168 166
1.751000 1.404000 1.508000 156 159 150
1.751000 1.405000 1.503000 156 159 150
1.676000 1.418000 1.789000 171 171 169
1.681000 1.417000 1.770000 169 169 167
1.650000 1.430000 1.768000 169 169 167
1.756000 1.408000 1.411000 164 167 158
1.752000 1.408000 1.449000 161 164 155
1.722000 1.413000 1.556000 157 158 150
1.650000 1.425000 1.848000 172 172 172
1.661000 1.429000 1.700000 164 165 159
1.677000 1.414000 1.844000 173 173 171
1.739000 1.407000 1.539000 157 158 150
1.669000 1.427000 1.681000 157 156 152
1.644000 1.429000 1.829000 170 170 170
1.722000 1.417000 1.457000 159 162 151
1.454000 1.479000 1.648000 153 153 151
1.521000 1.464000 1.906000 162 161 167
1.401000 1.490000 1.369000 155 157 154
1.426000 1.485000 1.662000 154 155 150
1.408000 1.489000 1.601000 151 152 147
1.572000 1.451000 1.299000 159 159 157
1.434000 1.483000 1.746000 157 157 157
1.582000 1.449000 1.795000 166 168 167
1.390000 1.493000 1.549000 151 152 147
1.603000 1.443000 1.305000 160 160 158
1.674000 1.428000 1.621000 154 155 149
1.528000 1.462000 1.768000 162 162 162
1.691000 1.423000 1.273000 165 165 163
1.642000 1.435000 1.450000 156 157 149
1.415000 1.487000 1.398000 155 156 151
1.729000 1.415000 1.466000 159 162 153
1.440000 1.481000 1.182000 152 155 146
1.436000 1.483000 1.677000 154 154 152
1.346000 1.503000 1.282000 153 156 149
1.729000 1.414000 1.255000 166 165 163
1.637000 1.436000 1.288000 161 161 159
1.485000 1.471000 1.535000 155 155 153
1.649000 1.434000 1.643000 156 157 151
1.559000 1.455000 1.698000 158 158 156
1.439000 1.481000 1.261000 154 156 151
1.416000 1.486000 1.230000 152 155 146
1.469000 1.476000 1.885000 159 160 164
1.492000 1.470000 1.753000 159 159 159
1.368000 1.497000 1.178000 151 155 141
1.654000 1.432000 1.489000 153 154 146
1.687000 1.424000 1.421000 165 162 153
1.495000 1.470000 1.853000 163 162 167
1.667000 1.429000 1.280000 161 163 160
1.472000 1.474000 1.269000 155 157 154
1.714000 1.418000 1.336000 165 166 161
1.454000 1.478000 1.440000 154 156 151
1.416000 1.487000 1.315000 156 159 152
1.503000 1.467000 1.701000 156 155 153
1.571000 1.451000 1.580000 160 161 155
1.460000 1.477000 1.622000 155 156 151
1.370000 1.498000 1.426000 153 155 152
1.444000 1.481000 1.638000 153 153 151
1.719000 1.417000 1.272000 166 165 161
1.520000 1.463000 1.352000 159 161 158
1.782000 1.402000 1.306000 164 165 151
1.373000 1.497000 1.452000 153 156 149
1.620000 1.440000 1.474000 156 157 149
1.525000 1.462000 1.431000 158 159 154
1.517000 1.463000 1.255000 156 158 155
1.498000 1.468000 1.325000 160 161 155
1.559000 1.455000 1.684000 159 158 154
1.436000 1.482000 1.465000 154 155 150
1.451000 1.480000 1.713000 157 157 155
1.638000 1.435000 1.256000 162 162 160
1.494000 1.469000 1.215000 155 156 148
1.608000 1.443000 1.553000 163 163 155
1.666000 1.429000 1.275000 161 163 160
1.719000 1.417000 1.492000 153 156 147
1.607000 1.443000 1.698000 160 161 156
1.462000 1.476000 1.181000 152 155 146
1.474000 1.473000 1.439000 156 158 153
1.456000 1.477000 1.280000 157 158 152
1.448000 1.479000 1.235000 154 157 148
1.508000 1.465000 1.369000 158 158 156
1.560000 1.455000 1.913000 164 163 171
1.493000 1.470000 1.910000 158 159 163
1.666000 1.430000 1.565000 154 153 148
1.531000 1.461000 1.623000 157 158 152
1.496000 1.468000 1.202000 155 157 146
1.732000 1.414000 1.300000 166 165 161
1.492000 1.470000 1.837000 162 161 167
1.493000 1.470000 1.829000 161 160 166
1.431000 1.483000 1.233000 153 156 147
1.548000 1.457000 1.594000 157 158 152
1.591000 1.446000 1.190000 156 159 152
1.581000 1.449000 1.681000 158 159 154
1.574000 1.451000 1.788000 164 166 165
1.614000 1.442000 1.764000 167 166 164
1.553000 1.456000 1.565000 159 160 154
1.536000 1.460000 1.628000 156 157 151
1.609000 1.443000 1.565000 164 164 156
1.461000 1.477000 1.778000 161 160 165
1.581000 1.449000 1.400000 161 162 157
1.494000 1.469000 1.373000 158 158 156
1.516000 1.465000 1.896000 163 162 168
1.502000 1.468000 1.867000 163 162 167
1.737000 1.413000 1.447000 161 164 153
1.440000 1.482000 1.765000 159 160 162
1.513000 1.465000 1.753000 160 160 160
1.444000 1.480000 1.173000 152 155 146
1.622000 1.440000 1.507000 151 154 147
1.458000 1.478000 1.626000 155 156 151
1.506000 1.467000 1.580000 157 156 151
1.647000 1.434000 1.582000 154 157 150
1.383000 1.494000 1.291000 154 156 151
1.459000 1.478000 1.798000 161 162 166
1.427000 1.485000 1.523000 153 154 148
1.508000 1.466000 1.558000 157 158 152
1.497000 1.469000 1.683000 156 155 153
1.759000 1.408000 1.365000 168 165 158
1.693000 1.423000 1.338000 163 164 159
1.407000 1.489000 1.257000 153 158 151
1.771000 1.405000 1.299000 164 164 156
1.444000 1.481000 1.656000 155 154 152
1.684000 1.425000 1.449000 158 160 149
1.402000 1.490000 1.217000 152 155 146
1.590000 1.447000 1.436000 161 162 157
1.669000 1.428000 1.318000 161 161 159
1.486000 1.471000 1.498000 156 157 151
1.754000 1.409000 1.337000 168 165 158
1.402000 1.490000 1.542000 149 151 146
1.654000 1.431000 1.209000 163 164 158
1.555000 1.454000 1.202000 157 158 152
1.614000 1.441000 1.323000 161 162 157
1.637000 1.436000 1.466000 155 156 148
1.396000 1.491000 1.317000 158 159 153
1.328000 1.507000 1.208000 152 156 142
1.580000 1.449000 1.541000 164 161 154
1.516000 1.463000 1.149000 156 156 154
1.413000 1.487000 1.170000 151 154 143
1.501000 1.467000 1.345000 158 160 157
1.588000 1.447000 1.504000 161 161 153
1.375000 1.496000 1.397000 153 155 150
1.507000 1.466000 1.724000 158 158 158
1.711000 1.419000 1.367000 164 165 159
1.479000 1.472000 1.508000 155 156 151
1.585000 1.448000 1.548000 162 162 154
1.744000 1.411000 1.297000 165 164 160
1.381000 1.494000 1.257000 152 157 150
1.380000 1.494000 1.135000 150 153 144
1.510000 1.465000 1.184000 153 156 149
1.417000 1.487000 1.627000 153 154 149
1.490000 1.470000 1.319000 160 161 155
1.610000 1.443000 1.639000 162 161 156
1.719000 1.417000 1.271000 166 165 161
1.515000 1.465000 1.665000 157 156 154
1.690000 1.424000 1.508000 151 154 145
1.746000 1.411000 1.418000 163 166 155
1.586000 1.447000 1.229000 158 159 154
1.554000 1.455000 1.539000 159 158 153
1.510000 1.466000 1.532000 156 157 151
1.723000 1.416000 1.366000 163 166 159
1.526000 1.462000 1.796000 162 163 165
1.395000 1.492000 1.432000 154 155 150
1.478000 1.473000 1.827000 165 164 169
1.510000 1.466000 1.773000 162 162 164
1.465000 1.475000 1.381000 156 156 154
1.476000 1.474000 1.812000 163 164 168
1.593000 1.446000 1.267000 159 159 157
1.561000 1.453000 1.263000 158 158 158
1.419000 1.486000 1.281000 155 157 152
1.628000 1.438000 1.470000 155 156 148
1.541000 1.457000 1.194000 156 157 149
1.497000 1.468000 1.237000 156 157 151
1.383000 1.495000 1.518000 150 153 146
1.592000 1.447000 1.721000 159 159 157
1.508000 1.466000 1.396000 159 159 157
1.763000 1.407000 1.318000 164 164 154
1.509000 1.466000 1.897000 161 160 166
1.532000 1.460000 1.222000 157 158 150
1.458000 1.477000 1.182000 152 155 146
1.342000 1.503000 1.177000 153 155 142
1.668000 1.429000 1.400000 167 164 157
1.447000 1.481000 1.811000 161 162 166
1.646000 1.433000 1.215000 161 162 156
1.451000 1.478000 1.328000 157 160 153
1.525000 1.462000 1.577000 157 156 151
1.776000 1.404000 1.346000 168 165 156
1.379000 1.495000 1.243000 153 156 147
1.572000 1.451000 1.313000 160 161 156
1.580000 1.449000 1.467000 160 161 156
1.403000 1.490000 1.518000 151 152 146
1.579000 1.450000 1.627000 160 160 152
1.356000 1.500000 1.187000 151 154 143
1.486000 1.471000 1.370000 158 158 156
1.527000 1.462000 1.586000 158 157 152
1.705000 1.420000 1.505000 152 153 145
1.691000 1.423000 1.279000 165 165 163
1.650000 1.433000 1.335000 162 163 157
1.552000 1.455000 1.221000 157 158 150
1.522000 1.463000 1.731000 157 157 157
1.580000 1.449000 1.366000 161 162 157
1.510000 1.466000 1.826000 163 162 168
1.559000 1.453000 1.195000 157 158 152
1.566000 1.453000 1.700000 158 159 154
1.439000 1.482000 1.726000 155 155 155
1.620000 1.440000 1.324000 161 162 157
1.384000 1.494000 1.115000 151 154 145
1.396000 1.492000 1.512000 152 153 147
1.613000 1.442000 1.578000 162 163 157
1.495000 1.469000 1.748000 158 158 158
1.501000 1.467000 1.190000 155 157 146
1.735000 1.413000 1.277000 166 165 161
1.301000 1.513000 1.104000 145 150 128
1.480000 1.473000 1.795000 162 163 167
1.675000 1.427000 1.450000 156 158 147
1.466000 1.476000 1.534000 154 154 152
1.459000 1.478000 1.871000 160 160 162
1.622000 1.440000 1.759000 167 166 162
1.528000 1.461000 1.201000 156 158 147
1.642000 1.435000 1.696000 164 163 158
1.563000 1.454000 1.701000 158 158 156
1.444000 1.480000 1.337000 156 159 152
1.532000 1.461000 1.718000 158 158 158
1.726000 1.415000 1.413000 161 167 153
1.612000 1.442000 1.468000 156 157 151
1.517000 1.464000 1.537000 157 158 152
1.496000 1.469000 1.588000 155 154 149
1.436000 1.483000 1.633000 153 154 149
1.554000 1.456000 1.707000 158 158 156
1.660000 1.431000 1.590000 154 155 149
1.659000 1.431000 1.434000 158 159 151
1.386000 1.494000 1.331000 157 158 153
1.446000 1.480000 1.332000 157 160 153
1.425000 1.485000 1.514000 153 154 148
1.502000 1.467000 1.180000 153 156 147
1.423000 1.486000 1.614000 152 153 147
1.641000 1.435000 1.249000 162 162 160
1.540000 1.459000 1.511000 158 157 152
1.545000 1.457000 1.584000 157 158 152
1.511000 1.466000 1.873000 163 162 168
1.684000 1.425000 1.307000 161 161 159
1.604000 1.444000 1.800000 168 168 168
1.498000 1.469000 1.786000 161 162 164
1.550000 1.457000 1.882000 166 165 171
1.646000 1.434000 1.353000 163 164 158
1.451000 1.479000 1.564000 153 154 149
1.508000 1.465000 1.332000 160 161 155
1.375000 1.496000 1.179000 152 156 142
1.673000 1.428000 1.325000 161 161 159
1.503000 1.467000 1.618000 156 155 150
1.348000 1.502000 1.281000 153 156 149
1.604000 1.444000 1.652000 160 161 155
1.467000 1.475000 1.417000 156 157 152
1.521000 1.463000 1.699000 159 155 154
1.568000 1.452000 1.392000 160 161 156
1.434000 1.484000 1.752000 157 157 159
1.410000 1.488000 1.235000 153 156 147
1.457000 1.478000 1.822000 163 162 167
1.712000 1.418000 1.392000 164 165 159
1.529000 1.461000 1.509000 157 158 152
1.379000 1.495000 1.277000 154 156 151
1.436000 1.482000 1.191000 152 155 144
1.587000 1.447000 1.270000 159 159 159
1.598000 1.445000 1.217000 159 160 154
1.521000 1.463000 1.606000 158 157 152
1.669000 1.428000 1.326000 161 161 159
1.471000 1.474000 1.184000 152 155 146
1.467000 1.476000 1.761000 158 158 160
1.421000 1.486000 1.645000 153 154 149
1.420000 1.486000 1.668000 154 155 150
1.751000 1.409000 1.281000 164 165 160
1.704000 1.421000 1.513000 153 154 146
1.364000 1.499000 1.362000 154 156 151
1.427000 1.485000 1.647000 153 154 149
1.484000 1.471000 1.214000 154 155 147
1.451000 1.479000 1.390000 157 158 153
1.508000 1.466000 1.668000 156 154 155
1.564000 1.453000 1.583000 160 161 155
1.633000 1.436000 1.242000 161 162 156
1.659000 1.431000 1.481000 154 156 145
1.448000 1.480000 1.615000 152 153 147
1.509000 1.467000 1.917000 160 161 166
1.613000 1.441000 1.392000 162 162 160
1.591000 1.447000 1.585000 161 162 156
1.560000 1.454000 1.333000 160 160 160
1.522000 1.463000 1.828000 165 164 170
1.401000 1.491000 1.473000 153 154 149
1.755000 1.409000 1.401000 164 165 157
1.751000 1.409000 1.278000 164 165 160
1.673000 1.427000 1.314000 161 161 159
1.542000 1.458000 1.317000 160 161 156
1.464000 1.476000 1.306000 157 159 154
1.633000 1.436000 1.216000 160 161 155
1.502000 1.468000 1.871000 162 161 166
1.644000 1.434000 1.352000 163 164 158
1.604000 1.444000 1.574000 162 163 157
1.463000 1.475000 1.191000 152 155 144
1.722000 1.416000 1.229000 164 164 164
1.585000 1.448000 1.489000 160 161 156
1.590000 1.446000 1.209000 157 160 153
1.455000 1.478000 1.477000 155 155 147
1.557000 1.454000 1.426000 160 161 156
1.458000 1.478000 1.862000 161 161 163
1.594000 1.445000 1.265000 159 159 157
1.750000 1.410000 1.379000 167 167 159
1.404000 1.490000 1.360000 156 157 152
1.677000 1.427000 1.380000 164 165 157
1.776000 1.404000 1.344000 168 165 156
1.373000 1.497000 1.384000 154 156 151
1.480000 1.473000 1.670000 154 154 154
1.530000 1.461000 1.799000 162 163 167
1.393000 1.492000 1.199000 151 154 143
1.666000 1.430000 1.508000 151 154 145
1.535000 1.460000 1.762000 162 162 162
1.440000 1.482000 1.710000 155 155 153
1.553000 1.455000 1.417000 159 160 155
1.420000 1.485000 1.203000 152 155 144
1.552000 1.456000 1.764000 162 162 162
1.401000 1.490000 1.289000 154 156 151
1.549000 1.456000 1.456000 159 160 154
1.406000 1.488000 1.108000 149 151 138
1.514000 1.464000 1.286000 158 159 154
1.466000 1.475000 1.372000 157 157 155
1.574000 1.450000 1.236000 157 158 152
1.590000 1.447000 1.627000 161 160 155
1.454000 1.479000 1.748000 157 157 159
1.572000 1.451000 1.470000 160 161 156
1.526000 1.462000 1.466000 158 159 153
1.407000 1.489000 1.622000 152 153 148
1.424000 1.486000 1.673000 154 154 152
1.565000 1.452000 1.321000 160 161 156
1.525000 1.461000 1.229000 156 157 149
1.394000 1.491000 1.175000 153 157 143
1.652000 1.432000 1.391000 164 163 158
1.560000 1.453000 1.199000 157 158 152
1.554000 1.456000 1.764000 162 162 162
1.642000 1.435000 1.326000 161 161 159
1.487000 1.470000 1.147000 154 155 147
1.526000 1.462000 1.567000 157 158 152
1.520000 1.463000 1.477000 157 158 152
1.456000 1.478000 1.772000 160 159 164
1.413000 1.487000 1.377000 156 156 154
1.715000 1.418000 1.318000 167 166 161
1.476000 1.473000 1.411000 157 158 153
1.427000 1.485000 1.720000 156 156 154
1.545000 1.458000 1.820000 165 164 170
1.573000 1.452000 1.799000 165 166 168
1.576000 1.450000 1.318000 160 161 156
1.442000 1.481000 1.527000 154 155 150
1.453000 1.479000 1.529000 153 154 149
1.724000 1.416000 1.274000 167 166 162
1.451000 1.479000 1.361000 155 157 152
1.497000 1.469000 1.550000 154 157 150
1.657000 1.432000 1.645000 155 156 150
1.515000 1.463000 1.164000 154 155 149
1.468000 1.474000 1.205000 153 156 145
1.477000 1.474000 1.879000 161 160 165
1.402000 1.490000 1.586000 151 152 147
1.536000 1.460000 1.732000 158 158 158
1.578000 1.450000 1.536000 163 160 153
1.539000 1.459000 1.489000 157 158 152
1.406000 1.489000 1.433000 154 155 150
1.417000 1.487000 1.578000 152 153 148
1.734000 1.414000 1.407000 163 166 157
1.536000 1.460000 1.903000 165 164 170
1.586000 1.447000 1.276000 159 159 159
1.337000 1.505000 1.183000 152 154 141
1.365000 1.499000 1.425000 153 155 150
1.587000 1.447000 1.381000 161 161 159
1.461000 1.476000 1.315000 157 160 153
1.458000 1.478000 1.819000 163 162 167
1.408000 1.488000 1.179000 153 157 143
1.419000 1.486000 1.227000 153 156 147
1.500000 1.468000 1.722000 157 157 157
1.437000 1.482000 1.592000 152 153 147
1.420000 1.486000 1.275000 154 156 151
1.663000 1.430000 1.286000 162 162 160
1.751000 1.410000 1.384000 164 165 159
1.515000 1.463000 1.147000 156 156 154
1.348000 1.502000 1.313000 155 156 148
1.402000 1.490000 1.335000 159 158 153
1.608000 1.442000 1.336000 161 161 159
1.533000 1.461000 1.752000 161 161 161
1.491000 1.470000 1.583000 155 154 149
1.486000 1.471000 1.405000 158 159 154
1.450000 1.479000 1.251000 152 157 151
1.554000 1.455000 1.272000 158 158 158
1.784000 1.399000 1.410000 168 169 161
1.774000 1.401000 1.457000 168 169 161
1.794000 1.399000 1.634000 161 163 150
1.810000 1.397000 1.848000 169 168 166
1.790000 1.399000 1.715000 169 169 161
1.772000 1.401000 1.485000 162 164 153
1.795000 1.399000 1.896000 170 171 166
1.720000 1.408000 1.890000 172 172 170
1.782000 1.401000 1.828000 171 170 168
1.806000 1.397000 1.617000 157 163 153
1.804000 1.398000 1.875000 170 170 168
1.809000 1.397000 1.754000 166 167 159
1.813000 1.396000 1.656000 162 164 151
1.793000 1.398000 1.470000 169 171 160
1.800000 1.398000 1.480000 167 168 154
1.743000 1.405000 1.751000 167 168 162
1.691000 1.412000 1.920000 172 172 174
1.781000 1.401000 1.787000 167 168 163
1.720000 1.408000 1.730000 169 169 161
1.796000 1.398000 1.635000 162 164 151
1.750000 1.404000 1.655000 166 166 156
1.724000 1.407000 1.721000 168 168 160
1.780000 1.401000 1.747000 167 168 162
1.670000 1.415000 1.909000 171 171 171
1.757000 1.404000 1.870000 172 172 170
1.780000 1.400000 1.411000 166 167 159
1.754000 1.404000 1.877000 172 172 170
1.757000 1.404000 1.842000 172 172 170
1.725000 1.408000 1.868000 174 174 172
1.826000 1.395000 1.924000 165 168 173
1.760000 1.403000 1.742000 167 168 162
1.797000 1.398000 1.384000 170 171 165
1.784000 1.400000 1.810000 168 169 164
1.765000 1.403000 1.771000 166 167 161
1.762000 1.403000 1.923000 170 170 170
1.693000 1.412000 1.885000 173 173 173
1.818000 1.396000 1.823000 165 164 162
1.749000 1.404000 1.597000 160 162 151
1.741000 1.405000 1.580000 159 159 149
1.816000 1.396000 1.627000 162 164 150
1.756000 1.404000 1.753000 166 167 161
1.808000 1.398000 1.932000 167 167 165
1.791000 1.399000 1.700000 169 169 159
1.797000 1.398000 1.427000 172 172 164
1.705000 1.410000 1.840000 173 173 171
1.811000 1.397000 1.635000 160 164 150
1.778000 1.401000 1.563000 164 165 159
1.758000 1.403000 1.545000 159 162 153
1.788000 1.400000 1.900000 170 171 166
1.696000 1.411000 1.900000 172 172 172
1.776000 1.401000 1.522000 161 164 157
1.745000 1.405000 1.607000 160 162 151
1.716000 1.409000 1.879000 174 174 172
1.732000 1.407000 1.697000 170 167 162
1.720000 1.408000 1.735000 169 169 161
1.747000 1.405000 1.667000 167 167 157
1.746000 1.405000 1.912000 172 172 172
1.788000 1.399000 1.460000 168 169 161
1.805000 1.398000 1.792000 166 167 161
1.777000 1.401000 1.707000 169 169 161
1.817000 1.396000 1.512000 154 158 141
1.712000 1.409000 1.829000 173 173 171
1.794000 1.399000 1.662000 165 165 153
1.818000 1.396000 1.652000 159 163 148
1.798000 1.398000 1.565000 156 158 145
1.805000 1.397000 1.493000 167 168 154
1.805000 1.397000 1.468000 169 171 160
1.729000 1.407000 1.847000 174 174 172
1.815000 1.397000 1.881000 171 171 169
1.773000 1.401000 1.744000 168 167 162
1.688000 1.440000 0.203000 160 157 138
1.787000 1.422000 0.275000 157 155 143
1.676000 1.441000 0.249000 159 157 145
1.825000 1.415000 0.310000 94 89 69
1.752000 1.427000 0.307000 158 154 145
1.791000 1.424000 0.077000 160 158 143
1.837000 1.412000 0.434000 138 138 114
1.720000 1.432000 0.395000 154 154 142
1.762000 1.428000 0.131000 157 153 141
1.745000 1.430000 0.231000 155 153 138
1.742000 1.429000 0.339000 157 155 143
1.734000 1.432000 0.194000 155 152 137
1.683000 1.439000 0.318000 157 155 143
1.689000 1.438000 0.300000 162 155 149
1.725000 1.431000 0.346000 157 155 143
1.850000 1.412000 0.253000 132 129 110
1.864000 1.408000 0.351000 110 103 84
1.838000 1.415000 0.114000 142 141 111
1.711000 1.435000 0.257000 157 157 145
1.712000 1.436000 0.155000 157 151 137
1.736000 1.432000 0.188000 158 150 139
1.653000 1.444000 0.292000 160 156 145
1.742000 1.429000 0.313000 158 155 148
1.807000 1.417000 0.377000 161 158 139
1.550000 1.462000 0.232000 155 151 140
1.605000 1.453000 0.267000 155 155 143
1.720000 1.432000 0.408000 153 153 143
1.789000 1.423000 0.169000 151 152 136
1.723000 1.433000 0.264000 159 156 147
1.769000 1.424000 0.350000 158 155 140
1.607000 1.452000 0.266000 155 155 143
1.762000 1.424000 0.424000 156 153 146
1.811000 1.419000 0.204000 152 149 132
1.768000 1.427000 0.140000 154 155 141
1.698000 1.436000 0.381000 153 154 140
1.794000 1.419000 0.400000 158 156 144
1.723000 1.432000 0.353000 157 155 143
1.738000 1.430000 0.284000 160 153 145
1.632000 1.449000 0.189000 164 156 143
1.626000 1.449000 0.293000 156 156 144
1.591000 1.454000 0.343000 154 151 136
1.490000 1.472000 0.257000 150 147 132
1.618000 1.451000 0.254000 158 155 146
1.737000 1.430000 0.309000 158 155 148
1.693000 1.439000 0.216000 159 156 139
1.788000 1.422000 0.220000 152 150 135
1.770000 1.425000 0.241000 154 152 137
1.763000 1.427000 0.167000 153 152 134
1.777000 1.422000 0.406000 158 156 144
1.797000 1.419000 0.408000 156 154 142
1.714000 1.434000 0.327000 159 155 146
1.726000 1.432000 0.308000 158 154 145
1.683000 1.439000 0.296000 162 155 147
1.634000 1.447000 0.307000 157 154 145
1.474000 1.475000 0.269000 152 146 130
1.628000 1.450000 0.191000 164 156 143
1.739000 1.429000 0.347000 158 156 144
1.621000 1.450000 0.241000 160 156 145
1.745000 1.431000 0.122000 155 156 138
1.545000 1.462000 0.303000 151 148 133
1.766000 1.428000 0.107000 159 155 144
1.618000 1.450000 0.321000 158 154 145
1.595000 1.455000 0.202000 161 158 143
1.706000 1.434000 0.388000 153 153 141
1.753000 1.427000 0.327000 158 154 143
1.654000 1.443000 0.363000 155 153 138
1.778000 1.426000 0.111000 158 155 140
1.794000 1.419000 0.442000 158 156 144
1.748000 1.429000 0.256000 156 152 140
1.712000 1.436000 0.183000 157 151 139
1.733000 1.431000 0.240000 156 152 140
1.596000 1.454000 0.305000 158 152 140
1.810000 1.419000 0.235000 153 150 131
1.679000 1.441000 0.193000 160 158 137
1.775000 1.423000 0.320000 156 153 138
1.593000 1.454000 0.340000 154 151 136
1.796000 1.419000 0.378000 153 154 138
1.714000 1.435000 0.252000 156 158 145
1.794000 1.419000 0.420000 157 155 143
1.832000 1.412000 0.464000 135 136 118
1.638000 1.447000 0.255000 160 158 146
1.690000 1.437000 0.337000 157 154 147
1.491000 1.472000 0.266000 151 148 131
1.785000 1.420000 0.423000 157 155 143
1.728000 1.433000 0.153000 156 153 136
1.762000 1.426000 0.290000 157 153 141
1.677000 1.440000 0.331000 157 154 149
1.549000 1.462000 0.270000 154 148 136
1.773000 1.426000 0.104000 161 155 139
1.785000 1.425000 0.097000 159 156 141
1.522000 1.466000 0.306000 151 148 131
1.658000 1.445000 0.158000 160 157 142
1.824000 1.417000 0.170000 139 137 112
1.730000 1.433000 0.153000 156 153 136
1.853000 1.410000 0.329000 83 76 60
1.668000 1.442000 0.278000 160 151 144
1.835000 1.414000 0.250000 135 133 108
1.838000 1.412000 0.381000 113 108 89
1.793000 1.421000 0.269000 157 153 141
1.815000 1.417000 0.327000 166 164 152
1.732000 1.430000 0.393000 155 153 141
1.660000 1.445000 0.161000 160 157 142
1.817000 1.417000 0.304000 155 150 130
1.637000 1.449000 0.164000 159 156 139
1.572000 1.459000 0.228000 155 153 140
1.782000 1.424000 0.155000 154 155 139
1.670000 1.441000 0.333000 156 155 150
1.617000 1.451000 0.207000 161 158 143
1.493000 1.471000 0.284000 149 146 129
1.807000 1.420000 0.197000 156 153 136
1.689000 1.439000 0.252000 157 155 143
1.783000 1.422000 0.330000 158 154 142
1.637000 1.447000 0.294000 158 156 144
1.835000 1.413000 0.308000 96 91 72
1.767000 1.424000 0.360000 155 155 143
1.811000 1.417000 0.371000 163 158 139
1.543000 1.463000 0.283000 153 150 135
1.753000 1.428000 0.279000 156 154 142
1.634000 1.449000 0.181000 164 156 143
1.840000 1.415000 0.129000 145 141 114
1.779000 1.426000 0.070000 159 157 142
1.616000 1.451000 0.297000 157 155 143
1.505000 1.470000 0.242000 155 149 137
1.710000 1.436000 0.199000 156 153 136
1.611000 1.451000 0.311000 157 153 142
1.584000 1.457000 0.204000 160 157 142
1.740000 1.431000 0.216000 151 154 137
1.778000 1.424000 0.225000 155 153 138
1.512000 1.468000 0.289000 150 147 130
1.848000 1.414000 0.064000 136 134 113
1.741000 1.430000 0.232000 156 152 140
1.805000 1.420000 0.187000 155 152 135
1.671000 1.443000 0.126000 156 152 140
1.621000 1.451000 0.151000 161 158 141
1.554000 1.461000 0.267000 156 150 138
1.758000 1.426000 0.328000 158 154 143
1.799000 1.419000 0.314000 156 153 138
1.848000 1.414000 0.094000 125 125 101
1.694000 1.439000 0.150000 157 151 137
1.664000 1.441000 0.389000 158 155 148
1.741000 1.415000 0.930000 159 161 150
1.763000 1.416000 0.770000 155 157 144
1.641000 1.438000 0.650000 157 160 153
1.667000 1.438000 0.481000 158 159 154
1.805000 1.403000 1.021000 155 159 145
1.457000 1.477000 0.308000 150 144 128
1.843000 1.410000 0.489000 147 144 125
1.706000 1.429000 0.604000 157 158 150
1.542000 1.459000 0.459000 154 151 136
1.682000 1.433000 0.605000 157 158 150
1.579000 1.451000 0.557000 156 155 160
1.542000 1.463000 0.321000 153 150 133
1.856000 1.407000 0.523000 108 102 90
1.664000 1.433000 0.708000 152 153 145
1.488000 1.471000 0.315000 148 145 128
1.543000 1.459000 0.455000 154 151 136
1.639000 1.441000 0.545000 158 159 154
1.787000 1.408000 0.927000 156 159 148
1.752000 1.418000 0.755000 155 157 144
1.854000 1.407000 0.531000 106 102 90
1.769000 1.415000 0.742000 156 157 143
1.770000 1.416000 0.696000 157 157 147
1.470000 1.474000 0.316000 150 144 128
1.558000 1.458000 0.415000 151 152 138
1.771000 1.417000 0.654000 157 158 144
1.839000 1.405000 0.694000 138 139 123
1.730000 1.421000 0.770000 155 157 144
1.533000 1.461000 0.439000 154 150 138
1.795000 1.410000 0.795000 154 160 146
1.720000 1.420000 0.864000 158 161 152
1.837000 1.406000 0.677000 139 142 125
1.598000 1.445000 0.664000 157 158 152
1.502000 1.467000 0.423000 154 148 136
1.777000 1.415000 0.701000 155 157 146
1.694000 1.422000 0.950000 156 159 150
1.645000 1.438000 0.654000 157 160 153
1.767000 1.419000 0.608000 160 155 149
1.807000 1.413000 0.587000 162 162 154
1.711000 1.429000 0.586000 157 158 150
1.673000 1.430000 0.761000 154 156 145
1.533000 1.463000 0.366000 151 147 135
1.808000 1.413000 0.593000 161 161 153
1.694000 1.432000 0.569000 157 158 150
1.510000 1.467000 0.362000 152 148 136
1.707000 1.426000 0.715000 154 154 144
1.757000 1.421000 0.581000 157 156 151
1.756000 1.421000 0.590000 157 154 147
1.713000 1.427000 0.622000 158 159 153
1.839000 1.406000 0.670000 140 142 128
1.579000 1.454000 0.413000 149 150 132
1.731000 1.423000 0.672000 158 156 143
1.800000 1.405000 0.956000 155 159 145
1.714000 1.423000 0.796000 154 155 147
1.835000 1.406000 0.697000 139 140 124
1.508000 1.469000 0.301000 151 148 131
1.846000 1.406000 0.621000 149 150 132
1.780000 1.415000 0.697000 155 157 146
1.694000 1.435000 0.434000 152 151 147
1.688000 1.432000 0.600000 158 159 151
1.846000 1.409000 0.479000 148 147 127
1.843000 1.402000 0.781000 139 140 122
1.852000 1.406000 0.561000 142 141 123
1.721000 1.420000 0.874000 158 160 149
1.779000 1.409000 0.918000 156 159 148
1.816000 1.407000 0.754000 156 158 144
1.519000 1.462000 0.475000 148 148 136
1.731000 1.423000 0.694000 156 156 146
1.832000 1.403000 0.829000 135 137 123
1.783000 1.418000 0.546000 158 158 150
1.709000 1.421000 0.914000 157 160 149
1.499000 1.468000 0.367000 151 147 135
1.824000 1.400000 0.989000 157 159 148
1.548000 1.462000 0.323000 153 150 133
1.721000 1.425000 0.674000 157 155 142
1.767000 1.419000 0.599000 158 155 148
1.661000 1.441000 0.434000 156 157 152
1.715000 1.419000 0.967000 158 161 152
1.802000 1.411000 0.690000 156 158 145
1.771000 1.421000 0.490000 154 156 143
1.741000 1.415000 0.952000 158 160 149
1.842000 1.405000 0.672000 142 145 128
1.790000 1.418000 0.496000 156 156 146
1.727000 1.420000 0.808000 155 156 151
1.701000 1.421000 0.963000 156 159 150
1.778000 1.421000 0.442000 155 155 145
1.783000 1.407000 0.989000 158 162 148
1.581000 1.451000 0.523000 156 156 156
1.692000 1.434000 0.487000 158 159 153
1.745000 1.413000 1.001000 159 161 150
1.510000 1.464000 0.456000 151 149 136
1.760000 1.419000 0.665000 154 156 145
1.815000 1.398000 1.122000 156 159 150
1.830000 1.406000 0.715000 143 144 130
1.701000 1.424000 0.853000 157 160 153
1.640000 1.445000 0.381000 156 153 144
1.809000 1.407000 0.813000 157 161 147
1.747000 1.418000 0.778000 156 158 145
1.526000 1.464000 0.371000 157 147 137
1.743000 1.419000 0.761000 156 158 145
1.709000 1.429000 0.585000 157 158 150
1.814000 1.401000 1.019000 153 159 145
1.633000 1.444000 0.488000 157 157 155
1.735000 1.421000 0.716000 156 156 146
1.761000 1.420000 0.610000 159 156 149
1.794000 1.413000 0.691000 155 158 147
1.526000 1.464000 0.359000 154 148 134
1.596000 1.448000 0.547000 156 156 158
1.729000 1.421000 0.762000 155 157 144
1.690000 1.432000 0.607000 157 158 150
1.680000 1.428000 0.833000 156 161 154
1.757000 1.410000 1.023000 158 160 147
1.847000 1.408000 0.532000 152 150 135
1.685000 1.431000 0.647000 158 159 151
1.747000 1.425000 0.482000 154 154 146
1.524000 1.463000 0.400000 146 148 134
1.782000 1.419000 0.523000 158 157 152
1.831000 1.402000 0.896000 147 151 137
1.653000 1.434000 0.750000 153 155 142
1.640000 1.435000 0.787000 161 162 157
1.666000 1.440000 0.415000 157 156 152
1.651000 1.436000 0.678000 159 160 154
1.726000 1.415000 1.024000 158 160 149
1.798000 1.415000 0.567000 160 160 152
1.797000 1.414000 0.596000 160 160 152
1.726000 1.421000 0.799000 154 155 149
1.676000 1.433000 0.656000 158 161 154
1.806000 1.413000 0.588000 161 161 153
1.657000 1.432000 0.806000 158 161 154
1.761000 1.416000 0.769000 156 158 145
1.667000 1.430000 0.818000 158 161 152
1.620000 1.440000 0.727000 158 160 155
1.758000 1.425000 0.446000 153 153 145
1.803000 1.411000 0.717000 155 157 144
1.464000 1.476000 0.293000 150 144 128
1.847000 1.403000 0.723000 142 143 125
1.783000 1.405000 1.087000 158 160 149
1.714000 1.428000 0.605000 157 158 150
1.790000 1.418000 0.510000 156 156 148
1.746000 1.423000 0.570000 156 156 148
1.801000 1.407000 0.859000 153 156 145
1.783000 1.417000 0.565000 161 160 155
1.623000 1.440000 0.704000 159 160 154
1.567000 1.452000 0.587000 157 158 160
1.789000 1.419000 0.466000 157 154 145
1.772000 1.411000 0.919000 156 159 148
1.576000 1.456000 0.352000 153 150 135
1.749000 1.418000 0.750000 155 157 144
1.777000 1.406000 1.083000 158 160 149
1.777000 1.410000 0.918000 156 159 148
1.526000 1.462000 0.460000 152 150 137
1.800000 1.414000 0.585000 159 159 151
1.765000 1.412000 0.908000 157 160 149
1.751000 1.425000 0.467000 153 152 147
1.619000 1.449000 0.378000 153 151 139
1.665000 1.440000 0.447000 158 158 156
1.576000 1.454000 0.466000 155 153 156
1.766000 1.412000 0.906000 157 160 149
1.800000 1.407000 0.885000 154 160 148
1.788000 1.416000 0.608000 157 157 149
1.572000 1.452000 0.538000 156 156 158
1.788000 1.414000 0.676000 155 158 147
1.777000 1.420000 0.508000 155 156 148
1.580000 1.450000 0.570000 157 157 157
1.822000 1.408000 0.687000 149 150 134
1.659000 1.439000 0.504000 158 159 154
1.806000 1.405000 0.935000 156 158 144
1.514000 1.465000 0.399000 147 148 134
1.824000 1.400000 0.993000 158 160 149
1.767000 1.415000 0.756000 155 157 144
1.696000 1.422000 0.949000 156 159 150
1.759000 1.407000 1.125000 161 162 154
1.720000 1.421000 0.837000 158 159 151
1.835000 1.410000 0.521000 140 139 121
1.850000 1.403000 0.696000 144 143 123
1.660000 1.431000 0.835000 158 161 152
1.580000 1.450000 0.596000 157 157 157
1.656000 1.433000 0.773000 154 156 145
1.801000 1.401000 1.104000 159 161 148
1.489000 1.472000 0.304000 150 147 130
1.821000 1.399000 1.051000 173 175 170
1.701000 1.429000 0.648000 160 160 152
1.855000 1.405000 0.607000 138 136 121
1.674000 1.434000 0.602000 158 159 151
1.797000 1.407000 0.878000 156 159 148
1.812000 1.406000 0.820000 156 160 146
1.782000 1.420000 0.483000 154 154 144
1.612000 1.442000 0.680000 158 159 153
1.750000 1.414000 0.939000 157 160 149
1.834000 1.405000 0.742000 140 141 125
1.684000 1.426000 0.857000 158 161 154
1.753000 1.416000 0.809000 155 156 148
1.849000 1.408000 0.504000 142 141 123
1.745000 1.423000 0.590000 154 154 146
1.547000 1.458000 0.454000 155 152 135
1.810000 1.401000 1.042000 154 158 144
1.647000 1.438000 0.630000 157 158 152
1.755000 1.412000 0.968000 157 160 149
1.725000 1.418000 0.942000 158 160 149
1.751000 1.412000 0.973000 155 161 149
1.545000 1.461000 0.355000 152 149 134
1.726000 1.420000 0.825000 158 161 150
1.727000 1.424000 0.680000 157 155 142
1.796000 1.411000 0.751000 156 158 145
1.734000 1.421000 0.722000 155 155 145
1.742000 1.420000 0.739000 155 157 144
1.772000 1.418000 0.635000 159 156 147
1.672000 1.434000 0.629000 157 158 152
1.562000 1.457000 0.415000 151 152 138
1.682000 1.429000 0.748000 157 155 143
1.754000 1.412000 0.958000 157 160 149
1.797000 1.411000 0.743000 155 157 144
1.781000 1.419000 0.502000 156 156 146
1.839000 1.404000 0.740000 137 138 120
1.545000 1.460000 0.415000 150 150 138
1.838000 1.402000 0.848000 140 142 128
1.787000 1.415000 0.637000 158 158 150
1.759000 1.422000 0.533000 156 156 148
1.660000 1.432000 0.760000 154 156 145
1.802000 1.405000 0.928000 155 159 145
1.827000 1.407000 0.700000 143 144 130
1.694000 1.430000 0.623000 159 161 150
1.830000 1.407000 0.688000 143 144 128
1.779000 1.415000 0.677000 156 158 147
1.776000 1.418000 0.607000 156 155 150
1.615000 1.447000 0.460000 155 155 155
1.727000 1.416000 0.984000 157 160 149
1.823000 1.404000 0.839000 153 157 142
1.789000 1.416000 0.591000 159 159 151
1.525000 1.463000 0.432000 153 149 137
1.593000 1.449000 0.517000 155 155 155
1.625000 1.447000 0.416000 155 156 150
1.719000 1.423000 0.772000 155 156 148
1.799000 1.415000 0.556000 160 160 150
1.687000 1.437000 0.408000 151 151 143
1.700000 1.431000 0.551000 156 158 145
1.817000 1.413000 0.509000 153 151 139
1.689000 1.426000 0.844000 158 161 154
1.735000 1.417000 0.878000 159 159 149
1.518000 1.464000 0.406000 147 149 135
1.801000 1.404000 0.988000 155 159 145
1.630000 1.446000 0.407000 156 155 150
1.659000 1.436000 0.624000 158 159 153
1.742000 1.425000 0.536000 156 156 148
1.679000 1.437000 0.439000 159 160 155
1.811000 1.407000 0.821000 155 159 145
1.527000 1.463000 0.400000 146 148 134
1.789000 1.403000 1.117000 161 163 150
1.784000 1.410000 0.846000 154 157 148
1.870000 1.404000 1.625000 129 127 115
1.840000 1.399000 1.593000 126 131 124
1.849000 1.402000 1.461000 132 127 121
1.873000 1.404000 1.691000 129 120 111
1.821000 1.398000 1.342000 175 176 168
1.831000 1.395000 1.769000 161 163 158
1.869000 1.401000 1.850000 119 121 108
1.873000 1.405000 1.596000 129 131 118
1.811000 1.396000 1.309000 173 174 168
1.880000 1.405000 1.678000 137 130 120
1.863000 1.401000 1.791000 118 115 106
1.837000 1.398000 1.597000 124 129 122
1.854000 1.403000 1.460000 131 127 118
1.859000 1.401000 1.721000 101 95 81
1.864000 1.403000 1.626000 127 129 118
1.837000 1.396000 1.827000 161 164 157
1.863000 1.401000 1.781000 119 115 106
1.825000 1.398000 1.395000 169 169 161
1.880000 1.404000 1.732000 122 118 109
1.814000 1.396000 1.400000 174 171 162
1.842000 1.397000 1.835000 120 120 120
1.833000 1.396000 1.774000 162 164 159
1.859000 1.402000 1.654000 132 129 120
1.837000 1.396000 1.831000 161 163 158
1.851000 1.397000 1.915000 187 186 181
1.867000 1.401000 1.865000 121 114 108
1.869000 1.401000 1.859000 116 118 105
1.872000 1.405000 1.561000 132 133 125
1.877000 1.404000 1.735000 122 118 107
1.812000 1.396000 1.369000 172 173 165
1.859000 1.399000 1.866000 123 115 112
1.829000 1.399000 1.356000 154 156 151
1.824000 1.396000 1.598000 151 155 141
1.821000 1.396000 1.535000 152 153 137
1.832000 1.395000 1.782000 160 162 157
1.891000 1.407000 1.642000 125 126 112
1.812000 1.396000 1.337000 175 176 170
1.831000 1.397000 1.590000 143 149 139
1.861000 1.404000 1.477000 129 126 119
1.882000 1.407000 1.563000 132 133 119
1.902000 1.413000 1.549000 83 80 61
1.847000 1.406000 1.306000 134 135 129
1.864000 1.409000 1.347000 135 132 125
1.919000 1.423000 1.411000 131 127 115
1.916000 1.421000 1.456000 125 117 106
1.887000 1.412000 1.462000 129 132 115
1.910000 1.417000 1.504000 71 65 51
1.896000 1.412000 1.531000 77 74 59
1.917000 1.420000 1.478000 128 125 110
1.892000 1.414000 1.448000 65 66 52
1.911000 1.419000 1.468000 80 74 62
1.901000 1.419000 1.384000 67 63 52
1.895000 1.412000 1.531000 77 74 59
1.896000 1.418000 1.366000 66 62 53
1.860000 1.405000 1.449000 130 127 118
1.912000 1.419000 1.466000 80 74 62
1.934000 1.428000 1.396000 148 148 136
1.873000 1.406000 1.524000 130 131 125
1.894000 1.415000 1.446000 71 69 56
1.915000 1.423000 1.380000 134 126 113
1.914000 1.419000 1.472000 116 110 98
1.888000 1.410000 1.522000 126 124 111
1.916000 1.417000 1.562000 117 114 99
1.930000 1.424000 1.468000 135 133 120
1.885000 1.409000 1.524000 130 128 115
1.928000 1.425000 1.425000 134 132 119
1.919000 1.419000 1.518000 124 120 108
1.890000 1.416000 1.373000 63 64 50
1.886000 1.409000 1.555000 132 133 117
1.909000 1.415000 1.573000 92 84 65
1.876000 1.405000 0.649000 115 114 93
1.830000 1.400000 1.003000 146 146 136
1.922000 1.408000 0.661000 139 138 118
1.912000 1.407000 0.709000 37 33 22
1.899000 1.404000 1.003000 140 139 119
1.879000 1.404000 0.824000 136 138 116
1.861000 1.403000 0.772000 138 140 119
1.881000 1.402000 1.088000 123 123 111
1.834000 1.400000 0.961000 139 142 125
1.849000 1.400000 1.144000 136 137 131
1.830000 1.399000 1.060000 158 159 153
1.855000 1.401000 0.988000 137 139 118
1.835000 1.400000 0.961000 139 142 125
1.946000 1.408000 0.781000 137 136 115
1.914000 1.406000 0.744000 41 37 28
1.921000 1.406000 0.853000 38 35 26
1.840000 1.399000 1.131000 127 130 121
1.919000 1.407000 0.704000 36 32 23
1.880000 1.406000 0.563000 126 120 108
1.854000 1.400000 1.133000 121 124 115
1.877000 1.404000 0.724000 141 145 120
1.906000 1.407000 0.664000 123 124 92
1.926000 1.407000 0.715000 32 32 20
1.863000 1.404000 0.622000 40 34 18
1.863000 1.402000 0.882000 140 141 123
1.869000 1.404000 0.756000 144 143 122
1.869000 1.403000 0.891000 139 142 121
1.878000 1.406000 0.582000 93 91 76
1.863000 1.401000 1.069000 152 151 133
1.850000 1.401000 0.932000 142 141 121
1.949000 1.408000 0.780000 140 139 118
1.957000 1.409000 0.759000 136 138 114
1.924000 1.407000 0.760000 44 40 29
1.853000 1.400000 1.098000 129 126 119
1.875000 1.404000 0.799000 139 141 119
1.868000 1.404000 0.717000 144 143 122
1.835000 1.399000 1.077000 154 154 146
1.867000 1.402000 0.924000 140 142 120
1.891000 1.403000 1.034000 129 131 110
1.855000 1.402000 0.871000 141 139 124
1.870000 1.404000 0.674000 52 49 30
1.876000 1.404000 0.757000 141 140 119
1.831000 1.399000 1.072000 155 156 148
1.951000 1.408000 0.779000 140 139 118
1.954000 1.408000 0.823000 136 136 112
1.836000 1.398000 1.196000 143 146 139
1.942000 1.408000 0.709000 130 129 108
1.896000 1.406000 0.700000 143 145 124
1.953000 1.407000 0.945000 137 135 112
1.891000 1.403000 1.024000 135 134 114
1.880000 1.404000 0.844000 142 141 121
1.912000 1.407000 0.639000 113 113 89
1.883000 1.403000 1.012000 137 135 114
1.917000 1.406000 0.807000 31 33 22
1.854000 1.401000 1.016000 136 138 117
1.882000 1.404000 0.871000 139 138 117
1.907000 1.406000 0.721000 39 37 24
1.915000 1.406000 0.784000 40 37 30
1.831000 1.399000 1.121000 160 161 153
1.829000 1.398000 1.141000 173 174 169
1.908000 1.406000 0.798000 37 38 24
1.881000 1.403000 0.934000 138 140 118
1.867000 1.402000 0.971000 138 139 121
1.870000 1.404000 0.693000 140 139 119
1.907000 1.406000 0.800000 37 38 24
1.943000 1.407000 0.921000 140 137 118
1.963000 1.409000 0.819000 152 154 133
1.937000 1.406000 0.963000 114 111 94
1.856000 1.402000 0.877000 141 139 124
1.906000 1.406000 0.748000 80 78 65
1.931000 1.407000 0.848000 62 59 50
1.892000 1.403000 1.020000 134 131 112
1.874000 1.402000 0.984000 136 137 119
1.930000 1.406000 0.943000 34 31 22
1.928000 1.408000 0.711000 34 34 22
1.834000 1.400000 1.027000 143 145 132
1.873000 1.404000 1.168000 120 123 116
1.907000 1.406000 1.090000 48 50 37
1.896000 1.409000 1.170000 106 109 102
1.945000 1.417000 1.150000 114 114 106
1.867000 1.410000 1.288000 132 134 123
1.937000 1.424000 1.293000 141 143 129
1.833000 1.401000 1.256000 134 136 131
1.891000 1.411000 1.233000 118 120 106
1.889000 1.415000 1.308000 68 66 53
1.911000 1.413000 1.191000 87 89 86
1.884000 1.411000 1.250000 132 134 121
1.930000 1.427000 1.383000 145 146 132
1.935000 1.423000 1.284000 140 141 127
1.942000 1.410000 1.036000 134 130 103
1.964000 1.417000 1.082000 142 142 140
1.870000 1.403000 1.160000 118 123 116
1.928000 1.418000 1.229000 137 136 115
1.915000 1.405000 1.038000 41 38 29
1.949000 1.427000 1.314000 150 153 144
1.937000 1.411000 1.062000 134 129 109
1.851000 1.402000 1.215000 135 136 128
1.958000 1.413000 1.035000 146 144 132
1.875000 1.411000 1.279000 135 137 124
1.949000 1.417000 1.135000 147 147 139
1.844000 1.400000 1.206000 133 136 127
1.927000 1.410000 1.077000 63 59 48
1.923000 1.406000 1.022000 46 41 37
1.925000 1.422000 1.304000 132 133 119
1.825000 1.399000 1.241000 170 172 171
1.922000 1.411000 1.118000 69 69 67
1.916000 1.409000 1.104000 93 93 85
1.933000 1.417000 1.190000 104 104 104
1.820000 1.399000 1.264000 169 174 170
1.916000 1.422000 1.334000 145 139 125
1.947000 1.408000 0.983000 138 136 113
1.895000 1.407000 1.141000 105 102 97
1.944000 1.428000 1.353000 151 152 144
1.916000 1.417000 1.250000 95 89 73
1.923000 1.426000 1.376000 132 128 119
1.936000 1.409000 1.038000 138 133 114
1.899000 1.410000 1.188000 76 77 71
1.894000 1.403000 1.074000 141 143 122
1.868000 1.406000 1.219000 136 136 128
1.930000 1.420000 1.260000 135 131 119
1.938000 1.417000 1.177000 89 90 84
1.920000 1.415000 1.191000 74 75 70
1.898000 1.409000 1.173000 99 102 95
1.820000 1.398000 1.247000 171 173 172
1.896000 1.408000 1.164000 98 101 94
1.929000 1.426000 1.358000 138 140 127
1.890000 1.409000 1.191000 109 115 103
1.915000 1.412000 1.169000 87 92 86
1.886000 1.407000 1.177000 112 113 105
1.822000 1.399000 1.257000 173 175 174
1.870000 1.405000 1.204000 140 137 130
1.859000 1.407000 1.264000 135 136 128
1.879000 1.405000 1.164000 115 118 109
1.958000 1.414000 1.047000 147 144 129
1.894000 1.411000 1.220000 84 85 69
1.925000 1.423000 0.175000 143 138 116
1.875000 1.414000 0.196000 106 98 77
1.964000 1.432000 0.095000 144 138 116
1.960000 1.429000 0.204000 151 145 119
1.898000 1.415000 0.311000 132 125 97
1.873000 1.410000 0.354000 89 81 60
1.924000 1.424000 0.121000 147 139 116
1.889000 1.413000 0.337000 129 123 91
1.885000 1.413000 0.303000 135 127 106
1.884000 1.418000 0.075000 139 133 109
1.952000 1.427000 0.236000 147 140 124
1.932000 1.423000 0.242000 147 141 117
1.867000 1.408000 0.365000 99 90 73
1.917000 1.417000 0.364000 126 122 97
1.943000 1.424000 0.288000 147 142 123
1.960000 1.429000 0.204000 150 144 118
1.954000 1.429000 0.169000 149 143 121
1.866000 1.409000 0.317000 96 89 63
1.906000 1.418000 0.241000 122 115 87
1.925000 1.422000 0.218000 147 141 115
1.887000 1.417000 0.121000 133 128 108
1.879000 1.411000 0.359000 112 105 79
1.901000 1.416000 0.297000 136 130 104
1.870000 1.411000 0.288000 91 84 65
1.875000 1.410000 0.334000 106 100 74
1.873000 1.416000 0.086000 111 109 86
1.889000 1.416000 0.182000 136 124 100
1.899000 1.417000 0.218000 130 126 97
1.889000 1.414000 0.304000 131 123 100
1.960000 1.432000 0.084000 142 137 117
1.927000 1.420000 0.308000 144 139 119
1.894000 1.415000 0.281000 132 125 106
1.918000 1.424000 0.063000 126 129 98
1.904000 1.418000 0.226000 121 116 87
1.866000 1.407000 0.398000 76 71 52
1.907000 1.420000 0.163000 119 113 87
1.878000 1.410000 0.363000 98 90 67
1.918000 1.423000 0.133000 142 135 116
1.963000 1.429000 0.241000 150 143 125
1.894000 1.418000 0.153000 134 128 104
1.895000 1.419000 0.138000 133 127 103
1.923000 1.420000 0.308000 143 138 116
1.864000 1.410000 0.262000 33 30 11
1.953000 1.431000 0.074000 142 137 115
1.890000 1.419000 0.084000 132 128 99
1.956000 1.411000 0.667000 136 135 115
1.918000 1.417000 0.380000 129 122 103
1.899000 1.412000 0.437000 123 121 96
1.909000 1.413000 0.456000 107 105 84
1.926000 1.419000 0.358000 143 141 118
1.907000 1.408000 0.572000 36 38 27
1.931000 1.409000 0.631000 87 81 67
1.961000 1.414000 0.618000 152 153 135
1.909000 1.415000 0.407000 112 108 81
1.931000 1.413000 0.543000 127 122 102
1.883000 1.407000 0.499000 134 134 108
1.947000 1.414000 0.578000 141 139 114
1.962000 1.422000 0.403000 144 141 122
1.904000 1.413000 0.440000 117 115 92
1.899000 1.412000 0.450000 121 121 97
1.929000 1.419000 0.360000 143 141 118
1.953000 1.417000 0.515000 150 149 128
1.957000 1.412000 0.651000 142 140 119
1.927000 1.413000 0.510000 112 107 87
1.964000 1.411000 0.718000 143 140 123
1.912000 1.407000 0.607000 36 33 26
1.961000 1.410000 0.727000 138 137 119
1.956000 1.411000 0.687000 134 133 115
1.915000 1.412000 0.491000 56 53 38
1.905000 1.408000 0.571000 55 56 42
1.938000 1.410000 0.628000 138 131 113
1.963000 1.424000 1.250000 152 157 151
0.960000 1.591000 0.266000 119 115 104
0.961000 1.599000 0.352000 150 148 136
0.964000 1.609000 0.476000 140 140 130
0.974000 1.590000 0.460000 144 142 130
0.958000 1.599000 0.307000 125 121 112
0.969000 1.601000 0.470000 143 143 131
0.958000 1.602000 0.332000 151 149 137
0.975000 1.588000 0.457000 144 142 130
0.980000 1.586000 0.501000 140 142 129
0.960000 1.596000 0.314000 128 124 115
0.960000 1.590000 0.261000 117 113 102
0.132000 1.019000 2.262000 181 182 186
0.158000 0.991000 2.273000 181 184 189
0.162000 0.985000 2.275000 163 164 169
0.147000 1.010000 2.268000 180 181 186
0.149000 1.011000 2.270000 183 183 191
0.160000 1.031000 2.295000 193 197 196
0.169000 1.012000 2.292000 194 199 202
0.168000 1.012000 2.292000 194 199 202
0.145000 1.020000 2.272000 188 189 194
0.191000 0.987000 2.304000 208 209 214
0.196000 0.993000 2.312000 210 210 218
0.202000 1.003000 2.323000 208 207 215
0.206000 0.986000 2.321000 214 213 221
0.175000 0.976000 2.294000 141 145 148
0.194000 0.967000 2.325000 220 220 228
0.157000 0.930000 2.313000 214 214 226
0.138000 0.932000 2.289000 203 203 211
0.166000 0.923000 2.330000 220 222 234
0.169000 0.877000 2.326000 192 192 200
0.134000 0.885000 2.291000 190 185 192
0.166000 0.874000 2.323000 199 200 205
0.171000 0.820000 2.327000 219 218 226
0.132000 0.833000 2.289000 186 184 195
0.135000 0.797000 2.298000 158 158 168
0.137000 0.768000 2.323000 211 207 222
0.136000 0.776000 2.315000 198 197 203
0.254000 1.043000 2.404000 143 144 146
0.305000 0.976000 2.450000 221 221 229
0.336000 0.970000 2.494000 223 224 229
0.354000 0.967000 2.519000 221 226 230
0.415000 0.965000 2.591000 223 226 233
0.339000 0.979000 2.485000 219 220 225
0.279000 0.975000 2.421000 212 211 216
0.363000 0.979000 2.511000 207 211 214
0.430000 0.967000 2.605000 224 227 236
0.403000 0.975000 2.564000 218 219 223
0.255000 0.979000 2.388000 196 196 198
0.515000 0.968000 2.703000 226 226 234
0.369000 0.972000 2.528000 220 224 227
0.283000 0.980000 2.419000 210 209 214
0.485000 0.971000 2.664000 227 229 241
0.275000 0.993000 2.408000 216 216 218
0.264000 1.013000 2.403000 207 207 209
0.267000 1.026000 2.413000 204 205 207
0.237000 1.020000 2.374000 203 203 205
0.441000 1.002000 2.615000 217 222 225
0.441000 0.983000 2.606000 219 220 225
0.382000 0.992000 2.539000 212 213 215
0.407000 1.000000 2.572000 221 222 226
0.246000 0.988000 2.371000 206 204 205
0.336000 1.013000 2.492000 207 208 210
0.361000 0.986000 2.511000 211 213 212
0.499000 0.997000 2.683000 218 221 228
0.423000 0.984000 2.586000 221 221 229
0.512000 0.992000 2.698000 218 218 226
0.505000 0.986000 2.687000 221 224 229
0.345000 1.004000 2.498000 208 209 211
0.443000 1.000000 2.616000 220 225 228
0.337000 1.001000 2.487000 217 218 222
0.258000 1.038000 2.405000 186 187 189
0.519000 0.977000 2.699000 217 220 229
0.239000 0.999000 2.367000 213 213 211
0.455000 0.984000 2.624000 226 226 234
0.510000 0.992000 2.695000 216 219 224
0.286000 1.002000 2.425000 219 219 221
0.341000 0.985000 2.486000 219 220 225
0.279000 0.992000 2.413000 216 216 218
0.258000 0.998000 2.390000 211 213 212
0.247000 0.992000 2.373000 212 212 210
0.285000 0.989000 2.420000 218 217 222
0.621000 0.979000 2.820000 234 233 229
0.543000 1.035000 2.717000 166 169 178
0.618000 1.031000 2.798000 205 206 208
0.630000 1.007000 2.820000 237 240 233
0.362000 1.034000 2.525000 190 191 193
0.500000 1.030000 2.673000 200 204 213
0.602000 1.016000 2.786000 220 221 223
0.618000 1.045000 2.793000 202 203 205
0.585000 0.994000 2.777000 228 230 229
0.557000 1.035000 2.732000 183 186 195
0.489000 1.027000 2.663000 202 205 214
0.618000 1.013000 2.805000 234 236 233
0.342000 1.035000 2.503000 186 187 189
0.459000 1.048000 2.623000 175 176 178
0.412000 1.025000 2.581000 200 201 206
0.567000 0.995000 2.756000 219 223 224
0.568000 0.995000 2.758000 219 223 224
0.613000 1.012000 2.799000 229 231 230
0.616000 1.000000 2.808000 236 238 235
0.500000 0.999000 2.684000 216 221 225
0.580000 0.992000 2.772000 226 230 229
0.582000 1.047000 2.754000 199 202 211
0.460000 1.039000 2.628000 157 157 159
0.606000 1.044000 2.781000 195 196 200
0.636000 0.981000 2.835000 241 240 235
0.507000 1.030000 2.681000 201 203 215
0.604000 1.031000 2.784000 212 213 215
0.559000 1.043000 2.731000 179 182 191
0.542000 1.010000 2.725000 210 215 221
0.599000 1.038000 2.776000 151 152 157
0.617000 1.049000 2.791000 211 213 212
0.572000 1.029000 2.750000 213 216 221
0.384000 1.036000 2.548000 192 193 198
0.363000 0.764000 2.554000 236 236 246
0.303000 0.741000 2.514000 241 241 249
0.198000 0.718000 2.428000 252 252 252
0.245000 0.748000 2.451000 252 252 254
0.364000 0.727000 2.585000 236 239 248
0.309000 0.719000 2.538000 241 244 251
0.167000 0.726000 2.392000 252 253 255
0.247000 0.710000 2.483000 213 213 215
0.235000 0.718000 2.466000 255 253 254
0.262000 0.713000 2.495000 247 247 249
0.332000 0.747000 2.537000 240 240 250
0.167000 0.711000 2.403000 201 200 206
0.239000 0.735000 2.456000 254 254 255
0.218000 0.744000 2.428000 250 251 255
0.149000 0.739000 2.363000 241 242 247
0.256000 0.727000 2.478000 254 254 254
0.318000 0.721000 2.545000 240 244 253
0.252000 0.706000 2.491000 193 192 190
0.285000 0.727000 2.507000 251 250 255
0.322000 0.718000 2.551000 239 242 249
0.334000 0.715000 2.565000 238 241 248
0.388000 0.761000 2.582000 242 242 252
0.400000 0.752000 2.600000 240 240 248
0.382000 0.759000 2.578000 239 239 249
0.437000 0.773000 2.620000 212 213 217
0.379000 0.735000 2.593000 236 239 246
0.218000 0.731000 2.438000 252 252 254
0.287000 0.959000 2.445000 234 235 239
0.215000 0.945000 2.370000 228 229 233
0.208000 0.960000 2.348000 226 227 229
0.290000 0.960000 2.448000 235 236 241
0.218000 0.937000 2.381000 229 230 234
0.296000 0.951000 2.463000 237 238 243
0.219000 0.975000 2.349000 220 221 223
0.256000 0.946000 2.419000 230 231 233
0.274000 0.968000 2.421000 212 213 217
0.224000 0.958000 2.369000 229 227 230
0.217000 0.941000 2.375000 229 230 234
0.210000 0.974000 2.339000 223 222 228
0.210000 0.963000 2.348000 226 227 229
0.227000 0.951000 2.378000 229 229 231
0.212000 0.944000 2.366000 229 230 234
0.310000 0.957000 2.474000 241 242 247
0.242000 0.952000 2.396000 228 228 228
0.259000 0.957000 2.412000 225 226 228
0.280000 0.958000 2.437000 232 233 237
0.361000 0.961000 2.532000 231 232 236
0.345000 0.956000 2.516000 236 237 241
0.237000 0.938000 2.403000 227 228 232
0.472000 0.963000 2.657000 236 237 242
0.547000 0.961000 2.743000 227 227 227
0.278000 0.936000 2.449000 237 238 243
0.472000 0.956000 2.660000 242 243 248
0.260000 0.937000 2.429000 231 232 236
0.193000 0.928000 2.357000 230 231 236
0.575000 0.968000 2.772000 221 221 219
0.442000 0.963000 2.623000 233 233 241
0.581000 0.731000 2.802000 234 237 244
0.494000 0.725000 2.719000 216 219 226
0.383000 0.707000 2.622000 179 179 181
0.388000 0.712000 2.622000 213 214 219
0.504000 0.732000 2.723000 220 223 230
0.456000 0.745000 2.664000 214 219 225
0.461000 0.720000 2.690000 204 207 212
0.378000 0.722000 2.604000 238 241 248
0.536000 0.733000 2.754000 225 226 231
0.452000 0.749000 2.656000 217 218 223
0.582000 0.744000 2.792000 239 242 247
0.445000 0.745000 2.652000 214 215 220
0.442000 0.742000 2.652000 211 209 220
0.645000 0.739000 2.860000 255 255 255
0.409000 0.706000 2.649000 155 155 163
0.434000 0.736000 2.648000 209 209 217
0.553000 0.731000 2.773000 228 229 234
0.502000 0.821000 2.663000 244 245 247
0.412000 0.813000 2.572000 245 246 251
0.501000 0.820000 2.662000 243 244 246
0.366000 0.788000 2.537000 239 239 247
0.531000 0.818000 2.694000 246 247 251
0.527000 0.824000 2.687000 245 249 250
0.400000 0.808000 2.562000 246 247 252
0.364000 0.785000 2.536000 237 237 247
0.411000 0.791000 2.582000 232 233 238
0.578000 0.817000 2.744000 245 246 250
0.335000 0.793000 2.502000 229 229 241
0.291000 0.805000 2.450000 243 244 249
0.700000 0.845000 2.858000 255 255 255
0.503000 0.798000 2.675000 237 236 241
0.431000 0.809000 2.594000 242 243 248
0.604000 0.821000 2.769000 243 245 244
0.514000 0.812000 2.680000 245 244 249
0.408000 0.806000 2.572000 246 247 252
0.354000 0.813000 2.512000 254 255 255
0.317000 0.811000 2.474000 254 255 255
0.429000 0.807000 2.593000 243 244 249
0.457000 0.823000 2.614000 251 252 255
0.432000 0.803000 2.598000 239 240 245
0.444000 0.793000 2.615000 224 225 230
0.475000 0.802000 2.644000 238 239 244
0.502000 0.799000 2.673000 237 236 241
0.605000 0.831000 2.766000 242 244 241
0.402000 0.797000 2.570000 241 241 249
0.658000 0.834000 2.819000 250 251 246
0.514000 0.815000 2.678000 243 244 248
0.432000 0.796000 2.601000 232 233 238
0.503000 0.795000 2.676000 233 232 237
0.452000 0.824000 2.609000 252 253 255
0.481000 0.808000 2.646000 239 240 245
0.621000 0.824000 2.785000 244 244 242
0.552000 0.834000 2.708000 255 255 255
0.487000 0.853000 2.644000 233 232 248
0.463000 0.865000 2.621000 168 171 190
0.183000 0.816000 2.339000 247 247 255
0.187000 0.861000 2.344000 229 229 239
0.423000 0.852000 2.580000 241 243 255
0.522000 0.833000 2.678000 250 254 255
0.380000 0.857000 2.537000 236 239 254
0.383000 0.845000 2.539000 242 245 254
0.373000 0.857000 2.530000 236 238 253
0.424000 0.846000 2.581000 246 246 254
0.222000 0.865000 2.379000 224 228 239
0.326000 0.858000 2.483000 219 224 243
0.309000 0.842000 2.466000 246 246 254
0.454000 0.860000 2.612000 226 228 249
0.264000 0.846000 2.421000 244 248 255
0.358000 0.835000 2.514000 246 246 254
0.547000 0.834000 2.704000 255 255 255
0.217000 0.831000 2.373000 246 245 251
0.233000 0.872000 2.390000 221 223 236
0.341000 0.857000 2.498000 219 222 239
0.335000 0.839000 2.492000 245 248 255
0.434000 0.846000 2.591000 249 249 255
0.348000 0.820000 2.504000 237 238 242
0.312000 0.836000 2.468000 248 249 254
0.275000 0.889000 2.432000 238 240 253
0.212000 0.828000 2.368000 246 246 254
0.275000 0.863000 2.432000 222 225 240
0.216000 0.850000 2.373000 240 244 255
0.260000 0.872000 2.417000 242 243 255
0.336000 0.854000 2.493000 228 230 245
0.338000 0.818000 2.494000 239 240 245
0.323000 0.842000 2.479000 243 246 253
0.510000 0.843000 2.667000 250 254 253
0.476000 0.858000 2.633000 232 233 253
0.500000 0.831000 2.657000 252 253 255
0.494000 0.857000 2.651000 228 229 250
0.189000 0.873000 2.346000 225 225 233
0.182000 0.853000 2.339000 224 224 234
0.308000 0.826000 2.464000 247 248 253
0.235000 0.869000 2.393000 241 245 255
0.190000 0.838000 2.347000 227 227 237
0.383000 0.861000 2.540000 235 238 255
0.603000 0.847000 2.760000 239 241 240
0.396000 0.866000 2.554000 160 162 183
0.258000 0.869000 2.415000 196 199 216
0.376000 0.875000 2.534000 226 227 245
0.279000 0.888000 2.438000 234 236 249
0.434000 0.875000 2.591000 226 229 244
0.218000 0.836000 2.375000 247 247 255
0.390000 0.850000 2.547000 239 241 253
0.333000 0.843000 2.490000 243 246 255
0.418000 0.846000 2.575000 246 246 254
0.491000 0.864000 2.649000 142 140 161
0.400000 0.861000 2.557000 217 220 239
0.258000 0.823000 2.414000 238 241 248
0.314000 0.831000 2.470000 247 247 255
0.338000 0.873000 2.496000 220 223 240
0.459000 0.844000 2.616000 246 249 255
0.324000 0.880000 2.482000 222 223 241
0.188000 0.880000 2.346000 211 215 224
0.243000 0.873000 2.400000 233 235 250
0.391000 0.832000 2.548000 242 245 254
0.191000 0.819000 2.347000 246 246 254
0.593000 0.844000 2.749000 240 244 247
0.635000 0.728000 2.852000 253 253 255
0.569000 0.962000 2.767000 229 229 227
0.614000 0.948000 2.813000 243 242 237
0.550000 0.953000 2.745000 229 229 227
0.595000 0.930000 2.789000 233 235 230
0.270000 0.923000 2.442000 244 247 254
0.215000 0.925000 2.384000 233 233 241
0.487000 0.938000 2.675000 246 247 251
0.420000 0.927000 2.603000 234 234 242
0.449000 0.925000 2.633000 227 228 233
0.281000 0.931000 2.454000 253 254 255
0.629000 0.962000 2.831000 242 243 237
0.585000 0.961000 2.783000 230 232 227
0.350000 0.930000 2.528000 249 253 255
0.341000 0.922000 2.517000 242 245 254
0.536000 0.958000 2.731000 228 229 231
0.405000 0.925000 2.586000 236 236 246
0.397000 0.940000 2.580000 233 234 238
0.400000 0.934000 2.582000 234 235 240
0.483000 0.929000 2.670000 251 252 254
0.324000 0.924000 2.500000 234 237 242
0.402000 0.933000 2.584000 234 235 240
0.502000 0.933000 2.690000 238 239 241
0.639000 0.955000 2.840000 249 250 242
0.422000 0.942000 2.608000 241 242 247
0.521000 0.940000 2.712000 243 244 246
0.532000 0.931000 2.724000 253 253 255
0.647000 0.947000 2.847000 253 254 246
0.246000 0.919000 2.417000 246 249 255
0.251000 0.928000 2.422000 230 233 240
0.640000 0.717000 2.864000 253 253 253
0.638000 0.723000 2.855000 255 255 255
0.628000 0.706000 2.851000 200 199 204
0.622000 0.755000 2.826000 243 244 246
0.611000 0.777000 2.801000 231 231 229
0.484000 0.785000 2.662000 220 221 226
0.562000 0.781000 2.747000 240 241 246
0.658000 0.787000 2.846000 253 252 248
0.602000 0.779000 2.791000 230 232 231
0.485000 0.778000 2.666000 215 218 223
0.612000 0.815000 2.780000 246 245 243
0.580000 0.792000 2.760000 243 244 248
0.635000 0.759000 2.838000 249 251 248
0.638000 0.747000 2.848000 255 255 255
0.653000 0.804000 2.831000 254 255 247
0.618000 0.787000 2.803000 230 231 226
0.608000 0.754000 2.812000 244 245 247
0.493000 0.770000 2.679000 220 221 226
0.615000 0.780000 2.804000 231 231 229
0.634000 0.780000 2.824000 238 238 236
0.582000 0.782000 2.768000 224 225 229
0.647000 0.807000 2.823000 254 255 247
0.697000 0.834000 2.861000 255 255 255
0.653000 0.799000 2.834000 254 255 247
0.628000 0.797000 2.808000 248 249 243
0.364000 0.920000 2.541000 243 246 255
0.347000 0.914000 2.520000 241 243 255
0.580000 0.912000 2.765000 233 235 232
0.441000 0.885000 2.605000 230 232 245
0.239000 0.915000 2.408000 246 247 252
0.659000 0.855000 2.818000 247 249 244
0.663000 0.930000 2.860000 253 254 246
0.684000 0.879000 2.857000 247 247 245
0.615000 0.877000 2.782000 226 228 227
0.512000 0.917000 2.696000 250 251 255
0.622000 0.904000 2.804000 241 243 238
0.689000 0.850000 2.847000 254 255 249
0.649000 0.883000 2.821000 245 247 244
0.649000 0.872000 2.817000 230 232 231
0.434000 0.889000 2.599000 241 240 254
0.545000 0.897000 2.719000 249 253 255
0.582000 0.903000 2.763000 232 237 233
0.223000 0.899000 2.383000 247 247 255
0.332000 0.917000 2.506000 243 246 255
0.469000 0.874000 2.626000 223 226 241
0.489000 0.922000 2.673000 241 242 246
0.654000 0.855000 2.813000 246 248 243
0.280000 0.910000 2.448000 246 249 255
0.337000 0.903000 2.504000 244 247 254
0.481000 0.911000 2.660000 245 248 253
0.684000 0.874000 2.855000 246 246 244
0.348000 0.913000 2.521000 242 244 255
0.508000 0.880000 2.672000 233 237 248
0.361000 0.915000 2.535000 241 243 255
0.391000 0.910000 2.564000 243 248 254
0.657000 0.932000 2.855000 251 251 243
0.664000 0.877000 2.834000 241 243 238
0.554000 0.873000 2.716000 238 241 248
0.452000 0.893000 2.619000 240 243 250
0.606000 0.871000 2.771000 211 213 210
0.406000 0.892000 2.570000 244 243 255
0.291000 0.907000 2.458000 245 250 255
0.539000 0.877000 2.703000 240 242 254
0.440000 0.888000 2.605000 240 239 253
0.690000 0.888000 2.868000 253 253 251
0.591000 0.896000 2.769000 232 237 233
0.547000 0.908000 2.728000 245 246 250
0.304000 0.915000 2.475000 241 243 255
0.684000 0.875000 2.855000 246 246 244
0.550000 0.885000 2.719000 246 249 255
0.276000 0.917000 2.448000 245 248 255
0.460000 0.899000 2.632000 248 251 255
0.601000 0.907000 2.784000 235 240 236
0.494000 0.910000 2.672000 246 249 254
0.203000 0.914000 2.368000 247 248 253
0.637000 0.885000 2.811000 241 243 242
0.349000 0.888000 2.509000 235 237 250
0.340000 0.782000 2.515000 225 225 235
0.297000 0.763000 2.490000 240 240 248
0.403000 0.772000 2.588000 232 232 240
0.261000 0.765000 2.450000 249 248 254
0.197000 0.781000 2.371000 237 236 244
0.391000 0.775000 2.571000 232 235 242
0.323000 0.785000 2.494000 230 230 242
0.272000 0.773000 2.455000 242 242 250
0.348000 0.775000 2.529000 233 233 243
0.315000 0.776000 2.495000 228 228 240
0.318000 0.780000 2.494000 228 228 240
0.349000 0.784000 2.520000 224 224 234
0.257000 0.759000 2.453000 250 249 254
0.282000 0.776000 2.461000 233 233 241
0.219000 0.786000 2.389000 213 213 221
0.308000 0.770000 2.493000 237 237 247
0.175000 0.790000 2.339000 217 217 227
0.228000 0.767000 2.417000 246 246 254
0.321000 0.764000 2.513000 239 239 249
0.157000 0.770000 2.341000 216 216 228
0.142000 0.763000 2.333000 213 210 219
0.180000 0.765000 2.369000 241 241 251
0.183000 0.773000 2.364000 236 236 246
0.202000 0.767000 2.390000 246 243 250
0.155000 0.764000 2.345000 218 218 230
0.171000 0.760000 2.365000 240 240 248
1.485000 1.722000 2.295000 207 202 196
1.483000 1.715000 2.316000 201 201 193
1.482000 1.718000 2.311000 204 204 196
1.490000 1.733000 2.253000 206 204 192
1.484000 1.735000 2.260000 203 201 188
1.455000 1.739000 2.315000 204 201 194
1.482000 1.733000 2.272000 202 199 190
1.473000 1.721000 2.322000 204 204 196
0.828000 1.728000 1.998000 170 168 171
0.162000 1.723000 2.250000 150 142 123
0.144000 1.723000 2.217000 146 137 120
0.185000 1.723000 2.286000 148 140 117
0.110000 1.720000 2.201000 142 135 117
0.136000 1.718000 2.293000 147 139 120
0.137000 1.722000 2.224000 148 140 121
0.096000 1.717000 2.245000 150 142 121
0.220000 1.726000 2.279000 149 141 122
0.112000 1.714000 2.330000 127 116 98
0.071000 1.716000 2.222000 161 155 139
0.273000 1.729000 2.331000 150 138 122
0.205000 1.724000 2.301000 153 142 122
0.184000 1.723000 2.289000 147 139 116
0.267000 1.729000 2.319000 152 140 124
0.195000 1.725000 2.252000 150 139 117
0.108000 1.715000 2.300000 138 130 109
0.092000 1.716000 2.254000 146 138 117
0.114000 1.716000 2.291000 151 143 122
0.191000 1.726000 2.234000 150 139 119
0.153000 1.719000 2.308000 150 142 121
0.144000 1.724000 2.192000 143 136 118
0.088000 1.715000 2.265000 145 137 116
0.153000 1.718000 2.318000 154 146 125
0.150000 1.724000 2.207000 146 137 120
0.108000 1.719000 2.233000 146 138 117
0.184000 1.721000 2.320000 151 140 120
0.123000 1.717000 2.299000 152 144 125
0.152000 1.721000 2.261000 147 139 120
0.357000 1.727000 2.208000 150 141 124
0.347000 1.727000 2.264000 147 138 121
0.298000 1.728000 2.247000 150 139 121
0.352000 1.727000 2.259000 150 138 122
0.230000 1.728000 2.211000 134 133 115
0.409000 1.727000 2.328000 152 140 124
0.329000 1.727000 2.202000 148 139 122
0.328000 1.727000 2.190000 149 140 125
0.293000 1.727000 2.179000 135 134 116
0.328000 1.727000 2.174000 149 140 125
0.298000 1.728000 2.325000 149 140 125
0.393000 1.727000 2.321000 150 141 124
0.345000 1.726000 2.131000 149 137 121
0.326000 1.728000 2.283000 148 139 122
0.342000 1.728000 2.317000 147 140 122
0.264000 1.727000 2.179000 137 134 115
0.398000 1.727000 2.268000 150 143 125
0.284000 1.728000 2.220000 138 132 120
0.385000 1.726000 2.209000 151 142 127
0.364000 1.728000 2.325000 147 140 122
0.355000 1.728000 2.323000 148 141 123
0.358000 1.727000 2.205000 151 142 125
0.325000 1.727000 2.181000 150 141 126
0.254000 1.728000 2.275000 137 133 121
0.323000 1.727000 2.257000 146 139 123
0.269000 1.728000 2.234000 138 135 126
0.222000 1.728000 2.221000 136 133 118
0.311000 1.728000 2.271000 150 139 121
0.253000 1.728000 2.245000 137 135 123
0.292000 1.728000 2.280000 148 139 122
0.381000 1.726000 2.189000 152 144 125
0.372000 1.726000 2.183000 155 144 126
0.343000 1.728000 2.304000 147 140 122
0.322000 1.727000 2.184000 148 139 124
0.388000 1.727000 2.243000 153 141 127
0.316000 1.728000 2.331000 148 141 122
0.371000 1.727000 2.271000 149 140 123
0.335000 1.727000 2.267000 147 138 121
0.355000 1.727000 2.208000 150 141 124
0.364000 1.726000 2.156000 154 142 126
0.220000 1.728000 2.201000 136 135 117
0.316000 1.726000 2.132000 139 136 119
0.203000 1.728000 2.162000 139 129 117
0.272000 1.728000 2.271000 146 139 123
0.411000 1.727000 2.303000 150 143 125
0.343000 1.727000 2.225000 147 140 122
0.292000 1.728000 2.271000 150 139 121
0.291000 1.728000 2.229000 147 140 124
0.272000 1.728000 2.259000 138 134 123
0.388000 1.727000 2.244000 153 141 127
0.220000 1.728000 2.176000 138 135 120
0.329000 1.726000 2.140000 139 133 117
0.353000 1.727000 2.248000 151 139 123
0.554000 1.729000 2.126000 88 80 69
0.546000 1.729000 2.114000 65 55 43
0.438000 1.727000 2.103000 99 77 54
0.525000 1.729000 2.121000 99 89 77
0.505000 1.728000 2.091000 71 49 36
0.556000 1.729000 2.092000 81 73 62
0.543000 1.729000 2.149000 162 153 148
0.504000 1.728000 2.118000 156 140 125
0.559000 1.729000 2.125000 120 112 101
0.534000 1.729000 2.129000 123 114 99
0.519000 1.729000 2.092000 73 54 40
0.558000 1.729000 2.073000 79 72 64
0.668000 1.729000 2.225000 166 159 151
0.618000 1.728000 2.233000 164 157 147
0.721000 1.729000 2.230000 169 161 158
0.640000 1.729000 2.217000 166 159 151
0.615000 1.729000 2.317000 160 151 142
0.621000 1.728000 2.227000 164 157 149
0.663000 1.729000 2.247000 166 159 151
0.676000 1.729000 2.206000 167 160 154
0.735000 1.730000 2.254000 168 160 157
0.578000 1.728000 2.295000 160 152 139
0.787000 1.730000 2.253000 167 162 158
0.563000 1.728000 2.329000 157 149 136
0.763000 1.730000 2.305000 166 158 155
0.556000 1.728000 2.322000 157 149 136
0.639000 1.729000 2.245000 165 158 150
0.548000 1.728000 2.311000 157 149 138
0.789000 1.730000 2.261000 169 162 156
0.578000 1.728000 2.265000 161 153 142
0.628000 1.729000 2.302000 163 152 146
0.611000 1.728000 2.284000 162 153 144
0.615000 1.729000 2.332000 159 150 141
0.773000 1.730000 2.257000 167 162 158
0.843000 1.731000 2.270000 172 166 154
0.730000 1.730000 2.277000 167 159 156
0.623000 1.728000 2.241000 163 156 146
0.568000 1.728000 2.257000 161 153 140
0.765000 1.730000 2.306000 167 159 156
0.579000 1.728000 2.296000 160 152 139
0.708000 1.729000 2.315000 163 156 150
0.643000 1.729000 2.244000 166 159 151
0.600000 1.728000 2.321000 159 151 140
0.650000 1.729000 2.234000 166 159 153
0.837000 1.730000 2.271000 173 166 156
0.758000 1.730000 2.265000 168 160 158
0.584000 1.728000 2.311000 161 151 141
0.687000 1.729000 2.233000 167 159 156
0.756000 1.708000 2.083000 70 48 37
0.748000 1.706000 2.091000 98 74 62
0.838000 1.725000 2.011000 140 133 127
0.844000 1.724000 2.015000 135 128 120
0.779000 1.714000 2.058000 171 167 164
0.735000 1.728000 2.020000 129 122 114
0.751000 1.727000 2.018000 133 123 113
0.802000 1.728000 2.008000 150 141 142
0.715000 1.708000 2.092000 151 127 115
0.665000 1.724000 2.043000 152 147 141
0.676000 1.712000 2.084000 70 43 34
0.727000 1.715000 2.063000 171 165 165
0.769000 1.716000 2.053000 168 164 165
0.746000 1.708000 2.085000 64 42 31
0.706000 1.719000 2.054000 161 161 161
0.795000 1.708000 2.078000 73 57 44
0.760000 1.708000 2.084000 69 42 31
0.865000 1.731000 2.306000 172 164 153
0.833000 1.731000 2.328000 167 158 149
0.885000 1.731000 2.314000 171 164 148
0.916000 1.731000 2.302000 175 168 149
0.955000 1.731000 2.311000 177 174 159
0.870000 1.731000 2.290000 174 166 153
0.899000 1.731000 2.318000 174 167 149
0.960000 1.731000 2.323000 177 172 153
0.895000 1.731000 2.317000 174 167 149
0.869000 1.731000 2.291000 174 166 153
0.885000 1.731000 2.311000 173 166 150
0.822000 1.730000 2.288000 169 162 154
0.793000 1.730000 2.309000 165 161 152
0.811000 1.730000 2.322000 166 159 151
0.777000 1.730000 2.326000 163 158 152
0.797000 1.730000 2.318000 166 159 151
0.765000 1.730000 2.314000 164 159 153
0.801000 1.730000 2.320000 166 159 151
0.593000 1.728000 2.197000 166 157 150
0.477000 1.727000 2.316000 154 147 131
0.478000 1.727000 2.240000 155 147 134
0.523000 1.728000 2.286000 156 148 135
0.546000 1.728000 2.276000 159 151 140
0.454000 1.727000 2.276000 153 146 130
0.463000 1.727000 2.314000 153 144 129
0.465000 1.727000 2.329000 151 144 128
0.485000 1.727000 2.240000 156 148 135
0.481000 1.727000 2.241000 156 148 135
0.548000 1.728000 2.230000 160 151 142
0.542000 1.728000 2.253000 159 150 141
0.421000 1.727000 2.305000 150 143 125
0.523000 1.728000 2.308000 156 148 135
0.533000 1.728000 2.264000 158 150 139
0.516000 1.728000 2.297000 156 149 133
0.491000 1.727000 2.231000 156 148 135
0.095000 1.706000 2.311000 125 117 96
0.077000 1.701000 2.290000 127 117 92
0.113000 1.703000 2.331000 128 117 97
0.636000 1.730000 2.193000 168 159 150
0.582000 1.728000 2.165000 161 159 146
0.677000 1.729000 2.202000 165 160 157
0.770000 1.730000 2.236000 169 164 161
0.474000 1.727000 2.127000 164 146 132
0.520000 1.728000 2.146000 166 156 144
0.611000 1.712000 2.055000 17 19 8
0.610000 1.711000 2.056000 17 19 8
0.640000 1.712000 2.070000 72 60 46
0.617000 1.704000 2.065000 43 40 25
1.008000 1.732000 2.328000 179 177 164
1.003000 1.733000 2.329000 178 176 163
0.424000 1.727000 2.196000 155 145 133
0.436000 1.726000 2.113000 155 138 120
0.491000 1.727000 2.147000 162 154 143
0.424000 1.727000 2.251000 151 144 126
0.463000 1.727000 2.191000 158 148 136
0.484000 1.727000 2.208000 157 149 138
0.552000 1.728000 2.179000 165 155 146
0.403000 1.726000 2.142000 155 148 130
0.410000 1.726000 2.172000 155 146 129
0.487000 1.727000 2.161000 158 150 139
0.401000 1.726000 2.225000 152 143 128
0.471000 1.727000 2.169000 158 150 137
0.413000 1.726000 2.118000 165 152 135
0.402000 1.726000 2.160000 155 147 128
0.405000 1.726000 2.173000 154 145 128
0.413000 1.727000 2.238000 152 143 128
0.423000 1.726000 2.198000 155 145 133
0.447000 1.727000 2.211000 156 146 134
0.533000 1.727000 2.163000 162 156 144
0.429000 1.727000 2.249000 152 145 127
0.415000 1.726000 2.210000 155 142 133
0.479000 1.727000 2.128000 159 149 137
0.495000 1.727000 2.203000 159 151 140
0.400000 1.726000 2.112000 116 99 83
0.453000 1.727000 2.151000 158 148 136
0.588000 1.728000 2.168000 158 151 143
0.374000 1.726000 2.151000 155 143 127
0.454000 1.727000 2.200000 160 148 136
0.969000 1.734000 2.300000 199 200 202
1.032000 1.737000 2.279000 204 206 205
1.046000 1.737000 2.285000 204 206 205
1.076000 1.737000 2.315000 203 204 206
0.938000 1.734000 2.272000 199 200 202
0.939000 1.733000 2.304000 195 198 205
0.970000 1.735000 2.288000 199 200 202
0.934000 1.735000 2.258000 201 203 202
0.928000 1.733000 2.301000 195 198 205
1.051000 1.735000 2.326000 204 205 207
1.054000 1.736000 2.316000 204 205 207
1.042000 1.737000 2.270000 204 208 209
1.002000 1.736000 2.281000 202 204 203
1.016000 1.737000 2.250000 201 205 206
0.979000 1.737000 2.230000 202 204 201
1.039000 1.737000 2.246000 201 207 207
1.034000 1.737000 2.249000 203 207 208
1.127000 1.735000 2.282000 206 207 209
1.040000 1.736000 2.215000 204 205 207
1.158000 1.733000 2.237000 203 206 211
1.115000 1.735000 2.267000 204 208 209
1.121000 1.737000 2.315000 205 206 210
1.181000 1.732000 2.237000 204 205 210
1.071000 1.735000 2.222000 201 207 205
0.981000 1.737000 2.212000 202 204 203
1.104000 1.735000 2.240000 203 207 210
1.033000 1.736000 2.228000 201 205 206
1.023000 1.737000 2.224000 201 205 206
1.135000 1.735000 2.290000 206 207 209
1.160000 1.735000 2.297000 148 149 151
1.091000 1.734000 2.222000 201 207 205
1.182000 1.732000 2.224000 202 206 207
1.037000 1.734000 2.331000 202 203 195
1.225000 1.737000 2.303000 208 208 206
1.204000 1.731000 2.216000 201 205 208
1.220000 1.734000 2.259000 206 207 202
1.263000 1.738000 2.317000 195 197 196
1.194000 1.736000 2.306000 209 209 211
1.216000 1.732000 2.225000 201 205 206
1.196000 1.735000 2.284000 174 175 170
1.165000 1.736000 2.319000 182 181 187
1.233000 1.736000 2.289000 200 199 195
1.184000 1.737000 2.325000 188 189 191
0.836000 1.730000 2.192000 178 171 161
0.723000 1.730000 2.169000 170 165 162
0.846000 1.730000 2.176000 179 171 168
0.683000 1.730000 2.168000 171 161 159
0.801000 1.730000 2.224000 170 166 157
0.802000 1.730000 2.223000 170 166 157
0.766000 1.730000 2.200000 173 166 160
0.758000 1.730000 2.231000 170 162 159
0.843000 1.730000 2.222000 174 170 159
0.852000 1.731000 2.250000 175 167 154
0.846000 1.730000 2.196000 178 172 160
0.778000 1.730000 2.234000 168 163 157
0.707000 1.730000 2.202000 170 162 159
0.852000 1.731000 2.257000 173 167 155
0.707000 1.730000 2.212000 169 161 158
0.844000 1.730000 2.213000 176 170 158
0.559000 1.729000 2.164000 125 117 106
0.683000 1.730000 2.203000 169 159 157
0.819000 1.730000 2.235000 170 165 159
1.273000 1.727000 2.291000 205 205 205
1.255000 1.713000 2.250000 208 208 206
1.228000 1.727000 2.231000 203 204 209
1.229000 1.719000 2.223000 202 203 205
1.241000 1.728000 2.249000 204 204 202
1.374000 1.726000 2.264000 182 186 189
1.325000 1.729000 2.287000 191 192 197
1.443000 1.735000 2.246000 158 162 174
1.334000 1.717000 2.267000 194 196 193
1.344000 1.718000 2.266000 194 194 192
1.373000 1.725000 2.262000 191 192 194
1.374000 1.717000 2.252000 184 182 183
1.296000 1.716000 2.282000 202 203 205
1.303000 1.718000 2.281000 200 201 203
1.362000 1.716000 2.255000 176 177 172
1.301000 1.746000 2.325000 182 179 174
1.308000 1.746000 2.324000 196 195 191
1.413000 1.746000 2.280000 206 206 198
1.353000 1.739000 2.289000 177 179 191
0.556000 1.715000 2.145000 167 160 152
0.568000 1.724000 2.161000 137 127 117
0.591000 1.704000 2.137000 122 116 102
0.580000 1.714000 2.148000 102 96 82
0.559000 1.723000 2.157000 167 163 151
0.564000 1.710000 2.140000 163 156 140
0.554000 1.729000 2.151000 163 155 144
0.580000 1.708000 2.078000 72 63 58
0.570000 1.722000 2.108000 33 19 8
0.579000 1.726000 2.085000 17 14 7
0.583000 1.726000 2.074000 51 48 39
0.271000 1.722000 2.455000 153 145 126
0.203000 1.720000 2.372000 152 144 125
0.235000 1.719000 2.466000 128 120 101
0.437000 1.729000 2.625000 151 143 132
0.308000 1.723000 2.502000 156 147 130
0.328000 1.726000 2.484000 153 144 127
0.394000 1.724000 2.642000 127 119 106
0.403000 1.728000 2.578000 151 144 128
0.224000 1.723000 2.355000 151 143 124
0.422000 1.727000 2.650000 150 143 127
0.325000 1.728000 2.444000 150 143 127
0.364000 1.723000 2.607000 129 122 106
0.185000 1.719000 2.356000 154 147 128
0.202000 1.718000 2.418000 131 122 105
0.244000 1.723000 2.400000 151 144 126
0.294000 1.722000 2.503000 159 150 133
0.515000 1.729000 2.763000 158 154 145
0.268000 1.727000 2.357000 148 139 122
0.290000 1.721000 2.526000 133 121 105
0.433000 1.729000 2.620000 149 141 130
0.457000 1.728000 2.675000 160 152 141
0.164000 1.716000 2.384000 131 123 104
0.165000 1.716000 2.385000 128 120 101
0.317000 1.724000 2.512000 155 146 129
0.388000 1.724000 2.645000 130 122 109
0.424000 1.727000 2.650000 151 141 129
0.278000 1.725000 2.409000 151 143 124
0.289000 1.723000 2.485000 155 146 129
0.195000 1.721000 2.354000 151 144 125
0.235000 1.720000 2.441000 152 145 126
0.408000 1.727000 2.606000 154 146 133
0.206000 1.722000 2.349000 150 142 123
0.292000 1.723000 2.491000 155 146 129
0.431000 1.726000 2.669000 153 145 134
0.281000 1.722000 2.491000 154 147 129
0.241000 1.724000 2.365000 152 144 125
0.251000 1.725000 2.375000 149 142 123
0.338000 1.725000 2.516000 153 144 127
0.396000 1.724000 2.648000 124 116 103
0.414000 1.728000 2.601000 150 142 131
0.404000 1.725000 2.652000 130 123 107
0.362000 1.723000 2.610000 124 114 102
0.293000 1.728000 2.390000 149 142 124
0.143000 1.717000 2.340000 138 130 107
0.304000 1.721000 2.545000 128 119 102
0.193000 1.721000 2.332000 148 140 119
0.223000 1.721000 2.389000 151 144 125
0.250000 1.721000 2.454000 152 144 125
0.384000 1.726000 2.593000 151 144 128
0.457000 1.728000 2.691000 166 157 148
0.341000 1.723000 2.570000 141 133 120
0.399000 1.728000 2.584000 154 147 131
0.270000 1.726000 2.377000 150 143 125
0.389000 1.728000 2.430000 150 142 129
0.325000 1.728000 2.351000 149 142 124
0.472000 1.729000 2.644000 153 143 131
0.412000 1.729000 2.535000 154 144 132
0.451000 1.728000 2.458000 149 142 126
0.443000 1.728000 2.506000 153 144 129
0.379000 1.727000 2.334000 149 140 123
0.404000 1.728000 2.390000 149 142 124
0.471000 1.728000 2.550000 152 142 130
0.464000 1.728000 2.524000 152 143 128
0.480000 1.728000 2.571000 152 144 131
0.489000 1.729000 2.692000 162 158 146
0.417000 1.728000 2.514000 152 142 130
0.416000 1.728000 2.515000 152 142 130
0.435000 1.727000 2.389000 149 142 126
0.400000 1.728000 2.472000 150 143 127
0.410000 1.727000 2.382000 149 142 124
0.440000 1.729000 2.628000 149 141 130
0.372000 1.729000 2.500000 149 142 126
0.427000 1.729000 2.603000 152 144 133
0.462000 1.728000 2.536000 152 143 126
0.445000 1.729000 2.584000 152 144 133
0.418000 1.729000 2.548000 153 143 131
0.451000 1.729000 2.634000 151 143 132
0.366000 1.728000 2.418000 148 141 123
0.446000 1.728000 2.492000 154 145 128
0.529000 1.729000 2.744000 162 158 149
0.398000 1.728000 2.487000 153 146 130
0.430000 1.728000 2.416000 149 142 126
0.387000 1.728000 2.446000 151 144 128
0.394000 1.727000 2.364000 150 141 124
0.420000 1.728000 2.514000 152 142 130
0.348000 1.729000 2.431000 149 142 124
0.329000 1.728000 2.367000 148 141 123
0.371000 1.729000 2.466000 150 143 127
0.403000 1.727000 2.335000 151 139 123
0.509000 1.729000 2.729000 159 155 146
0.422000 1.728000 2.465000 151 144 128
0.323000 1.729000 2.399000 150 141 124
0.382000 1.728000 2.394000 149 142 124
0.513000 1.729000 2.708000 159 155 146
0.517000 1.729000 2.745000 160 156 147
0.398000 1.728000 2.403000 149 142 124
0.430000 1.729000 2.596000 153 145 134
0.357000 1.729000 2.454000 146 139 123
0.475000 1.729000 2.615000 151 143 132
0.507000 1.729000 2.747000 161 157 148
0.316000 1.729000 2.396000 150 142 123
0.536000 1.728000 2.359000 154 146 133
0.489000 1.728000 2.425000 151 144 128
0.530000 1.728000 2.407000 152 145 129
0.489000 1.728000 2.429000 150 143 127
0.549000 1.728000 2.368000 153 146 130
0.537000 1.728000 2.417000 152 145 129
0.564000 1.728000 2.352000 154 148 134
0.509000 1.728000 2.413000 151 144 128
0.632000 1.729000 2.368000 159 152 142
0.592000 1.729000 2.363000 157 149 138
0.523000 1.728000 2.360000 153 145 132
0.654000 1.729000 2.336000 162 153 146
0.493000 1.728000 2.425000 151 144 128
0.896000 1.730000 2.550000 158 150 139
0.787000 1.730000 2.446000 158 151 145
0.704000 1.730000 2.833000 160 156 155
0.846000 1.730000 2.823000 160 156 153
0.814000 1.730000 2.763000 161 158 153
0.794000 1.730000 2.909000 157 157 155
0.947000 1.730000 2.998000 155 154 152
0.927000 1.730000 2.985000 155 154 152
0.930000 1.730000 2.727000 163 163 155
0.908000 1.730000 2.847000 159 158 153
0.815000 1.730000 2.883000 158 157 155
0.791000 1.730000 2.636000 151 147 138
0.750000 1.730000 2.866000 158 157 155
0.877000 1.730000 2.798000 162 159 154
0.828000 1.730000 2.680000 162 159 152
0.733000 1.730000 2.742000 159 155 156
0.702000 1.730000 2.906000 157 156 154
0.912000 1.730000 2.601000 156 149 139
0.872000 1.730000 2.782000 162 159 154
0.992000 1.730000 3.023000 156 152 153
0.803000 1.730000 2.831000 161 157 156
0.694000 1.730000 2.655000 147 143 134
0.835000 1.730000 2.658000 150 146 137
0.881000 1.730000 2.679000 154 151 144
0.708000 1.730000 2.812000 157 156 154
0.791000 1.730000 2.526000 154 150 141
0.668000 1.730000 2.757000 160 157 152
0.951000 1.730000 2.808000 162 159 152
0.923000 1.730000 2.513000 160 152 141
0.891000 1.730000 2.485000 160 152 139
0.733000 1.730000 2.797000 161 157 156
0.794000 1.730000 2.544000 156 149 141
0.728000 1.730000 2.890000 159 155 154
0.822000 1.730000 2.953000 157 153 152
0.595000 1.730000 2.816000 158 155 148
0.889000 1.730000 2.879000 160 157 152
0.821000 1.730000 2.440000 158 156 144
0.757000 1.730000 2.816000 158 157 153
1.012000 1.730000 2.920000 157 156 152
0.829000 1.730000 2.437000 159 155 144
0.912000 1.730000 2.935000 156 152 151
0.707000 1.730000 2.565000 153 145 134
0.685000 1.730000 2.657000 146 142 133
0.784000 1.730000 2.553000 155 148 142
0.829000 1.730000 2.904000 159 155 154
0.911000 1.730000 2.599000 156 149 139
0.686000 1.730000 2.808000 158 157 152
0.684000 1.730000 2.879000 154 156 153
0.839000 1.730000 2.716000 162 159 152
0.876000 1.730000 2.863000 158 157 153
0.939000 1.730000 2.742000 163 163 155
1.046000 1.730000 3.036000 157 152 156
0.950000 1.730000 2.722000 163 163 153
0.891000 1.730000 2.520000 159 150 141
0.940000 1.730000 2.848000 162 159 154
0.802000 1.730000 2.556000 157 148 141
0.702000 1.730000 2.600000 149 145 134
0.807000 1.730000 2.444000 159 152 146
0.790000 1.730000 2.683000 163 160 153
0.854000 1.730000 2.792000 162 158 155
0.801000 1.730000 2.442000 159 152 146
1.007000 1.730000 2.987000 158 154 155
0.961000 1.730000 2.711000 163 163 153
0.613000 1.730000 2.742000 160 157 150
0.913000 1.730000 2.475000 162 154 141
0.785000 1.730000 2.879000 157 156 154
0.900000 1.730000 2.969000 152 152 152
0.852000 1.730000 2.860000 159 158 156
0.869000 1.730000 2.775000 162 158 155
0.755000 1.730000 2.694000 163 160 155
0.724000 1.730000 2.602000 150 146 137
0.798000 1.730000 2.437000 159 152 146
0.734000 1.730000 2.603000 150 146 135
0.941000 1.730000 2.912000 156 155 153
0.804000 1.730000 2.640000 153 146 136
0.857000 1.730000 2.441000 161 155 143
0.915000 1.730000 2.940000 158 154 153
0.829000 1.730000 2.527000 158 149 142
0.884000 1.730000 2.548000 157 151 139
0.865000 1.730000 2.726000 166 163 156
0.699000 1.730000 2.634000 150 144 132
0.865000 1.731000 2.400000 164 158 144
0.929000 1.730000 2.854000 161 158 153
0.671000 1.730000 2.687000 163 158 152
0.834000 1.730000 2.730000 163 160 155
0.942000 1.730000 2.793000 163 160 153
0.889000 1.730000 2.556000 157 151 139
0.929000 1.730000 3.002000 155 154 152
0.890000 1.730000 2.608000 156 147 140
0.756000 1.730000 2.786000 161 157 154
0.720000 1.730000 2.865000 159 159 157
0.853000 1.731000 2.369000 164 158 146
0.898000 1.730000 2.883000 160 156 153
0.864000 1.730000 2.724000 166 163 156
0.667000 1.730000 2.861000 159 155 152
0.938000 1.730000 2.612000 156 150 138
0.840000 1.730000 2.960000 157 153 152
0.770000 1.730000 2.536000 153 150 141
0.758000 1.730000 2.546000 152 149 140
0.966000 1.730000 3.032000 155 153 154
0.703000 1.730000 2.773000 158 157 155
0.709000 1.730000 2.675000 157 152 146
0.717000 1.730000 2.602000 150 146 137
1.000000 1.730000 2.903000 158 157 153
0.817000 1.730000 2.518000 156 149 141
0.916000 1.730000 2.550000 158 150 137
0.905000 1.730000 3.001000 154 153 151
0.820000 1.730000 2.900000 160 156 155
0.963000 1.730000 2.706000 166 163 154
0.790000 1.730000 2.517000 155 151 142
0.878000 1.730000 2.887000 160 156 155
0.886000 1.730000 2.812000 162 159 154
0.970000 1.730000 2.824000 160 159 154
0.848000 1.731000 2.354000 168 160 149
0.681000 1.730000 2.696000 163 158 152
0.929000 1.730000 2.566000 157 151 139
0.838000 1.730000 2.969000 156 152 151
0.712000 1.730000 2.608000 149 145 136
0.710000 1.730000 2.685000 161 156 150
0.941000 1.730000 2.880000 161 158 151
0.631000 1.730000 2.834000 158 155 150
0.777000 1.730000 2.503000 157 148 141
0.734000 1.730000 2.837000 158 159 154
0.975000 1.730000 2.831000 160 160 152
0.957000 1.730000 2.731000 162 162 152
0.875000 1.730000 2.885000 160 156 155
0.916000 1.730000 2.643000 155 148 138
0.936000 1.730000 2.609000 157 151 139
0.904000 1.730000 2.940000 157 153 152
0.944000 1.730000 2.997000 155 154 152
0.773000 1.730000 2.704000 160 159 154
0.878000 1.730000 2.538000 157 150 140
0.744000 1.730000 2.503000 158 149 140
0.582000 1.730000 2.837000 158 155 148
0.961000 1.730000 2.761000 165 162 155
0.967000 1.730000 2.935000 156 155 153
0.850000 1.730000 2.635000 155 148 138
0.867000 1.730000 2.619000 155 148 140
0.833000 1.730000 2.482000 160 153 145
0.887000 1.730000 2.914000 158 154 153
0.893000 1.730000 2.544000 159 151 140
0.731000 1.730000 2.531000 155 146 137
0.707000 1.730000 2.628000 152 146 134
0.661000 1.730000 2.767000 159 156 151
0.967000 1.730000 2.737000 164 161 154
0.718000 1.730000 2.845000 161 160 158
0.775000 1.730000 2.655000 146 143 136
0.822000 1.730000 2.606000 155 148 140
0.836000 1.730000 2.804000 161 157 154
0.890000 1.730000 2.512000 159 151 140
0.856000 1.730000 2.701000 164 161 154
0.871000 1.730000 2.592000 156 149 139
0.900000 1.730000 2.512000 160 152 141
0.916000 1.730000 2.856000 160 159 154
0.769000 1.730000 2.681000 160 157 150
0.776000 1.730000 2.633000 152 148 139
0.860000 1.730000 2.550000 157 150 142
0.819000 1.730000 2.418000 159 155 146
0.822000 1.730000 2.925000 157 156 154
0.929000 1.730000 2.525000 160 152 139
0.657000 1.730000 2.691000 159 155 146
0.732000 1.730000 2.853000 159 158 156
0.627000 1.730000 2.746000 160 157 150
0.790000 1.730000 2.941000 157 156 154
0.754000 1.730000 2.922000 159 158 156
0.765000 1.730000 2.920000 157 156 154
0.648000 1.730000 2.755000 156 153 144
0.804000 1.730000 2.485000 159 150 143
0.961000 1.730000 2.942000 156 155 153
0.968000 1.730000 2.949000 156 155 153
0.755000 1.730000 2.922000 159 158 156
0.867000 1.730000 2.697000 165 162 155
0.761000 1.730000 2.915000 158 157 155
1.005000 1.730000 2.980000 158 154 155
0.735000 1.730000 2.845000 159 159 157
0.756000 1.730000 2.474000 158 149 144
0.680000 1.730000 2.749000 159 156 151
1.034000 1.730000 2.950000 160 156 153
0.824000 1.730000 2.679000 158 155 148
0.730000 1.730000 2.877000 159 155 154
0.856000 1.730000 2.857000 158 157 155
0.779000 1.730000 2.837000 160 156 155
0.853000 1.730000 2.571000 157 150 140
0.957000 1.730000 2.969000 156 155 153
0.957000 1.730000 3.012000 154 153 151
0.705000 1.730000 2.910000 160 156 155
0.840000 1.730000 2.455000 162 153 144
0.806000 1.730000 2.836000 161 157 156
0.677000 1.730000 2.784000 158 157 153
0.758000 1.730000 2.819000 159 158 154
0.777000 1.730000 2.472000 154 149 143
0.797000 1.730000 2.475000 158 151 143
0.862000 1.730000 2.561000 157 150 140
0.753000 1.730000 2.532000 153 149 138
0.945000 1.730000 2.880000 161 158 153
0.782000 1.730000 2.607000 152 148 139
0.788000 1.730000 2.836000 161 157 156
1.026000 1.730000 2.964000 158 154 153
0.904000 1.730000 2.587000 158 151 141
0.827000 1.730000 2.915000 158 157 155
0.938000 1.730000 2.563000 159 151 138
1.005000 1.730000 3.041000 156 152 153
0.794000 1.730000 2.661000 148 145 136
0.800000 1.730000 2.802000 161 157 154
1.000000 1.730000 2.836000 162 161 156
0.958000 1.730000 3.003000 154 153 151
1.036000 1.730000 2.980000 159 155 154
0.828000 1.730000 2.906000 157 156 154
0.667000 1.730000 2.790000 158 157 153
0.858000 1.730000 2.501000 160 151 142
0.619000 1.730000 2.780000 159 156 149
0.740000 1.730000 2.692000 162 159 154
0.803000 1.730000 2.754000 161 157 154
0.909000 1.730000 2.683000 163 161 149
0.700000 1.730000 2.634000 150 144 132
0.754000 1.730000 2.821000 159 158 154
0.768000 1.730000 2.750000 160 156 155
0.798000 1.730000 2.485000 159 150 143
0.705000 1.730000 2.712000 161 158 153
0.788000 1.730000 2.544000 156 149 143
0.847000 1.730000 2.796000 161 157 154
0.767000 1.730000 2.479000 158 149 142
0.951000 1.730000 3.022000 154 153 151
0.798000 1.730000 2.559000 156 147 140
0.775000 1.730000 2.880000 158 158 156
0.991000 1.730000 2.891000 158 159 153
0.945000 1.730000 2.674000 155 151 139
0.668000 1.730000 2.745000 160 157 150
0.588000 1.730000 2.827000 158 155 148
1.006000 1.730000 2.892000 159 160 154
0.763000 1.730000 2.592000 154 147 139
0.966000 1.730000 2.991000 155 154 152
0.927000 1.730000 2.595000 156 150 138
0.891000 1.731000 2.395000 166 160 144
0.568000 1.730000 2.840000 151 148 143
0.640000 1.730000 2.832000 157 154 149
0.818000 1.730000 2.731000 163 159 156
0.990000 1.730000 2.955000 157 156 154
0.861000 1.730000 2.601000 157 148 141
0.851000 1.730000 2.418000 162 156 142
0.879000 1.730000 2.972000 155 155 155
0.919000 1.730000 2.842000 160 159 154
0.837000 1.731000 2.390000 165 156 149
0.814000 1.730000 2.543000 157 148 141
0.964000 1.730000 2.912000 156 155 151
0.567000 1.730000 2.827000 152 149 144
0.648000 1.730000 2.881000 158 154 151
0.688000 1.730000 2.624000 149 142 132
0.602000 1.730000 2.835000 157 154 149
0.793000 1.730000 2.585000 154 147 139
0.943000 1.731000 2.527000 160 154 138
1.054000 1.731000 2.684000 160 156 145
1.067000 1.731000 2.811000 167 164 159
1.149000 1.732000 2.531000 166 161 141
0.958000 1.731000 2.401000 167 162 142
1.001000 1.731000 2.480000 166 158 145
1.236000 1.733000 2.545000 170 164 142
1.051000 1.730000 2.870000 163 162 157
1.145000 1.732000 2.486000 170 165 143
1.153000 1.732000 2.751000 170 170 160
1.095000 1.732000 2.616000 166 158 145
0.953000 1.731000 2.481000 164 157 141
0.951000 1.731000 2.453000 164 157 141
1.170000 1.732000 2.676000 162 159 144
0.997000 1.731000 2.528000 162 156 142
1.219000 1.733000 2.414000 172 165 147
1.101000 1.732000 2.379000 175 172 157
1.107000 1.732000 2.659000 166 160 148
1.090000 1.732000 2.592000 166 158 145
1.040000 1.730000 2.825000 162 161 156
1.166000 1.732000 2.681000 161 159 146
1.004000 1.730000 2.747000 162 162 150
1.030000 1.731000 2.532000 164 158 142
1.237000 1.733000 2.468000 173 168 148
1.092000 1.731000 2.822000 168 165 160
1.062000 1.731000 2.607000 164 156 143
1.042000 1.731000 2.562000 164 157 141
1.154000 1.732000 2.662000 167 161 147
1.087000 1.731000 2.799000 168 165 158
0.975000 1.730000 2.676000 152 148 136
1.073000 1.732000 2.526000 167 162 143
1.115000 1.732000 2.604000 165 159 145
0.985000 1.731000 2.393000 171 166 147
0.997000 1.732000 2.350000 174 171 156
1.178000 1.733000 2.504000 169 164 144
0.993000 1.731000 2.472000 166 158 145
1.175000 1.732000 2.619000 164 156 143
1.129000 1.732000 2.512000 169 164 142
1.092000 1.732000 2.374000 175 172 155
1.052000 1.732000 2.428000 172 166 144
1.021000 1.730000 2.853000 161 160 155
0.992000 1.731000 2.619000 159 152 136
1.089000 1.730000 2.940000 161 158 153
0.975000 1.730000 2.681000 157 153 141
1.170000 1.733000 2.413000 174 169 149
1.096000 1.731000 2.943000 161 157 154
1.150000 1.732000 2.587000 167 161 147
1.098000 1.732000 2.491000 169 164 142
1.162000 1.733000 2.451000 172 166 140
1.064000 1.732000 2.394000 175 170 151
1.145000 1.731000 2.828000 166 166 158
1.145000 1.733000 2.452000 173 167 145
1.078000 1.731000 2.661000 163 157 143
1.003000 1.731000 2.418000 171 164 145
1.021000 1.732000 2.391000 173 166 147
1.075000 1.730000 2.917000 160 159 155
1.095000 1.731000 2.706000 174 173 168
1.170000 1.733000 2.465000 172 167 145
1.166000 1.732000 2.636000 167 160 144
1.113000 1.732000 2.399000 173 170 151
1.181000 1.732000 2.665000 163 157 143
1.196000 1.733000 2.419000 175 168 149
1.007000 1.730000 2.765000 162 162 152
1.123000 1.731000 2.736000 171 172 166
1.121000 1.731000 2.756000 170 170 160
1.076000 1.732000 2.492000 168 165 146
1.173000 1.732000 2.647000 167 160 144
1.249000 1.734000 2.426000 171 166 146
1.187000 1.733000 2.584000 165 158 142
1.096000 1.731000 2.733000 171 172 166
0.976000 1.730000 2.654000 157 151 137
0.976000 1.731000 2.401000 168 163 143
1.039000 1.732000 2.418000 171 166 146
1.244000 1.733000 2.529000 170 164 148
1.103000 1.732000 2.433000 171 165 143
1.057000 1.731000 2.577000 164 156 143
1.003000 1.731000 2.657000 157 151 137
1.173000 1.732000 2.718000 171 172 166
1.007000 1.730000 2.805000 162 162 154
0.998000 1.730000 2.746000 164 161 156
0.953000 1.730000 2.592000 157 151 137
1.120000 1.732000 2.687000 167 163 151
1.117000 1.731000 2.823000 165 165 157
1.218000 1.733000 2.594000 166 159 143
1.081000 1.732000 2.520000 169 164 145
1.154000 1.732000 2.618000 165 159 147
1.007000 1.730000 2.758000 162 162 152
1.106000 1.732000 2.509000 169 164 145
1.055000 1.731000 2.703000 171 168 159
1.029000 1.730000 2.847000 162 161 156
1.050000 1.731000 2.775000 165 164 159
1.074000 1.732000 2.408000 173 168 148
1.099000 1.731000 2.799000 168 165 156
1.044000 1.731000 2.643000 160 152 139
1.012000 1.730000 2.797000 162 163 157
1.120000 1.732000 2.631000 165 159 145
1.124000 1.731000 2.840000 165 166 160
1.221000 1.733000 2.415000 172 165 147
1.079000 1.732000 2.474000 170 165 143
1.182000 1.733000 2.402000 173 171 150
1.055000 1.732000 2.363000 176 172 161
0.997000 1.731000 2.642000 158 151 135
1.001000 1.731000 2.574000 162 155 139
1.137000 1.731000 2.764000 169 169 159
1.032000 1.731000 2.559000 164 157 141
0.938000 1.731000 2.468000 162 154 141
1.093000 1.731000 2.729000 169 170 164
1.113000 1.732000 2.552000 168 162 146
0.947000 1.731000 2.507000 162 154 141
1.013000 1.731000 2.620000 159 153 137
1.003000 1.730000 2.776000 163 163 153
1.045000 1.730000 2.894000 163 159 156
1.074000 1.730000 3.045000 157 152 156
1.243000 1.734000 2.436000 172 167 147
1.154000 1.732000 2.638000 167 161 147
1.135000 1.733000 2.440000 169 167 146
1.138000 1.732000 2.663000 165 159 145
1.250000 1.733000 2.489000 174 167 148
1.076000 1.732000 2.453000 168 166 143
1.216000 1.733000 2.451000 171 166 144
1.046000 1.732000 2.481000 169 164 144
1.007000 1.730000 2.729000 165 162 155
1.134000 1.732000 2.648000 166 158 145
1.214000 1.733000 2.445000 171 166 144
0.921000 1.731000 2.342000 172 166 150
0.990000 1.731000 2.460000 167 160 142
1.227000 1.733000 2.569000 169 162 143
1.074000 1.731000 2.797000 167 164 157
1.136000 1.733000 2.414000 175 168 152
0.964000 1.731000 2.411000 168 162 140
1.237000 1.733000 2.576000 169 162 144
1.106000 1.731000 2.931000 162 158 155
1.034000 1.732000 2.366000 176 170 158
1.040000 1.731000 2.774000 165 164 159
1.097000 1.732000 2.644000 163 157 141
1.209000 1.733000 2.400000 173 166 148
1.048000 1.732000 2.428000 172 166 144
1.111000 1.732000 2.676000 164 158 144
1.122000 1.732000 2.700000 179 175 172
0.995000 1.731000 2.660000 158 152 138
1.030000 1.730000 2.789000 162 161 156
1.102000 1.732000 2.518000 170 165 146
1.090000 1.730000 3.037000 158 153 157
1.123000 1.732000 2.607000 167 161 147
1.080000 1.731000 2.774000 169 166 159
1.014000 1.732000 2.388000 174 169 150
0.978000 1.731000 2.491000 164 157 141
1.175000 1.732000 2.781000 169 169 159
1.044000 1.731000 2.576000 164 156 143
1.153000 1.732000 2.644000 167 159 146
1.078000 1.732000 2.426000 171 166 144
1.127000 1.733000 2.367000 174 171 156
1.227000 1.733000 2.602000 166 159 143
0.986000 1.732000 2.353000 175 169 155
1.123000 1.732000 2.686000 165 161 149
1.072000 1.731000 2.774000 169 166 161
0.987000 1.731000 2.585000 160 153 137
0.980000 1.730000 2.652000 156 149 133
1.236000 1.733000 2.433000 173 166 148
0.983000 1.731000 2.481000 165 157 144
1.080000 1.731000 2.886000 162 161 156
1.065000 1.732000 2.518000 166 160 144
1.032000 1.731000 2.518000 163 157 143
1.090000 1.732000 2.420000 173 168 148
1.216000 1.733000 2.419000 172 165 147
1.256000 1.734000 2.470000 174 169 149
1.159000 1.732000 2.549000 166 160 144
1.080000 1.732000 2.464000 168 163 141
1.091000 1.732000 2.474000 168 163 141
1.170000 1.732000 2.552000 165 160 141
1.130000 1.731000 2.875000 164 165 159
1.194000 1.732000 2.718000 171 170 165
0.966000 1.731000 2.540000 160 154 138
1.165000 1.732000 2.681000 161 159 146
1.130000 1.732000 2.592000 167 161 147
1.105000 1.732000 2.539000 168 162 146
1.142000 1.732000 2.652000 166 158 145
1.046000 1.731000 2.545000 165 158 142
0.994000 1.731000 2.444000 169 162 143
1.026000 1.731000 2.739000 166 163 154
1.167000 1.733000 2.508000 167 162 142
1.101000 1.732000 2.503000 169 164 144
1.111000 1.732000 2.683000 164 161 146
1.027000 1.731000 2.673000 156 150 136
0.924000 1.731000 2.386000 168 163 144
1.028000 1.730000 2.856000 162 161 156
1.002000 1.732000 2.345000 176 173 158
1.085000 1.730000 2.972000 160 156 157
1.084000 1.732000 2.465000 169 164 142
0.900000 1.731000 2.403000 165 159 143
1.064000 1.731000 2.669000 161 155 143
1.115000 1.731000 2.780000 167 167 157
1.195000 1.733000 2.561000 167 160 142
1.163000 1.733000 2.442000 173 168 149
1.083000 1.731000 2.773000 169 166 157
1.053000 1.731000 2.713000 167 167 157
1.145000 1.732000 2.697000 176 173 164
1.141000 1.732000 2.592000 167 161 147
1.006000 1.731000 2.678000 155 151 139
1.010000 1.731000 2.604000 159 153 137
1.131000 1.732000 2.472000 170 166 141
1.197000 1.733000 2.424000 174 167 148
0.955000 1.731000 2.574000 159 152 136
1.217000 1.733000 2.463000 172 167 145
1.051000 1.731000 2.656000 161 154 138
1.072000 1.730000 2.909000 160 159 155
1.100000 1.732000 2.498000 171 166 146
1.163000 1.732000 2.743000 170 170 160
1.116000 1.732000 2.546000 168 162 146
1.054000 1.730000 2.984000 157 156 154
1.196000 1.732000 2.723000 172 171 167
1.238000 1.733000 2.689000 163 160 151
1.269000 1.733000 2.686000 160 157 142
1.305000 1.733000 2.666000 164 158 142
1.329000 1.733000 2.804000 171 170 165
1.286000 1.733000 2.780000 171 170 165
1.327000 1.733000 2.662000 167 159 146
1.374000 1.733000 2.872000 172 167 171
1.418000 1.733000 2.912000 169 167 172
1.302000 1.732000 2.854000 171 167 168
1.355000 1.732000 2.921000 167 165 166
1.385000 1.733000 2.915000 167 165 168
1.380000 1.733000 2.850000 174 170 171
1.337000 1.733000 2.850000 172 168 169
1.241000 1.733000 2.593000 168 161 145
1.377000 1.733000 2.875000 173 168 172
1.433000 1.733000 2.999000 168 163 170
1.302000 1.734000 2.550000 173 166 148
1.295000 1.733000 2.687000 162 158 147
1.241000 1.733000 2.618000 166 159 143
1.229000 1.733000 2.655000 165 158 142
1.325000 1.733000 2.736000 174 172 173
1.259000 1.733000 2.623000 166 159 143
1.237000 1.733000 2.640000 166 158 145
1.242000 1.733000 2.633000 167 160 144
1.354000 1.733000 2.834000 173 169 170
1.318000 1.733000 2.619000 170 163 147
1.230000 1.732000 2.765000 170 170 162
1.240000 1.732000 2.810000 169 168 163
1.365000 1.733000 2.735000 175 175 173
1.335000 1.733000 2.864000 172 168 167
1.325000 1.734000 2.581000 172 165 149
1.299000 1.733000 2.792000 171 170 165
1.299000 1.734000 2.538000 174 167 149
1.311000 1.732000 2.902000 168 167 165
1.272000 1.733000 2.739000 172 171 167
1.315000 1.733000 2.770000 172 171 166
1.263000 1.733000 2.581000 170 163 147
1.263000 1.733000 2.677000 164 156 143
1.344000 1.733000 2.831000 171 169 170
1.248000 1.733000 2.581000 168 161 142
1.388000 1.733000 2.878000 172 167 171
1.438000 1.733000 3.026000 165 164 172
1.306000 1.732000 2.847000 172 168 167
1.323000 1.733000 2.641000 169 161 148
1.252000 1.732000 2.752000 172 171 167
1.261000 1.732000 2.769000 171 171 163
1.262000 1.733000 2.577000 170 163 145
1.396000 1.733000 2.845000 172 170 171
1.247000 1.733000 2.569000 170 163 145
1.254000 1.733000 2.675000 165 158 142
1.337000 1.733000 2.662000 167 159 146
1.365000 1.733000 2.748000 175 174 172
1.289000 1.733000 2.581000 170 163 147
1.266000 1.733000 2.508000 172 165 146
1.272000 1.733000 2.541000 172 165 146
1.239000 1.732000 2.744000 170 169 165
1.268000 1.733000 2.663000 165 158 142
1.293000 1.733000 2.762000 171 170 165
1.433000 1.733000 2.964000 170 165 172
1.256000 1.733000 2.572000 169 162 144
1.268000 1.732000 2.831000 168 167 163
1.461000 1.733000 3.079000 163 159 173
1.254000 1.733000 2.663000 165 158 140
1.312000 1.733000 2.762000 173 172 168
1.382000 1.733000 2.934000 168 166 169
1.359000 1.733000 2.829000 174 170 171
1.274000 1.733000 2.662000 165 159 143
1.235000 1.732000 2.772000 172 169 162
1.427000 1.733000 3.007000 166 163 172
1.276000 1.733000 2.672000 164 158 142
1.273000 1.733000 2.723000 174 173 169
1.338000 1.732000 2.901000 167 165 168
1.360000 1.733000 2.728000 174 174 172
1.255000 1.732000 2.738000 171 170 165
1.439000 1.733000 2.988000 169 164 171
1.241000 1.733000 2.591000 168 161 145
1.356000 1.733000 2.853000 173 169 168
1.207000 1.732000 2.696000 171 168 159
1.438000 1.733000 2.592000 170 163 147
1.399000 1.733000 2.728000 178 178 180
1.436000 1.733000 2.638000 171 163 152
1.427000 1.733000 2.705000 183 179 178
1.421000 1.733000 2.707000 181 179 180
1.425000 1.733000 2.605000 171 163 150
1.391000 1.733000 2.743000 180 176 177
1.434000 1.733000 2.597000 170 163 147
1.460000 1.733000 2.665000 171 163 152
1.440000 1.733000 2.539000 173 165 146
1.469000 1.733000 2.653000 169 161 150
1.390000 1.733000 2.459000 174 167 149
1.545000 1.731000 3.127000 155 153 166
1.563000 1.731000 3.129000 154 148 158
1.573000 1.731000 2.908000 176 169 177
1.565000 1.731000 2.950000 166 160 170
1.581000 1.731000 2.958000 177 167 176
1.554000 1.731000 3.035000 160 158 169
1.507000 1.732000 3.082000 162 162 174
1.526000 1.731000 3.098000 159 157 171
1.562000 1.731000 3.090000 158 150 163
1.558000 1.731000 3.039000 160 157 168
1.563000 1.731000 2.934000 169 167 180
1.578000 1.730000 3.094000 156 149 157
1.530000 1.732000 3.013000 164 163 177
1.579000 1.731000 2.972000 168 165 172
1.561000 1.731000 3.054000 161 153 168
1.565000 1.731000 3.116000 155 149 159
1.564000 1.731000 3.012000 161 158 169
1.475000 1.732000 3.095000 163 159 174
1.522000 1.732000 3.004000 161 163 175
1.512000 1.732000 3.063000 166 159 177
0.528000 1.729000 2.570000 150 142 131
0.628000 1.729000 2.484000 152 144 131
0.664000 1.730000 2.620000 148 142 130
0.606000 1.729000 2.464000 153 145 134
0.511000 1.728000 2.563000 153 143 133
0.797000 1.730000 2.368000 162 155 147
0.553000 1.729000 2.724000 159 155 146
0.573000 1.729000 2.595000 151 143 132
0.604000 1.729000 2.515000 151 144 128
0.553000 1.728000 2.431000 153 143 131
0.681000 1.730000 2.513000 155 147 136
0.725000 1.730000 2.515000 156 147 138
0.751000 1.730000 2.345000 161 156 150
0.576000 1.729000 2.748000 159 154 148
0.780000 1.730000 2.340000 163 156 150
0.528000 1.729000 2.723000 162 158 147
0.538000 1.728000 2.514000 152 142 132
0.513000 1.728000 2.581000 151 143 132
0.587000 1.730000 2.764000 158 155 148
0.695000 1.730000 2.380000 160 153 147
0.731000 1.730000 2.455000 157 150 142
0.523000 1.728000 2.429000 151 144 128
0.669000 1.729000 2.412000 158 149 140
0.668000 1.730000 2.542000 151 143 132
0.623000 1.729000 2.480000 153 145 132
0.656000 1.729000 2.496000 154 146 135
0.544000 1.728000 2.420000 152 144 131
0.764000 1.730000 2.337000 163 156 150
0.518000 1.728000 2.574000 151 143 132
0.628000 1.730000 2.593000 149 141 130
0.636000 1.729000 2.428000 156 148 137
0.725000 1.730000 2.445000 157 150 142
0.679000 1.729000 2.361000 161 152 145
0.548000 1.729000 2.754000 163 158 154
0.655000 1.730000 2.649000 149 142 132
0.483000 1.728000 2.471000 151 142 127
0.767000 1.730000 2.394000 160 153 145
0.575000 1.729000 2.705000 162 160 147
0.562000 1.729000 2.520000 151 143 130
0.603000 1.729000 2.447000 154 145 136
0.750000 1.730000 2.333000 163 156 150
0.527000 1.728000 2.554000 153 143 133
0.816000 1.731000 2.350000 165 156 147
0.528000 1.728000 2.517000 152 142 132
0.616000 1.729000 2.473000 153 145 132
0.711000 1.730000 2.498000 156 147 138
0.659000 1.730000 2.640000 148 141 131
0.536000 1.729000 2.734000 160 156 145
0.565000 1.729000 2.755000 159 154 148
0.740000 1.730000 2.402000 159 152 144
0.529000 1.729000 2.628000 152 144 131
0.631000 1.729000 2.565000 150 142 131
0.650000 1.730000 2.552000 151 143 132
0.733000 1.730000 2.493000 155 146 137
0.624000 1.729000 2.419000 157 148 139
0.589000 1.729000 2.679000 163 157 143
0.702000 1.730000 2.401000 159 152 144
0.595000 1.729000 2.444000 154 146 135
0.565000 1.729000 2.737000 160 155 149
0.646000 1.729000 2.418000 157 148 139
0.607000 1.729000 2.595000 150 142 131
0.540000 1.728000 2.449000 151 144 128
0.647000 1.730000 2.621000 150 142 129
0.543000 1.728000 2.467000 154 142 128
0.747000 1.730000 2.452000 157 150 142
0.598000 1.730000 2.752000 159 156 149
0.533000 1.729000 2.711000 160 156 145
0.557000 1.730000 2.821000 154 151 144
0.611000 1.729000 2.389000 157 149 138
0.777000 1.730000 2.424000 159 152 146
0.637000 1.729000 2.469000 155 147 134
0.691000 1.730000 2.426000 157 148 139
0.575000 1.730000 2.787000 160 157 150
0.675000 1.730000 2.572000 152 144 133
0.652000 1.730000 2.624000 150 142 131
0.757000 1.730000 2.371000 161 154 146
0.680000 1.730000 2.556000 152 144 133
0.641000 1.729000 2.429000 157 149 138
0.690000 1.730000 2.525000 153 145 134
0.676000 1.730000 2.450000 156 150 138
0.574000 1.730000 2.790000 160 157 150
0.576000 1.729000 2.592000 151 143 132
0.692000 1.730000 2.503000 155 147 136
0.732000 1.730000 2.486000 157 148 139
0.668000 1.730000 2.533000 153 145 134
0.590000 1.729000 2.610000 151 143 132
0.775000 1.730000 2.394000 161 154 146
0.644000 1.730000 2.561000 150 142 131
0.647000 1.730000 2.538000 151 143 132
0.661000 1.729000 2.478000 154 148 134
0.667000 1.729000 2.455000 156 150 136
0.632000 1.729000 2.534000 152 144 131
0.767000 1.730000 2.350000 162 155 149
0.508000 1.728000 2.443000 150 143 127
0.618000 1.730000 2.694000 163 159 150
0.551000 1.729000 2.711000 161 159 146
0.574000 1.729000 2.513000 152 144 131
0.715000 1.730000 2.401000 159 152 144
0.604000 1.730000 2.725000 161 158 149
0.553000 1.729000 2.758000 162 157 151
0.529000 1.728000 2.509000 153 143 133
0.755000 1.730000 2.335000 163 156 150
0.650000 1.730000 2.530000 152 144 133
0.547000 1.729000 2.661000 148 144 132
0.610000 1.729000 2.417000 156 148 137
0.542000 1.729000 2.684000 162 158 146
0.536000 1.728000 2.479000 152 142 130
0.490000 1.728000 2.584000 151 143 132
0.492000 1.728000 2.522000 151 142 125
0.709000 1.730000 2.379000 160 153 145
0.525000 1.728000 2.437000 149 143 127
1.468000 1.733000 3.004000 169 163 173
1.467000 1.733000 2.841000 176 174 177
1.427000 1.733000 2.864000 174 169 175
1.423000 1.733000 2.875000 171 169 172
1.475000 1.733000 2.843000 176 174 179
1.417000 1.733000 2.845000 176 171 175
1.492000 1.732000 2.925000 175 170 177
1.521000 1.732000 2.820000 177 176 184
1.494000 1.732000 2.964000 173 167 177
1.445000 1.733000 2.829000 174 172 175
1.410000 1.733000 2.823000 175 173 176
1.426000 1.733000 2.822000 175 173 176
1.482000 1.732000 2.957000 172 166 176
1.480000 1.733000 2.920000 174 169 173
1.514000 1.732000 2.827000 179 178 184
1.409000 1.733000 2.869000 172 170 173
1.499000 1.732000 2.834000 179 177 182
1.455000 1.733000 2.813000 175 173 178
1.423000 1.733000 2.817000 175 173 178
1.481000 1.732000 2.999000 167 164 175
1.418000 1.733000 2.814000 175 173 178
1.450000 1.733000 2.942000 170 167 174
1.407000 1.733000 2.829000 173 171 174
1.477000 1.733000 2.925000 174 169 176
1.466000 1.733000 2.819000 176 174 179
1.472000 1.733000 3.056000 164 161 172
1.480000 1.733000 2.960000 172 166 176
1.446000 1.733000 2.835000 176 171 175
0.679000 1.714000 2.937000 147 143 142
0.746000 1.717000 2.962000 161 157 156
0.720000 1.713000 2.961000 150 146 145
0.743000 1.724000 2.943000 159 155 156
0.603000 1.729000 2.862000 156 153 148
0.779000 1.726000 2.955000 158 154 153
0.732000 1.726000 2.933000 160 155 159
0.612000 1.723000 2.880000 144 140 137
0.652000 1.726000 2.893000 159 155 152
0.667000 1.720000 2.915000 155 154 150
0.750000 1.720000 2.956000 161 157 156
0.656000 1.726000 2.896000 159 155 152
0.806000 1.727000 2.967000 156 152 151
0.636000 1.724000 2.892000 155 150 147
1.535000 1.732000 2.887000 175 173 184
1.493000 1.732000 3.000000 167 163 177
1.555000 1.732000 2.854000 179 172 180
1.504000 1.732000 2.938000 171 168 177
1.535000 1.732000 2.891000 173 172 180
1.516000 1.732000 2.919000 173 171 182
1.558000 1.732000 2.837000 173 172 177
1.550000 1.732000 2.881000 171 171 181
1.535000 1.732000 2.827000 176 173 182
1.513000 1.732000 2.987000 166 166 176
1.528000 1.732000 2.857000 176 170 180
1.522000 1.732000 2.881000 174 173 181
1.555000 1.732000 2.841000 173 172 177
1.520000 1.732000 2.909000 167 170 179
1.179000 1.732000 2.813000 168 168 160
1.248000 1.732000 2.967000 164 163 161
1.112000 1.730000 3.048000 159 154 158
1.227000 1.732000 2.886000 165 164 162
1.156000 1.731000 2.924000 164 160 159
1.265000 1.732000 2.858000 170 166 165
1.242000 1.732000 2.868000 169 165 162
1.129000 1.731000 2.998000 161 156 160
1.239000 1.731000 2.963000 164 163 159
1.191000 1.732000 2.872000 167 166 162
1.175000 1.732000 2.805000 168 168 160
1.174000 1.731000 2.941000 164 160 159
1.197000 1.731000 2.909000 165 164 162
1.253000 1.732000 2.882000 166 165 163
1.241000 1.732000 2.863000 170 166 163
1.122000 1.730000 3.023000 160 155 159
1.312000 1.732000 2.916000 166 165 163
1.202000 1.732000 2.789000 168 168 158
1.295000 1.732000 2.939000 165 164 162
1.108000 1.730000 3.010000 160 155 159
1.184000 1.731000 2.976000 161 160 158
1.280000 1.732000 2.916000 166 167 162
1.141000 1.731000 2.922000 164 160 159
1.189000 1.731000 2.973000 161 160 158
1.174000 1.731000 2.949000 164 160 159
1.152000 1.731000 3.014000 161 156 160
1.178000 1.732000 2.828000 168 167 162
1.188000 1.731000 2.991000 161 159 160
1.172000 1.731000 2.900000 164 163 159
1.258000 1.732000 2.850000 171 167 164
1.217000 1.731000 2.956000 163 162 158
1.195000 1.731000 2.979000 161 160 158
1.219000 1.731000 2.974000 162 161 159
1.262000 1.732000 2.864000 169 165 164
1.159000 1.731000 2.938000 163 159 158
1.102000 1.730000 3.029000 158 153 157
1.184000 1.732000 2.838000 166 167 161
1.200000 1.731000 3.011000 161 156 160
1.171000 1.731000 3.002000 160 158 159
1.271000 1.732000 2.958000 165 164 162
1.222000 1.731000 2.946000 164 163 159
1.183000 1.732000 2.822000 168 168 160
1.127000 1.730000 3.046000 159 154 158
1.161000 1.731000 3.005000 160 158 159
1.128000 1.731000 2.959000 163 159 158
1.140000 1.731000 3.035000 160 155 159
0.450000 1.727000 2.398000 150 143 127
0.458000 1.727000 2.365000 151 142 127
0.440000 1.727000 2.340000 150 143 125
0.498000 1.728000 2.364000 153 143 131
0.478000 1.727000 2.332000 152 145 129
0.470000 1.728000 2.403000 149 142 126
1.378000 1.733000 2.734000 176 174 175
1.406000 1.733000 2.550000 173 165 146
1.381000 1.733000 2.555000 173 165 146
1.357000 1.733000 2.507000 172 165 147
1.333000 1.734000 2.569000 173 166 148
1.373000 1.733000 2.483000 172 165 147
1.395000 1.733000 2.549000 172 164 143
1.333000 1.734000 2.545000 173 166 148
1.402000 1.733000 2.482000 174 169 150
1.347000 1.733000 2.524000 172 165 147
1.318000 1.734000 2.535000 175 168 150
1.380000 1.733000 2.522000 172 165 147
1.332000 1.734000 2.471000 173 166 147
1.382000 1.733000 2.655000 171 164 154
1.326000 1.734000 2.541000 172 165 147
1.421000 1.733000 2.488000 171 165 149
1.424000 1.733000 2.485000 173 166 150
1.410000 1.733000 2.545000 172 164 143
1.385000 1.733000 2.592000 172 166 152
1.366000 1.733000 2.656000 168 164 153
1.346000 1.734000 2.486000 172 165 146
1.390000 1.733000 2.475000 174 167 149
1.385000 1.733000 2.555000 171 164 145
1.355000 1.733000 2.504000 170 163 144
1.319000 1.734000 2.485000 171 166 146
1.372000 1.733000 2.653000 170 163 153
1.407000 1.733000 2.546000 173 165 144
1.475000 1.733000 2.795000 180 178 183
1.492000 1.732000 2.724000 179 177 178
1.490000 1.733000 2.693000 168 161 153
1.409000 1.733000 2.759000 178 176 177
1.510000 1.732000 2.793000 181 179 184
1.431000 1.733000 2.718000 181 179 184
1.489000 1.733000 2.699000 176 171 167
1.474000 1.733000 2.747000 183 182 180
1.493000 1.732000 2.754000 181 181 181
1.495000 1.732000 2.749000 181 179 180
1.459000 1.733000 2.689000 170 163 155
1.470000 1.733000 2.705000 183 179 178
1.481000 1.733000 2.736000 183 182 180
1.509000 1.732000 2.777000 180 179 184
1.462000 1.733000 2.685000 171 164 156
0.352000 1.703000 2.605000 127 120 104
0.130000 1.705000 2.351000 125 117 94
0.264000 1.713000 2.504000 128 121 103
0.198000 1.701000 2.428000 125 117 98
0.479000 1.705000 2.749000 140 137 130
0.336000 1.710000 2.586000 127 120 104
0.238000 1.709000 2.474000 126 118 97
0.370000 1.715000 2.624000 128 121 105
0.170000 1.695000 2.397000 125 118 99
0.387000 1.711000 2.644000 124 116 105
0.398000 1.710000 2.656000 124 116 103
0.543000 1.726000 2.822000 145 142 135
0.284000 1.705000 2.527000 131 119 103
0.518000 1.710000 2.794000 142 137 131
0.378000 1.705000 2.634000 125 117 104
0.252000 1.705000 2.491000 125 118 100
0.359000 1.707000 2.612000 126 119 103
0.428000 1.713000 2.692000 145 137 124
0.323000 1.720000 2.571000 127 120 101
1.734000 1.729000 2.588000 181 175 163
1.714000 1.729000 2.563000 180 173 163
1.751000 1.729000 2.628000 179 173 159
1.766000 1.728000 2.617000 178 174 163
1.739000 1.728000 2.588000 181 175 163
1.774000 1.727000 2.620000 179 175 164
1.739000 1.729000 2.607000 180 174 160
1.723000 1.730000 2.599000 178 172 160
1.727000 1.729000 2.578000 180 174 162
1.749000 1.729000 2.622000 176 174 159
1.710000 1.732000 2.627000 174 167 159
1.734000 1.730000 2.611000 178 172 160
1.824000 1.726000 2.667000 177 172 153
1.735000 1.734000 2.707000 172 168 159
1.777000 1.729000 2.662000 176 170 156
1.795000 1.730000 2.714000 179 178 173
1.832000 1.732000 2.795000 182 182 180
1.739000 1.733000 2.692000 175 168 158
1.813000 1.726000 2.653000 178 172 156
1.812000 1.727000 2.666000 178 172 156
1.819000 1.731000 2.759000 184 185 179
1.833000 1.730000 2.767000 182 183 177
1.754000 1.733000 2.715000 180 177 168
1.751000 1.731000 2.662000 178 171 161
1.812000 1.730000 2.742000 184 183 178
1.766000 1.730000 2.663000 178 172 160
1.833000 1.733000 2.824000 180 182 177
1.810000 1.732000 2.782000 182 183 178
1.784000 1.733000 2.752000 183 184 176
1.768000 1.733000 2.729000 184 184 176
1.739000 1.732000 2.661000 174 170 161
1.801000 1.727000 2.656000 178 172 156
1.674000 1.735000 2.646000 156 147 140
1.686000 1.736000 2.667000 162 153 146
1.797000 1.729000 2.700000 174 171 162
1.824000 1.734000 2.832000 181 182 177
1.768000 1.729000 2.989000 171 169 170
1.764000 1.734000 2.818000 181 180 176
1.724000 1.728000 3.015000 164 162 165
1.718000 1.732000 2.842000 174 176 173
1.660000 1.730000 2.888000 151 153 152
1.720000 1.731000 2.885000 174 173 171
1.658000 1.731000 2.865000 153 152 150
1.761000 1.730000 2.936000 176 172 169
1.666000 1.731000 2.873000 160 156 155
1.698000 1.730000 2.930000 166 166 168
1.821000 1.734000 2.847000 181 180 175
1.727000 1.733000 2.800000 178 177 173
1.686000 1.727000 3.015000 162 159 166
1.737000 1.735000 2.738000 184 181 176
1.742000 1.731000 2.909000 175 174 172
1.752000 1.734000 2.799000 181 180 176
1.701000 1.732000 2.837000 167 173 171
1.673000 1.725000 3.074000 149 139 148
1.669000 1.729000 2.926000 159 155 156
1.680000 1.735000 2.719000 169 163 163
1.720000 1.729000 2.978000 168 163 167
1.770000 1.730000 2.945000 173 172 168
1.714000 1.731000 2.877000 176 172 171
1.680000 1.728000 2.961000 160 158 159
1.754000 1.729000 3.001000 165 166 168
1.722000 1.730000 2.942000 168 170 169
1.682000 1.731000 2.873000 167 163 160
1.693000 1.731000 2.864000 166 168 167
1.810000 1.732000 2.906000 180 177 170
1.727000 1.735000 2.757000 181 180 175
1.730000 1.731000 2.906000 174 173 171
1.796000 1.733000 2.841000 180 179 174
1.667000 1.728000 2.975000 157 157 157
1.659000 1.735000 2.692000 147 138 129
1.756000 1.733000 2.823000 182 179 174
1.726000 1.728000 2.990000 170 165 169
1.742000 1.735000 2.750000 182 182 174
1.720000 1.730000 2.916000 173 171 172
1.687000 1.726000 3.059000 159 157 162
1.832000 1.734000 2.855000 183 182 177
1.669000 1.735000 2.702000 155 147 144
1.831000 1.732000 2.898000 181 178 171
1.667000 1.734000 2.747000 157 154 147
1.806000 1.734000 2.829000 182 181 177
1.689000 1.733000 2.789000 171 170 166
1.674000 1.728000 2.962000 159 157 158
1.757000 1.731000 2.907000 175 174 170
1.818000 1.732000 2.900000 180 177 170
1.686000 1.734000 2.741000 175 169 169
1.751000 1.729000 2.994000 167 167 169
1.766000 1.733000 2.828000 182 179 174
1.670000 1.725000 3.076000 146 136 144
1.658000 1.734000 2.745000 160 156 147
1.687000 1.733000 2.788000 170 169 167
1.718000 1.734000 2.789000 177 176 172
1.665000 1.728000 2.983000 157 157 159
1.702000 1.726000 3.066000 162 157 164
1.803000 1.734000 2.837000 181 180 176
1.715000 1.733000 2.801000 178 174 171
1.656000 1.730000 2.879000 149 151 148
1.678000 1.734000 2.741000 168 164 161
1.663000 1.728000 2.975000 156 156 158
1.720000 1.728000 3.017000 164 162 167
1.657000 1.727000 3.018000 159 151 162
1.731000 1.735000 2.748000 182 181 176
1.691000 1.735000 2.734000 175 169 171
1.750000 1.732000 2.869000 178 175 170
1.677000 1.728000 2.974000 156 158 157
1.685000 1.732000 2.819000 167 169 168
1.851000 1.733000 2.896000 183 180 173
1.680000 1.735000 2.735000 170 166 163
1.835000 1.733000 2.868000 181 180 175
1.719000 1.733000 2.798000 177 176 172
1.716000 1.731000 2.891000 175 173 174
1.710000 1.731000 2.891000 172 170 171
1.718000 1.730000 2.909000 172 172 172
1.729000 1.731000 2.876000 175 174 170
1.782000 1.725000 3.026000 166 164 165
1.770000 1.719000 3.092000 139 133 135
1.801000 1.720000 3.065000 156 152 153
1.767000 1.723000 3.057000 162 158 159
1.767000 1.723000 3.053000 162 158 159
1.786000 1.724000 3.031000 168 164 165
1.813000 1.724000 3.022000 167 165 166
1.688000 1.722000 3.107000 145 138 146
1.739000 1.720000 3.097000 138 132 136
1.807000 1.714000 3.116000 143 141 144
1.786000 1.721000 3.059000 162 156 158
1.736000 1.714000 3.159000 100 78 65
1.710000 1.719000 3.125000 148 147 155
1.699000 1.725000 3.076000 159 154 161
1.795000 1.715000 3.111000 136 136 136
1.707000 1.720000 3.122000 148 145 152
1.784000 1.711000 3.155000 90 68 47
1.821000 1.714000 3.112000 139 139 139
1.688000 1.724000 3.094000 143 133 141
1.805000 1.728000 2.985000 173 169 166
1.784000 1.725000 3.030000 168 164 165
1.834000 1.721000 3.037000 167 163 162
1.839000 1.716000 3.084000 139 133 133
1.653000 1.724000 3.117000 144 137 145
1.818000 1.721000 3.046000 164 160 161
1.738000 1.721000 3.092000 140 134 138
1.728000 1.717000 3.131000 156 155 163
1.837000 1.717000 3.075000 150 146 147
1.853000 1.729000 2.953000 180 177 170
1.788000 1.714000 3.130000 150 147 142
1.792000 1.728000 2.997000 171 167 166
1.827000 1.729000 2.969000 177 174 167
1.772000 1.710000 3.172000 119 77 53
1.826000 1.725000 3.001000 173 169 166
1.737000 1.717000 3.128000 149 150 154
1.772000 1.726000 3.026000 166 164 165
1.863000 1.732000 2.916000 182 179 172
1.828000 1.724000 3.011000 171 167 164
1.736000 1.725000 3.060000 159 154 158
1.434000 1.734000 2.454000 176 169 153
1.440000 1.734000 2.464000 176 169 153
1.476000 1.733000 2.490000 175 167 148
1.583000 1.731000 2.740000 173 168 164
1.584000 1.731000 2.786000 177 169 166
1.559000 1.732000 2.777000 168 166 169
1.574000 1.731000 2.779000 173 168 165
1.581000 1.731000 2.822000 174 167 159
1.568000 1.732000 2.783000 170 166 163
1.581000 1.732000 2.593000 171 161 151
1.571000 1.731000 2.802000 173 169 166
1.576000 1.731000 2.749000 171 168 163
1.577000 1.731000 2.816000 174 169 163
1.573000 1.732000 2.703000 174 174 166
1.536000 1.732000 2.773000 176 175 173
1.567000 1.731000 2.814000 168 164 163
1.539000 1.732000 2.823000 176 173 182
1.567000 1.732000 2.672000 163 156 148
1.578000 1.732000 2.706000 175 172 165
1.569000 1.732000 2.734000 175 169 171
1.522000 1.732000 2.643000 166 160 146
1.542000 1.732000 2.691000 161 154 144
1.520000 1.732000 2.751000 174 175 170
1.517000 1.732000 2.785000 180 179 184
1.539000 1.732000 2.637000 166 157 150
1.516000 1.732000 2.754000 177 177 175
1.565000 1.732000 2.618000 169 161 150
1.526000 1.732000 2.663000 165 156 147
1.531000 1.732000 2.684000 162 155 147
1.542000 1.732000 2.599000 169 161 148
1.508000 1.732000 2.673000 167 157 145
1.510000 1.732000 2.723000 176 175 173
1.515000 1.732000 2.724000 176 170 170
1.522000 1.732000 2.741000 175 174 170
1.520000 1.732000 2.720000 176 170 170
1.522000 1.732000 2.722000 177 171 171
1.523000 1.732000 2.627000 166 160 146
1.537000 1.732000 2.691000 161 154 144
1.483000 1.733000 2.496000 173 166 147
1.478000 1.733000 2.498000 174 166 147
1.547000 1.732000 2.528000 172 162 150
1.496000 1.732000 2.627000 169 159 147
1.548000 1.732000 2.566000 170 162 151
1.526000 1.732000 2.535000 174 165 150
1.484000 1.733000 2.621000 169 159 147
1.472000 1.733000 2.603000 170 162 143
1.507000 1.732000 2.542000 173 166 148
1.446000 1.733000 2.520000 173 165 146
1.501000 1.732000 2.529000 174 165 148
1.506000 1.732000 2.569000 171 163 150
1.464000 1.733000 2.516000 175 167 148
0.658000 1.715000 2.924000 145 141 138
1.086000 1.733000 2.358000 175 173 160
1.136000 1.733000 2.374000 176 170 156
1.077000 1.735000 2.344000 179 171 169
1.235000 1.734000 2.405000 167 169 156
1.086000 1.734000 2.354000 176 175 157
1.118000 1.735000 2.354000 172 174 161
1.136000 1.734000 2.373000 173 171 156
1.113000 1.735000 2.353000 174 178 164
1.179000 1.738000 2.334000 201 204 213
0.066000 1.709000 2.022000 98 82 67
0.067000 1.711000 2.051000 83 70 54
0.077000 1.710000 2.020000 122 106 91
0.084000 1.710000 1.995000 134 122 96
0.071000 1.707000 1.970000 103 78 56
0.067000 1.706000 1.953000 100 69 49
0.070000 1.699000 1.634000 98 84 47
0.069000 1.700000 1.674000 90 71 56
0.078000 1.703000 1.750000 94 73 56
0.078000 1.705000 1.859000 100 80 56
0.075000 1.702000 1.719000 85 66 51
0.072000 1.704000 1.905000 107 77 49
0.103000 1.714000 1.979000 134 127 101
0.073000 1.703000 1.801000 100 69 48
0.101000 1.713000 1.942000 131 123 100
0.070000 1.702000 1.766000 109 82 61
0.071000 1.717000 2.155000 139 133 117
0.132000 1.723000 2.084000 91 74 58
0.124000 1.722000 2.080000 86 70 55
0.141000 1.727000 2.112000 143 132 114
0.069000 1.715000 2.135000 98 85 66
0.092000 1.721000 2.153000 146 139 123
0.101000 1.712000 1.785000 136 122 93
0.110000 1.713000 1.363000 127 126 96
0.107000 1.715000 1.964000 128 123 101
0.089000 1.704000 1.239000 102 91 63
0.128000 1.718000 1.218000 129 125 98
0.097000 1.707000 1.323000 126 116 81
0.093000 1.705000 1.186000 117 106 86
0.086000 1.704000 1.459000 115 107 61
0.089000 1.707000 1.788000 119 99 74
0.090000 1.704000 1.173000 102 90 68
0.069000 1.696000 1.174000 90 69 48
0.072000 1.698000 1.301000 144 137 69
0.123000 1.719000 1.562000 129 124 92
0.090000 1.704000 1.148000 103 96 68
0.103000 1.709000 1.178000 138 130 107
0.108000 1.714000 1.663000 128 127 96
0.134000 1.721000 1.298000 130 124 92
0.094000 1.707000 1.466000 120 114 82
0.100000 1.710000 1.629000 128 122 88
0.138000 1.722000 1.120000 132 127 105
0.077000 1.702000 1.652000 81 64 44
0.101000 1.711000 1.733000 131 127 100
0.134000 1.720000 1.118000 125 124 103
0.118000 1.717000 1.653000 127 124 91
0.079000 1.700000 1.172000 88 70 50
0.092000 1.706000 1.396000 114 110 83
0.105000 1.710000 1.191000 132 124 101
0.118000 1.718000 1.822000 132 123 94
0.102000 1.709000 1.224000 131 123 100
0.110000 1.713000 1.463000 123 121 96
0.136000 1.721000 1.066000 54 51 36
0.080000 1.700000 1.231000 90 72 50
0.083000 1.701000 1.110000 90 71 56
0.084000 1.704000 1.631000 105 96 65
0.115000 1.715000 1.405000 127 124 91
0.126000 1.718000 1.297000 126 122 97
0.127000 1.720000 1.448000 113 110 77
0.120000 1.717000 1.499000 127 123 86
0.118000 1.718000 1.790000 135 121 92
0.117000 1.714000 1.216000 129 127 104
0.078000 1.701000 1.426000 124 119 64
0.124000 1.718000 1.368000 123 120 89
0.097000 1.709000 1.515000 122 117 87
0.097000 1.707000 1.275000 128 118 93
0.102000 1.708000 1.114000 135 130 110
0.113000 1.713000 1.221000 128 123 104
0.121000 1.717000 1.457000 123 119 84
0.094000 1.705000 1.179000 108 97 77
0.073000 1.700000 1.597000 100 96 49
0.112000 1.712000 1.159000 132 128 103
0.103000 1.713000 1.948000 130 124 102
0.095000 1.709000 1.653000 131 127 100
0.141000 1.723000 1.096000 131 129 108
0.070000 1.697000 1.204000 94 71 55
0.093000 1.707000 1.552000 116 112 74
0.069000 1.697000 1.294000 152 142 83
0.083000 1.704000 1.660000 82 69 50
0.083000 1.702000 1.183000 90 73 53
0.116000 1.716000 1.611000 132 121 89
0.092000 1.706000 1.378000 115 114 84
0.113000 1.713000 1.203000 128 126 103
0.082000 1.702000 1.368000 128 125 94
0.071000 1.698000 1.487000 114 103 57
0.103000 1.709000 1.139000 130 128 103
0.116000 1.715000 1.406000 127 124 91
0.102000 1.709000 1.340000 130 123 94
0.087000 1.706000 1.693000 109 97 75
0.126000 1.719000 1.369000 121 118 85
0.124000 1.717000 1.157000 132 128 103
0.110000 1.713000 1.380000 125 126 92
0.095000 1.706000 1.151000 114 107 79
0.110000 1.713000 1.327000 131 123 102
0.087000 1.706000 1.663000 103 92 72
0.087000 1.702000 1.114000 98 83 64
0.089000 1.707000 1.810000 123 107 82
0.072000 1.700000 1.596000 98 90 44
0.074000 1.700000 1.484000 92 81 36
0.071000 1.700000 1.604000 107 103 56
0.118000 1.715000 1.202000 128 126 103
0.107000 1.712000 1.511000 129 126 95
0.112000 1.717000 1.966000 130 124 102
0.113000 1.716000 1.656000 129 126 95
0.123000 1.719000 1.542000 110 107 74
0.115000 1.717000 1.879000 135 123 97
0.111000 1.717000 1.985000 139 130 101
0.139000 1.722000 1.090000 134 129 110
0.095000 1.708000 1.609000 119 113 79
0.106000 1.713000 1.751000 135 125 100
0.109000 1.712000 1.347000 131 127 102
0.102000 1.711000 1.668000 127 126 95
0.276000 1.722000 1.604000 142 139 120
0.761000 1.727000 1.936000 183 181 184
0.142000 1.719000 1.898000 131 124 95
0.639000 1.726000 1.908000 148 144 143
0.238000 1.722000 1.418000 146 144 123
0.126000 1.719000 1.760000 130 121 92
0.127000 1.719000 1.790000 125 116 85
0.308000 1.723000 1.571000 143 140 121
0.514000 1.725000 1.726000 159 156 151
0.562000 1.726000 1.662000 160 159 157
0.146000 1.721000 1.418000 128 127 99
0.487000 1.724000 1.848000 154 150 139
0.283000 1.723000 1.447000 148 145 126
0.462000 1.724000 1.782000 153 149 140
0.331000 1.722000 1.732000 148 141 125
0.726000 1.727000 1.835000 170 170 172
0.182000 1.722000 1.361000 139 135 108
0.158000 1.721000 1.518000 130 128 103
0.156000 1.720000 1.719000 132 127 105
0.179000 1.721000 1.490000 134 130 103
0.808000 1.728000 1.944000 188 187 183
0.489000 1.724000 1.835000 154 150 141
0.197000 1.723000 1.270000 142 138 113
0.590000 1.726000 1.760000 162 159 154
0.262000 1.720000 1.947000 140 134 112
0.217000 1.720000 1.908000 139 132 113
0.514000 1.726000 1.572000 167 166 174
0.278000 1.722000 1.690000 140 137 118
0.537000 1.725000 1.688000 159 156 151
0.257000 1.721000 1.818000 142 135 116
0.224000 1.720000 1.781000 139 133 111
0.254000 1.722000 1.540000 138 137 116
0.539000 1.724000 2.007000 128 119 102
0.620000 1.725000 1.943000 101 103 92
0.197000 1.721000 1.555000 132 130 105
0.126000 1.719000 1.821000 128 119 88
0.319000 1.721000 1.847000 147 140 124
0.506000 1.724000 1.815000 155 151 142
0.432000 1.724000 1.671000 153 149 137
0.246000 1.720000 1.883000 142 135 116
0.118000 1.718000 1.980000 140 133 105
0.249000 1.721000 1.719000 142 137 117
0.339000 1.721000 1.950000 145 137 124
0.227000 1.722000 1.389000 143 141 120
0.252000 1.720000 1.930000 142 134 115
0.287000 1.722000 1.582000 143 138 119
0.388000 1.722000 1.880000 151 143 130
0.374000 1.722000 1.861000 150 142 129
0.688000 1.727000 1.782000 167 166 164
0.277000 1.723000 1.502000 138 141 120
0.443000 1.723000 1.858000 154 147 137
0.219000 1.722000 1.445000 140 138 113
0.326000 1.723000 1.551000 146 145 127
0.127000 1.718000 1.987000 115 102 70
0.495000 1.724000 1.853000 155 151 142
0.514000 1.724000 1.883000 156 152 141
0.690000 1.726000 1.979000 166 160 162
0.665000 1.727000 1.798000 165 164 162
0.163000 1.721000 1.563000 131 129 106
0.251000 1.720000 1.948000 139 131 110
0.280000 1.721000 1.900000 143 136 117
0.414000 1.725000 1.495000 153 157 160
0.382000 1.723000 1.803000 151 145 133
0.322000 1.724000 1.427000 153 149 137
0.419000 1.724000 1.704000 153 146 136
0.421000 1.724000 1.690000 149 149 139
0.495000 1.725000 1.654000 170 170 172
0.366000 1.723000 1.669000 151 145 131
0.689000 1.727000 1.882000 170 168 169
0.135000 1.718000 1.959000 123 117 83
0.510000 1.724000 1.960000 153 143 141
0.330000 1.721000 1.934000 146 138 125
0.621000 1.725000 1.970000 93 97 80
0.670000 1.726000 1.968000 165 161 162
0.730000 1.727000 1.962000 174 173 178
0.354000 1.724000 1.351000 156 154 142
0.142000 1.720000 1.622000 129 123 97
0.327000 1.722000 1.767000 147 139 126
0.268000 1.721000 1.876000 143 136 118
0.205000 1.721000 1.629000 136 132 107
0.139000 1.721000 1.364000 131 125 93
0.239000 1.723000 1.401000 145 142 123
0.401000 1.722000 1.894000 150 143 133
0.512000 1.725000 1.639000 169 171 183
0.230000 1.720000 1.785000 140 134 112
0.225000 1.720000 1.907000 138 131 112
0.428000 1.725000 1.551000 151 154 159
0.149000 1.722000 1.202000 143 132 100
0.180000 1.720000 1.651000 135 131 106
0.287000 1.721000 1.749000 146 139 121
0.416000 1.722000 1.972000 145 137 126
0.592000 1.724000 2.014000 18 20 17
0.564000 1.725000 1.853000 159 156 151
0.499000 1.723000 2.017000 126 117 100
0.567000 1.724000 1.967000 136 133 128
0.344000 1.724000 1.334000 159 157 145
0.132000 1.719000 1.782000 123 116 87
0.673000 1.726000 1.884000 169 165 166
0.249000 1.723000 1.340000 150 148 127
0.159000 1.722000 1.209000 143 134 101
0.586000 1.725000 1.979000 28 29 23
0.155000 1.721000 1.400000 130 129 98
0.236000 1.720000 1.811000 140 134 112
0.212000 1.723000 1.238000 148 143 121
0.499000 1.725000 1.648000 170 169 175
0.198000 1.720000 1.775000 136 130 106
0.714000 1.727000 1.881000 172 172 172
0.355000 1.724000 1.545000 149 146 131
0.226000 1.721000 1.576000 136 134 109
0.384000 1.722000 1.968000 144 136 123
0.149000 1.721000 1.492000 132 128 101
0.161000 1.722000 1.358000 135 130 101
0.517000 1.726000 1.586000 166 169 178
0.283000 1.722000 1.717000 144 139 120
0.599000 1.726000 1.764000 163 159 156
0.156000 1.719000 1.850000 133 125 102
0.485000 1.723000 2.022000 130 121 104
0.643000 1.725000 1.973000 123 121 109
0.401000 1.723000 1.705000 153 145 132
0.435000 1.723000 1.877000 151 147 136
0.366000 1.724000 1.487000 153 149 138
0.539000 1.724000 1.921000 155 151 150
0.346000 1.723000 1.643000 148 142 126
0.176000 1.718000 2.020000 122 114 91
0.645000 1.726000 1.852000 166 162 159
0.503000 1.724000 1.914000 154 148 148
0.251000 1.720000 2.010000 119 111 88
0.228000 1.720000 1.782000 141 135 113
0.379000 1.724000 1.490000 156 150 138
0.230000 1.723000 1.337000 146 146 122
0.155000 1.721000 1.454000 133 129 102
0.485000 1.723000 1.983000 144 134 124
0.387000 1.724000 1.466000 151 151 143
0.347000 1.722000 1.848000 149 142 126
0.578000 1.725000 1.781000 162 159 154
0.447000 1.723000 1.965000 146 140 128
0.345000 1.722000 1.852000 149 142 126
0.211000 1.722000 1.487000 136 135 107
0.505000 1.725000 1.741000 157 154 149
0.606000 1.725000 1.963000 132 141 124
0.597000 1.725000 1.842000 163 159 156
0.333000 1.724000 1.359000 156 152 141
0.140000 1.721000 1.517000 122 119 88
0.397000 1.724000 1.651000 151 151 141
0.266000 1.722000 1.608000 142 137 118
0.578000 1.725000 1.906000 155 151 152
0.227000 1.722000 1.504000 138 137 109
0.556000 1.726000 1.631000 172 180 193
0.197000 1.721000 1.539000 134 132 107
0.602000 1.726000 1.836000 161 160 158
0.733000 1.727000 1.973000 170 172 171
0.151000 1.718000 2.035000 132 124 103
0.420000 1.724000 1.725000 151 147 136
0.228000 1.722000 1.563000 135 135 109
0.199000 1.720000 1.778000 136 130 106
0.736000 1.727000 1.852000 172 172 174
0.126000 1.719000 1.725000 131 122 93
0.526000 1.724000 1.904000 155 149 149
0.346000 1.722000 1.780000 148 141 125
0.624000 1.726000 1.867000 164 160 157
0.354000 1.723000 1.672000 151 145 131
0.495000 1.724000 1.778000 156 151 145
0.161000 1.718000 1.983000 125 113 87
0.786000 1.728000 1.912000 186 186 186
0.339000 1.721000 1.903000 148 138 126
0.434000 1.725000 1.474000 138 141 148
0.802000 1.728000 1.993000 172 171 176
0.178000 1.722000 1.250000 142 135 106
0.210000 1.720000 1.874000 137 131 109
0.263000 1.722000 1.578000 139 136 117
0.712000 1.726000 1.992000 160 158 159
0.703000 1.726000 1.956000 172 167 171
0.504000 1.724000 1.775000 157 153 144
0.361000 1.724000 1.529000 151 148 133
0.307000 1.723000 1.435000 153 147 133
0.135000 1.721000 1.346000 130 125 95
0.239000 1.719000 2.004000 120 108 86
0.146000 1.720000 1.623000 129 125 98
0.297000 1.722000 1.614000 141 140 120
0.572000 1.724000 1.987000 128 123 119
0.197000 1.723000 1.265000 143 139 114
0.178000 1.722000 1.306000 135 134 103
0.254000 1.723000 1.285000 152 151 131
0.534000 1.725000 1.735000 160 156 153
0.201000 1.723000 1.211000 146 140 114
0.439000 1.723000 1.894000 150 146 135
0.271000 1.721000 1.803000 142 135 117
0.244000 1.721000 1.700000 141 136 116
0.598000 1.726000 1.679000 163 159 160
0.261000 1.720000 1.999000 122 112 87
0.330000 1.724000 1.423000 153 151 138
0.158000 1.718000 2.036000 132 124 103
0.538000 1.724000 1.864000 158 155 148
0.254000 1.723000 1.407000 145 146 130
0.128000 1.720000 1.588000 130 121 92
0.268000 1.723000 1.421000 146 148 127
0.218000 1.720000 1.846000 139 131 112
0.192000 1.721000 1.587000 136 132 107
0.271000 1.723000 1.365000 149 148 130
0.258000 1.720000 1.985000 131 120 100
0.270000 1.721000 1.730000 144 139 119
0.598000 1.725000 1.929000 145 144 139
0.248000 1.722000 1.547000 135 137 115
0.262000 1.720000 1.963000 138 130 111
0.568000 1.724000 1.988000 162 157 151
0.412000 1.722000 2.003000 125 117 96
0.820000 1.728000 1.987000 178 178 180
0.718000 1.727000 1.893000 173 173 175
0.146000 1.721000 1.439000 131 127 98
0.315000 1.722000 1.712000 145 142 125
0.402000 1.723000 1.760000 152 145 135
0.247000 1.722000 1.452000 146 141 119
0.237000 1.720000 1.986000 127 116 94
0.821000 1.728000 1.978000 183 182 180
0.464000 1.723000 1.994000 138 129 112
0.187000 1.719000 1.981000 127 117 90
0.295000 1.720000 1.992000 125 118 99
0.567000 1.725000 1.765000 162 158 157
0.764000 1.727000 1.920000 182 183 185
0.322000 1.723000 1.619000 144 141 124
0.197000 1.723000 1.217000 146 140 114
0.308000 1.724000 1.372000 154 151 136
0.424000 1.723000 1.802000 154 147 137
0.623000 1.727000 1.703000 166 162 161
0.147000 1.718000 1.950000 129 122 94
0.244000 1.720000 1.954000 140 132 111
0.194000 1.719000 2.021000 127 116 94
0.170000 1.721000 1.557000 131 131 107
0.390000 1.725000 1.447000 153 152 147
0.161000 1.720000 1.743000 133 127 103
0.405000 1.723000 1.753000 152 145 135
0.284000 1.724000 1.336000 153 151 136
0.352000 1.722000 1.892000 147 139 126
0.416000 1.722000 2.004000 123 117 93
0.304000 1.720000 2.033000 131 126 107
0.198000 1.722000 1.482000 136 132 105
0.416000 1.723000 1.795000 153 146 136
0.411000 1.723000 1.728000 151 147 136
0.564000 1.725000 1.843000 159 156 151
0.447000 1.723000 1.829000 154 148 136
0.734000 1.727000 2.000000 157 155 156
0.619000 1.726000 1.782000 162 161 157
0.364000 1.724000 1.521000 151 147 135
0.339000 1.722000 1.835000 146 139 123
0.228000 1.720000 1.949000 136 130 108
0.348000 1.724000 1.507000 150 146 134
0.198000 1.722000 1.325000 137 140 113
0.481000 1.723000 1.943000 154 147 141
0.494000 1.724000 1.799000 156 152 143
0.585000 1.724000 2.015000 22 23 18
0.214000 1.722000 1.425000 139 137 114
0.278000 1.721000 1.826000 144 137 118
0.424000 1.723000 1.746000 151 147 138
0.290000 1.724000 1.360000 152 150 135
0.238000 1.721000 1.669000 139 134 114
0.171000 1.723000 1.185000 144 138 106
0.428000 1.725000 1.469000 159 162 171
0.211000 1.719000 2.023000 128 120 99
0.216000 1.722000 1.373000 143 142 121
0.563000 1.724000 1.988000 135 128 120
0.685000 1.727000 1.830000 167 166 164
0.442000 1.724000 1.700000 153 150 141
0.140000 1.722000 1.292000 135 127 90
0.154000 1.723000 1.128000 145 135 108
0.357000 1.721000 1.992000 130 122 103
0.263000 1.723000 1.428000 145 147 125
0.144000 1.719000 1.882000 130 123 97
0.395000 1.724000 1.531000 150 149 145
0.223000 1.721000 1.599000 138 133 111
0.733000 1.727000 2.003000 154 150 151
0.304000 1.722000 1.668000 146 140 124
0.360000 1.722000 1.773000 150 143 127
0.365000 1.723000 1.619000 149 143 131
0.217000 1.720000 1.794000 137 131 109
0.620000 1.725000 1.970000 93 97 80
0.715000 1.727000 1.886000 173 173 175
0.207000 1.722000 1.368000 138 137 116
0.185000 1.721000 1.636000 132 130 105
0.450000 1.723000 2.003000 126 120 98
0.415000 1.722000 1.966000 146 138 125
0.601000 1.725000 2.012000 167 169 166
0.208000 1.720000 1.737000 137 131 107
0.237000 1.720000 1.992000 121 110 88
0.354000 1.724000 1.502000 152 148 136
0.340000 1.722000 1.785000 148 141 125
0.748000 1.727000 1.940000 179 177 182
0.351000 1.721000 2.020000 125 119 97
0.339000 1.723000 1.549000 147 145 130
0.684000 1.727000 1.825000 167 166 164
0.272000 1.721000 1.855000 143 136 118
0.349000 1.721000 2.008000 120 112 91
0.232000 1.722000 1.421000 146 141 119
0.452000 1.725000 1.497000 161 164 171
0.180000 1.721000 1.536000 134 130 105
0.550000 1.725000 1.821000 159 156 151
0.244000 1.722000 1.613000 140 135 116
0.232000 1.721000 1.770000 139 133 111
0.391000 1.722000 2.006000 121 113 92
0.277000 1.721000 1.874000 145 137 118
0.248000 1.723000 1.282000 150 149 129
0.247000 1.721000 1.803000 141 134 115
0.183000 1.722000 1.341000 136 135 107
0.226000 1.724000 1.180000 152 147 127
0.314000 1.722000 1.644000 145 142 123
0.313000 1.721000 1.988000 129 121 102
0.260000 1.722000 1.609000 141 136 117
0.210000 1.723000 1.238000 146 141 121
0.808000 1.728000 1.999000 165 164 170
0.325000 1.722000 1.757000 148 141 125
0.277000 1.720000 1.932000 142 135 116
0.156000 1.723000 1.176000 142 136 104
0.660000 1.727000 1.808000 165 164 162
0.700000 1.727000 1.897000 172 172 174
0.412000 1.724000 1.704000 153 147 135
0.554000 1.725000 1.733000 160 157 152
0.246000 1.721000 1.792000 142 135 116
0.162000 1.720000 1.613000 128 128 102
0.693000 1.727000 1.862000 168 166 169
0.528000 1.725000 1.803000 158 155 146
0.366000 1.723000 1.728000 149 143 129
0.640000 1.726000 1.778000 163 162 158
0.708000 1.726000 1.987000 161 161 163
0.544000 1.725000 1.799000 159 156 147
0.287000 1.721000 1.892000 146 137 120
0.464000 1.725000 1.624000 160 163 170
0.805000 1.728000 1.950000 187 186 182
0.221000 1.721000 1.726000 139 133 111
0.169000 1.722000 1.261000 139 132 104
0.280000 1.720000 1.981000 132 124 105
0.160000 1.722000 1.392000 132 131 100
0.236000 1.722000 1.529000 142 137 115
0.139000 1.718000 1.929000 130 123 95
0.137000 1.719000 1.792000 127 120 91
0.369000 1.724000 1.565000 150 148 133
0.467000 1.724000 1.673000 156 152 141
0.261000 1.722000 1.572000 139 138 118
0.622000 1.726000 1.802000 164 160 157
0.248000 1.720000 2.017000 123 117 93
0.368000 1.723000 1.646000 148 145 130
0.421000 1.722000 1.925000 152 146 134
0.210000 1.721000 1.607000 137 132 110
0.533000 1.724000 1.893000 156 152 149
0.157000 1.720000 1.687000 133 128 106
0.618000 1.726000 1.724000 166 162 161
0.272000 1.720000 1.908000 144 136 117
0.336000 1.722000 1.763000 150 142 129
0.698000 1.726000 1.941000 171 171 173
0.581000 1.725000 1.879000 159 155 154
0.479000 1.725000 1.563000 155 158 165
0.421000 1.723000 1.907000 149 146 131
0.147000 1.720000 1.727000 132 127 98
0.504000 1.725000 1.712000 157 154 147
0.169000 1.722000 1.283000 139 134 102
0.497000 1.725000 1.558000 159 159 167
0.628000 1.726000 1.865000 164 160 157
0.265000 1.723000 1.300000 153 152 134
0.577000 1.726000 1.755000 162 158 155
0.325000 1.723000 1.484000 150 147 132
0.148000 1.719000 1.872000 131 125 99
0.471000 1.723000 1.975000 146 138 127
0.529000 1.724000 1.844000 156 153 146
0.204000 1.722000 1.445000 138 136 111
0.393000 1.723000 1.781000 151 145 133
0.449000 1.723000 1.815000 155 148 138
0.175000 1.721000 1.473000 134 130 103
0.347000 1.722000 1.771000 149 141 128
0.449000 1.723000 1.856000 154 147 137
0.236000 1.722000 1.444000 146 141 119
0.707000 1.727000 1.835000 170 168 169
0.223000 1.721000 1.580000 135 133 108
0.512000 1.723000 1.983000 146 137 128
0.176000 1.723000 1.168000 147 136 106
0.167000 1.721000 1.566000 129 129 105
0.284000 1.721000 1.795000 144 137 119
0.192000 1.723000 1.198000 145 141 112
0.619000 1.726000 1.712000 165 161 160
0.151000 1.723000 1.097000 141 137 112
0.532000 1.724000 2.004000 129 122 106
0.264000 1.720000 1.945000 140 134 112
0.412000 1.722000 1.972000 144 136 123
0.362000 1.723000 1.615000 149 143 129
0.327000 1.722000 1.733000 148 141 125
0.592000 1.726000 1.718000 164 160 159
0.603000 1.726000 1.829000 162 161 159
0.514000 1.725000 1.691000 159 154 148
0.220000 1.723000 1.211000 148 146 123
0.529000 1.725000 1.772000 162 155 149
0.139000 1.720000 1.626000 126 119 91
0.665000 1.726000 1.973000 160 156 153
0.625000 1.726000 1.860000 165 161 158
0.419000 1.724000 1.725000 151 147 136
0.373000 1.724000 1.484000 157 151 139
0.620000 1.725000 1.968000 93 97 80
0.476000 1.725000 1.670000 156 154 142
0.532000 1.726000 1.632000 163 165 178
0.351000 1.723000 1.716000 149 143 131
0.263000 1.723000 1.365000 149 148 130
0.348000 1.722000 1.867000 149 142 126
0.590000 1.725000 1.967000 29 30 22
0.301000 1.723000 1.561000 143 140 121
0.234000 1.720000 1.955000 138 130 107
0.352000 1.723000 1.721000 150 144 132
0.519000 1.725000 1.759000 157 154 147
0.592000 1.726000 1.731000 162 158 157
0.693000 1.727000 1.803000 166 165 163
0.206000 1.721000 1.677000 136 131 109
0.394000 1.722000 1.941000 150 144 132
0.341000 1.721000 1.933000 146 140 128
0.523000 1.726000 1.569000 161 161 171
0.682000 1.727000 1.843000 167 166 162
0.299000 1.721000 1.930000 143 136 118
0.530000 1.724000 1.997000 131 123 112
0.217000 1.719000 1.942000 136 130 106
0.639000 1.727000 1.736000 166 162 161
0.238000 1.722000 1.531000 141 136 114
0.235000 1.723000 1.263000 150 149 129
0.268000 1.722000 1.520000 142 139 120
0.553000 1.726000 1.683000 161 158 153
0.249000 1.723000 1.414000 146 145 125
0.422000 1.724000 1.562000 153 154 158
0.350000 1.724000 1.381000 157 155 143
0.196000 1.722000 1.363000 141 137 108
0.484000 1.723000 1.951000 154 147 141
0.145000 1.719000 1.867000 131 125 99
0.584000 1.725000 1.860000 162 158 155
0.120000 1.719000 1.797000 135 121 92
0.248000 1.720000 1.878000 142 135 116
0.471000 1.724000 1.792000 154 150 141
0.287000 1.722000 1.578000 144 139 120
0.436000 1.723000 1.810000 154 147 137
0.704000 1.727000 1.871000 173 171 172
0.538000 1.724000 1.875000 157 154 145
0.211000 1.722000 1.426000 138 136 113
0.223000 1.720000 1.868000 138 132 110
0.434000 1.725000 1.543000 148 152 155
0.457000 1.724000 1.726000 153 151 138
0.170000 1.722000 1.401000 133 132 102
0.545000 1.724000 1.889000 157 153 150
0.257000 1.720000 2.010000 119 112 86
0.310000 1.721000 1.954000 141 134 118
0.459000 1.723000 1.918000 154 147 141
0.289000 1.723000 1.543000 139 141 120
0.193000 1.722000 1.307000 142 138 111
0.507000 1.725000 1.609000 138 141 146
0.571000 1.725000 1.784000 162 159 154
0.244000 1.720000 1.852000 141 134 115
0.175000 1.719000 1.905000 134 128 106
0.345000 1.722000 1.846000 149 142 126
0.493000 1.724000 1.888000 155 151 142
0.170000 1.719000 1.828000 134 128 106
0.352000 1.724000 1.345000 158 156 144
0.364000 1.723000 1.672000 148 144 132
0.391000 1.722000 1.896000 149 143 131
0.171000 1.720000 1.801000 131 125 101
0.215000 1.720000 1.813000 138 132 108
0.124000 1.719000 1.699000 132 126 94
0.146000 1.721000 1.382000 129 129 93
0.327000 1.721000 1.970000 139 132 116
0.626000 1.725000 1.927000 105 104 102
0.276000 1.722000 1.678000 142 139 120
0.231000 1.719000 2.041000 135 128 109
0.342000 1.724000 1.328000 158 156 143
0.288000 1.723000 1.511000 144 143 123
0.229000 1.723000 1.207000 150 147 128
0.569000 1.726000 1.652000 170 173 180
0.588000 1.726000 1.647000 137 139 151
0.177000 1.722000 1.285000 139 133 107
0.391000 1.722000 1.931000 149 143 131
0.321000 1.721000 2.004000 122 111 89
0.359000 1.724000 1.528000 149 146 131
0.335000 1.722000 1.871000 148 141 125
0.689000 1.726000 2.002000 144 139 135
0.305000 1.724000 1.301000 156 155 137
0.292000 1.722000 1.735000 143 140 121
0.671000 1.727000 1.823000 165 164 162
0.276000 1.723000 1.344000 153 150 133
0.440000 1.724000 1.623000 156 159 166
0.130000 1.719000 1.808000 124 115 84
0.454000 1.723000 1.935000 153 146 138
0.712000 1.727000 1.858000 171 169 172
0.299000 1.724000 1.305000 156 154 139
0.279000 1.723000 1.338000 151 149 134
0.668000 1.726000 1.989000 152 147 144
0.167000 1.722000 1.234000 145 136 105
0.373000 1.723000 1.741000 151 145 131
0.423000 1.722000 1.997000 128 120 99
0.293000 1.723000 1.432000 150 146 134
0.175000 1.719000 1.828000 134 128 106
0.640000 1.726000 1.885000 162 158 157
0.557000 1.724000 2.009000 124 116 97
0.730000 1.727000 1.846000 171 171 173
0.339000 1.724000 1.428000 153 151 139
0.141000 1.719000 1.908000 127 122 93
0.519000 1.725000 1.689000 159 154 148
0.681000 1.726000 1.956000 171 167 168
0.530000 1.725000 1.716000 160 156 153
0.618000 1.726000 1.699000 164 162 163
0.273000 1.721000 1.749000 144 137 119
0.565000 1.726000 1.614000 169 171 184
0.165000 1.722000 1.263000 138 133 104
0.143000 1.723000 1.122000 138 132 110
0.539000 1.724000 1.893000 156 152 149
0.233000 1.724000 1.202000 151 148 129
0.762000 1.726000 1.214000 172 169 162
0.744000 1.726000 1.200000 171 168 161
0.647000 1.726000 1.318000 169 169 169
0.768000 1.728000 1.794000 169 169 167
0.271000 1.724000 1.055000 159 158 140
0.523000 1.726000 1.414000 161 165 176
0.474000 1.725000 1.495000 161 165 168
0.848000 1.727000 1.504000 171 172 174
0.775000 1.727000 1.567000 171 178 188
0.719000 1.727000 1.647000 166 169 186
0.615000 1.725000 1.129000 170 167 160
0.650000 1.726000 1.160000 171 168 161
0.661000 1.727000 1.593000 159 161 174
0.810000 1.727000 1.620000 155 162 178
0.673000 1.726000 1.116000 170 166 157
0.431000 1.725000 1.216000 165 162 155
0.529000 1.726000 1.539000 164 167 176
0.585000 1.725000 1.212000 168 169 163
0.684000 1.727000 1.500000 166 172 188
0.597000 1.726000 1.499000 170 173 190
0.402000 1.725000 1.337000 162 159 150
0.319000 1.724000 1.138000 159 160 146
0.824000 1.727000 1.389000 163 163 173
0.606000 1.726000 1.547000 158 160 173
0.620000 1.726000 1.519000 160 164 176
0.598000 1.726000 1.248000 169 169 167
0.558000 1.725000 1.034000 168 166 153
0.841000 1.728000 1.761000 171 170 165
0.856000 1.726000 0.969000 161 156 134
0.434000 1.725000 1.212000 164 161 154
0.338000 1.724000 1.161000 163 159 148
0.651000 1.727000 1.581000 174 176 189
0.809000 1.728000 1.839000 179 178 183
0.629000 1.725000 1.033000 170 167 148
0.478000 1.725000 1.072000 165 165 155
0.625000 1.726000 1.367000 169 165 166
0.834000 1.727000 1.535000 162 163 158
0.717000 1.726000 1.233000 169 168 163
0.852000 1.728000 1.572000 172 175 180
0.769000 1.726000 1.112000 169 165 154
0.733000 1.727000 1.645000 171 174 191
0.841000 1.727000 1.162000 168 166 154
0.464000 1.725000 1.139000 166 166 154
0.496000 1.725000 1.202000 168 165 160
0.640000 1.726000 1.415000 170 173 188
0.817000 1.728000 1.817000 174 174 174
0.740000 1.727000 1.616000 156 162 176
0.703000 1.727000 1.593000 167 171 183
0.681000 1.726000 1.205000 172 169 164
0.807000 1.726000 1.136000 168 164 155
0.268000 1.724000 1.119000 156 155 137
0.826000 1.728000 1.776000 171 170 168
0.597000 1.725000 1.083000 170 167 158
0.299000 1.724000 1.246000 159 157 142
0.622000 1.726000 1.342000 169 169 169
0.843000 1.727000 1.456000 164 166 163
0.516000 1.725000 1.167000 165 164 159
0.829000 1.726000 0.991000 164 159 140
0.761000 1.726000 1.152000 170 167 158
0.198000 1.723000 1.098000 155 151 126
0.813000 1.727000 1.261000 168 169 161
0.760000 1.726000 0.981000 164 161 144
0.677000 1.726000 1.431000 166 172 188
0.605000 1.726000 1.512000 168 170 182
0.727000 1.727000 1.801000 169 169 169
0.651000 1.726000 1.411000 168 169 187
0.781000 1.728000 1.806000 171 170 166
0.541000 1.725000 1.293000 167 166 162
0.674000 1.726000 1.486000 166 169 186
0.847000 1.728000 1.688000 168 168 160
0.795000 1.727000 1.573000 172 176 187
0.760000 1.726000 1.216000 172 169 162
0.515000 1.725000 1.068000 167 164 159
0.711000 1.726000 0.984000 166 163 144
0.848000 1.727000 1.479000 175 179 182
0.457000 1.725000 1.101000 167 165 153
0.855000 1.728000 1.911000 192 189 184
0.659000 1.726000 1.145000 170 167 160
0.340000 1.724000 1.309000 159 157 144
0.266000 1.724000 1.199000 158 155 138
0.376000 1.724000 1.055000 164 162 150
0.745000 1.727000 1.743000 165 165 167
0.684000 1.727000 1.527000 171 176 195
0.749000 1.726000 1.121000 170 166 157
0.828000 1.727000 1.479000 168 168 166
0.814000 1.726000 0.973000 162 160 139
0.823000 1.728000 1.762000 168 167 163
0.682000 1.726000 1.455000 170 173 188
0.798000 1.728000 1.760000 169 168 163
0.365000 1.724000 1.042000 164 162 150
0.475000 1.725000 1.201000 167 164 159
0.564000 1.726000 1.509000 165 169 181
0.628000 1.727000 1.625000 143 149 163
0.409000 1.725000 1.335000 161 158 149
0.581000 1.726000 1.398000 160 162 174
0.773000 1.727000 1.673000 167 162 158
0.800000 1.728000 1.702000 167 166 161
0.569000 1.726000 1.496000 164 170 182
0.645000 1.726000 1.515000 168 174 190
0.489000 1.725000 1.089000 168 165 156
0.852000 1.727000 1.339000 169 168 163
0.331000 1.724000 1.041000 163 161 146
0.602000 1.726000 1.283000 169 168 166
0.481000 1.725000 1.109000 167 164 155
0.398000 1.724000 1.093000 166 163 154
0.276000 1.724000 1.148000 158 154 142
0.772000 1.726000 0.971000 162 159 140
0.854000 1.727000 1.354000 170 169 164
0.811000 1.727000 1.647000 148 155 165
0.650000 1.725000 0.995000 168 165 146
0.322000 1.724000 1.052000 162 160 145
0.854000 1.728000 1.917000 190 187 182
0.698000 1.727000 1.620000 154 157 172
0.391000 1.725000 1.358000 160 157 148
0.317000 1.724000 1.141000 159 160 146
0.679000 1.726000 1.409000 164 169 188
0.206000 1.723000 1.089000 131 128 111
0.639000 1.726000 1.449000 166 172 184
0.458000 1.725000 1.385000 168 168 166
0.417000 1.724000 1.097000 167 164 157
0.645000 1.727000 1.603000 158 160 175
0.689000 1.727000 1.588000 171 175 187
0.610000 1.725000 1.027000 170 167 148
0.477000 1.725000 1.095000 165 165 153
0.794000 1.726000 1.117000 168 164 155
0.577000 1.725000 1.097000 168 165 158
0.820000 1.728000 1.783000 171 170 166
0.486000 1.725000 1.475000 163 166 173
0.807000 1.728000 1.718000 168 168 160
0.683000 1.726000 1.208000 173 169 166
0.761000 1.727000 1.445000 166 173 189
0.612000 1.726000 1.331000 168 168 166
0.843000 1.727000 1.111000 164 162 147
0.700000 1.726000 1.203000 172 169 164
0.859000 1.727000 1.247000 168 169 161
0.760000 1.727000 1.427000 170 173 192
0.750000 1.726000 1.143000 170 166 155
0.703000 1.726000 1.066000 172 165 155
0.747000 1.726000 1.002000 165 162 145
0.649000 1.726000 1.459000 169 172 189
0.553000 1.725000 1.009000 169 165 153
0.248000 1.724000 1.128000 155 152 135
0.725000 1.726000 1.357000 169 169 169
0.461000 1.725000 1.401000 157 162 168
0.787000 1.726000 0.961000 163 161 140
0.262000 1.724000 1.091000 158 157 137
0.740000 1.727000 1.499000 171 176 196
0.665000 1.726000 1.426000 159 165 181
0.770000 1.727000 1.291000 169 170 165
0.447000 1.725000 1.182000 165 165 155
0.727000 1.727000 1.484000 168 173 192
0.510000 1.726000 1.450000 166 169 178
0.539000 1.726000 1.362000 165 161 152
0.411000 1.724000 1.150000 164 161 152
0.817000 1.727000 1.125000 167 163 151
0.397000 1.725000 1.370000 162 162 150
0.802000 1.726000 1.050000 165 162 145
0.735000 1.726000 1.199000 172 169 162
0.560000 1.725000 1.239000 167 168 163
0.487000 1.725000 1.114000 168 165 156
0.458000 1.725000 1.359000 160 160 152
0.773000 1.726000 1.212000 172 169 160
0.768000 1.726000 1.178000 169 165 162
0.711000 1.727000 1.565000 162 168 182
0.622000 1.726000 1.314000 168 168 168
0.716000 1.727000 1.806000 170 170 170
0.707000 1.727000 1.748000 166 166 166
0.762000 1.726000 1.063000 166 162 150
0.677000 1.727000 1.660000 179 178 184
0.848000 1.728000 1.683000 168 165 158
0.828000 1.728000 1.757000 168 167 163
0.814000 1.726000 1.058000 165 162 145
0.536000 1.725000 1.244000 167 166 161
0.279000 1.724000 1.049000 162 156 140
0.473000 1.725000 1.219000 167 164 157
0.705000 1.727000 1.748000 166 166 166
0.799000 1.728000 1.730000 168 169 161
0.695000 1.727000 1.444000 172 175 194
0.839000 1.727000 1.231000 170 170 158
0.401000 1.724000 1.122000 164 161 152
0.338000 1.724000 1.215000 159 156 147
0.281000 1.724000 1.116000 157 155 140
0.541000 1.726000 1.392000 134 137 142
0.497000 1.725000 1.412000 168 168 180
0.576000 1.726000 1.574000 170 174 185
0.818000 1.728000 1.885000 187 187 185
0.504000 1.725000 1.131000 166 166 156
0.504000 1.725000 1.211000 165 164 160
0.258000 1.724000 1.138000 157 154 139
0.693000 1.727000 1.457000 169 172 189
0.661000 1.726000 1.501000 155 158 173
0.780000 1.727000 1.320000 168 170 165
0.542000 1.725000 1.001000 169 165 153
0.613000 1.726000 1.222000 168 169 164
0.754000 1.728000 1.805000 170 170 170
0.508000 1.725000 1.265000 166 165 160
0.859000 1.728000 1.761000 170 169 164
0.597000 1.725000 1.129000 169 166 157
0.826000 1.727000 1.525000 123 127 130
0.609000 1.726000 1.248000 168 168 166
0.850000 1.728000 1.891000 187 187 187
0.847000 1.727000 1.232000 170 170 158
0.634000 1.726000 1.261000 169 169 169
0.713000 1.726000 1.037000 169 166 151
0.689000 1.726000 1.287000 171 171 169
0.357000 1.725000 1.339000 159 157 145
0.720000 1.726000 1.244000 169 170 164
0.579000 1.725000 1.187000 167 168 160
0.582000 1.726000 1.551000 119 125 137
0.697000 1.727000 1.659000 179 182 191
0.451000 1.724000 1.045000 167 164 155
0.510000 1.725000 1.116000 166 166 156
0.717000 1.727000 1.558000 165 171 187
0.836000 1.727000 1.324000 167 169 164
0.768000 1.728000 1.804000 170 170 168
0.474000 1.725000 1.123000 167 167 155
0.638000 1.727000 1.636000 172 175 190
0.827000 1.727000 1.149000 167 163 152
0.548000 1.725000 1.296000 167 166 162
0.496000 1.725000 1.099000 168 165 156
0.767000 1.728000 1.782000 170 169 167
0.340000 1.724000 1.270000 162 158 149
0.367000 1.724000 1.106000 164 162 150
0.821000 1.727000 1.441000 165 165 175
0.679000 1.726000 1.163000 172 168 159
0.618000 1.725000 1.007000 172 166 150
0.745000 1.726000 1.088000 170 167 152
0.739000 1.726000 1.128000 170 166 154
0.793000 1.726000 0.992000 163 161 140
0.707000 1.726000 1.012000 166 162 150
0.853000 1.727000 1.449000 175 178 185
0.555000 1.725000 1.113000 169 166 159
0.340000 1.724000 1.274000 161 157 148
0.485000 1.725000 1.403000 162 165 174
0.751000 1.727000 1.299000 169 169 167
0.726000 1.726000 1.136000 169 167 154
0.304000 1.724000 1.250000 158 156 143
0.650000 1.725000 1.033000 171 166 147
0.596000 1.725000 1.054000 171 167 155
0.647000 1.726000 1.502000 171 177 193
0.436000 1.725000 1.182000 166 163 156
0.635000 1.725000 1.015000 169 166 149
0.775000 1.727000 1.361000 166 166 166
0.730000 1.726000 1.079000 169 165 154
0.650000 1.726000 1.144000 171 168 161
0.386000 1.724000 1.149000 163 161 149
0.694000 1.727000 1.778000 168 167 165
0.470000 1.725000 1.351000 161 161 153
0.332000 1.724000 1.078000 162 160 145
0.547000 1.725000 1.239000 167 166 161
0.819000 1.727000 1.121000 167 163 151
0.692000 1.727000 1.478000 169 172 189
0.799000 1.727000 1.677000 167 164 159
0.538000 1.725000 1.337000 169 166 159
0.853000 1.726000 0.995000 161 159 138
0.536000 1.725000 1.004000 169 165 153
0.711000 1.727000 1.728000 168 166 167
0.470000 1.725000 1.269000 165 162 155
0.840000 1.727000 1.229000 170 170 158
0.466000 1.725000 1.156000 165 165 155
0.508000 1.725000 1.284000 167 164 157
0.586000 1.726000 1.245000 169 169 167
0.226000 1.723000 1.081000 160 158 145
0.704000 1.726000 1.245000 170 171 165
0.804000 1.728000 1.760000 169 168 163
0.625000 1.726000 1.424000 131 135 147
0.508000 1.725000 1.144000 166 166 158
0.540000 1.725000 1.211000 167 166 162
0.859000 1.727000 1.156000 169 167 154
0.402000 1.725000 1.244000 164 161 154
0.424000 1.725000 1.182000 165 162 155
0.721000 1.726000 1.009000 166 163 148
0.745000 1.726000 1.125000 170 166 157
0.849000 1.727000 1.494000 176 176 176
0.689000 1.727000 1.729000 167 165 166
0.666000 1.726000 1.358000 167 167 169
0.243000 1.723000 1.055000 155 153 132
0.777000 1.727000 1.317000 169 171 166
0.465000 1.725000 1.450000 158 161 168
0.395000 1.724000 1.034000 165 162 153
0.832000 1.726000 0.979000 159 157 136
0.833000 1.728000 1.754000 169 168 164
0.720000 1.727000 1.806000 167 167 167
0.755000 1.727000 1.335000 169 169 167
0.679000 1.726000 1.126000 171 167 156
0.376000 1.724000 1.160000 162 162 150
0.730000 1.727000 1.536000 169 175 191
0.653000 1.726000 1.365000 166 164 167
0.591000 1.725000 1.144000 169 166 159
0.528000 1.725000 1.269000 169 165 162
0.469000 1.725000 1.374000 162 159 150
0.506000 1.726000 1.513000 143 145 157
0.439000 1.724000 1.077000 166 164 152
0.777000 1.726000 1.156000 169 166 157
0.849000 1.727000 1.360000 167 166 164
0.843000 1.727000 1.459000 161 163 160
0.680000 1.726000 1.002000 169 163 147
0.389000 1.724000 1.147000 164 161 152
0.815000 1.728000 1.653000 178 185 193
0.820000 1.727000 1.456000 165 170 176
0.504000 1.725000 1.419000 155 157 169
0.756000 1.726000 1.134000 170 166 155
0.788000 1.726000 1.024000 165 162 143
0.713000 1.727000 1.733000 165 165 165
0.838000 1.727000 1.523000 165 165 163
0.351000 1.724000 1.048000 163 161 148
0.743000 1.726000 1.147000 171 167 156
0.776000 1.726000 0.999000 164 161 142
0.657000 1.726000 1.059000 172 166 152
0.641000 1.727000 1.649000 126 128 141
0.684000 1.727000 1.638000 175 178 195
0.507000 1.725000 1.412000 159 163 175
0.488000 1.725000 1.378000 144 143 138
0.670000 1.727000 1.711000 166 164 165
0.507000 1.725000 1.119000 167 167 157
0.447000 1.725000 1.434000 162 165 170
0.840000 1.728000 1.761000 169 168 164
0.577000 1.725000 1.145000 168 168 158
0.654000 1.726000 1.154000 171 168 161
0.693000 1.726000 1.404000 163 166 185
0.540000 1.726000 1.409000 169 173 184
0.789000 1.727000 1.386000 163 170 178
0.603000 1.725000 1.049000 172 166 152
0.684000 1.726000 1.411000 162 167 186
0.678000 1.726000 1.105000 173 164 155
0.831000 1.727000 1.420000 160 159 157
0.670000 1.726000 1.028000 170 164 148
0.691000 1.727000 1.476000 169 172 189
0.739000 1.726000 1.201000 173 170 163
0.840000 1.727000 1.390000 166 166 158
0.564000 1.726000 1.517000 167 171 183
0.857000 1.727000 1.461000 175 178 187
0.393000 1.724000 1.087000 166 164 152
0.673000 1.725000 0.978000 166 163 144
0.745000 1.727000 1.411000 164 170 186
0.406000 1.725000 1.278000 164 160 151
0.557000 1.726000 1.571000 164 166 178
0.563000 1.725000 1.267000 170 166 163
0.834000 1.727000 1.279000 168 169 163
0.250000 1.724000 1.095000 156 154 131
0.723000 1.726000 1.025000 167 164 149
0.843000 1.727000 1.295000 169 168 163
0.328000 1.724000 1.077000 162 160 145
0.230000 1.724000 1.153000 153 148 126
0.618000 1.726000 1.383000 158 159 164
0.496000 1.726000 1.456000 155 157 169
0.787000 1.726000 1.001000 164 161 142
0.815000 1.727000 1.517000 172 176 188
0.540000 1.726000 1.348000 168 165 158
0.651000 1.727000 1.624000 171 177 193
0.565000 1.726000 1.288000 170 169 165
0.783000 1.727000 1.365000 168 168 166
0.499000 1.726000 1.516000 165 167 179
0.808000 1.726000 1.137000 168 164 155
0.811000 1.727000 1.645000 141 149 162
0.843000 1.728000 1.807000 175 174 172
0.728000 1.727000 1.765000 168 166 167
0.403000 1.724000 1.051000 164 161 152
0.814000 1.728000 1.804000 174 173 171
0.694000 1.727000 1.609000 175 178 193
0.645000 1.727000 1.680000 166 162 159
0.819000 1.728000 1.820000 174 174 174
0.823000 1.727000 1.500000 161 164 173
0.329000 1.724000 1.088000 161 159 146
0.833000 1.728000 1.934000 189 188 183
0.837000 1.728000 1.592000 163 164 159
0.657000 1.726000 1.297000 171 171 171
0.858000 1.728000 1.883000 186 186 186
0.791000 1.727000 1.624000 173 173 185
0.410000 1.725000 1.388000 158 164 162
0.434000 1.725000 1.197000 166 163 156
0.463000 1.725000 1.244000 166 163 156
0.670000 1.726000 1.019000 170 164 148
0.449000 1.725000 1.131000 168 165 156
0.685000 1.726000 1.341000 170 170 168
0.833000 1.728000 1.738000 170 167 162
0.703000 1.726000 1.040000 169 165 153
0.498000 1.725000 1.242000 165 166 161
0.729000 1.726000 1.304000 170 170 170
0.451000 1.725000 1.080000 167 165 153
0.484000 1.726000 1.488000 160 164 167
0.819000 1.727000 1.293000 169 169 167
0.649000 1.726000 1.530000 172 178 194
0.296000 1.724000 1.215000 158 156 143
0.648000 1.727000 1.578000 172 174 187
0.331000 1.724000 1.136000 160 161 147
0.549000 1.725000 1.063000 169 167 155
0.784000 1.727000 1.273000 169 170 165
0.702000 1.726000 1.193000 172 169 164
0.575000 1.725000 1.232000 168 169 164
0.700000 1.726000 1.013000 166 162 151
0.679000 1.726000 1.001000 169 163 147
0.809000 1.728000 1.736000 167 168 160
0.234000 1.724000 1.154000 154 149 129
0.734000 1.727000 1.752000 166 166 166
0.659000 1.726000 1.289000 171 171 171
0.762000 1.727000 1.519000 157 164 174
0.262000 1.724000 1.088000 158 157 137
0.561000 1.726000 1.454000 162 166 177
0.761000 1.726000 0.964000 164 161 142
0.284000 1.724000 1.072000 158 157 139
0.706000 1.727000 1.481000 171 174 189
0.637000 1.727000 1.689000 165 164 162
0.513000 1.726000 1.511000 160 162 174
0.354000 1.724000 1.294000 161 157 146
0.768000 1.726000 0.989000 164 161 144
0.780000 1.726000 0.964000 164 162 141
0.805000 1.727000 1.576000 163 169 185
0.478000 1.725000 1.376000 153 153 145
0.437000 1.725000 1.125000 165 162 153
0.430000 1.724000 1.033000 165 163 151
0.622000 1.726000 1.398000 167 169 181
0.702000 1.726000 1.280000 170 170 168
0.785000 1.727000 1.364000 166 168 165
0.289000 1.724000 1.166000 160 156 144
0.537000 1.725000 1.216000 167 166 162
0.438000 1.725000 1.098000 167 165 153
0.535000 1.725000 1.027000 169 165 153
0.837000 1.728000 1.721000 168 167 162
0.712000 1.727000 1.570000 158 164 178
0.451000 1.725000 1.169000 165 165 155
0.599000 1.725000 1.020000 172 166 150
0.453000 1.725000 1.196000 165 165 157
0.772000 1.727000 1.409000 163 168 188
0.590000 1.726000 1.617000 150 152 167
0.620000 1.726000 1.160000 171 168 161
0.744000 1.727000 1.650000 159 164 183
0.563000 1.726000 1.408000 163 167 178
0.568000 1.725000 1.109000 169 166 159
0.574000 1.726000 1.570000 166 170 181
0.632000 1.726000 1.486000 171 177 191
0.736000 1.726000 1.066000 168 164 152
0.860000 1.727000 1.485000 168 174 186
0.552000 1.726000 1.533000 168 170 183
0.747000 1.727000 1.448000 166 173 191
0.452000 1.725000 1.223000 165 162 153
0.660000 1.727000 1.591000 158 160 173
0.528000 1.725000 1.115000 168 165 158
0.414000 1.725000 1.310000 164 161 154
0.734000 1.727000 1.760000 168 166 167
0.337000 1.724000 1.062000 163 161 146
0.811000 1.727000 1.449000 169 172 187
0.402000 1.725000 1.194000 163 160 153
0.612000 1.726000 1.197000 169 170 162
0.712000 1.727000 1.475000 170 173 188
0.430000 1.725000 1.247000 165 162 155
0.693000 1.726000 1.087000 173 166 158
0.777000 1.727000 1.513000 170 176 188
0.467000 1.725000 1.484000 159 163 166
0.543000 1.726000 1.481000 165 169 178
0.771000 1.727000 1.422000 154 159 178
0.627000 1.726000 1.370000 170 166 167
0.391000 1.724000 1.051000 164 161 152
0.699000 1.726000 1.084000 172 165 157
0.278000 1.724000 1.071000 155 156 138
0.763000 1.727000 1.700000 167 168 163
0.629000 1.726000 1.469000 168 167 181
0.601000 1.726000 1.467000 169 173 185
0.391000 1.724000 1.102000 165 163 151
0.603000 1.725000 1.028000 172 166 150
0.404000 1.725000 1.399000 154 162 164
0.628000 1.726000 1.610000 150 153 168
0.554000 1.725000 1.263000 169 165 162
0.699000 1.727000 1.675000 166 164 167
0.751000 1.727000 1.595000 153 159 173
0.810000 1.727000 1.385000 164 167 176
0.528000 1.725000 1.286000 166 165 163
0.584000 1.726000 1.523000 133 138 157
0.800000 1.726000 1.138000 168 164 155
0.657000 1.726000 1.257000 170 170 168
0.486000 1.725000 1.347000 162 162 154
0.339000 1.724000 1.313000 159 157 144
0.692000 1.727000 1.677000 167 165 168
0.354000 1.724000 1.217000 159 159 151
0.482000 1.725000 1.215000 168 165 160
0.762000 1.727000 1.624000 166 172 184
0.458000 1.725000 1.356000 160 160 152
0.701000 1.726000 1.323000 170 170 170
0.818000 1.728000 1.834000 179 178 183
0.693000 1.727000 1.698000 168 166 169
0.643000 1.725000 1.009000 168 165 148
0.621000 1.725000 1.050000 172 166 154
0.477000 1.725000 1.322000 164 163 158
0.746000 1.727000 1.641000 170 176 198
0.776000 1.726000 0.971000 162 161 141
0.802000 1.727000 1.374000 169 169 167
0.587000 1.726000 1.457000 160 166 180
0.467000 1.725000 1.192000 165 165 157
0.521000 1.726000 1.479000 159 159 169
0.524000 1.726000 1.471000 169 169 179
0.652000 1.727000 1.635000 174 177 192
0.370000 1.724000 1.228000 161 158 149
0.401000 1.725000 1.315000 162 159 150
0.580000 1.726000 1.520000 166 172 188
0.327000 1.724000 1.270000 159 155 144
0.337000 1.724000 1.312000 159 157 144
0.416000 1.725000 1.223000 164 161 152
0.749000 1.726000 1.040000 166 163 148
0.596000 1.726000 1.230000 168 169 164
0.559000 1.725000 1.102000 170 167 160
0.849000 1.727000 1.048000 163 160 143
0.844000 1.727000 1.331000 170 171 165
0.598000 1.726000 1.245000 169 169 167
0.710000 1.727000 1.448000 171 174 193
0.756000 1.727000 1.342000 169 169 167
0.792000 1.727000 1.239000 168 169 161
0.548000 1.726000 1.422000 161 168 178
0.493000 1.725000 1.153000 166 166 156
0.740000 1.727000 1.676000 187 182 186
0.345000 1.724000 1.135000 160 160 148
0.855000 1.727000 1.093000 166 163 148
0.418000 1.725000 1.386000 161 165 164
0.801000 1.728000 1.741000 167 168 160
0.562000 1.726000 1.561000 164 166 178
0.291000 1.724000 1.187000 160 157 142
0.285000 1.724000 1.171000 160 156 144
0.705000 1.727000 1.620000 155 158 173
0.551000 1.725000 1.145000 167 167 157
0.559000 1.725000 1.195000 167 168 162
0.313000 1.724000 1.240000 159 157 145
0.696000 1.726000 1.298000 170 170 170
0.411000 1.724000 1.044000 165 163 151
0.633000 1.726000 1.483000 167 173 187
0.743000 1.727000 1.482000 169 174 193
0.748000 1.726000 1.213000 172 169 162
0.671000 1.726000 1.155000 171 167 158
0.698000 1.726000 1.253000 169 170 165
0.360000 1.725000 1.332000 159 157 145
0.856000 1.727000 1.402000 160 164 167
0.854000 1.728000 1.806000 174 173 171
0.612000 1.725000 1.143000 170 167 162
0.613000 1.726000 1.155000 170 167 162
0.843000 1.727000 1.401000 165 164 162
0.652000 1.727000 1.697000 165 165 165
0.629000 1.726000 1.346000 168 168 168
0.835000 1.727000 1.381000 170 169 164
0.734000 1.727000 1.401000 162 167 187
0.609000 1.726000 1.431000 160 164 173
0.759000 1.727000 1.561000 154 157 172
0.739000 1.727000 1.341000 172 170 175
0.419000 1.724000 1.108000 166 163 156
0.431000 1.725000 1.336000 163 160 151
0.850000 1.728000 1.684000 169 169 161
0.828000 1.727000 1.229000 169 169 159
0.408000 1.725000 1.323000 163 160 151
0.485000 1.725000 1.298000 166 163 158
0.191000 1.723000 1.090000 129 124 104
0.828000 1.726000 1.009000 163 158 139
0.810000 1.727000 1.469000 165 168 183
0.145000 1.733000 0.204000 66 60 46
0.102000 1.730000 0.144000 61 57 45
0.115000 1.732000 0.189000 65 59 45
0.146000 1.731000 0.163000 66 60 46
0.134000 1.730000 0.124000 73 71 59
0.088000 1.730000 0.148000 61 55 43
0.132000 1.732000 0.179000 65 59 45
0.169000 1.732000 0.161000 70 67 50
0.158000 1.730000 0.121000 75 73 61
0.180000 1.729000 0.082000 56 52 43
0.171000 1.732000 0.185000 65 59 43
0.144000 1.730000 0.128000 77 75 63
0.205000 1.729000 0.061000 53 50 41
0.136000 1.731000 0.148000 63 59 47
0.111000 1.730000 0.131000 63 61 49
0.076000 1.730000 0.158000 63 57 43
0.183000 1.730000 0.097000 53 49 38
0.138000 1.730000 0.125000 75 73 61
0.188000 1.729000 0.078000 59 55 46
0.679000 1.724000 0.959000 167 165 142
0.481000 1.719000 0.935000 168 165 150
0.214000 1.706000 0.808000 152 151 121
0.271000 1.722000 1.018000 160 157 140
0.720000 1.725000 0.967000 165 162 145
0.199000 1.721000 1.029000 115 112 95
0.185000 1.717000 0.976000 144 141 122
0.224000 1.710000 0.858000 160 160 136
0.478000 1.721000 0.959000 167 163 151
0.203000 1.719000 1.000000 134 126 113
0.346000 1.713000 0.871000 165 163 148
0.289000 1.720000 0.982000 162 159 142
0.294000 1.719000 0.973000 164 161 142
0.821000 1.725000 0.939000 163 158 136
0.179000 1.711000 0.889000 156 152 123
0.272000 1.716000 0.935000 163 158 139
0.245000 1.716000 0.939000 160 156 131
0.269000 1.722000 1.016000 160 157 142
0.224000 1.711000 0.877000 159 157 134
0.178000 1.721000 1.026000 114 112 97
0.664000 1.723000 0.941000 168 163 143
0.428000 1.714000 0.868000 165 163 148
0.229000 1.722000 1.038000 154 151 134
0.208000 1.717000 0.967000 155 148 130
0.571000 1.718000 0.899000 166 165 145
0.410000 1.719000 0.943000 165 166 152
0.491000 1.719000 0.925000 166 163 148
0.210000 1.711000 0.871000 159 154 132
0.456000 1.721000 0.964000 167 165 152
0.209000 1.710000 0.858000 157 155 130
0.596000 1.723000 0.956000 166 165 147
0.340000 1.717000 0.928000 164 163 145
0.534000 1.718000 0.906000 165 164 146
0.237000 1.718000 0.978000 158 153 133
0.635000 1.721000 0.919000 166 164 143
0.553000 1.724000 0.980000 168 165 150
0.323000 1.712000 0.858000 164 163 145
0.165000 1.712000 0.902000 157 147 120
0.603000 1.722000 0.945000 165 164 146
0.284000 1.719000 0.976000 162 159 140
0.130000 1.710000 0.885000 143 138 109
0.362000 1.713000 0.862000 165 163 150
0.616000 1.723000 0.962000 168 167 149
0.202000 1.713000 0.908000 160 155 126
0.204000 1.721000 1.018000 127 118 109
0.496000 1.724000 1.002000 168 164 152
0.317000 1.712000 0.862000 164 163 145
0.193000 1.710000 0.863000 157 156 128
0.357000 1.718000 0.941000 163 165 144
0.459000 1.720000 0.946000 166 164 149
0.268000 1.723000 1.031000 161 156 137
0.621000 1.721000 0.922000 165 164 143
0.611000 1.723000 0.953000 165 164 146
0.576000 1.724000 0.982000 168 165 148
0.188000 1.713000 0.905000 161 154 126
0.153000 1.722000 1.050000 25 21 12
0.321000 1.716000 0.916000 161 162 144
0.255000 1.707000 0.811000 164 163 143
0.320000 1.716000 0.923000 161 162 144
0.251000 1.720000 1.000000 160 154 142
0.200000 1.716000 0.946000 157 153 126
0.232000 1.723000 1.046000 154 153 133
0.481000 1.716000 0.890000 166 164 149
0.148000 1.706000 0.819000 149 143 111
0.524000 1.719000 0.920000 166 165 145
0.387000 1.715000 0.893000 163 164 150
0.113000 1.705000 0.806000 111 110 89
0.261000 1.709000 0.834000 164 164 140
0.348000 1.715000 0.895000 162 163 145
0.570000 1.724000 0.982000 168 165 148
0.450000 1.715000 0.879000 167 164 149
0.179000 1.710000 0.866000 157 156 126
0.361000 1.715000 0.905000 163 164 148
0.373000 1.720000 0.968000 164 162 149
0.288000 1.711000 0.859000 163 162 144
0.277000 1.718000 0.965000 162 159 140
0.308000 1.710000 0.832000 162 163 145
0.284000 1.721000 1.006000 161 157 146
0.700000 1.721000 0.911000 166 161 142
0.278000 1.723000 1.041000 160 157 140
0.339000 1.714000 0.885000 162 163 145
0.136000 1.707000 0.833000 147 140 111
0.183000 1.717000 0.976000 143 140 123
0.154000 1.722000 1.052000 25 21 12
0.775000 1.725000 0.941000 162 160 139
0.563000 1.723000 0.970000 167 166 146
0.452000 1.716000 0.886000 167 164 149
0.512000 1.722000 0.961000 168 165 150
0.293000 1.712000 0.870000 164 163 145
0.190000 1.708000 0.829000 149 145 110
0.463000 1.724000 1.009000 168 164 152
0.224000 1.711000 0.869000 157 159 135
0.293000 1.718000 0.958000 165 160 141
0.395000 1.722000 0.995000 164 161 146
0.441000 1.722000 0.984000 165 166 148
0.194000 1.714000 0.926000 157 151 125
0.321000 1.712000 0.865000 163 162 144
0.388000 1.720000 0.964000 165 164 146
0.184000 1.706000 0.811000 160 157 124
0.283000 1.712000 0.875000 160 162 141
0.432000 1.717000 0.909000 166 164 149
0.548000 1.723000 0.968000 168 167 149
0.433000 1.718000 0.930000 164 165 149
0.142000 1.706000 0.819000 147 140 111
0.409000 1.716000 0.896000 163 164 148
0.132000 1.714000 0.932000 141 128 112
0.603000 1.720000 0.910000 166 165 145
0.275000 1.719000 0.982000 160 157 138
0.587000 1.718000 0.889000 166 165 144
0.443000 1.715000 0.878000 166 164 149
0.305000 1.721000 1.006000 162 158 146
0.136000 1.704000 0.795000 142 138 109
0.334000 1.714000 0.885000 164 163 145
0.423000 1.719000 0.939000 163 164 150
0.339000 1.718000 0.942000 162 163 145
0.565000 1.719000 0.909000 166 165 147
0.760000 1.723000 0.927000 162 160 137
0.324000 1.717000 0.934000 162 163 145
0.214000 1.712000 0.882000 159 154 132
0.219000 1.723000 1.046000 119 118 100
0.652000 1.721000 0.913000 166 163 144
0.352000 1.710000 0.832000 166 165 145
0.193000 1.719000 0.999000 133 125 114
0.463000 1.715000 0.874000 168 165 150
0.257000 1.708000 0.820000 163 162 141
0.187000 1.705000 0.799000 163 163 135
0.265000 1.719000 0.981000 161 158 139
0.145000 1.710000 0.883000 146 140 114
0.245000 1.712000 0.888000 160 158 135
0.245000 1.710000 0.850000 162 162 138
0.129000 1.711000 0.895000 145 141 114
0.427000 1.718000 0.922000 165 166 152
0.396000 1.714000 0.876000 163 164 148
0.722000 1.723000 0.923000 166 160 144
0.524000 1.719000 0.924000 166 165 145
0.447000 1.722000 0.981000 165 166 152
0.175000 1.706000 0.810000 155 151 116
0.474000 1.719000 0.936000 167 164 149
0.393000 1.718000 0.932000 164 165 151
0.494000 1.717000 0.889000 167 164 149
0.562000 1.717000 0.884000 165 164 146
0.124000 1.709000 0.868000 146 140 114
0.544000 1.720000 0.934000 166 165 147
0.117000 1.705000 0.815000 140 138 113
0.720000 1.729000 2.015000 135 128 120
0.344000 1.721000 2.036000 134 129 110
0.748000 1.729000 2.011000 142 137 133
0.293000 1.721000 2.044000 137 130 112
0.405000 1.724000 2.039000 138 132 116
0.606000 1.727000 2.024000 90 93 86
0.375000 1.723000 2.038000 138 133 114
0.503000 1.727000 2.035000 138 129 114
0.366000 1.722000 2.037000 137 132 112
0.590000 1.726000 2.020000 24 26 21
0.595000 1.729000 2.030000 165 167 162
0.212000 1.731000 0.232000 70 65 46
0.260000 1.728000 0.189000 78 75 58
0.220000 1.730000 0.119000 74 68 56
0.260000 1.728000 0.176000 80 77 60
0.241000 1.729000 0.250000 73 68 49
0.204000 1.731000 0.256000 66 60 44
0.258000 1.728000 0.246000 75 70 51
0.212000 1.730000 0.153000 75 72 57
0.186000 1.732000 0.208000 68 63 44
0.191000 1.731000 0.178000 74 71 52
0.237000 1.729000 0.196000 80 75 56
0.240000 1.729000 0.133000 82 79 62
0.270000 1.728000 0.280000 75 70 50
0.235000 1.729000 0.207000 78 73 54
0.242000 1.729000 0.129000 83 80 63
0.184000 1.732000 0.196000 70 65 46
0.285000 1.727000 0.229000 81 76 57
0.196000 1.731000 0.240000 68 62 46
0.249000 1.728000 0.107000 62 58 46
0.181000 1.732000 0.182000 71 66 47
0.220000 1.730000 0.179000 76 73 54
0.229000 1.729000 0.066000 61 58 49
0.273000 1.728000 0.266000 75 73 50
0.244000 1.729000 0.193000 78 75 56
0.222000 1.729000 0.066000 58 55 48
0.263000 1.728000 0.314000 70 65 46
0.248000 1.729000 0.305000 70 65 46
0.212000 1.730000 0.204000 70 67 48
0.287000 1.727000 0.238000 81 76 57
0.166000 1.705000 0.779000 147 145 120
0.653000 1.721000 0.870000 165 163 140
0.852000 1.726000 0.945000 162 158 133
0.172000 1.705000 0.771000 145 143 118
0.527000 1.719000 0.804000 167 166 148
0.577000 1.722000 0.795000 164 162 139
0.501000 1.719000 0.776000 170 169 149
0.608000 1.720000 0.865000 165 163 140
0.469000 1.719000 0.750000 166 163 144
0.600000 1.723000 0.782000 162 158 133
0.708000 1.722000 0.898000 163 160 141
0.644000 1.722000 0.846000 163 161 138
0.318000 1.710000 0.815000 164 165 149
0.521000 1.720000 0.779000 167 166 146
0.197000 1.707000 0.764000 150 150 122
0.733000 1.722000 0.915000 165 160 141
0.466000 1.719000 0.751000 165 162 143
0.790000 1.725000 0.923000 161 159 136
0.227000 1.708000 0.766000 155 154 124
0.305000 1.709000 0.808000 163 164 148
0.653000 1.722000 0.851000 164 162 139
0.604000 1.723000 0.795000 163 159 134
0.541000 1.720000 0.797000 164 165 147
0.316000 1.711000 0.783000 167 165 150
0.446000 1.714000 0.847000 167 165 150
0.522000 1.720000 0.776000 167 166 146
0.340000 1.714000 0.753000 159 157 142
0.700000 1.723000 0.870000 162 160 139
0.847000 1.726000 0.942000 163 159 134
0.474000 1.715000 0.850000 164 165 151
0.250000 1.709000 0.760000 149 153 130
0.591000 1.719000 0.860000 166 164 143
0.525000 1.722000 0.740000 163 159 132
0.546000 1.719000 0.832000 166 163 144
0.680000 1.724000 0.847000 164 162 139
0.675000 1.723000 0.846000 162 160 137
0.671000 1.721000 0.891000 165 163 142
0.459000 1.714000 0.844000 167 166 148
0.444000 1.717000 0.776000 173 170 153
0.612000 1.724000 0.785000 162 158 133
0.426000 1.716000 0.782000 172 171 153
0.300000 1.710000 0.797000 164 165 149
0.781000 1.725000 0.897000 161 159 134
0.466000 1.719000 0.745000 162 161 141
0.650000 1.723000 0.827000 161 159 136
0.405000 1.714000 0.793000 172 171 153
0.302000 1.711000 0.777000 167 166 148
0.714000 1.723000 0.898000 163 160 141
0.688000 1.723000 0.870000 162 160 137
0.657000 1.723000 0.832000 162 160 137
0.509000 1.719000 0.782000 169 167 152
0.642000 1.724000 0.810000 161 159 136
0.271000 1.708000 0.808000 165 164 146
0.564000 1.719000 0.833000 165 164 144
0.367000 1.714000 0.769000 168 167 147
0.503000 1.719000 0.792000 167 168 150
0.697000 1.722000 0.904000 164 162 141
0.807000 1.726000 0.918000 163 159 134
0.493000 1.715000 0.863000 166 165 147
0.304000 1.711000 0.784000 166 164 149
0.415000 1.714000 0.816000 168 167 149
0.472000 1.717000 0.805000 171 170 152
0.642000 1.722000 0.852000 164 162 139
0.425000 1.716000 0.784000 171 170 152
0.501000 1.720000 0.759000 167 165 140
0.644000 1.724000 0.813000 162 160 137
0.600000 1.720000 0.854000 166 164 143
0.551000 1.722000 0.760000 162 158 131
0.491000 1.716000 0.832000 169 166 149
0.643000 1.723000 0.819000 162 160 137
0.222000 1.708000 0.764000 149 152 125
0.548000 1.722000 0.771000 162 160 135
0.482000 1.720000 0.754000 163 161 140
0.514000 1.718000 0.816000 170 164 148
0.364000 1.711000 0.825000 164 165 149
0.482000 1.717000 0.810000 170 167 150
0.640000 1.723000 0.820000 162 160 137
0.439000 1.714000 0.832000 166 164 149
0.518000 1.720000 0.771000 166 164 143
0.576000 1.723000 0.765000 159 158 130
0.252000 1.708000 0.791000 168 163 144
0.241000 1.707000 0.792000 165 164 143
0.425000 1.713000 0.842000 167 165 150
0.211000 1.708000 0.764000 151 151 123
0.518000 1.722000 0.734000 162 158 131
0.777000 1.724000 0.920000 162 161 133
0.118000 1.724000 2.135000 120 115 96
0.162000 1.727000 2.157000 142 135 117
0.124000 1.723000 2.177000 146 141 119
0.135000 1.725000 2.159000 148 140 121
0.138000 1.725000 2.145000 143 135 116
0.149000 1.727000 2.142000 142 134 115
0.117000 1.722000 2.172000 144 139 117
0.320000 1.726000 2.093000 94 72 58
0.319000 1.726000 2.121000 142 133 118
0.224000 1.728000 2.131000 136 133 118
0.316000 1.726000 2.105000 116 99 83
0.212000 1.728000 2.128000 139 133 117
0.320000 1.726000 2.098000 101 79 65
0.239000 1.727000 2.145000 134 130 118
0.328000 1.726000 2.112000 138 125 109
0.395000 1.726000 2.086000 70 51 37
0.432000 1.727000 2.089000 71 52 35
0.402000 1.726000 2.079000 89 71 59
0.414000 1.727000 2.074000 170 154 141
0.405000 1.726000 2.074000 164 150 139
0.526000 1.729000 2.072000 156 147 138
0.493000 1.728000 2.062000 150 141 132
0.583000 1.730000 2.045000 17 18 13
0.558000 1.729000 2.049000 121 116 112
0.459000 1.728000 2.088000 76 54 40
0.559000 1.729000 2.049000 121 116 112
0.226000 1.721000 2.052000 141 134 115
0.528000 1.729000 2.044000 143 136 128
0.438000 1.726000 2.049000 147 137 127
0.555000 1.729000 2.041000 138 131 123
0.204000 1.720000 2.051000 137 129 110
0.186000 1.720000 2.054000 140 129 111
0.345000 1.724000 2.049000 138 133 114
0.270000 1.723000 2.070000 118 109 92
0.267000 1.723000 2.069000 123 114 97
0.384000 1.726000 2.072000 162 148 137
0.629000 1.726000 0.663000 157 156 128
0.425000 1.726000 0.434000 103 101 80
0.572000 1.726000 0.643000 153 152 122
0.513000 1.726000 0.552000 126 124 101
0.457000 1.727000 0.416000 110 108 87
0.382000 1.726000 0.441000 141 140 119
0.385000 1.726000 0.407000 119 118 98
0.559000 1.727000 0.574000 150 148 123
0.707000 1.727000 0.744000 162 158 131
0.276000 1.728000 0.130000 90 87 72
0.348000 1.727000 0.265000 90 85 63
0.771000 1.726000 0.850000 160 159 131
0.651000 1.727000 0.679000 158 157 129
0.386000 1.727000 0.310000 91 89 66
0.345000 1.727000 0.305000 90 84 58
0.373000 1.726000 0.422000 146 145 125
0.293000 1.728000 0.106000 90 87 68
0.387000 1.727000 0.298000 94 92 69
0.588000 1.726000 0.624000 159 153 127
0.268000 1.728000 0.126000 84 81 64
0.726000 1.726000 0.789000 162 160 135
0.525000 1.727000 0.479000 130 128 103
0.407000 1.728000 0.293000 99 95 70
0.318000 1.726000 0.293000 83 81 56
0.590000 1.727000 0.563000 157 155 130
0.373000 1.728000 0.246000 95 90 68
0.560000 1.726000 0.596000 153 149 122
0.424000 1.727000 0.325000 104 100 73
0.548000 1.726000 0.600000 149 145 120
0.487000 1.727000 0.399000 119 114 92
0.450000 1.727000 0.374000 110 105 83
0.405000 1.727000 0.324000 97 95 72
0.498000 1.727000 0.434000 120 118 93
0.307000 1.728000 0.155000 85 83 62
0.440000 1.727000 0.353000 108 103 81
0.390000 1.727000 0.332000 95 93 70
0.592000 1.727000 0.555000 157 155 130
0.533000 1.726000 0.594000 140 138 113
0.395000 1.727000 0.341000 93 91 68
0.338000 1.727000 0.297000 90 84 58
0.701000 1.727000 0.720000 162 158 131
0.592000 1.727000 0.582000 154 154 126
0.845000 1.726000 0.930000 164 160 133
0.612000 1.726000 0.659000 158 154 129
0.641000 1.726000 0.698000 157 156 128
0.321000 1.727000 0.276000 84 82 59
0.630000 1.727000 0.635000 160 157 126
0.380000 1.726000 0.361000 89 87 64
0.308000 1.726000 0.297000 83 79 54
0.544000 1.727000 0.492000 139 137 114
0.571000 1.727000 0.519000 150 148 125
0.590000 1.727000 0.574000 155 155 127
0.415000 1.726000 0.457000 98 96 75
0.289000 1.728000 0.113000 79 76 57
0.311000 1.727000 0.217000 84 79 60
0.338000 1.728000 0.200000 90 87 68
0.390000 1.726000 0.425000 91 90 69
0.404000 1.727000 0.303000 97 95 70
0.289000 1.728000 0.138000 88 85 66
0.588000 1.726000 0.638000 158 154 127
0.544000 1.726000 0.596000 148 144 119
0.470000 1.727000 0.391000 114 109 87
0.490000 1.727000 0.422000 118 116 91
0.492000 1.727000 0.430000 116 114 89
0.675000 1.726000 0.720000 161 157 130
0.308000 1.727000 0.240000 82 77 57
0.310000 1.727000 0.266000 81 79 56
0.338000 1.727000 0.248000 89 84 64
0.302000 1.727000 0.229000 83 78 58
0.526000 1.727000 0.526000 132 130 107
0.289000 1.727000 0.207000 82 77 58
0.338000 1.727000 0.265000 88 83 61
0.659000 1.726000 0.703000 157 156 128
0.471000 1.727000 0.449000 113 111 88
0.458000 1.726000 0.482000 108 106 85
0.652000 1.727000 0.668000 158 157 129
0.833000 1.726000 0.909000 161 160 132
0.367000 1.727000 0.325000 143 140 121
0.696000 1.727000 0.708000 162 158 131
0.581000 1.726000 0.637000 157 153 126
0.455000 1.726000 0.455000 112 110 89
0.700000 1.726000 0.764000 161 159 134
0.405000 1.727000 0.376000 97 95 72
0.283000 1.727000 0.209000 82 77 58
0.717000 1.726000 0.788000 160 158 135
0.680000 1.726000 0.757000 160 158 135
0.287000 1.727000 0.200000 82 76 62
0.320000 1.727000 0.248000 81 79 58
0.265000 1.728000 0.089000 61 59 46
0.452000 1.726000 0.459000 111 109 88
0.565000 1.727000 0.513000 149 147 124
0.389000 1.727000 0.334000 95 93 70
0.795000 1.727000 0.854000 161 160 130
0.493000 1.726000 0.526000 115 113 92
0.322000 1.727000 0.277000 84 82 59
0.597000 1.726000 0.653000 157 153 126
0.392000 1.726000 0.441000 103 101 80
0.306000 1.726000 0.307000 80 78 55
0.438000 1.728000 0.327000 108 104 79
0.439000 1.728000 0.332000 108 104 79
0.436000 1.727000 0.384000 104 102 81
0.520000 1.726000 0.544000 128 126 103
0.467000 1.727000 0.430000 110 108 85
0.799000 1.726000 0.876000 160 159 129
0.305000 1.728000 0.152000 84 82 61
0.690000 1.727000 0.653000 160 158 135
0.548000 1.726000 0.273000 137 135 114
0.788000 1.724000 0.505000 162 161 141
0.524000 1.726000 0.193000 134 129 107
0.368000 1.728000 0.172000 92 91 61
0.848000 1.720000 0.073000 126 122 110
0.696000 1.723000 0.228000 164 160 149
0.811000 1.723000 0.406000 165 159 145
0.724000 1.723000 0.269000 164 160 149
0.660000 1.725000 0.354000 160 157 142
0.782000 1.724000 0.535000 162 161 141
0.642000 1.723000 0.082000 127 125 112
0.641000 1.726000 0.405000 159 158 138
0.523000 1.726000 0.242000 132 130 109
0.564000 1.724000 0.095000 112 109 90
0.456000 1.726000 0.090000 82 79 60
0.540000 1.725000 0.152000 137 134 115
0.511000 1.725000 0.139000 128 127 107
0.829000 1.724000 0.623000 162 160 137
0.723000 1.726000 0.652000 161 159 138
0.490000 1.726000 0.239000 123 118 96
0.809000 1.721000 0.165000 165 161 149
0.681000 1.723000 0.177000 162 160 148
0.446000 1.726000 0.090000 84 81 62
0.735000 1.725000 0.537000 163 161 140
0.480000 1.727000 0.301000 116 112 87
0.841000 1.721000 0.180000 161 157 145
0.772000 1.723000 0.328000 166 162 150
0.679000 1.725000 0.422000 163 157 141
0.778000 1.722000 0.218000 164 160 148
0.696000 1.724000 0.281000 162 158 147
0.470000 1.727000 0.319000 112 107 87
0.595000 1.726000 0.423000 154 152 129
0.736000 1.723000 0.287000 163 159 148
0.676000 1.726000 0.577000 161 159 136
0.683000 1.726000 0.512000 163 158 138
0.595000 1.725000 0.220000 149 146 127
0.628000 1.726000 0.451000 158 156 133
0.842000 1.721000 0.109000 165 162 147
0.503000 1.727000 0.283000 126 121 101
0.571000 1.727000 0.509000 150 148 125
0.802000 1.722000 0.241000 165 159 145
0.744000 1.725000 0.533000 164 161 142
0.833000 1.726000 0.773000 162 159 128
0.751000 1.725000 0.602000 163 161 140
0.585000 1.725000 0.207000 146 144 123
0.639000 1.726000 0.436000 158 155 136
0.488000 1.726000 0.164000 125 120 100
0.610000 1.727000 0.508000 158 156 133
0.665000 1.726000 0.530000 161 159 138
0.756000 1.723000 0.295000 164 160 149
0.794000 1.724000 0.524000 163 162 142
0.753000 1.726000 0.683000 161 159 138
0.786000 1.722000 0.134000 163 159 147
0.421000 1.727000 0.172000 109 105 80
0.859000 1.725000 0.753000 162 159 128
0.857000 1.726000 0.841000 161 158 127
0.666000 1.724000 0.196000 159 157 145
0.635000 1.725000 0.377000 159 156 137
0.841000 1.720000 0.070000 128 124 112
0.610000 1.727000 0.541000 157 155 130
0.787000 1.725000 0.603000 164 162 141
0.618000 1.727000 0.542000 159 157 132
0.602000 1.724000 0.183000 150 147 128
0.387000 1.727000 0.167000 97 96 68
0.658000 1.726000 0.524000 161 159 138
0.799000 1.724000 0.473000 164 161 144
0.810000 1.725000 0.631000 161 161 137
0.340000 1.728000 0.115000 102 100 79
0.397000 1.727000 0.195000 104 100 73
0.668000 1.726000 0.573000 160 158 135
0.753000 1.726000 0.738000 163 159 134
0.711000 1.725000 0.415000 162 160 145
0.409000 1.726000 0.067000 77 74 55
0.318000 1.728000 0.098000 65 62 45
0.749000 1.725000 0.554000 164 161 142
0.814000 1.721000 0.141000 163 160 145
0.847000 1.726000 0.879000 162 158 129
0.810000 1.725000 0.598000 163 161 138
0.585000 1.726000 0.416000 153 148 128
0.802000 1.725000 0.582000 164 162 139
0.425000 1.727000 0.201000 107 103 76
0.481000 1.728000 0.382000 119 113 91
0.497000 1.726000 0.158000 127 122 102
0.674000 1.725000 0.359000 161 157 145
0.823000 1.726000 0.833000 162 158 129
0.571000 1.726000 0.353000 146 143 124
0.581000 1.725000 0.221000 147 145 124
0.812000 1.726000 0.831000 163 159 130
0.762000 1.724000 0.490000 160 161 143
0.482000 1.727000 0.345000 116 111 91
0.624000 1.725000 0.264000 156 153 136
0.702000 1.723000 0.153000 162 160 148
0.540000 1.726000 0.256000 136 134 113
0.565000 1.726000 0.281000 141 140 120
0.859000 1.720000 0.086000 132 126 114
0.357000 1.727000 0.107000 98 95 76
0.664000 1.723000 0.102000 129 127 114
0.699000 1.726000 0.606000 164 159 137
0.820000 1.724000 0.479000 162 159 142
0.852000 1.722000 0.343000 161 158 143
0.726000 1.723000 0.271000 164 160 149
0.341000 1.727000 0.059000 69 66 51
0.512000 1.726000 0.277000 127 125 102
0.370000 1.727000 0.079000 68 65 48
0.725000 1.723000 0.228000 164 160 149
0.800000 1.726000 0.816000 161 157 130
0.598000 1.724000 0.087000 119 117 102
0.836000 1.724000 0.590000 161 161 137
0.791000 1.725000 0.628000 163 161 138
0.738000 1.724000 0.419000 162 160 147
0.453000 1.727000 0.288000 110 105 83
0.794000 1.725000 0.672000 164 160 135
0.577000 1.727000 0.470000 149 147 124
0.738000 1.726000 0.658000 162 160 139
0.548000 1.727000 0.447000 139 137 112
0.711000 1.723000 0.158000 164 162 150
0.776000 1.725000 0.608000 164 162 141
0.626000 1.726000 0.501000 157 156 135
0.797000 1.724000 0.503000 162 159 140
0.848000 1.722000 0.329000 161 158 143
0.792000 1.727000 0.835000 161 160 130
0.763000 1.726000 0.773000 162 158 131
0.499000 1.726000 0.186000 126 121 99
0.705000 1.723000 0.232000 164 160 149
0.796000 1.722000 0.179000 164 160 148
0.784000 1.723000 0.340000 164 160 148
0.752000 1.724000 0.365000 165 161 149
0.713000 1.723000 0.205000 165 161 150
0.549000 1.725000 0.163000 137 135 114
0.842000 1.725000 0.707000 164 160 133
0.741000 1.726000 0.628000 161 160 139
0.630000 1.726000 0.403000 158 157 137
0.636000 1.723000 0.105000 130 128 115
0.566000 1.726000 0.347000 145 142 123
0.583000 1.724000 0.135000 148 145 126
0.778000 1.722000 0.218000 164 160 148
0.722000 1.724000 0.323000 164 160 148
0.613000 1.725000 0.273000 157 152 133
0.739000 1.723000 0.307000 165 161 150
0.426000 1.727000 0.236000 108 104 79
0.672000 1.725000 0.387000 160 159 141
0.432000 1.726000 0.086000 76 73 56
0.821000 1.726000 0.750000 163 159 130
0.453000 1.726000 0.077000 83 80 63
0.517000 1.726000 0.170000 132 127 105
0.665000 1.723000 0.088000 129 127 114
0.794000 1.725000 0.627000 163 161 138
0.592000 1.724000 0.127000 150 147 128
0.774000 1.723000 0.264000 164 160 148
0.604000 1.725000 0.314000 154 151 134
0.544000 1.725000 0.147000 135 132 113
0.839000 1.723000 0.469000 162 161 143
0.833000 1.725000 0.659000 163 159 134
0.427000 1.727000 0.219000 109 105 80
0.748000 1.723000 0.257000 164 160 148
0.818000 1.723000 0.419000 161 160 142
0.608000 1.724000 0.114000 147 145 130
0.610000 1.726000 0.448000 156 154 129
0.553000 1.727000 0.420000 144 139 117
0.764000 1.721000 0.072000 130 126 117
0.729000 1.723000 0.257000 164 160 149
0.655000 1.727000 0.609000 159 157 134
0.300000 1.728000 0.068000 61 58 43
0.641000 1.724000 0.254000 158 155 140
0.599000 1.727000 0.507000 156 154 131
0.739000 1.724000 0.337000 164 161 146
0.626000 1.725000 0.365000 161 156 137
0.370000 1.728000 0.182000 93 92 61
0.602000 1.724000 0.160000 149 146 129
0.511000 1.727000 0.294000 129 124 104
0.690000 1.724000 0.292000 161 157 146
0.505000 1.726000 0.167000 128 123 101
0.671000 1.726000 0.486000 161 159 138
0.605000 1.726000 0.433000 156 154 131
0.842000 1.724000 0.562000 163 163 139
0.845000 1.724000 0.560000 163 163 139
0.670000 1.724000 0.249000 162 158 147
0.641000 1.724000 0.191000 155 153 140
0.494000 1.725000 0.083000 94 91 72
0.669000 1.724000 0.236000 161 157 146
0.802000 1.724000 0.472000 164 161 144
0.601000 1.725000 0.223000 149 146 127
0.626000 1.727000 0.548000 158 156 131
0.376000 1.727000 0.133000 99 97 74
0.700000 1.723000 0.155000 163 161 149
0.710000 1.725000 0.465000 164 161 144
0.557000 1.726000 0.355000 141 138 119
0.769000 1.727000 0.797000 159 158 130
0.611000 1.725000 0.224000 152 149 130
0.803000 1.723000 0.306000 164 161 146
0.848000 1.726000 0.913000 161 157 130
0.701000 1.724000 0.314000 161 159 146
0.579000 1.727000 0.520000 154 152 129
0.535000 1.726000 0.232000 137 132 112
0.653000 1.724000 0.249000 161 157 145
0.799000 1.722000 0.227000 166 160 146
0.745000 1.723000 0.248000 165 161 149
0.301000 1.728000 0.067000 60 57 42
0.477000 1.727000 0.277000 117 113 88
0.594000 1.724000 0.142000 146 143 124
0.790000 1.725000 0.606000 164 162 141
0.820000 1.722000 0.269000 162 158 146
0.716000 1.726000 0.581000 162 160 139
0.582000 1.726000 0.333000 148 146 125
0.856000 1.721000 0.186000 159 156 141
0.788000 1.722000 0.150000 163 159 147
0.556000 1.725000 0.142000 140 137 118
0.713000 1.727000 0.721000 162 158 131
0.433000 1.727000 0.143000 109 107 84
0.828000 1.723000 0.366000 162 159 144
0.607000 1.727000 0.528000 156 154 129
0.521000 1.726000 0.268000 130 128 105
0.549000 1.726000 0.266000 138 136 115
0.459000 1.727000 0.271000 112 108 81
0.749000 1.722000 0.062000 133 129 118
0.610000 1.727000 0.483000 158 156 133
0.614000 1.724000 0.158000 150 147 132
0.575000 1.725000 0.188000 143 141 120
0.421000 1.727000 0.173000 109 105 80
0.845000 1.725000 0.701000 164 160 135
0.329000 1.728000 0.144000 92 88 63
0.808000 1.723000 0.407000 163 160 145
0.411000 1.727000 0.158000 103 101 76
0.843000 1.722000 0.353000 163 160 143
0.669000 1.724000 0.262000 162 158 146
0.294000 1.728000 0.073000 62 59 42
0.484000 1.727000 0.314000 117 112 90
0.810000 1.722000 0.235000 165 159 145
0.790000 1.724000 0.486000 164 161 144
0.489000 1.727000 0.270000 121 116 94
0.769000 1.725000 0.544000 163 162 142
0.303000 1.728000 0.078000 61 58 43
0.800000 1.726000 0.808000 162 159 128
0.591000 1.725000 0.261000 151 146 127
0.704000 1.725000 0.409000 159 160 144
0.855000 1.723000 0.483000 161 158 139
0.698000 1.727000 0.672000 160 158 133
0.414000 1.728000 0.283000 101 96 74
0.400000 1.727000 0.178000 103 99 72
0.727000 1.724000 0.334000 163 159 147
0.717000 1.726000 0.626000 162 160 139
0.692000 1.726000 0.533000 161 158 139
0.530000 1.725000 0.132000 133 132 111
0.724000 1.723000 0.154000 166 164 152
0.454000 1.726000 0.131000 112 110 89
0.465000 1.726000 0.093000 85 82 63
0.644000 1.726000 0.486000 159 157 134
0.717000 1.727000 0.703000 162 158 131
0.741000 1.726000 0.640000 165 160 140
0.706000 1.725000 0.461000 163 160 143
0.431000 1.728000 0.298000 104 102 79
0.540000 1.727000 0.441000 136 134 109
0.799000 1.725000 0.637000 162 160 135
0.743000 1.724000 0.438000 164 163 145
0.748000 1.725000 0.505000 162 161 143
0.701000 1.724000 0.274000 163 159 148
0.851000 1.724000 0.595000 161 161 137
0.621000 1.726000 0.484000 157 157 133
0.621000 1.726000 0.478000 156 156 132
0.581000 1.726000 0.363000 149 146 127
0.709000 1.725000 0.457000 165 159 143
0.688000 1.723000 0.196000 161 159 147
0.857000 1.724000 0.580000 162 162 138
0.521000 1.726000 0.287000 130 128 105
0.617000 1.726000 0.387000 157 154 135
0.787000 1.722000 0.175000 164 160 149
0.736000 1.725000 0.471000 164 161 144
0.771000 1.725000 0.652000 163 161 138
0.544000 1.726000 0.317000 137 135 114
0.716000 1.726000 0.616000 162 160 139
0.773000 1.722000 0.115000 166 162 150
0.813000 1.722000 0.194000 162 158 146
0.752000 1.725000 0.529000 158 159 141
0.687000 1.725000 0.483000 162 159 144
0.687000 1.723000 0.170000 162 160 148
0.594000 1.726000 0.349000 152 149 130
0.542000 1.726000 0.270000 136 134 113
0.512000 1.726000 0.231000 127 125 104
0.819000 1.723000 0.376000 163 160 145
0.836000 1.720000 0.068000 127 123 112
0.612000 1.725000 0.290000 155 152 135
0.642000 1.726000 0.492000 158 156 133
0.844000 1.722000 0.316000 162 159 144
0.573000 1.725000 0.245000 145 142 123
0.513000 1.725000 0.139000 130 129 109
0.594000 1.726000 0.445000 154 152 129
0.657000 1.725000 0.354000 160 157 142
0.580000 1.726000 0.343000 149 147 126
0.417000 1.727000 0.182000 107 103 76
0.855000 1.724000 0.596000 161 161 137
0.593000 1.724000 0.162000 149 146 129
0.537000 1.726000 0.205000 137 132 110
0.589000 1.724000 0.156000 147 144 127
0.312000 1.728000 0.103000 80 77 58
0.649000 1.726000 0.426000 161 158 141
0.794000 1.726000 0.737000 163 159 132
0.702000 1.723000 0.166000 162 160 148
0.622000 1.726000 0.490000 157 157 133
0.700000 1.727000 0.684000 160 158 133
0.746000 1.723000 0.293000 163 159 148
0.311000 1.728000 0.110000 99 96 77
0.481000 1.726000 0.171000 123 118 96
0.668000 1.727000 0.597000 162 157 135
0.396000 1.727000 0.172000 100 98 73
0.563000 1.725000 0.180000 143 141 120
0.386000 1.728000 0.222000 99 95 70
0.689000 1.723000 0.124000 171 169 157
0.800000 1.725000 0.635000 162 160 137
0.812000 1.723000 0.334000 162 158 146
0.783000 1.726000 0.706000 162 160 135
0.651000 1.723000 0.090000 124 122 110
0.562000 1.725000 0.248000 144 139 120
0.628000 1.726000 0.466000 158 156 133
0.437000 1.727000 0.164000 109 108 80
0.811000 1.721000 0.130000 162 159 144
0.548000 1.725000 0.174000 138 136 115
0.784000 1.726000 0.788000 160 159 129
0.841000 1.723000 0.456000 161 159 144
0.829000 1.725000 0.765000 161 158 127
0.606000 1.725000 0.238000 152 149 130
0.575000 1.726000 0.291000 146 143 124
0.681000 1.727000 0.668000 159 158 130
0.808000 1.721000 0.168000 165 161 149
0.577000 1.725000 0.201000 145 143 122
0.825000 1.721000 0.110000 164 161 146
0.562000 1.726000 0.292000 141 138 119
0.340000 1.728000 0.124000 91 89 66
0.764000 1.726000 0.729000 162 157 135
0.505000 1.726000 0.157000 131 126 106
0.590000 1.727000 0.526000 156 154 129
0.788000 1.724000 0.414000 163 159 147
0.570000 1.725000 0.252000 144 141 122
0.774000 1.727000 0.811000 161 160 132
0.727000 1.722000 0.114000 149 145 134
0.649000 1.726000 0.517000 161 159 138
0.806000 1.724000 0.470000 164 161 144
0.750000 1.723000 0.233000 165 161 152
0.512000 1.726000 0.224000 128 126 105
0.453000 1.727000 0.207000 113 109 84
0.768000 1.722000 0.107000 167 163 152
0.546000 1.725000 0.135000 143 137 121
0.380000 1.727000 0.063000 71 68 51
0.673000 1.727000 0.642000 160 159 131
0.765000 1.723000 0.248000 165 161 149
0.817000 1.725000 0.713000 164 160 133
0.700000 1.727000 0.671000 160 158 133
0.545000 1.727000 0.373000 138 133 114
0.781000 1.724000 0.409000 163 159 147
0.387000 1.727000 0.183000 104 100 71
0.590000 1.727000 0.544000 155 153 128
0.859000 1.722000 0.277000 161 158 143
0.662000 1.724000 0.251000 160 156 144
0.621000 1.724000 0.150000 152 149 134
0.723000 1.723000 0.263000 164 160 149
0.644000 1.726000 0.477000 159 157 136
0.812000 1.721000 0.079000 130 126 114
0.549000 1.727000 0.384000 140 135 116
0.511000 1.726000 0.265000 127 125 102
0.504000 1.726000 0.206000 125 123 100
0.512000 1.726000 0.175000 131 126 104
0.776000 1.725000 0.590000 164 162 141
0.811000 1.723000 0.437000 162 160 145
0.662000 1.726000 0.552000 161 159 136
0.621000 1.725000 0.237000 154 151 134
0.648000 1.723000 0.096000 127 125 112
0.673000 1.725000 0.341000 161 159 144
0.615000 1.726000 0.694000 158 157 127
0.721000 1.726000 0.823000 161 159 138
0.587000 1.726000 0.673000 158 157 127
0.646000 1.726000 0.744000 159 157 132
0.644000 1.725000 0.778000 160 158 135
0.686000 1.725000 0.805000 160 160 136
0.529000 1.723000 0.720000 157 152 123
0.485000 1.724000 0.649000 108 106 81
0.591000 1.724000 0.747000 160 156 131
0.844000 1.726000 0.935000 162 158 133
0.505000 1.725000 0.611000 121 121 97
0.678000 1.725000 0.814000 161 159 136
0.468000 1.726000 0.542000 110 108 87
0.625000 1.725000 0.730000 158 157 129
0.665000 1.726000 0.758000 159 157 134
0.544000 1.725000 0.646000 150 149 121
0.653000 1.724000 0.803000 158 161 132
0.380000 1.725000 0.457000 100 96 71
0.512000 1.725000 0.620000 128 126 103
0.506000 1.724000 0.636000 126 124 103
0.632000 1.725000 0.748000 160 158 133
0.577000 1.725000 0.699000 155 154 123
0.596000 1.725000 0.718000 158 157 127
0.612000 1.724000 0.757000 160 156 131
0.582000 1.726000 0.674000 157 156 125
0.609000 1.724000 0.763000 160 156 131
0.433000 1.725000 0.512000 105 103 78
0.437000 1.725000 0.547000 95 93 72
0.710000 1.726000 0.792000 161 159 138
0.426000 1.725000 0.506000 101 99 74
0.431000 1.726000 0.502000 96 94 69
0.490000 1.726000 0.566000 115 110 88
0.427000 1.725000 0.529000 101 99 74
0.394000 1.725000 0.472000 91 85 61
0.618000 1.726000 0.707000 157 156 126
0.612000 1.724000 0.759000 160 156 131
0.466000 1.724000 0.610000 104 104 80
0.622000 1.725000 0.744000 160 156 131
0.491000 1.725000 0.592000 113 108 88
0.483000 1.724000 0.628000 111 109 86
0.491000 1.725000 0.580000 112 110 87
0.564000 1.723000 0.745000 160 156 129
0.401000 1.725000 0.476000 95 90 68
0.626000 1.725000 0.739000 161 157 132
0.499000 1.725000 0.614000 115 115 91
0.567000 1.723000 0.751000 161 157 130
0.549000 1.726000 0.629000 149 150 119
0.535000 1.725000 0.648000 149 148 120
0.724000 1.729000 2.017000 133 126 118
0.652000 1.726000 2.039000 131 127 116
0.622000 1.730000 2.032000 84 81 66
0.659000 1.727000 2.035000 129 125 114
0.685000 1.727000 2.030000 131 127 115
0.642000 1.727000 2.038000 126 122 110
0.734000 1.728000 2.018000 130 125 119
0.455000 1.716000 0.732000 166 167 153
0.228000 1.705000 0.760000 141 145 120
0.511000 1.704000 0.725000 155 152 117
0.471000 1.714000 0.730000 154 155 139
0.171000 1.701000 0.766000 128 126 103
0.376000 1.703000 0.741000 197 200 191
0.106000 1.690000 0.754000 167 170 159
0.109000 1.703000 0.821000 161 160 142
0.132000 1.716000 0.993000 123 120 103
0.125000 1.700000 1.003000 118 109 92
0.130000 1.709000 1.011000 120 112 91
0.123000 1.708000 0.944000 119 116 97
0.112000 1.699000 0.877000 157 154 139
0.129000 1.713000 0.980000 119 116 97
0.135000 1.713000 1.046000 106 103 84
0.116000 1.691000 0.968000 84 71 62
0.127000 1.699000 1.040000 97 92 72
0.106000 1.701000 0.801000 168 166 151
0.411000 1.717000 0.533000 91 86 66
0.361000 1.715000 0.446000 78 72 48
0.441000 1.706000 0.581000 85 82 63
0.392000 1.715000 0.501000 80 78 57
0.480000 1.714000 0.651000 108 104 79
0.107000 1.700000 0.763000 163 166 149
0.117000 1.696000 0.743000 172 178 166
0.126000 1.690000 0.716000 161 171 160
0.117000 1.698000 0.756000 161 165 150
0.378000 1.704000 0.487000 68 65 50
0.131000 1.703000 0.075000 45 45 37
0.119000 1.722000 0.106000 50 47 40
0.095000 1.728000 0.132000 63 59 48
0.081000 1.692000 0.101000 45 45 35
0.112000 1.724000 0.114000 51 48 39
0.142000 1.699000 0.062000 47 47 37
0.117000 1.695000 0.077000 51 51 43
0.116000 1.714000 0.099000 47 46 41
0.106000 1.702000 0.092000 52 52 44
0.169000 1.715000 2.087000 94 77 59
0.157000 1.723000 2.099000 121 106 87
0.184000 1.710000 2.085000 95 78 62
0.171000 1.721000 2.104000 131 118 99
0.177000 1.713000 2.088000 105 88 72
0.142000 1.716000 2.062000 114 101 82
0.260000 1.713000 2.087000 97 81 65
0.332000 1.723000 2.081000 79 62 44
0.208000 1.713000 2.078000 87 70 54
0.195000 1.708000 2.086000 106 90 74
0.302000 1.717000 2.088000 94 78 63
0.282000 1.721000 2.076000 85 73 57
0.178000 1.718000 2.063000 114 106 85
0.237000 1.717000 2.077000 76 63 47
0.217000 1.716000 2.101000 132 120 96
0.225000 1.724000 2.098000 104 81 75
0.130000 1.718000 1.062000 82 75 56
0.593000 1.722000 2.047000 13 15 12
0.010000 0.587000 2.227000 148 138 126
0.010000 0.617000 2.227000 146 139 129
0.009000 0.548000 2.227000 142 138 127
0.010000 0.583000 2.231000 147 139 126
0.016000 0.979000 2.242000 119 114 108
0.012000 0.808000 2.239000 97 93 94
0.017000 1.067000 2.242000 125 118 110
0.016000 1.191000 2.236000 117 110 94
0.014000 1.171000 2.232000 130 123 107
0.014000 1.617000 2.221000 122 115 96
0.016000 1.014000 2.240000 123 118 112
0.011000 0.781000 2.235000 121 122 117
0.014000 1.402000 2.215000 145 137 118
0.013000 1.153000 2.229000 145 139 125
0.013000 0.926000 2.229000 143 139 136
0.011000 0.764000 2.228000 142 141 137
0.013000 1.116000 2.223000 151 141 131
0.012000 0.907000 2.231000 102 98 87
0.013000 0.966000 2.226000 151 146 142
0.013000 1.090000 2.229000 151 144 134
0.014000 1.473000 2.215000 142 136 114
0.013000 1.198000 2.227000 150 143 127
0.013000 1.185000 2.223000 146 139 123
0.013000 1.025000 2.225000 154 147 139
0.012000 0.887000 2.228000 91 84 76
0.013000 0.943000 2.227000 159 155 156
0.013000 1.032000 2.229000 153 146 138
0.011000 0.767000 2.230000 147 143 142
0.013000 1.087000 2.230000 143 136 126
0.026000 0.259000 2.250000 123 117 93
0.064000 0.121000 2.304000 119 112 83
0.022000 0.497000 2.250000 119 113 101
0.031000 0.401000 2.261000 121 114 95
0.061000 0.170000 2.300000 121 114 85
0.038000 0.328000 2.270000 123 116 97
0.040000 0.327000 2.272000 123 116 97
0.058000 0.173000 2.296000 122 116 84
0.012000 0.291000 2.230000 144 136 115
0.020000 0.350000 2.243000 121 116 96
0.011000 0.664000 2.238000 125 118 110
0.025000 0.377000 2.252000 122 115 96
0.015000 0.285000 2.234000 134 126 103
0.042000 0.211000 2.273000 122 116 92
0.037000 0.216000 2.266000 121 115 91
0.025000 0.428000 2.253000 123 117 101
0.019000 0.515000 2.246000 117 111 99
0.028000 0.211000 2.253000 122 116 92
0.040000 0.228000 2.271000 123 117 93
0.032000 0.317000 2.260000 123 116 97
0.010000 0.547000 2.234000 139 135 123
0.026000 0.319000 2.252000 123 116 97
0.060000 0.100000 2.296000 122 113 84
0.030000 0.192000 2.255000 122 118 91
0.021000 0.303000 2.243000 123 116 97
0.013000 0.375000 2.233000 143 137 113
0.009000 0.491000 2.231000 144 138 124
0.010000 0.596000 2.234000 144 140 129
0.050000 0.253000 2.285000 122 118 93
0.037000 0.197000 2.265000 121 117 90
0.011000 0.370000 2.231000 147 141 117
0.029000 0.167000 2.253000 123 116 87
0.033000 0.177000 2.260000 122 117 87
0.037000 0.396000 2.269000 122 115 97
0.067000 0.091000 2.307000 123 114 83
0.017000 0.119000 2.234000 133 123 96
0.026000 0.266000 2.250000 124 118 92
0.056000 0.159000 2.293000 120 115 85
0.039000 0.396000 2.273000 122 115 96
0.023000 0.548000 2.253000 117 111 99
0.039000 0.127000 2.267000 121 115 83
0.011000 0.475000 2.233000 144 139 120
0.053000 0.154000 2.288000 122 116 84
0.043000 0.339000 2.277000 122 115 96
0.049000 0.285000 2.285000 124 116 95
0.038000 0.230000 2.268000 123 117 93
0.011000 0.381000 2.232000 144 138 114
0.016000 0.419000 2.240000 122 117 98
0.036000 0.425000 2.269000 122 115 99
0.037000 0.192000 2.265000 121 117 90
0.018000 0.396000 2.242000 123 118 98
0.027000 0.221000 2.251000 123 117 93
0.041000 0.247000 2.272000 123 117 93
0.017000 0.588000 2.244000 115 111 100
0.011000 0.601000 2.236000 131 127 116
0.092000 0.334000 2.325000 121 115 93
0.054000 0.465000 2.286000 120 114 100
0.048000 0.354000 2.284000 125 114 96
0.047000 0.424000 2.281000 122 115 99
0.093000 0.407000 2.323000 120 114 98
0.081000 0.553000 2.307000 117 111 99
0.097000 0.462000 2.325000 118 112 100
0.084000 0.233000 2.320000 121 113 92
0.021000 0.620000 2.251000 117 110 102
0.057000 0.557000 2.286000 118 111 101
0.088000 0.156000 2.326000 118 113 83
0.066000 0.506000 2.296000 119 110 101
0.080000 0.181000 2.319000 119 114 85
0.063000 0.322000 2.298000 122 115 96
0.063000 0.579000 2.290000 117 110 100
0.082000 0.342000 2.315000 122 114 95
0.052000 0.417000 2.285000 122 115 99
0.049000 0.460000 2.281000 121 115 101
0.068000 0.285000 2.305000 120 114 92
0.042000 0.472000 2.275000 118 114 102
0.062000 0.199000 2.302000 123 116 90
0.052000 0.316000 2.288000 122 115 96
0.035000 0.647000 2.263000 117 108 103
0.059000 0.397000 2.292000 120 114 92
0.067000 0.159000 2.307000 121 114 86
0.062000 0.429000 2.294000 121 115 99
0.076000 0.296000 2.311000 120 115 93
0.066000 0.506000 2.295000 119 110 101
0.088000 0.244000 2.324000 123 115 92
0.034000 0.590000 2.264000 117 110 100
0.032000 0.645000 2.261000 118 109 104
0.048000 0.497000 2.280000 120 112 101
0.048000 0.482000 2.280000 119 112 102
0.078000 0.321000 2.312000 121 114 95
0.074000 0.560000 2.301000 117 111 99
0.082000 0.319000 2.316000 121 114 95
0.036000 0.624000 2.265000 119 110 105
0.073000 0.131000 2.313000 119 112 83
0.076000 0.305000 2.311000 121 114 95
0.072000 0.147000 2.313000 119 112 84
0.056000 0.289000 2.293000 123 115 94
0.073000 0.531000 2.301000 116 109 99
0.084000 0.184000 2.322000 118 112 86
0.057000 0.461000 2.289000 120 114 100
0.090000 0.125000 2.329000 117 111 79
0.102000 0.487000 2.328000 117 111 99
0.074000 0.496000 2.303000 119 110 101
0.090000 0.253000 2.325000 121 113 92
0.099000 0.316000 2.332000 122 114 93
0.076000 0.095000 2.317000 120 111 80
0.033000 0.657000 2.260000 118 109 104
0.046000 0.393000 2.281000 121 114 95
0.030000 0.671000 2.258000 131 124 118
0.073000 0.481000 2.303000 117 113 101
0.084000 0.577000 2.310000 144 139 120
0.051000 0.715000 2.283000 196 195 200
0.087000 0.622000 2.317000 151 142 127
0.075000 0.633000 2.305000 149 141 128
0.097000 0.565000 2.324000 143 136 118
0.064000 0.693000 2.297000 143 138 135
0.091000 0.561000 2.318000 142 135 117
0.062000 0.696000 2.295000 142 136 136
0.098000 0.584000 2.327000 145 138 122
0.099000 0.575000 2.327000 145 138 122
0.049000 0.688000 2.279000 142 135 129
0.092000 0.658000 2.326000 157 149 136
0.058000 0.652000 2.287000 143 137 123
0.031000 0.716000 2.261000 174 166 163
0.035000 0.695000 2.264000 138 128 126
0.049000 0.697000 2.280000 139 134 130
0.032000 1.248000 2.254000 113 110 95
0.087000 1.199000 2.318000 118 112 100
0.019000 1.604000 2.227000 129 121 102
0.040000 1.197000 2.265000 116 110 96
0.071000 1.683000 2.285000 126 119 93
0.047000 1.258000 2.271000 117 111 99
0.020000 1.301000 2.239000 117 110 92
0.091000 1.402000 2.317000 118 113 94
0.069000 1.627000 2.284000 123 115 94
0.017000 1.500000 2.229000 129 122 103
0.051000 1.150000 2.279000 117 110 100
0.088000 1.559000 2.308000 121 114 96
0.080000 1.423000 2.303000 118 113 93
0.081000 1.436000 2.304000 118 113 93
0.022000 1.629000 2.230000 135 127 108
0.043000 1.669000 2.253000 121 114 88
0.037000 1.122000 2.264000 116 112 101
0.034000 1.481000 2.249000 121 114 95
0.022000 1.281000 2.241000 116 111 92
0.073000 1.258000 2.301000 115 109 95
0.076000 1.563000 2.295000 122 114 93
0.109000 1.661000 2.329000 125 117 96
0.100000 1.346000 2.328000 116 110 94
0.044000 1.396000 2.264000 118 110 97
0.058000 1.620000 2.272000 123 115 94
0.044000 1.379000 2.263000 118 112 96
0.041000 1.554000 2.254000 121 113 90
0.045000 1.193000 2.271000 116 110 96
0.060000 1.540000 2.276000 121 113 92
0.037000 1.464000 2.253000 120 113 94
0.050000 1.233000 2.275000 116 110 96
0.077000 1.651000 2.292000 126 115 93
0.096000 1.531000 2.318000 120 113 94
0.040000 1.389000 2.259000 118 111 95
0.060000 1.396000 2.281000 119 112 96
0.072000 1.470000 2.293000 120 113 94
0.027000 1.405000 2.243000 119 112 94
0.027000 1.459000 2.241000 121 113 94
0.028000 1.274000 2.248000 116 109 93
0.049000 1.286000 2.272000 116 111 92
0.021000 1.138000 2.245000 115 109 97
0.079000 1.580000 2.297000 122 114 95
0.071000 1.348000 2.295000 116 110 94
0.089000 1.253000 2.319000 116 110 98
0.067000 1.640000 2.281000 123 115 92
0.040000 1.342000 2.260000 118 111 93
0.082000 1.204000 2.313000 117 111 99
0.046000 1.686000 2.256000 119 112 86
0.024000 1.154000 2.248000 116 110 98
0.035000 1.414000 2.252000 118 111 93
0.070000 1.500000 2.290000 120 113 94
0.036000 1.587000 2.248000 120 112 89
0.020000 1.280000 2.239000 118 111 93
0.056000 1.174000 2.284000 117 111 99
0.062000 1.478000 2.281000 120 113 94
0.044000 1.250000 2.268000 117 111 97
0.038000 1.285000 2.260000 116 110 94
0.026000 1.258000 2.247000 116 110 96
0.092000 1.235000 2.323000 115 108 98
0.034000 1.553000 2.247000 120 112 91
0.092000 1.630000 2.310000 124 116 97
0.051000 1.192000 2.277000 115 109 95
0.088000 1.334000 2.315000 114 108 92
0.070000 1.291000 2.296000 116 110 94
0.040000 1.668000 2.250000 121 114 86
0.053000 1.607000 2.267000 123 115 94
0.093000 1.334000 2.321000 117 111 97
0.018000 1.246000 2.238000 117 110 94
0.069000 1.228000 2.297000 116 110 96
0.071000 1.222000 2.299000 116 110 96
0.081000 1.226000 2.311000 116 110 96
0.074000 1.451000 2.296000 119 112 93
0.070000 1.683000 2.284000 126 119 93
0.023000 1.594000 2.233000 120 112 91
0.094000 1.425000 2.320000 118 113 94
0.018000 1.443000 2.232000 122 114 95
0.050000 1.365000 2.270000 118 113 93
0.024000 1.116000 2.250000 115 113 101
0.056000 1.193000 2.284000 116 110 96
0.071000 1.530000 2.289000 120 113 94
0.029000 1.218000 2.252000 115 109 95
0.093000 1.525000 2.315000 120 113 94
0.095000 1.303000 2.325000 116 110 94
0.040000 1.496000 2.255000 121 114 95
0.049000 1.440000 2.267000 119 112 96
0.069000 1.630000 2.284000 123 115 94
0.045000 1.206000 2.271000 117 111 95
0.088000 1.640000 2.306000 123 115 96
0.050000 1.473000 2.267000 120 113 94
0.071000 1.118000 2.302000 123 116 108
0.056000 1.132000 2.285000 118 114 103
0.030000 1.094000 2.257000 120 116 107
0.034000 1.097000 2.262000 119 116 107
0.096000 1.129000 2.331000 123 116 106
0.072000 1.124000 2.303000 122 115 107
0.046000 1.097000 2.275000 122 115 107
0.088000 1.115000 2.322000 127 118 111
0.027000 1.090000 2.254000 119 115 106
0.019000 0.797000 2.241000 114 110 107
0.043000 0.928000 2.245000 109 104 98
0.034000 1.025000 2.245000 126 119 111
0.041000 0.815000 2.243000 115 113 118
0.027000 0.899000 2.243000 95 88 80
0.030000 0.893000 2.243000 93 85 82
0.025000 0.942000 2.243000 114 109 105
0.036000 1.030000 2.245000 128 121 113
0.034000 0.863000 2.243000 30 27 34
0.048000 0.985000 2.246000 122 117 111
0.026000 0.932000 2.243000 110 105 99
0.017000 0.879000 2.242000 34 29 35
0.029000 0.807000 2.242000 114 112 113
0.046000 0.807000 2.244000 111 109 112
0.021000 1.056000 2.244000 125 118 108
0.045000 0.932000 2.245000 112 104 101
0.031000 0.873000 2.243000 27 24 33
0.042000 0.762000 2.250000 124 117 109
0.061000 0.762000 2.261000 126 118 115
0.034000 0.750000 2.248000 127 120 114
0.034000 0.777000 2.242000 123 115 112
0.043000 0.765000 2.250000 124 117 109
0.045000 0.770000 2.250000 122 115 109
0.056000 0.755000 2.259000 124 120 111
0.044000 0.754000 2.253000 122 117 113
0.074000 0.736000 2.290000 188 187 195
0.047000 0.731000 2.268000 143 140 135
0.115000 0.743000 2.326000 213 211 222
0.618000 1.051000 2.791000 208 210 207
0.160000 0.262000 2.389000 118 111 92
0.152000 0.292000 2.381000 117 110 92
0.141000 0.313000 2.370000 119 112 93
0.189000 0.149000 2.419000 112 107 88
0.220000 0.164000 2.446000 88 86 65
0.139000 0.426000 2.364000 116 110 98
0.230000 0.173000 2.455000 131 126 104
0.105000 0.407000 2.334000 117 111 97
0.163000 0.156000 2.395000 108 102 76
0.180000 0.229000 2.408000 114 107 88
0.103000 0.305000 2.335000 121 113 92
0.117000 0.307000 2.348000 120 113 94
0.134000 0.115000 2.369000 112 106 82
0.103000 0.195000 2.339000 118 112 86
0.206000 0.291000 2.429000 115 108 90
0.140000 0.436000 2.365000 114 110 98
0.183000 0.253000 2.409000 112 107 87
0.185000 0.188000 2.413000 121 113 92
0.167000 0.282000 2.394000 116 109 91
0.153000 0.145000 2.386000 107 102 72
0.117000 0.163000 2.352000 117 110 84
0.191000 0.269000 2.417000 115 106 89
0.250000 0.186000 2.473000 108 103 84
0.127000 0.117000 2.363000 113 106 77
0.144000 0.233000 2.375000 116 110 88
0.119000 0.184000 2.354000 117 110 84
0.154000 0.266000 2.383000 116 109 90
0.186000 0.217000 2.413000 112 105 86
0.189000 0.229000 2.416000 112 105 86
0.116000 0.344000 2.346000 118 113 94
0.126000 0.183000 2.360000 117 110 84
0.190000 0.302000 2.414000 114 111 92
0.140000 0.258000 2.371000 117 111 89
0.120000 0.475000 2.345000 133 126 110
0.137000 0.258000 2.368000 118 112 90
0.161000 0.399000 2.386000 115 109 97
0.150000 0.184000 2.382000 111 103 80
0.109000 0.442000 2.336000 117 111 99
0.164000 0.168000 2.395000 139 131 108
0.182000 0.200000 2.410000 113 107 85
0.139000 0.275000 2.369000 119 113 91
0.115000 0.497000 2.340000 141 134 116
0.129000 0.405000 2.356000 117 109 98
0.141000 0.127000 2.375000 108 103 74
0.198000 0.311000 2.422000 113 107 91
0.225000 0.249000 2.448000 106 99 81
0.139000 0.262000 2.370000 118 112 90
0.197000 0.150000 2.426000 105 102 85
0.138000 0.359000 2.365000 117 111 95
0.110000 0.230000 2.345000 119 113 89
0.190000 0.155000 2.419000 155 150 130
0.158000 0.187000 2.389000 109 101 80
0.124000 0.420000 2.350000 117 109 98
0.106000 0.268000 2.339000 119 113 91
0.104000 0.380000 2.334000 117 111 95
0.132000 0.351000 2.360000 117 112 92
0.211000 0.216000 2.436000 108 103 84
0.186000 0.184000 2.415000 144 136 117
0.134000 0.162000 2.368000 114 107 81
0.268000 0.579000 2.521000 168 158 148
0.199000 0.440000 2.432000 109 103 89
0.260000 0.305000 2.490000 106 100 88
0.174000 0.690000 2.423000 207 208 200
0.202000 0.585000 2.447000 165 156 141
0.225000 0.547000 2.470000 162 148 135
0.162000 0.658000 2.406000 182 176 162
0.207000 0.567000 2.450000 165 155 145
0.200000 0.573000 2.443000 162 152 140
0.198000 0.672000 2.449000 206 199 189
0.126000 0.703000 2.369000 155 153 158
0.202000 0.593000 2.447000 169 157 143
0.246000 0.261000 2.471000 107 101 87
0.163000 0.589000 2.401000 158 151 135
0.170000 0.441000 2.398000 111 108 93
0.266000 0.533000 2.515000 161 149 135
0.222000 0.661000 2.476000 198 190 177
0.208000 0.499000 2.446000 104 100 91
0.264000 0.559000 2.515000 165 153 141
0.175000 0.682000 2.423000 207 203 192
0.262000 0.677000 2.523000 218 212 200
0.152000 0.690000 2.398000 199 197 184
0.129000 0.574000 2.362000 150 140 128
0.168000 0.673000 2.414000 195 192 177
0.201000 0.605000 2.446000 170 162 149
0.125000 0.533000 2.354000 144 135 120
0.249000 0.558000 2.499000 165 153 139
0.252000 0.241000 2.476000 105 98 80
0.170000 0.530000 2.406000 147 137 125
0.227000 0.354000 2.456000 109 102 86
0.208000 0.688000 2.462000 224 219 213
0.118000 0.540000 2.347000 146 134 120
0.150000 0.605000 2.389000 161 151 139
0.182000 0.403000 2.408000 113 107 93
0.233000 0.292000 2.458000 108 105 88
0.144000 0.575000 2.379000 153 143 131
0.255000 0.470000 2.498000 155 145 133
0.234000 0.377000 2.466000 108 102 86
0.257000 0.510000 2.504000 159 147 133
0.116000 0.636000 2.351000 158 152 138
0.137000 0.470000 2.362000 138 131 113
0.256000 0.329000 2.487000 106 100 84
0.265000 0.225000 2.489000 102 95 77
0.212000 0.590000 2.458000 169 160 145
0.261000 0.265000 2.489000 106 101 81
0.238000 0.535000 2.483000 159 150 135
0.195000 0.454000 2.427000 110 104 90
0.156000 0.677000 2.401000 195 192 175
0.211000 0.424000 2.444000 108 102 88
0.225000 0.546000 2.470000 163 150 134
0.122000 0.603000 2.356000 153 143 131
0.239000 0.301000 2.466000 110 103 87
0.102000 0.647000 2.336000 156 150 136
0.252000 0.637000 2.508000 186 179 161
0.148000 0.501000 2.378000 144 135 120
0.098000 0.664000 2.333000 159 151 140
0.242000 0.588000 2.492000 170 160 148
0.185000 0.536000 2.423000 107 103 92
0.198000 0.467000 2.433000 108 104 92
0.247000 0.383000 2.482000 105 99 85
0.150000 0.437000 2.374000 115 109 97
0.233000 0.551000 2.479000 163 151 135
0.130000 0.475000 2.355000 138 131 113
0.220000 0.649000 2.472000 192 182 173
0.165000 0.640000 2.409000 175 169 157
0.100000 0.622000 2.333000 150 143 127
0.197000 0.531000 2.436000 111 107 96
0.120000 0.518000 2.347000 143 134 119
0.110000 0.569000 2.339000 144 135 120
0.256000 0.513000 2.502000 159 147 133
0.265000 0.197000 2.487000 98 91 75
0.099000 0.685000 2.336000 170 157 149
0.201000 0.601000 2.446000 169 161 148
0.168000 0.487000 2.399000 112 108 96
0.218000 0.484000 2.457000 107 100 90
0.182000 0.391000 2.408000 113 105 94
0.179000 0.369000 2.402000 115 108 92
0.213000 0.363000 2.441000 111 104 88
0.199000 0.566000 2.441000 161 153 142
0.190000 0.689000 2.441000 217 214 207
0.191000 0.519000 2.429000 109 102 96
0.185000 0.504000 2.421000 113 104 95
0.213000 0.686000 2.468000 225 218 210
0.266000 0.278000 2.495000 105 100 81
0.242000 0.561000 2.490000 166 154 140
0.218000 0.423000 2.451000 108 102 88
0.144000 0.630000 2.384000 167 157 145
0.246000 0.584000 2.496000 169 159 147
0.167000 0.596000 2.407000 162 153 138
0.120000 0.695000 2.361000 179 176 169
0.268000 0.580000 2.522000 168 158 148
0.146000 0.521000 2.377000 144 135 120
0.175000 0.578000 2.415000 157 150 134
0.201000 0.545000 2.442000 112 105 97
0.266000 0.395000 2.505000 102 99 84
0.206000 0.639000 2.455000 188 175 169
0.247000 0.238000 2.470000 104 97 79
0.109000 0.643000 2.345000 159 151 138
0.240000 0.534000 2.486000 158 149 134
0.142000 0.657000 2.383000 175 169 155
0.242000 0.528000 2.488000 157 148 133
0.239000 0.473000 2.480000 105 99 87
0.125000 0.512000 2.352000 144 135 120
0.251000 0.526000 2.498000 157 148 133
0.200000 0.331000 2.424000 113 107 93
0.123000 0.540000 2.352000 146 134 120
0.216000 0.509000 2.456000 105 101 92
0.154000 0.601000 2.393000 161 151 139
0.216000 0.304000 2.440000 111 105 89
0.178000 0.667000 2.425000 193 187 171
0.129000 0.517000 2.358000 142 133 118
0.180000 0.445000 2.410000 113 105 92
0.168000 0.391000 2.392000 114 108 96
0.171000 0.437000 2.399000 111 108 93
0.189000 0.377000 2.415000 113 105 92
0.219000 0.675000 2.473000 212 203 194
0.378000 1.566000 2.639000 120 112 99
0.115000 1.230000 2.350000 114 110 99
0.140000 1.579000 2.367000 122 115 96
0.406000 1.635000 2.669000 123 115 102
0.150000 1.428000 2.383000 118 113 94
0.390000 1.545000 2.653000 121 112 97
0.217000 1.558000 2.455000 121 114 96
0.426000 1.621000 2.692000 136 132 121
0.265000 1.552000 2.510000 121 114 95
0.334000 1.570000 2.589000 121 114 98
0.198000 1.595000 2.432000 124 117 99
0.155000 1.465000 2.387000 118 113 94
0.186000 1.665000 2.416000 125 118 99
0.136000 1.646000 2.360000 125 119 97
0.110000 1.227000 2.344000 114 110 99
0.142000 1.391000 2.375000 115 112 93
0.201000 1.546000 2.438000 121 114 96
0.102000 1.261000 2.334000 112 108 99
0.177000 1.615000 2.407000 123 116 97
0.288000 1.450000 2.540000 115 110 91
0.105000 1.226000 2.338000 114 110 101
0.379000 1.525000 2.642000 119 112 96
0.150000 1.450000 2.382000 117 114 95
0.285000 1.406000 2.537000 115 109 93
0.236000 1.553000 2.478000 121 114 96
0.140000 1.436000 2.371000 119 112 94
0.101000 1.192000 2.335000 117 110 102
0.439000 1.657000 2.705000 136 134 122
0.161000 1.272000 2.401000 115 109 95
0.110000 1.259000 2.343000 115 111 100
0.122000 1.293000 2.356000 114 111 96
0.162000 1.501000 2.394000 119 114 95
0.301000 1.476000 2.554000 116 110 94
0.142000 1.674000 2.366000 125 119 97
0.495000 1.686000 2.768000 140 135 129
0.246000 1.554000 2.489000 122 115 97
0.140000 1.456000 2.371000 120 113 95
0.253000 1.681000 2.492000 127 119 100
0.282000 1.549000 2.530000 121 114 96
0.118000 1.284000 2.352000 114 110 98
0.251000 1.679000 2.490000 128 120 101
0.291000 1.414000 2.545000 115 109 93
0.168000 1.360000 2.406000 114 111 94
0.353000 1.589000 2.609000 121 114 98
0.177000 1.346000 2.416000 114 111 96
0.189000 1.667000 2.420000 125 118 99
0.432000 1.644000 2.697000 136 134 122
0.155000 1.660000 2.381000 125 118 99
0.349000 1.641000 2.603000 124 117 101
0.421000 1.680000 2.684000 141 133 122
0.322000 1.588000 2.574000 122 115 99
0.436000 1.653000 2.702000 136 134 122
0.269000 1.460000 2.518000 116 108 97
0.112000 1.468000 2.338000 120 113 95
0.258000 1.676000 2.498000 124 116 97
0.206000 1.446000 2.446000 116 110 96
0.189000 1.482000 2.426000 118 113 94
0.110000 1.584000 2.332000 122 115 96
0.340000 1.585000 2.595000 121 114 98
0.257000 1.564000 2.500000 122 115 97
0.132000 1.476000 2.361000 121 114 96
0.394000 1.538000 2.658000 120 111 96
0.115000 1.652000 2.336000 125 117 96
0.187000 1.615000 2.419000 124 117 98
0.277000 1.481000 2.527000 118 110 97
0.204000 1.493000 2.442000 118 113 94
0.164000 1.427000 2.399000 117 112 93
0.101000 1.235000 2.333000 114 110 99
0.200000 1.473000 2.439000 117 112 93
0.390000 1.631000 2.650000 122 114 101
0.217000 1.607000 2.453000 123 116 98
0.286000 1.682000 2.529000 127 118 101
0.252000 1.585000 2.494000 122 115 97
0.139000 1.569000 2.366000 122 115 96
0.349000 1.532000 2.607000 118 111 95
0.238000 1.357000 2.486000 116 110 96
0.278000 1.505000 2.527000 119 111 98
0.257000 1.444000 2.505000 116 108 95
0.392000 1.592000 2.654000 120 112 99
0.237000 1.351000 2.485000 116 110 96
0.202000 1.395000 2.444000 115 109 93
0.325000 1.461000 2.582000 115 110 91
0.118000 1.226000 2.353000 115 111 100
0.515000 1.689000 2.791000 139 134 128
0.243000 1.486000 2.488000 118 113 94
0.121000 1.289000 2.355000 114 111 96
0.330000 1.511000 2.585000 118 112 96
0.191000 1.650000 2.423000 125 117 98
0.278000 1.632000 2.523000 124 117 99
0.461000 1.689000 2.730000 139 135 126
0.267000 1.657000 2.509000 126 118 99
0.220000 1.340000 2.466000 114 111 96
0.185000 1.659000 2.416000 127 120 101
0.211000 1.420000 2.453000 113 111 96
0.142000 1.474000 2.372000 120 113 95
0.379000 1.602000 2.639000 121 113 100
0.463000 1.671000 2.732000 140 131 124
0.456000 1.646000 2.725000 137 133 124
0.277000 1.511000 2.525000 119 111 98
0.240000 1.648000 2.478000 125 119 97
0.196000 1.569000 2.430000 123 116 98
0.203000 1.465000 2.442000 117 112 93
0.364000 1.581000 2.622000 121 113 100
0.249000 1.615000 2.489000 123 116 98
0.157000 1.608000 2.385000 124 117 98
0.222000 1.660000 2.457000 126 119 100
0.110000 1.445000 2.337000 121 112 95
0.146000 1.551000 2.374000 121 116 97
0.399000 1.576000 2.662000 120 112 99
0.106000 1.225000 2.339000 114 110 101
0.282000 1.445000 2.533000 116 109 91
0.161000 1.398000 2.397000 114 111 92
0.267000 1.555000 2.512000 121 114 95
0.361000 1.514000 2.621000 117 111 95
0.407000 1.664000 2.669000 123 113 101
0.166000 1.473000 2.400000 117 114 95
0.230000 1.579000 2.470000 123 116 98
0.361000 1.679000 2.616000 126 119 101
0.236000 1.425000 2.481000 116 110 96
0.117000 1.209000 2.352000 116 112 101
0.306000 1.639000 2.555000 124 117 99
0.124000 1.219000 2.360000 115 111 100
0.160000 1.565000 2.390000 122 115 97
0.138000 1.307000 2.374000 114 111 96
0.492000 1.674000 2.765000 139 134 128
0.207000 1.641000 2.441000 127 119 100
0.287000 1.450000 2.539000 115 110 91
0.182000 1.554000 2.415000 122 115 97
0.251000 1.575000 2.493000 123 116 98
0.357000 1.548000 2.615000 119 112 96
0.508000 1.683000 2.783000 141 134 128
0.161000 1.484000 2.394000 119 114 95
0.256000 1.438000 2.503000 116 108 95
0.269000 1.665000 2.511000 125 116 99
0.260000 1.522000 2.506000 120 113 95
0.176000 1.608000 2.406000 124 117 98
0.135000 1.638000 2.360000 124 118 96
0.144000 1.512000 2.374000 119 114 95
0.238000 1.611000 2.477000 123 116 98
0.197000 1.632000 2.430000 126 118 99
0.351000 1.542000 2.609000 119 112 96
0.380000 1.631000 2.639000 122 114 101
0.136000 1.274000 2.372000 118 110 99
0.272000 1.594000 2.517000 123 116 98
0.106000 1.423000 2.333000 119 112 94
0.296000 1.541000 2.546000 121 114 98
0.229000 1.383000 2.474000 116 110 96
0.171000 1.376000 2.409000 114 111 96
0.263000 1.433000 2.511000 116 108 97
0.339000 1.475000 2.598000 118 111 93
0.355000 1.654000 2.609000 124 117 101
0.237000 1.487000 2.480000 118 113 94
0.288000 1.548000 2.537000 122 114 101
0.250000 1.377000 2.498000 116 110 96
0.138000 1.511000 2.366000 121 114 95
0.455000 1.663000 2.723000 138 131 123
0.179000 1.641000 2.409000 125 117 98
0.450000 1.605000 2.720000 136 129 123
0.340000 1.605000 2.594000 123 116 100
0.110000 1.203000 2.345000 115 111 100
0.198000 1.477000 2.436000 117 112 93
0.395000 1.584000 2.658000 119 111 98
0.257000 1.508000 2.503000 120 113 95
0.197000 1.556000 2.433000 121 114 96
0.208000 1.451000 2.449000 116 110 96
0.167000 1.295000 2.406000 116 110 98
0.204000 1.603000 2.439000 122 115 96
0.278000 1.641000 2.522000 124 117 99
0.301000 1.478000 2.554000 116 110 94
0.198000 1.515000 2.435000 119 114 95
0.106000 1.416000 2.333000 119 112 94
0.443000 1.645000 2.710000 135 133 121
0.130000 1.309000 2.364000 112 110 95
0.192000 1.603000 2.425000 121 114 95
0.295000 1.465000 2.547000 116 111 92
0.204000 1.417000 2.445000 114 111 94
0.244000 1.577000 2.486000 123 116 98
0.256000 1.514000 2.501000 120 113 95
0.159000 1.489000 2.392000 120 115 96
0.431000 1.618000 2.697000 134 131 122
0.207000 1.481000 2.446000 117 112 93
0.487000 1.666000 2.759000 140 133 127
0.238000 1.406000 2.484000 117 109 98
0.288000 1.685000 2.532000 126 119 101
0.122000 1.603000 2.345000 123 116 97
0.193000 1.425000 2.432000 117 111 95
0.251000 1.423000 2.498000 116 108 95
0.335000 1.670000 2.587000 124 117 99
0.318000 1.533000 2.571000 120 113 95
0.163000 1.613000 2.392000 124 117 98
0.198000 1.652000 2.430000 130 119 101
0.210000 1.587000 2.446000 124 117 99
0.131000 1.328000 2.365000 114 111 96
0.311000 1.621000 2.561000 123 116 98
0.417000 1.647000 2.681000 140 134 122
0.171000 1.619000 2.400000 125 118 99
0.416000 1.583000 2.682000 134 130 121
0.106000 1.214000 2.340000 114 110 99
0.371000 1.621000 2.629000 123 116 100
0.469000 1.678000 2.739000 138 133 127
0.259000 1.415000 2.508000 116 108 95
0.338000 1.558000 2.593000 122 113 98
0.140000 1.276000 2.376000 116 108 97
0.314000 1.531000 2.567000 120 113 95
0.448000 1.623000 2.717000 135 130 124
0.137000 1.278000 2.374000 117 109 98
0.150000 1.688000 2.374000 125 118 99
0.228000 1.560000 2.467000 122 115 97
0.454000 1.636000 2.724000 136 131 125
0.219000 1.654000 2.454000 125 118 99
0.198000 1.379000 2.439000 115 109 95
0.123000 1.250000 2.358000 115 111 100
0.123000 1.368000 2.355000 116 110 94
0.254000 1.540000 2.498000 120 113 94
0.202000 1.539000 2.439000 121 114 96
0.258000 1.406000 2.508000 116 108 97
0.124000 1.350000 2.356000 117 111 97
0.136000 1.261000 2.372000 117 111 99
0.421000 1.567000 2.687000 134 129 123
0.191000 1.641000 2.423000 127 119 100
0.189000 1.646000 2.420000 127 119 100
0.411000 1.573000 2.677000 137 130 120
0.333000 1.486000 2.590000 118 111 95
0.324000 1.580000 2.576000 121 114 98
0.403000 1.638000 2.665000 123 115 102
0.183000 1.631000 2.414000 124 116 97
0.219000 1.662000 2.454000 126 119 100
0.148000 1.640000 2.374000 124 117 98
0.142000 1.330000 2.377000 116 110 96
0.457000 1.614000 2.727000 134 129 123
0.111000 1.627000 2.332000 123 117 93
0.332000 1.567000 2.587000 121 114 98
0.210000 1.579000 2.447000 123 116 98
0.168000 1.413000 2.404000 117 112 93
0.115000 1.342000 2.346000 116 110 96
0.183000 1.612000 2.415000 123 116 97
0.264000 1.440000 2.513000 116 108 97
0.312000 1.658000 2.560000 126 119 101
0.182000 1.444000 2.419000 116 111 92
0.202000 0.695000 2.450000 235 234 229
0.269000 0.689000 2.521000 229 225 216
0.156000 0.699000 2.402000 204 203 199
0.319000 0.701000 2.561000 200 200 202
0.264000 0.700000 2.508000 230 227 222
0.125000 0.709000 2.364000 194 191 198
0.154000 1.083000 2.398000 165 161 152
0.158000 1.108000 2.401000 150 143 125
0.183000 1.245000 2.427000 117 111 97
0.164000 1.116000 2.408000 146 139 123
0.341000 1.412000 2.601000 116 109 93
0.130000 1.125000 2.370000 134 125 116
0.296000 1.386000 2.551000 116 109 93
0.462000 1.606000 2.733000 137 130 124
0.201000 1.176000 2.448000 121 117 108
0.317000 1.430000 2.573000 115 109 93
0.282000 1.396000 2.535000 115 112 95
0.256000 1.231000 2.509000 114 110 99
0.452000 1.569000 2.723000 138 131 125
0.200000 1.233000 2.446000 117 111 99
0.331000 1.443000 2.589000 115 109 93
0.487000 1.625000 2.761000 135 130 124
0.402000 1.471000 2.669000 137 133 121
0.341000 1.417000 2.600000 117 110 94
0.351000 1.476000 2.610000 117 110 94
0.249000 1.243000 2.501000 117 110 100
0.148000 1.211000 2.387000 116 112 100
0.425000 1.565000 2.693000 135 130 124
0.342000 1.393000 2.603000 116 109 93
0.493000 1.644000 2.767000 137 132 126
0.333000 1.407000 2.592000 116 110 94
0.196000 1.174000 2.443000 120 116 107
0.244000 1.243000 2.495000 117 110 100
0.122000 1.113000 2.360000 137 128 121
0.499000 1.650000 2.774000 137 132 126
0.108000 1.184000 2.343000 118 111 101
0.147000 1.186000 2.387000 121 113 102
0.125000 1.183000 2.362000 120 112 101
0.310000 1.381000 2.567000 116 108 95
0.160000 1.112000 2.403000 145 139 123
0.205000 1.162000 2.452000 128 119 110
0.316000 1.412000 2.573000 113 110 91
0.351000 1.467000 2.611000 117 110 94
0.142000 1.070000 2.384000 165 164 159
0.145000 1.160000 2.385000 124 117 107
0.107000 1.092000 2.344000 141 132 125
0.172000 1.087000 2.418000 166 163 158
0.329000 1.356000 2.588000 115 109 93
0.211000 1.221000 2.459000 118 112 100
0.469000 1.595000 2.741000 136 131 125
0.231000 1.337000 2.478000 113 110 95
0.267000 1.382000 2.518000 115 109 97
0.137000 1.163000 2.376000 120 118 106
0.423000 1.520000 2.691000 136 131 125
0.204000 1.220000 2.450000 118 112 100
0.279000 1.323000 2.533000 114 111 96
0.470000 1.598000 2.742000 136 131 125
0.413000 1.495000 2.681000 136 133 124
0.177000 1.145000 2.421000 128 124 113
0.126000 1.145000 2.364000 126 119 109
0.201000 1.209000 2.447000 117 113 101
0.279000 1.321000 2.533000 114 111 96
0.239000 1.232000 2.489000 114 110 99
0.233000 1.242000 2.482000 117 111 99
0.244000 1.347000 2.493000 117 111 97
0.383000 1.446000 2.647000 120 113 97
0.168000 1.215000 2.410000 120 112 99
0.259000 1.356000 2.510000 114 111 96
0.141000 1.225000 2.380000 117 111 99
0.269000 1.296000 2.523000 115 111 99
0.185000 1.131000 2.431000 137 131 117
0.174000 1.190000 2.417000 122 115 105
0.298000 1.400000 2.553000 117 110 94
0.288000 1.398000 2.542000 114 111 94
0.326000 1.447000 2.583000 115 110 91
0.165000 1.094000 2.409000 159 153 139
0.121000 1.116000 2.359000 135 126 119
0.167000 1.089000 2.412000 163 159 150
0.371000 1.425000 2.635000 118 112 96
0.212000 1.249000 2.459000 115 109 95
0.218000 1.214000 2.466000 117 113 101
0.417000 1.528000 2.684000 133 128 122
0.301000 1.319000 2.558000 112 109 92
0.107000 1.171000 2.342000 119 112 102
0.109000 1.134000 2.346000 125 118 110
0.401000 1.477000 2.668000 136 130 118
0.182000 1.157000 2.427000 125 121 112
0.459000 1.595000 2.730000 137 130 124
0.098000 1.144000 2.333000 121 114 104
0.241000 1.230000 2.492000 114 110 99
0.271000 1.269000 2.525000 114 108 96
0.251000 1.291000 2.503000 116 108 97
0.434000 1.564000 2.702000 135 130 124
0.175000 1.269000 2.417000 117 111 95
0.311000 1.371000 2.568000 116 109 93
0.447000 1.546000 2.717000 138 131 125
0.412000 1.500000 2.679000 135 132 123
0.186000 1.141000 2.432000 133 127 115
0.128000 1.158000 2.367000 119 115 104
0.184000 1.149000 2.430000 129 122 112
0.226000 1.215000 2.475000 117 113 101
0.217000 1.186000 2.466000 119 115 104
0.346000 1.456000 2.606000 117 110 94
0.317000 1.352000 2.575000 117 110 94
0.135000 1.174000 2.374000 122 114 103
0.133000 1.184000 2.371000 121 113 102
0.540000 1.673000 2.819000 141 133 130
0.512000 1.442000 2.793000 141 136 133
0.331000 1.338000 2.591000 115 109 93
0.456000 1.538000 2.728000 139 132 126
0.345000 1.240000 2.609000 112 108 99
0.511000 1.247000 2.795000 137 136 131
0.192000 1.089000 2.439000 165 164 160
0.591000 1.438000 2.881000 144 137 144
0.493000 1.581000 2.769000 137 132 128
0.559000 1.599000 2.842000 143 134 135
0.568000 1.508000 2.854000 145 139 139
0.456000 1.450000 2.730000 140 137 130
0.433000 1.288000 2.706000 134 129 125
0.556000 1.303000 2.844000 138 132 136
0.273000 1.208000 2.529000 117 110 102
0.332000 1.237000 2.594000 113 109 100
0.605000 1.276000 2.900000 141 135 137
0.521000 1.491000 2.802000 145 140 137
0.477000 1.409000 2.754000 140 135 129
0.340000 1.248000 2.603000 112 108 99
0.361000 1.230000 2.627000 112 109 102
0.532000 1.516000 2.813000 146 140 140
0.556000 1.301000 2.844000 136 130 134
0.434000 1.417000 2.705000 138 135 128
0.434000 1.436000 2.705000 141 134 128
0.368000 1.317000 2.633000 116 107 98
0.499000 1.570000 2.775000 140 135 131
0.393000 1.349000 2.661000 135 132 117
0.347000 1.168000 2.612000 121 115 101
0.596000 1.291000 2.889000 140 134 138
0.519000 1.494000 2.799000 143 138 135
0.462000 1.414000 2.737000 138 135 128
0.594000 1.419000 2.885000 143 137 141
0.378000 1.299000 2.645000 114 107 97
0.419000 1.257000 2.692000 134 131 122
0.504000 1.381000 2.785000 138 133 130
0.525000 1.407000 2.807000 139 133 133
0.464000 1.475000 2.738000 139 136 129
0.547000 1.251000 2.835000 138 137 133
0.365000 1.256000 2.631000 111 108 99
0.315000 1.245000 2.575000 112 110 98
0.531000 1.346000 2.815000 137 131 133
0.335000 1.345000 2.596000 115 109 95
0.181000 1.095000 2.428000 160 158 146
0.369000 1.214000 2.636000 113 110 103
0.544000 1.391000 2.829000 139 133 135
0.516000 1.563000 2.795000 142 134 131
0.528000 1.286000 2.813000 134 132 133
0.427000 1.220000 2.701000 138 133 127
0.534000 1.477000 2.816000 144 138 138
0.561000 1.614000 2.844000 143 135 133
0.411000 1.183000 2.684000 139 138 133
0.456000 1.444000 2.730000 140 137 130
0.314000 1.233000 2.574000 110 110 100
0.439000 1.437000 2.711000 139 134 128
0.449000 1.539000 2.720000 139 132 126
0.413000 1.186000 2.685000 139 138 133
0.414000 1.373000 2.684000 134 129 123
0.564000 1.263000 2.854000 139 135 134
0.547000 1.515000 2.831000 146 141 138
0.507000 1.494000 2.786000 143 138 135
0.575000 1.599000 2.861000 140 136 135
0.493000 1.590000 2.768000 136 133 128
0.456000 1.373000 2.731000 137 134 127
0.340000 1.161000 2.604000 120 117 102
0.544000 1.652000 2.825000 140 132 129
0.447000 1.391000 2.720000 137 134 127
0.377000 1.388000 2.642000 118 111 95
0.311000 1.158000 2.572000 122 115 105
0.473000 1.293000 2.751000 137 134 127
0.567000 1.328000 2.856000 139 133 137
0.311000 1.151000 2.573000 125 119 107
0.566000 1.489000 2.852000 146 140 142
0.477000 1.588000 2.751000 136 131 127
0.414000 1.390000 2.684000 136 131 125
0.339000 1.329000 2.600000 115 109 95
0.313000 1.174000 2.574000 120 113 105
0.378000 1.370000 2.644000 120 113 97
0.493000 1.523000 2.770000 143 135 132
0.513000 1.511000 2.792000 144 139 136
0.494000 1.550000 2.771000 142 134 131
0.358000 1.375000 2.621000 117 110 94
0.552000 1.403000 2.838000 141 135 137
0.515000 1.544000 2.794000 145 137 134
0.506000 1.614000 2.783000 135 132 127
0.234000 1.130000 2.486000 139 132 113
0.551000 1.456000 2.836000 144 138 138
0.490000 1.328000 2.769000 136 131 128
0.527000 1.413000 2.809000 140 134 134
0.454000 1.250000 2.731000 139 134 128
0.446000 1.422000 2.719000 137 134 127
0.236000 1.110000 2.489000 152 148 137
0.331000 1.227000 2.593000 113 109 98
0.298000 1.207000 2.557000 116 112 103
0.483000 1.309000 2.762000 135 132 127
0.492000 1.456000 2.770000 141 136 132
0.262000 1.219000 2.516000 116 112 101
0.612000 1.315000 2.906000 141 135 139
0.246000 1.149000 2.499000 128 124 112
0.360000 1.261000 2.625000 111 108 99
0.306000 1.253000 2.564000 112 108 97
0.443000 1.211000 2.719000 139 138 133
0.441000 1.527000 2.712000 139 132 126
0.469000 1.422000 2.745000 140 135 132
0.585000 1.500000 2.873000 146 140 142
0.501000 1.533000 2.778000 144 136 133
0.319000 1.148000 2.582000 127 121 109
0.267000 1.130000 2.523000 136 129 113
0.450000 1.237000 2.726000 136 136 128
0.345000 1.300000 2.608000 113 107 95
0.495000 1.565000 2.772000 140 135 131
0.437000 1.406000 2.709000 137 134 127
0.404000 1.470000 2.671000 136 132 121
0.572000 1.262000 2.862000 141 135 135
0.553000 1.333000 2.840000 139 133 137
0.537000 1.684000 2.816000 139 136 131
0.284000 1.183000 2.541000 119 115 106
0.448000 1.379000 2.722000 136 133 126
0.522000 1.348000 2.805000 138 132 132
0.310000 1.155000 2.571000 123 117 105
0.463000 1.326000 2.740000 136 131 125
0.369000 1.372000 2.633000 116 109 93
0.352000 1.157000 2.618000 124 118 104
0.512000 1.427000 2.792000 140 135 132
0.377000 1.233000 2.645000 112 109 104
0.348000 1.216000 2.613000 112 109 102
0.524000 1.627000 2.803000 139 131 128
0.479000 1.338000 2.757000 136 133 128
0.483000 1.317000 2.762000 135 132 127
0.526000 1.278000 2.811000 136 134 135
0.544000 1.509000 2.827000 146 141 138
0.604000 1.314000 2.898000 140 134 138
0.493000 1.495000 2.771000 145 137 134
0.537000 1.261000 2.824000 140 135 131
0.377000 1.204000 2.645000 115 112 103
0.552000 1.468000 2.836000 145 139 139
0.586000 1.344000 2.877000 140 133 140
0.469000 1.445000 2.744000 141 136 132
0.448000 1.214000 2.724000 139 138 133
0.511000 1.360000 2.792000 137 132 128
0.515000 1.282000 2.798000 136 135 133
0.243000 1.159000 2.495000 123 119 110
0.209000 1.125000 2.459000 144 136 123
0.346000 1.307000 2.609000 113 107 95
0.532000 1.290000 2.817000 134 132 133
0.589000 1.505000 2.878000 146 140 142
0.307000 1.162000 2.567000 122 115 105
0.596000 1.451000 2.886000 144 137 144
0.571000 1.419000 2.859000 143 137 139
0.420000 1.484000 2.688000 138 133 127
0.546000 1.532000 2.829000 148 139 140
0.364000 1.297000 2.630000 114 107 97
0.468000 1.533000 2.741000 136 136 128
0.219000 1.128000 2.469000 143 134 119
0.448000 1.459000 2.721000 140 137 130
0.489000 1.365000 2.768000 135 131 128
0.585000 1.494000 2.873000 146 140 142
0.441000 1.407000 2.714000 137 134 127
0.594000 1.479000 2.883000 146 140 142
0.395000 1.281000 2.664000 131 128 119
0.344000 1.264000 2.607000 113 106 98
0.220000 1.151000 2.470000 129 123 111
0.584000 1.533000 2.872000 144 138 140
0.453000 1.290000 2.729000 135 130 126
0.449000 1.522000 2.720000 140 133 127
0.452000 1.418000 2.725000 137 134 127
0.504000 1.384000 2.784000 138 133 130
0.470000 1.387000 2.747000 137 132 128
0.423000 1.351000 2.694000 134 131 122
0.570000 1.570000 2.855000 143 137 139
0.611000 1.373000 2.904000 141 134 141
0.437000 1.460000 2.708000 141 134 128
0.439000 1.354000 2.712000 134 131 124
0.321000 1.262000 2.582000 111 107 96
0.215000 1.139000 2.465000 135 127 114
0.346000 1.363000 2.608000 113 110 95
0.446000 1.421000 2.719000 137 134 127
0.574000 1.453000 2.861000 144 138 140
0.471000 1.324000 2.748000 135 132 127
0.597000 1.341000 2.890000 140 133 140
0.513000 1.606000 2.791000 139 131 128
0.490000 1.325000 2.769000 137 132 129
0.426000 1.492000 2.695000 137 132 126
0.566000 1.502000 2.852000 146 140 140
0.543000 1.412000 2.827000 141 135 135
0.622000 1.296000 2.918000 142 136 140
0.383000 1.336000 2.650000 115 108 98
0.541000 1.680000 2.820000 140 135 131
0.447000 1.498000 2.718000 141 134 128
0.535000 1.327000 2.821000 136 130 132
0.465000 1.440000 2.740000 140 135 129
0.523000 1.296000 2.807000 136 132 133
0.395000 1.384000 2.663000 135 131 120
0.459000 1.558000 2.731000 139 132 126
0.498000 1.243000 2.780000 141 138 133
0.399000 1.348000 2.668000 130 131 117
0.557000 1.598000 2.840000 142 133 134
0.559000 1.325000 2.847000 138 131 138
0.335000 1.243000 2.597000 112 108 99
0.590000 1.348000 2.881000 140 133 140
0.557000 1.486000 2.842000 145 139 141
0.479000 1.382000 2.757000 137 132 126
0.517000 1.631000 2.795000 137 132 128
0.514000 1.280000 2.798000 136 135 131
0.521000 1.617000 2.799000 136 131 127
0.216000 1.145000 2.465000 133 125 114
0.187000 1.103000 2.434000 157 155 142
0.525000 1.416000 2.807000 140 134 134
0.580000 1.348000 2.870000 140 133 140
0.422000 1.474000 2.691000 140 133 127
0.461000 1.253000 2.739000 139 134 128
0.520000 1.244000 2.805000 139 138 136
0.543000 1.550000 2.825000 148 139 140
0.559000 1.624000 2.842000 142 134 132
0.463000 1.254000 2.741000 139 134 128
0.553000 1.328000 2.841000 137 131 135
0.521000 1.523000 2.802000 146 137 138
0.495000 1.553000 2.772000 142 134 131
0.509000 1.370000 2.791000 138 133 129
0.371000 1.235000 2.637000 111 108 103
0.332000 1.172000 2.595000 118 114 102
0.394000 1.415000 2.661000 127 123 112
0.497000 1.309000 2.777000 136 132 129
0.445000 1.432000 2.717000 138 135 128
0.463000 1.269000 2.740000 134 133 129
0.597000 1.324000 2.890000 140 134 138
0.394000 1.224000 2.664000 135 136 122
0.332000 1.290000 2.593000 113 106 96
0.539000 1.406000 2.823000 140 134 134
0.246000 1.181000 2.498000 120 116 107
0.521000 1.243000 2.806000 140 139 137
0.453000 1.233000 2.730000 137 136 131
0.482000 1.352000 2.761000 136 133 128
0.571000 1.318000 2.861000 140 134 138
0.473000 1.516000 2.747000 137 137 129
0.586000 1.553000 2.873000 143 137 139
0.212000 1.127000 2.462000 142 134 121
0.255000 1.188000 2.509000 118 113 107
0.409000 1.434000 2.677000 137 132 126
0.460000 1.252000 2.737000 138 133 127
0.605000 1.409000 2.897000 142 136 140
0.517000 1.456000 2.798000 142 137 134
0.394000 1.208000 2.664000 134 134 122
0.492000 1.386000 2.771000 138 133 129
0.459000 0.215000 2.706000 126 129 112
0.475000 0.210000 2.723000 117 115 102
0.505000 0.234000 2.758000 116 113 106
0.308000 0.495000 2.559000 154 146 127
0.605000 0.258000 2.872000 121 118 111
0.287000 0.472000 2.534000 156 144 130
0.303000 0.412000 2.547000 103 101 88
0.282000 0.665000 2.544000 207 197 185
0.419000 0.306000 2.669000 107 103 94
0.397000 0.402000 2.652000 106 104 92
0.372000 0.208000 2.608000 102 96 82
0.293000 0.319000 2.529000 104 96 83
0.400000 0.423000 2.657000 103 99 88
0.320000 0.192000 2.548000 101 96 77
0.489000 0.394000 2.753000 107 105 92
0.482000 0.243000 2.734000 108 105 96
0.316000 0.472000 2.566000 156 144 128
0.486000 0.273000 2.740000 107 104 95
0.293000 0.382000 2.534000 104 101 86
0.514000 0.210000 2.766000 124 124 112
0.472000 0.281000 2.725000 106 103 94
0.543000 0.277000 2.805000 110 105 101
0.382000 0.226000 2.621000 107 104 89
0.495000 0.327000 2.755000 102 100 88
0.448000 0.409000 2.709000 101 98 89
0.369000 0.489000 2.628000 158 149 132
0.347000 0.552000 2.608000 164 154 142
0.344000 0.533000 2.603000 161 152 137
0.561000 0.317000 2.828000 118 113 107
0.362000 0.225000 2.598000 92 89 72
0.445000 0.277000 2.695000 109 105 94
0.454000 0.317000 2.709000 106 102 91
0.328000 0.360000 2.571000 106 100 88
0.303000 0.533000 2.557000 156 148 135
0.315000 0.541000 2.571000 158 150 139
0.389000 0.360000 2.639000 95 88 78
0.509000 0.357000 2.773000 102 99 90
0.388000 0.335000 2.636000 93 89 77
0.313000 0.529000 2.568000 156 148 137
0.315000 0.593000 2.575000 174 164 152
0.405000 0.343000 2.655000 106 104 92
0.540000 0.248000 2.799000 115 112 105
0.436000 0.328000 2.689000 104 102 90
0.380000 0.315000 2.625000 95 92 75
0.439000 0.258000 2.687000 109 107 95
0.524000 0.286000 2.784000 105 102 93
0.373000 0.305000 2.617000 99 93 77
0.502000 0.372000 2.766000 99 99 89
0.642000 0.214000 2.910000 124 121 116
0.382000 0.331000 2.629000 95 92 77
0.517000 0.285000 2.776000 106 103 94
0.431000 0.325000 2.683000 104 102 90
0.427000 0.261000 2.673000 107 108 94
0.583000 0.209000 2.843000 124 122 110
0.329000 0.416000 2.577000 96 92 80
0.555000 0.262000 2.817000 117 112 108
0.381000 0.447000 2.638000 157 148 131
0.614000 0.247000 2.882000 125 120 114
0.443000 0.391000 2.702000 101 98 89
0.532000 0.272000 2.792000 108 105 98
0.361000 0.560000 2.624000 167 159 148
0.277000 0.194000 2.500000 141 134 116
0.550000 0.257000 2.810000 116 111 107
0.315000 0.440000 2.563000 155 143 127
0.417000 0.389000 2.673000 102 100 88
0.322000 0.330000 2.562000 107 101 87
0.374000 0.214000 2.611000 118 112 98
0.365000 0.533000 2.626000 163 153 141
0.543000 0.314000 2.808000 107 103 94
0.489000 0.289000 2.745000 105 102 93
0.377000 0.448000 2.633000 155 146 129
0.347000 0.348000 2.591000 102 96 84
0.406000 0.295000 2.652000 109 107 95
0.532000 0.300000 2.794000 105 102 93
0.399000 0.383000 2.652000 103 101 89
0.305000 0.259000 2.537000 100 94 82
0.417000 0.267000 2.663000 108 109 95
0.287000 0.395000 2.528000 103 100 85
0.482000 0.369000 2.744000 102 97 91
0.432000 0.344000 2.686000 102 100 88
0.298000 0.538000 2.552000 158 150 137
0.344000 0.510000 2.601000 158 148 136
0.377000 0.316000 2.623000 95 92 75
0.341000 0.462000 2.594000 154 146 127
0.294000 0.591000 2.552000 171 162 147
0.559000 0.252000 2.821000 122 117 111
0.421000 0.303000 2.670000 106 103 94
0.395000 0.289000 2.640000 98 90 77
0.415000 0.312000 2.664000 108 104 95
0.487000 0.366000 2.749000 102 97 91
0.512000 0.297000 2.772000 105 103 91
0.586000 0.256000 2.850000 119 115 106
0.288000 0.284000 2.520000 102 94 81
0.308000 0.431000 2.554000 154 145 128
0.399000 0.236000 2.640000 94 91 76
0.492000 0.216000 2.742000 133 130 121
0.343000 0.324000 2.585000 105 99 85
0.389000 0.261000 2.631000 99 95 83
0.398000 0.383000 2.651000 103 101 89
0.341000 0.584000 2.604000 171 164 148
0.521000 0.221000 2.775000 146 146 136
0.491000 0.378000 2.754000 102 97 91
0.491000 0.246000 2.744000 109 106 97
0.630000 0.230000 2.898000 136 131 125
0.396000 0.320000 2.644000 107 105 93
0.437000 0.361000 2.693000 103 101 89
0.640000 0.234000 2.909000 127 124 117
0.343000 0.269000 2.581000 104 101 84
0.295000 0.394000 2.537000 103 99 87
0.499000 0.270000 2.755000 107 104 95
0.292000 0.298000 2.526000 103 95 82
0.399000 0.490000 2.660000 176 170 154
0.309000 0.297000 2.545000 102 94 81
0.283000 0.213000 2.509000 96 87 70
0.473000 0.210000 2.721000 117 115 102
0.284000 0.216000 2.510000 98 89 72
0.315000 0.301000 2.552000 105 97 84
0.423000 0.335000 2.676000 104 102 90
0.597000 0.244000 2.863000 120 120 112
0.357000 0.425000 2.609000 152 144 131
0.320000 0.424000 2.567000 152 145 129
0.508000 0.320000 2.769000 104 102 89
0.296000 0.572000 2.553000 166 156 144
0.281000 0.601000 2.539000 175 165 153
0.562000 0.298000 2.827000 115 110 106
0.577000 0.306000 2.845000 122 118 109
0.457000 0.305000 2.710000 105 103 91
0.294000 0.458000 2.541000 157 145 131
0.336000 0.269000 2.573000 100 94 78
0.285000 0.534000 2.537000 159 150 135
0.470000 0.419000 2.734000 108 106 94
0.514000 0.217000 2.767000 135 135 125
0.463000 0.372000 2.723000 102 98 89
0.491000 0.393000 2.756000 106 104 92
0.404000 0.245000 2.646000 107 103 91
0.276000 0.259000 2.505000 103 98 79
0.317000 0.288000 2.553000 101 93 80
0.295000 0.275000 2.527000 102 94 81
0.494000 0.326000 2.754000 102 100 88
0.461000 0.359000 2.719000 104 100 89
0.571000 0.300000 2.838000 120 116 107
0.289000 0.572000 2.545000 167 157 145
0.465000 0.427000 2.729000 111 107 95
0.277000 0.255000 2.506000 103 98 79
0.333000 0.572000 2.594000 168 158 146
0.385000 0.370000 2.636000 93 86 76
0.414000 0.207000 2.654000 109 107 95
0.404000 0.470000 2.665000 173 167 151
0.516000 0.342000 2.780000 103 101 89
0.445000 0.331000 2.699000 103 101 89
0.294000 0.272000 2.526000 102 94 81
0.543000 0.261000 2.804000 111 106 102
0.392000 0.489000 2.652000 161 154 136
0.543000 0.279000 2.805000 109 104 100
0.354000 0.350000 2.599000 99 93 81
0.349000 0.536000 2.609000 162 153 138
0.307000 0.209000 2.536000 142 139 122
0.310000 0.521000 2.564000 157 149 136
0.498000 0.300000 2.757000 104 102 90
0.388000 0.364000 2.639000 94 87 77
0.396000 0.350000 2.646000 106 104 92
0.323000 0.418000 2.571000 100 94 82
0.508000 0.360000 2.772000 102 99 90
0.352000 0.451000 2.605000 153 144 127
0.270000 0.187000 2.493000 145 138 120
0.300000 0.295000 2.534000 102 94 81
0.385000 0.232000 2.624000 97 94 79
0.338000 0.325000 2.579000 105 99 85
0.377000 0.235000 2.615000 83 80 65
0.401000 0.191000 2.639000 106 103 88
0.583000 0.224000 2.844000 155 153 141
0.448000 0.251000 2.697000 107 105 93
0.542000 0.232000 2.800000 116 116 104
0.332000 0.208000 2.563000 124 114 102
0.514000 0.306000 2.774000 105 103 91
0.361000 0.254000 2.599000 100 97 82
0.478000 0.314000 2.735000 105 103 91
0.469000 0.387000 2.730000 100 98 86
0.510000 0.266000 2.766000 109 105 96
0.290000 0.319000 2.525000 104 96 83
0.398000 0.246000 2.640000 95 91 79
0.450000 0.350000 2.706000 102 100 88
0.441000 0.297000 2.692000 106 103 94
0.366000 0.450000 2.621000 154 145 128
0.424000 0.281000 2.671000 109 107 95
0.310000 0.448000 2.558000 155 143 127
0.471000 0.194000 2.718000 87 83 74
0.427000 0.343000 2.680000 103 101 89
0.362000 0.452000 2.616000 154 145 128
0.428000 0.490000 2.693000 178 176 161
0.287000 0.274000 2.518000 102 97 78
0.279000 0.475000 2.526000 156 144 130
0.329000 0.456000 2.580000 155 143 127
0.278000 0.569000 2.532000 166 156 144
0.295000 0.218000 2.522000 91 85 69
0.483000 0.327000 2.741000 104 102 90
0.454000 0.253000 2.703000 108 104 93
0.354000 0.243000 2.591000 94 90 78
0.441000 0.236000 2.687000 107 107 95
0.501000 0.384000 2.766000 108 105 96
0.280000 0.250000 2.508000 103 98 79
0.497000 0.400000 2.763000 124 122 110
0.314000 0.242000 2.546000 100 94 82
0.444000 0.247000 2.692000 108 106 94
0.338000 0.181000 2.567000 91 86 66
0.563000 0.296000 2.828000 115 110 106
0.436000 0.246000 2.682000 107 107 95
0.619000 0.228000 2.885000 144 141 134
0.352000 0.542000 2.612000 164 154 142
0.408000 0.365000 2.661000 105 103 91
0.281000 0.436000 2.525000 157 145 133
0.355000 0.536000 2.615000 162 152 140
0.275000 0.368000 2.512000 103 100 85
0.340000 0.221000 2.573000 109 103 87
0.456000 1.081000 2.735000 193 197 209
0.549000 1.109000 2.838000 189 191 190
0.574000 1.168000 2.866000 172 169 162
0.458000 1.173000 2.736000 145 146 141
0.520000 1.206000 2.805000 145 144 140
0.446000 1.152000 2.723000 148 146 147
0.361000 1.076000 2.629000 176 171 177
0.411000 1.131000 2.684000 150 155 159
0.291000 1.066000 2.551000 177 175 176
0.599000 1.258000 2.893000 141 136 143
0.387000 1.095000 2.657000 173 177 189
0.491000 1.182000 2.773000 146 147 142
0.263000 1.063000 2.519000 187 185 186
0.401000 1.133000 2.673000 146 151 155
0.492000 1.103000 2.775000 177 180 197
0.381000 1.087000 2.651000 178 181 196
0.579000 1.178000 2.871000 167 164 155
0.395000 1.089000 2.667000 179 183 195
0.585000 1.156000 2.878000 179 179 171
0.557000 1.189000 2.847000 148 147 143
0.458000 1.074000 2.737000 198 202 214
0.477000 1.124000 2.758000 161 164 173
0.465000 1.149000 2.744000 150 151 153
0.469000 1.072000 2.749000 202 202 212
0.507000 1.128000 2.791000 166 166 176
0.494000 1.150000 2.777000 154 158 159
0.533000 1.155000 2.820000 160 159 157
0.623000 1.253000 2.920000 222 217 187
0.613000 1.163000 2.909000 219 212 194
0.568000 1.220000 2.859000 142 138 139
0.290000 1.070000 2.549000 175 173 174
0.450000 1.179000 2.727000 147 144 137
0.536000 1.232000 2.823000 145 140 137
0.604000 1.136000 2.899000 215 213 201
0.421000 1.175000 2.695000 140 140 132
0.481000 1.141000 2.762000 154 155 160
0.296000 1.075000 2.556000 169 167 168
0.609000 1.086000 2.905000 255 255 255
0.361000 1.149000 2.628000 123 121 106
0.369000 1.065000 2.637000 184 181 190
0.408000 1.091000 2.682000 178 182 194
0.485000 1.160000 2.767000 152 152 152
0.506000 1.174000 2.790000 150 150 148
0.538000 1.128000 2.826000 170 171 173
0.500000 1.111000 2.784000 172 174 187
0.327000 1.109000 2.590000 143 140 131
0.530000 1.171000 2.816000 159 155 152
0.483000 1.110000 2.764000 171 174 189
0.546000 1.076000 2.835000 202 204 199
0.401000 1.110000 2.673000 161 163 175
0.588000 1.230000 2.882000 139 137 142
0.506000 1.208000 2.790000 144 145 140
0.617000 1.202000 2.914000 215 210 181
0.195000 1.064000 2.443000 194 188 190
0.527000 1.219000 2.813000 143 144 139
0.564000 1.188000 2.854000 149 146 141
0.576000 1.233000 2.868000 143 137 141
0.482000 1.166000 2.763000 149 149 149
0.262000 1.065000 2.519000 184 182 185
0.294000 1.100000 2.553000 147 148 142
0.213000 1.082000 2.464000 175 173 174
0.199000 1.074000 2.448000 181 176 182
0.244000 1.079000 2.498000 172 171 169
0.298000 1.115000 2.558000 142 138 127
0.575000 1.152000 2.867000 174 173 168
0.488000 1.100000 2.770000 179 182 199
0.591000 1.114000 2.885000 213 212 207
0.381000 1.088000 2.650000 179 181 194
0.194000 1.076000 2.443000 181 176 182
0.563000 1.163000 2.854000 159 160 154
0.376000 1.064000 2.645000 202 202 212
0.617000 1.267000 2.913000 134 131 138
0.345000 1.105000 2.611000 147 144 139
0.568000 1.068000 2.859000 217 219 216
0.490000 1.075000 2.772000 196 201 221
0.407000 1.139000 2.679000 144 147 152
0.562000 1.063000 2.853000 216 218 215
0.597000 1.239000 2.890000 137 137 139
0.419000 1.070000 2.694000 199 203 215
0.348000 1.130000 2.614000 133 127 115
0.446000 1.122000 2.723000 160 164 173
0.562000 1.187000 2.852000 149 146 141
0.332000 1.091000 2.596000 156 151 155
0.461000 1.132000 2.739000 155 160 164
0.484000 1.149000 2.766000 153 154 158
0.525000 1.182000 2.811000 153 149 146
0.327000 1.103000 2.591000 148 145 140
0.474000 1.170000 2.754000 149 149 149
0.379000 1.106000 2.649000 164 164 174
0.467000 1.160000 2.747000 150 150 150
0.325000 1.101000 2.588000 146 145 141
0.441000 1.135000 2.718000 152 156 157
0.646000 0.346000 2.932000 150 142 139
0.582000 0.500000 2.878000 151 147 136
0.546000 0.400000 2.820000 138 134 122
0.565000 0.367000 2.838000 142 136 124
0.630000 0.252000 2.900000 127 122 118
0.617000 0.387000 2.904000 146 141 137
0.550000 0.531000 2.844000 147 147 137
0.586000 0.469000 2.878000 146 142 131
0.618000 0.434000 2.911000 147 143 134
0.612000 0.551000 2.921000 167 162 156
0.620000 0.350000 2.901000 145 140 137
0.471000 0.568000 2.755000 151 151 143
0.412000 0.609000 2.691000 167 166 161
0.333000 0.650000 2.602000 196 189 173
0.328000 0.627000 2.593000 189 181 160
0.653000 0.245000 2.926000 129 126 121
0.464000 0.551000 2.744000 148 143 137
0.614000 0.454000 2.909000 151 143 140
0.625000 0.270000 2.896000 127 122 118
0.562000 0.504000 2.855000 147 143 132
0.417000 0.558000 2.689000 186 181 162
0.559000 0.538000 2.855000 158 151 141
0.478000 0.608000 2.769000 165 170 166
0.385000 0.611000 2.659000 201 194 178
0.546000 0.374000 2.817000 135 133 120
0.490000 0.579000 2.780000 158 155 150
0.545000 0.355000 2.813000 128 126 111
0.529000 0.508000 2.816000 145 140 134
0.659000 0.222000 2.930000 145 142 137
0.394000 0.574000 2.664000 194 187 169
0.517000 0.554000 2.808000 152 152 142
0.618000 0.392000 2.906000 144 139 135
0.634000 0.395000 2.925000 147 142 138
0.566000 0.446000 2.851000 141 137 128
0.565000 0.461000 2.852000 144 137 129
0.593000 0.447000 2.883000 146 142 131
0.484000 0.502000 2.761000 141 138 121
0.599000 0.339000 2.875000 144 139 133
0.533000 0.427000 2.809000 139 132 122
0.635000 0.273000 2.909000 129 124 121
0.596000 0.337000 2.871000 143 139 130
0.522000 0.548000 2.813000 149 149 139
0.542000 0.419000 2.818000 137 133 122
0.383000 0.635000 2.660000 189 184 178
0.643000 0.356000 2.930000 150 142 139
0.516000 0.452000 2.792000 136 134 122
0.594000 0.407000 2.879000 143 139 127
0.600000 0.403000 2.886000 145 140 136
0.487000 0.580000 2.776000 161 157 154
0.591000 0.572000 2.899000 199 196 187
0.537000 0.572000 2.834000 163 158 152
0.471000 0.443000 2.737000 181 175 159
0.558000 0.519000 2.852000 148 143 139
0.473000 0.565000 2.757000 151 151 143
0.577000 0.346000 2.850000 139 135 124
0.478000 0.444000 2.747000 139 133 117
0.475000 0.444000 2.743000 181 175 161
0.613000 0.477000 2.912000 152 147 143
0.534000 0.592000 2.833000 170 169 165
0.456000 0.608000 2.743000 165 167 166
0.616000 0.428000 2.908000 146 143 136
0.484000 0.497000 2.761000 139 136 121
0.480000 0.471000 2.752000 136 134 122
0.559000 0.419000 2.838000 136 136 124
0.594000 0.313000 2.865000 127 122 116
0.338000 0.638000 2.607000 191 182 165
0.607000 0.372000 2.889000 144 141 126
0.518000 0.393000 2.786000 133 129 118
0.388000 0.568000 2.656000 188 180 161
0.466000 0.477000 2.737000 179 173 159
0.609000 0.390000 2.895000 143 139 130
0.469000 0.496000 2.743000 140 134 122
0.464000 0.492000 2.736000 176 170 158
0.535000 0.485000 2.820000 142 140 128
0.453000 0.576000 2.735000 154 151 144
0.644000 0.343000 2.929000 151 142 137
0.642000 0.278000 2.918000 131 126 123
0.641000 0.293000 2.919000 133 128 124
0.630000 0.298000 2.906000 132 127 123
0.525000 0.468000 2.805000 140 138 126
0.506000 0.431000 2.777000 136 132 120
0.644000 0.296000 2.923000 135 130 126
0.486000 0.521000 2.767000 145 142 123
0.470000 0.599000 2.758000 160 165 161
0.516000 0.523000 2.803000 145 141 132
0.568000 0.512000 2.863000 147 144 135
0.580000 0.561000 2.884000 162 161 156
0.518000 0.398000 2.787000 136 132 121
0.492000 0.495000 2.769000 139 136 121
0.643000 0.321000 2.925000 149 145 134
0.414000 0.541000 2.683000 185 182 165
0.500000 0.516000 2.782000 144 140 128
0.499000 0.461000 2.774000 134 134 124
0.556000 0.572000 2.857000 162 161 156
0.369000 0.629000 2.642000 189 180 163
0.635000 0.311000 2.914000 142 137 131
0.535000 0.501000 2.821000 146 141 135
0.491000 0.496000 2.768000 140 137 122
0.549000 0.393000 2.823000 137 133 121
0.501000 0.549000 2.788000 151 148 139
0.473000 0.607000 2.763000 162 168 166
0.460000 0.540000 2.738000 163 159 148
0.599000 0.461000 2.893000 146 142 133
0.493000 0.585000 2.784000 162 158 155
0.479000 0.530000 2.759000 146 145 125
0.402000 0.605000 2.678000 180 177 172
0.623000 0.328000 2.902000 146 141 137
0.519000 0.488000 2.801000 139 135 124
0.508000 0.467000 2.785000 135 135 123
0.604000 0.441000 2.895000 147 143 132
0.642000 0.272000 2.917000 129 126 121
0.379000 0.695000 2.628000 206 204 207
0.333000 0.702000 2.575000 189 189 191
0.411000 0.704000 2.652000 158 161 168
0.332000 0.686000 2.587000 217 212 208
0.306000 0.685000 2.562000 213 209 206
0.338000 0.699000 2.583000 205 203 206
0.352000 0.698000 2.597000 199 197 198
0.333000 0.687000 2.588000 217 212 208
0.546000 0.698000 2.771000 190 191 195
0.480000 0.670000 2.711000 173 174 178
0.593000 0.690000 2.810000 204 204 212
0.479000 0.695000 2.714000 190 193 200
0.452000 0.695000 2.692000 189 188 194
0.369000 0.671000 2.617000 201 195 183
0.426000 0.689000 2.669000 180 183 190
0.539000 0.676000 2.763000 187 187 189
0.404000 0.693000 2.650000 187 186 192
0.479000 0.691000 2.714000 188 191 198
0.352000 0.673000 2.603000 206 202 191
0.584000 0.683000 2.802000 195 196 201
0.544000 0.663000 2.765000 176 176 176
0.538000 0.705000 2.766000 161 162 167
0.569000 0.699000 2.792000 189 192 197
0.547000 0.693000 2.772000 195 196 200
0.653000 1.366000 2.951000 145 137 148
0.658000 1.476000 2.954000 141 136 142
0.606000 1.545000 2.896000 140 134 136
0.617000 1.460000 2.910000 143 137 139
0.629000 1.525000 2.922000 140 135 139
0.629000 1.313000 2.925000 142 135 142
0.614000 1.576000 2.904000 142 138 137
0.630000 1.320000 2.927000 142 135 142
0.609000 1.560000 2.899000 141 135 137
0.603000 1.458000 2.894000 145 139 143
0.630000 1.398000 2.925000 141 135 139
0.636000 1.460000 2.930000 142 136 140
0.608000 1.459000 2.899000 144 138 142
0.594000 1.517000 2.883000 145 139 141
0.668000 1.410000 2.966000 145 138 146
0.612000 1.518000 2.903000 144 138 142
0.652000 1.441000 2.948000 141 136 140
0.659000 1.353000 2.958000 144 136 147
0.632000 1.527000 2.925000 140 135 139
0.626000 1.487000 2.918000 142 136 140
0.618000 1.541000 2.909000 140 136 137
0.668000 1.472000 2.965000 142 137 143
0.599000 1.632000 2.886000 143 139 138
0.633000 1.414000 2.928000 142 136 140
0.604000 1.482000 2.895000 146 140 144
0.662000 1.359000 2.961000 145 137 148
0.580000 1.630000 2.865000 142 138 137
0.688000 1.408000 2.989000 146 138 149
0.676000 1.382000 2.975000 144 136 147
0.615000 1.382000 2.909000 141 135 139
0.656000 1.423000 2.953000 144 137 144
0.605000 1.563000 2.894000 141 135 137
0.645000 1.384000 2.942000 141 135 139
0.606000 1.455000 2.897000 144 138 142
0.643000 0.420000 2.940000 152 143 144
0.663000 0.283000 2.945000 136 131 128
0.635000 0.496000 2.943000 158 152 152
0.651000 0.371000 2.944000 149 140 141
0.656000 0.316000 2.941000 149 142 132
0.642000 0.471000 2.948000 156 150 152
0.626000 0.482000 2.928000 156 148 146
0.565000 0.657000 2.784000 175 175 177
0.585000 0.625000 2.838000 177 177 175
0.602000 0.633000 2.864000 211 210 206
0.612000 0.646000 2.872000 217 217 215
0.609000 0.595000 2.900000 215 213 200
0.593000 0.645000 2.840000 192 194 193
0.610000 0.613000 2.891000 218 215 208
0.611000 0.678000 2.846000 222 223 228
0.613000 0.674000 2.854000 225 224 229
0.607000 0.686000 2.833000 220 221 226
0.611000 0.695000 2.832000 225 225 233
0.579000 0.664000 2.803000 182 183 185
0.690000 0.278000 2.987000 140 137 130
0.703000 0.306000 3.011000 152 148 147
0.683000 0.250000 2.970000 133 134 129
0.676000 0.234000 2.957000 129 129 127
0.750000 0.239000 3.043000 137 138 133
0.711000 0.267000 3.007000 141 138 131
0.687000 0.244000 2.973000 134 135 130
0.727000 0.237000 3.016000 130 131 126
0.706000 0.312000 3.016000 151 147 144
0.702000 0.331000 3.017000 154 149 145
0.711000 0.286000 3.013000 143 142 140
0.694000 0.237000 2.979000 127 126 121
0.686000 0.252000 2.973000 133 134 129
0.768000 0.228000 3.060000 168 169 163
0.742000 0.232000 3.032000 149 150 145
0.702000 0.263000 2.996000 139 136 129
0.684000 0.222000 2.962000 155 151 148
0.725000 0.300000 3.034000 146 147 142
0.674000 0.243000 2.956000 134 134 132
0.670000 0.215000 2.943000 127 124 119
0.696000 0.352000 3.012000 157 148 149
0.669000 0.242000 2.946000 133 134 129
0.667000 0.348000 2.964000 149 145 142
0.671000 0.338000 2.967000 149 144 140
0.665000 0.341000 2.959000 151 146 142
0.694000 0.344000 3.008000 157 148 149
0.683000 0.337000 2.987000 151 147 144
0.673000 0.227000 2.950000 148 147 143
0.671000 0.351000 2.970000 149 145 142
0.676000 0.276000 2.965000 140 131 132
0.673000 0.357000 2.976000 153 144 145
0.688000 0.287000 2.986000 141 138 133
0.677000 0.242000 2.959000 132 134 131
0.683000 1.509000 2.984000 143 136 143
0.688000 1.493000 2.989000 144 139 145
0.700000 1.492000 3.003000 145 140 146
0.652000 1.545000 2.947000 141 136 140
0.649000 1.612000 2.944000 142 140 143
0.671000 1.519000 2.969000 139 137 142
0.658000 1.516000 2.954000 141 134 141
0.705000 1.443000 3.008000 148 140 151
0.730000 1.534000 3.038000 144 139 145
0.672000 1.499000 2.970000 142 137 143
0.685000 1.555000 2.986000 140 138 141
0.718000 1.509000 3.024000 145 140 147
0.657000 1.566000 2.954000 141 136 140
0.646000 1.619000 2.942000 144 140 141
0.625000 1.580000 2.915000 142 138 137
0.718000 1.501000 3.025000 144 139 146
0.669000 1.491000 2.967000 141 136 142
0.616000 1.638000 2.906000 145 141 140
0.626000 1.594000 2.917000 143 139 138
0.655000 1.618000 2.952000 144 140 141
0.642000 1.584000 2.935000 142 138 139
0.676000 1.535000 2.975000 141 136 140
0.636000 1.581000 2.929000 142 138 139
0.693000 1.515000 2.995000 143 138 144
0.652000 1.540000 2.947000 141 136 140
0.694000 1.460000 2.995000 142 140 145
0.664000 1.574000 2.961000 143 138 142
0.624000 1.646000 2.916000 143 142 140
0.661000 1.515000 2.957000 142 135 142
0.615000 1.603000 2.905000 143 139 138
0.655000 1.603000 2.951000 141 139 142
0.634000 1.571000 2.926000 141 137 138
0.732000 1.593000 3.038000 143 138 142
0.656000 1.637000 2.952000 146 142 143
0.735000 1.611000 3.041000 142 137 141
0.662000 1.628000 2.959000 145 141 142
0.669000 1.623000 2.967000 144 140 141
0.756000 1.589000 3.065000 143 138 144
0.749000 1.609000 3.057000 143 138 142
0.665000 1.633000 2.963000 146 142 143
0.768000 1.612000 3.077000 143 138 142
0.664000 1.662000 2.959000 148 144 145
0.761000 1.566000 3.072000 145 140 146
0.709000 1.634000 3.011000 143 139 140
0.741000 1.591000 3.048000 143 138 144
0.744000 1.526000 3.055000 146 141 147
0.704000 1.633000 3.006000 144 140 141
0.721000 1.585000 3.026000 142 137 141
0.629000 1.674000 2.920000 148 144 143
0.729000 1.627000 3.034000 142 137 141
0.751000 1.566000 3.061000 143 138 144
0.660000 1.672000 2.955000 149 144 148
0.723000 1.598000 3.028000 142 138 139
0.753000 1.610000 3.061000 143 138 142
0.677000 1.607000 2.977000 145 139 143
0.577000 0.203000 2.827000 112 109 100
0.603000 0.206000 2.856000 115 112 105
0.630000 0.203000 2.895000 111 106 102
0.170000 0.126000 2.403000 156 151 132
0.217000 0.155000 2.403000 160 157 140
0.215000 0.148000 2.442000 163 158 139
0.278000 0.176000 2.496000 121 114 96
0.297000 0.179000 2.510000 100 93 75
0.540000 0.209000 2.771000 97 94 85
0.481000 0.197000 2.718000 82 77 73
0.504000 0.203000 2.736000 87 88 72
0.415000 0.189000 2.649000 127 123 112
0.468000 0.196000 2.703000 92 89 80
0.371000 0.191000 2.589000 84 84 60
0.346000 0.184000 2.571000 89 82 63
0.319000 0.182000 2.540000 96 89 71
0.514000 0.194000 2.763000 99 97 82
0.536000 0.650000 2.769000 197 200 209
0.497000 0.649000 2.740000 166 164 167
0.486000 0.639000 2.743000 180 184 185
0.544000 0.614000 2.817000 176 177 179
0.583000 0.597000 2.866000 174 173 169
0.410000 0.636000 2.688000 166 163 158
0.454000 0.652000 2.704000 163 164 166
0.548000 0.639000 2.791000 188 191 200
0.359000 0.669000 2.612000 203 196 186
0.578000 0.625000 2.829000 183 184 188
0.437000 0.660000 2.681000 168 170 169
0.481000 0.612000 2.770000 168 170 167
0.375000 0.657000 2.637000 189 183 171
0.532000 0.610000 2.811000 174 176 173
0.548000 0.640000 2.790000 188 191 200
0.422000 0.633000 2.701000 163 159 156
0.599000 0.583000 2.894000 171 171 163
0.585000 0.592000 2.872000 172 171 167
0.570000 0.595000 2.859000 174 173 169
0.532000 0.658000 2.757000 172 173 177
0.583000 0.607000 2.854000 181 177 174
0.514000 0.621000 2.784000 176 178 177
0.495000 0.630000 2.760000 175 181 181
0.442000 0.647000 2.700000 162 163 165
0.482000 0.661000 2.715000 169 169 171
0.529000 0.602000 2.818000 171 170 166
0.536000 0.648000 2.771000 197 199 211
0.450000 0.658000 2.694000 166 166 166
0.455000 0.622000 2.738000 169 173 176
0.497000 0.617000 2.777000 169 173 174
0.542000 0.639000 2.787000 186 191 197
0.572000 0.592000 2.863000 173 170 165
0.530000 0.653000 2.761000 200 200 208
0.723000 1.647000 3.024000 143 139 140
0.755000 1.643000 3.050000 144 139 143
0.686000 1.664000 2.984000 145 143 144
0.683000 1.685000 2.965000 149 144 148
0.756000 1.635000 3.058000 143 138 142
0.722000 1.677000 3.000000 143 138 142
0.736000 1.665000 3.020000 144 140 141
0.738000 1.672000 3.016000 144 140 141
0.702000 1.662000 2.997000 145 140 146
0.679000 1.668000 2.976000 148 144 145
0.732000 1.670000 3.013000 143 139 140
0.748000 1.680000 3.016000 143 139 140
0.669000 1.679000 2.959000 150 146 147
0.157000 0.120000 2.396000 122 117 95
0.262000 1.567000 0.024000 71 68 53
0.400000 1.590000 0.026000 103 97 63
0.429000 1.596000 0.026000 105 100 71
0.314000 1.573000 0.026000 83 76 57
0.401000 1.591000 0.026000 103 97 63
0.607000 1.556000 0.024000 156 150 134
0.578000 1.583000 0.026000 150 144 128
0.558000 1.540000 0.025000 149 144 125
0.574000 1.555000 0.025000 151 145 129
0.617000 1.634000 0.026000 156 150 136
0.540000 1.504000 0.025000 144 139 119
0.597000 1.618000 0.026000 151 145 131
0.591000 1.542000 0.024000 156 150 134
0.641000 1.605000 0.024000 156 150 136
0.629000 1.597000 0.024000 155 149 133
0.568000 1.554000 0.025000 151 145 129
0.532000 1.501000 0.025000 146 141 121
0.547000 1.505000 0.025000 142 137 118
0.564000 1.558000 0.026000 148 142 126
0.576000 1.516000 0.024000 154 149 130
0.231000 1.457000 0.058000 26 24 12
0.127000 1.387000 0.024000 79 73 57
0.225000 1.413000 0.045000 26 21 15
0.284000 1.391000 0.042000 31 32 26
0.174000 1.380000 0.026000 84 79 60
0.195000 1.374000 0.025000 93 90 73
0.306000 1.349000 0.026000 104 98 74
0.352000 1.351000 0.032000 118 113 81
0.145000 1.390000 0.027000 80 72 59
0.332000 1.361000 0.034000 96 91 69
0.197000 1.413000 0.042000 62 62 50
0.206000 1.423000 0.047000 49 50 42
0.401000 1.320000 0.024000 122 118 89
0.245000 1.419000 0.049000 27 23 20
0.108000 1.405000 0.029000 73 70 53
0.329000 1.366000 0.036000 63 60 43
0.381000 1.326000 0.025000 120 115 85
0.147000 1.398000 0.031000 76 68 55
0.115000 1.395000 0.026000 79 73 57
0.132000 1.399000 0.029000 76 73 58
0.275000 1.405000 0.046000 29 29 27
0.371000 1.566000 0.032000 93 87 61
0.296000 1.555000 0.030000 72 69 54
0.491000 1.604000 0.028000 126 120 98
0.476000 1.601000 0.028000 117 111 85
0.450000 1.588000 0.030000 111 106 74
0.239000 1.549000 0.028000 61 61 49
0.320000 1.550000 0.033000 79 74 55
0.409000 1.583000 0.029000 103 96 67
0.372000 1.564000 0.033000 93 88 59
0.414000 1.587000 0.028000 105 98 69
0.246000 1.525000 0.036000 33 30 23
0.373000 1.572000 0.030000 96 91 62
0.264000 1.463000 0.040000 20 19 17
0.262000 1.414000 0.048000 23 23 21
0.237000 1.468000 0.045000 22 22 14
0.300000 1.411000 0.041000 38 35 26
0.250000 1.424000 0.049000 28 27 25
0.294000 1.428000 0.040000 40 38 26
0.285000 1.426000 0.042000 29 26 19
0.446000 1.318000 0.027000 134 130 101
0.250000 1.466000 0.042000 20 19 17
0.372000 1.357000 0.035000 115 110 81
0.331000 1.381000 0.039000 38 38 30
0.242000 1.439000 0.048000 25 23 24
0.233000 1.467000 0.045000 25 25 17
0.335000 1.415000 0.034000 37 34 25
0.346000 1.414000 0.032000 32 28 17
0.268000 1.448000 0.042000 23 22 20
0.495000 1.402000 0.024000 137 132 110
0.559000 1.590000 0.027000 147 141 125
0.456000 1.496000 0.029000 121 117 90
0.550000 1.588000 0.027000 138 135 118
0.457000 1.411000 0.026000 132 128 103
0.489000 1.552000 0.029000 128 122 98
0.474000 1.559000 0.030000 124 118 94
0.316000 1.454000 0.034000 35 32 25
0.443000 1.370000 0.025000 125 119 93
0.420000 1.450000 0.029000 115 112 81
0.525000 1.584000 0.029000 135 133 112
0.527000 1.556000 0.027000 137 135 114
0.437000 1.545000 0.031000 107 102 72
0.408000 1.388000 0.027000 118 115 84
0.379000 1.448000 0.031000 107 106 76
0.421000 1.373000 0.026000 123 119 90
0.386000 1.432000 0.030000 103 98 66
0.335000 1.441000 0.033000 40 35 29
0.366000 1.422000 0.031000 78 73 51
0.540000 1.568000 0.027000 137 134 115
0.478000 1.458000 0.026000 131 123 100
0.416000 1.545000 0.032000 102 96 62
0.540000 1.524000 0.026000 146 141 121
0.378000 1.418000 0.030000 104 101 68
0.517000 1.538000 0.027000 137 132 112
0.262000 1.490000 0.038000 21 20 18
0.408000 1.381000 0.027000 115 112 81
0.453000 1.526000 0.030000 116 111 82
0.314000 1.513000 0.036000 22 22 14
0.395000 1.512000 0.032000 102 95 66
0.255000 1.508000 0.039000 20 16 13
0.452000 1.545000 0.031000 112 107 75
0.554000 1.591000 0.027000 144 138 122
0.475000 1.438000 0.026000 133 127 103
0.464000 1.456000 0.027000 127 123 94
0.562000 1.611000 0.028000 147 141 125
0.450000 1.445000 0.027000 123 120 89
0.448000 1.431000 0.027000 118 114 85
0.442000 1.569000 0.032000 112 107 77
0.466000 1.495000 0.028000 128 124 97
0.401000 1.516000 0.032000 102 95 66
0.253000 1.508000 0.039000 21 17 14
0.295000 1.500000 0.037000 20 21 16
0.485000 1.398000 0.024000 139 133 111
0.339000 1.437000 0.032000 39 35 26
0.390000 1.511000 0.032000 97 90 61
0.566000 1.618000 0.028000 146 140 126
0.398000 1.410000 0.029000 116 111 81
0.306000 1.530000 0.037000 66 64 52
0.402000 1.449000 0.030000 114 110 75
0.480000 1.581000 0.031000 118 112 88
0.383000 1.500000 0.032000 98 92 66
0.403000 1.379000 0.027000 117 112 82
0.267000 1.520000 0.039000 24 21 14
0.375000 1.432000 0.030000 112 109 78
0.448000 1.519000 0.030000 110 105 75
0.477000 1.499000 0.028000 130 126 97
0.490000 1.534000 0.028000 126 122 97
0.427000 1.389000 0.026000 122 118 89
0.569000 1.608000 0.027000 145 139 125
0.454000 1.469000 0.028000 120 119 89
0.254000 1.509000 0.039000 21 17 14
0.453000 1.478000 0.028000 115 114 86
0.518000 1.529000 0.027000 139 134 114
0.475000 1.462000 0.027000 133 126 100
0.430000 1.396000 0.027000 121 117 88
0.524000 1.594000 0.029000 135 128 109
0.321000 1.444000 0.033000 43 40 33
0.564000 1.616000 0.028000 145 139 123
0.450000 1.536000 0.030000 114 109 80
0.088000 1.408000 0.049000 74 72 57
0.177000 1.426000 0.052000 72 72 60
0.168000 1.423000 0.043000 71 69 57
0.064000 1.403000 0.043000 75 73 61
0.931000 1.525000 0.012000 174 168 144
0.954000 1.486000 0.013000 180 176 151
0.917000 1.461000 0.014000 180 175 155
1.002000 1.505000 0.013000 180 172 149
0.878000 1.487000 0.013000 176 171 151
1.073000 1.566000 0.012000 195 178 148
0.912000 1.510000 0.012000 174 172 149
1.004000 1.551000 0.012000 179 173 151
0.934000 1.561000 0.011000 175 168 149
1.099000 1.566000 0.012000 173 164 147
0.875000 1.453000 0.014000 176 171 149
1.060000 1.543000 0.012000 201 176 136
0.950000 1.562000 0.011000 177 169 148
0.983000 1.540000 0.012000 178 170 149
0.894000 1.448000 0.014000 172 167 145
1.060000 1.580000 0.011000 177 160 134
0.887000 1.487000 0.013000 176 171 151
0.966000 1.499000 0.013000 181 175 153
1.007000 1.523000 0.013000 181 170 148
1.125000 1.123000 0.008000 180 177 146
1.152000 1.104000 0.008000 178 178 144
1.129000 1.414000 0.011000 183 179 154
0.980000 1.237000 0.011000 177 173 146
1.096000 1.097000 0.008000 178 175 140
1.067000 1.325000 0.011000 180 180 152
1.071000 1.429000 0.012000 141 130 102
0.888000 1.131000 0.011000 170 171 137
0.920000 1.199000 0.011000 175 174 143
1.018000 1.342000 0.012000 182 178 151
1.058000 1.031000 0.008000 176 173 140
0.977000 1.117000 0.010000 179 176 141
0.960000 1.123000 0.010000 177 174 141
0.965000 1.105000 0.010000 178 176 138
1.077000 1.342000 0.011000 181 180 149
0.974000 1.141000 0.010000 178 173 141
0.892000 1.145000 0.011000 172 173 141
1.102000 1.498000 0.012000 183 177 155
1.156000 1.125000 0.008000 177 177 141
0.963000 1.046000 0.009000 170 167 132
1.078000 1.449000 0.012000 154 147 119
1.111000 1.277000 0.010000 183 179 152
1.162000 0.962000 0.006000 180 178 140
1.081000 1.105000 0.008000 177 175 137
1.066000 1.075000 0.008000 178 176 138
1.034000 1.368000 0.012000 177 176 148
1.070000 1.112000 0.009000 179 177 139
1.006000 1.139000 0.010000 180 180 144
1.147000 1.123000 0.008000 172 176 139
1.036000 1.376000 0.012000 178 177 149
1.151000 1.264000 0.009000 183 177 151
1.094000 1.415000 0.011000 179 177 152
1.003000 1.024000 0.009000 174 174 138
1.057000 1.232000 0.010000 179 178 148
1.143000 1.209000 0.009000 180 177 144
1.135000 1.426000 0.011000 185 179 157
1.105000 0.987000 0.007000 178 176 137
1.023000 1.082000 0.009000 176 173 138
1.088000 1.006000 0.007000 174 175 135
1.025000 1.033000 0.008000 171 171 135
1.155000 0.988000 0.006000 178 175 140
1.138000 1.281000 0.009000 182 176 150
0.993000 1.085000 0.009000 180 178 140
1.114000 0.995000 0.007000 175 172 137
0.930000 1.163000 0.011000 175 174 143
1.076000 1.118000 0.009000 179 177 139
1.051000 1.404000 0.012000 181 177 150
0.939000 1.170000 0.011000 176 176 142
1.106000 1.248000 0.010000 179 180 146
1.141000 1.132000 0.008000 177 175 137
1.154000 1.016000 0.007000 177 175 136
0.930000 1.101000 0.010000 175 172 139
1.110000 1.036000 0.007000 178 175 140
0.944000 1.120000 0.010000 178 172 140
1.154000 0.949000 0.006000 180 178 140
1.062000 1.028000 0.008000 177 174 141
0.978000 1.240000 0.011000 177 173 146
1.103000 1.374000 0.011000 185 179 153
1.052000 1.214000 0.010000 182 178 149
1.068000 1.151000 0.009000 179 176 143
0.978000 1.134000 0.010000 180 176 141
1.037000 1.027000 0.008000 175 171 136
1.132000 1.210000 0.009000 182 179 144
0.962000 1.209000 0.011000 177 176 148
1.053000 1.242000 0.010000 179 178 148
1.119000 1.477000 0.012000 185 178 152
0.883000 1.098000 0.011000 168 167 136
1.095000 1.301000 0.010000 178 178 150
1.128000 1.050000 0.007000 170 170 132
1.056000 1.366000 0.011000 179 179 151
1.042000 1.159000 0.009000 177 177 141
1.050000 1.019000 0.008000 175 172 139
1.139000 1.134000 0.008000 179 177 139
1.073000 1.389000 0.011000 182 178 151
1.146000 1.125000 0.008000 171 175 138
0.929000 1.140000 0.011000 178 171 142
1.107000 1.239000 0.009000 179 179 145
1.142000 1.090000 0.008000 179 181 144
0.984000 1.187000 0.010000 178 174 145
1.118000 1.498000 0.012000 185 177 154
1.099000 1.140000 0.009000 177 174 141
1.069000 1.088000 0.008000 179 177 139
1.116000 1.247000 0.009000 179 178 147
0.974000 1.278000 0.012000 175 174 144
1.151000 1.287000 0.009000 183 177 151
1.027000 1.296000 0.011000 179 178 148
1.142000 1.251000 0.009000 184 177 151
0.935000 1.219000 0.011000 178 177 147
1.077000 1.094000 0.008000 179 177 139
1.037000 1.206000 0.010000 175 176 144
1.125000 0.990000 0.007000 177 174 141
1.064000 0.991000 0.008000 177 175 137
0.940000 1.155000 0.011000 176 176 142
1.074000 1.374000 0.011000 184 180 153
1.067000 1.389000 0.011000 182 176 150
1.151000 0.958000 0.006000 178 176 138
1.026000 1.281000 0.011000 178 179 148
0.932000 1.074000 0.010000 178 175 142
1.125000 1.442000 0.011000 187 179 156
1.003000 1.045000 0.009000 167 164 129
0.997000 1.150000 0.010000 175 175 141
1.034000 1.085000 0.009000 177 174 139
0.939000 1.052000 0.010000 171 171 137
1.022000 1.204000 0.010000 178 179 148
0.969000 1.204000 0.011000 181 177 150
0.883000 1.086000 0.011000 173 170 139
0.977000 1.188000 0.011000 179 175 146
1.142000 1.391000 0.011000 185 181 156
1.120000 1.455000 0.011000 185 177 154
1.100000 1.409000 0.011000 187 179 156
1.087000 1.263000 0.010000 178 178 144
1.077000 1.450000 0.012000 154 147 119
1.029000 1.007000 0.008000 173 170 135
0.912000 1.125000 0.011000 174 174 140
1.051000 1.138000 0.009000 179 175 140
1.127000 1.345000 0.010000 180 179 151
1.088000 1.468000 0.012000 188 180 157
1.053000 1.041000 0.008000 174 171 140
1.036000 1.037000 0.008000 172 174 137
1.076000 1.409000 0.012000 185 181 156
0.982000 1.302000 0.012000 175 176 145
1.120000 1.007000 0.007000 175 172 139
1.100000 1.107000 0.008000 180 178 140
1.087000 1.221000 0.010000 179 174 144
1.062000 1.179000 0.009000 177 176 146
1.063000 1.086000 0.008000 176 174 136
1.040000 1.147000 0.009000 178 178 142
1.107000 0.964000 0.007000 178 176 137
0.985000 1.155000 0.010000 177 174 141
0.971000 1.062000 0.009000 179 176 143
1.112000 1.151000 0.009000 181 178 145
1.078000 1.404000 0.011000 183 181 156
1.129000 1.215000 0.009000 177 177 141
1.127000 1.538000 0.012000 182 175 157
0.957000 1.082000 0.010000 177 174 141
1.078000 1.199000 0.009000 180 177 142
1.028000 1.208000 0.010000 177 176 146
1.152000 1.291000 0.009000 183 177 151
1.164000 1.099000 0.007000 174 174 140
1.003000 1.319000 0.012000 180 179 148
0.986000 1.108000 0.010000 180 177 144
0.960000 1.099000 0.010000 177 175 137
1.087000 1.255000 0.010000 177 177 143
1.131000 1.224000 0.009000 177 178 146
1.042000 1.055000 0.008000 170 174 137
0.897000 1.147000 0.011000 173 174 142
1.011000 1.284000 0.011000 177 178 147
1.022000 1.289000 0.011000 180 179 149
1.053000 1.260000 0.010000 181 176 146
0.995000 1.076000 0.009000 181 178 143
1.046000 1.186000 0.010000 181 178 145
1.100000 1.286000 0.010000 181 177 150
1.003000 1.314000 0.012000 181 180 149
1.045000 0.343000 0.008000 50 47 38
1.049000 0.355000 0.006000 82 80 68
1.158000 0.867000 0.006000 179 180 140
1.128000 0.600000 0.002000 171 170 142
1.129000 0.779000 0.006000 176 173 132
1.033000 0.695000 0.011000 166 166 132
1.117000 0.624000 0.003000 175 172 139
1.003000 0.418000 0.007000 163 163 139
1.008000 0.509000 0.009000 169 168 138
1.142000 0.814000 0.006000 174 175 135
1.033000 0.543000 0.008000 170 169 139
1.073000 0.517000 0.004000 173 169 140
1.083000 0.689000 0.007000 173 169 134
1.003000 0.462000 0.008000 168 168 142
1.162000 0.895000 0.006000 179 177 139
1.054000 0.688000 0.010000 171 173 136
1.091000 0.466000 0.002000 168 171 142
1.045000 0.614000 0.009000 176 173 142
1.006000 0.404000 0.007000 152 151 130
1.004000 0.531000 0.010000 168 164 137
1.068000 0.452000 0.003000 167 167 141
1.082000 0.670000 0.007000 178 174 137
1.011000 0.626000 0.011000 172 167 135
1.033000 0.624000 0.010000 173 170 135
1.062000 0.743000 0.010000 170 168 129
1.055000 0.408000 0.003000 162 161 141
1.127000 0.778000 0.006000 174 172 133
1.104000 0.517000 0.002000 172 169 138
1.034000 0.442000 0.005000 164 164 138
1.008000 0.494000 0.009000 170 169 141
0.989000 0.451000 0.009000 165 165 141
1.031000 0.524000 0.008000 168 169 137
1.133000 0.754000 0.005000 169 169 131
1.155000 0.829000 0.005000 178 179 137
1.019000 0.622000 0.011000 171 168 135
1.002000 0.559000 0.011000 172 168 141
1.011000 0.590000 0.011000 174 171 140
1.034000 0.669000 0.011000 173 170 139
1.092000 0.595000 0.005000 171 167 138
1.055000 0.729000 0.010000 176 177 137
1.030000 0.524000 0.008000 168 169 137
1.008000 0.421000 0.007000 164 164 138
1.097000 0.779000 0.008000 173 171 133
1.084000 0.709000 0.008000 178 174 139
1.077000 0.636000 0.007000 177 174 141
1.064000 0.589000 0.007000 173 170 139
0.999000 0.435000 0.008000 164 164 136
1.076000 0.562000 0.005000 174 171 138
0.996000 0.570000 0.011000 170 166 137
1.049000 0.387000 0.003000 79 78 60
1.107000 0.540000 0.002000 174 171 140
1.053000 0.581000 0.007000 175 172 141
1.007000 0.583000 0.011000 176 172 143
1.048000 0.456000 0.005000 168 168 144
1.038000 0.612000 0.009000 175 175 141
1.024000 0.670000 0.011000 170 167 136
1.141000 0.674000 0.003000 173 174 143
1.081000 0.501000 0.003000 170 170 146
1.038000 0.611000 0.009000 174 173 142
1.043000 0.451000 0.005000 167 167 143
1.145000 0.751000 0.004000 173 175 138
1.069000 0.675000 0.008000 179 176 141
1.151000 0.732000 0.003000 171 172 138
1.109000 0.584000 0.003000 176 173 142
1.065000 0.743000 0.010000 173 171 133
1.050000 0.585000 0.007000 177 174 143
1.094000 0.594000 0.004000 169 165 136
1.039000 0.451000 0.005000 166 166 142
1.085000 0.533000 0.004000 174 171 140
1.075000 0.633000 0.007000 177 174 141
1.047000 0.605000 0.008000 174 171 140
1.124000 0.666000 0.004000 174 174 138
1.131000 0.747000 0.005000 164 164 126
1.038000 0.499000 0.006000 170 169 141
1.050000 0.424000 0.004000 167 167 143
1.143000 0.552000 0.001000 172 171 141
1.188000 0.436000 0.001000 169 167 144
1.175000 0.513000 0.002000 175 171 146
1.228000 0.428000 0.002000 173 171 146
1.201000 0.540000 0.002000 177 174 141
1.183000 0.639000 0.003000 170 171 137
1.194000 0.785000 0.005000 173 170 135
1.203000 0.735000 0.004000 176 173 138
1.209000 0.767000 0.005000 175 175 137
1.304000 0.388000 0.003000 41 42 36
1.159000 0.645000 0.002000 177 177 143
1.209000 0.746000 0.005000 172 168 131
1.126000 0.541000 0.001000 178 174 145
1.190000 0.783000 0.004000 178 175 140
1.233000 0.683000 0.004000 174 176 136
1.158000 0.654000 0.003000 173 174 142
1.311000 0.434000 0.004000 175 171 144
1.223000 0.662000 0.004000 181 178 143
1.314000 0.489000 0.005000 179 175 148
1.340000 0.399000 0.004000 79 76 59
1.253000 0.414000 0.002000 169 164 145
1.202000 0.768000 0.005000 178 178 140
1.208000 0.576000 0.003000 174 173 142
1.243000 0.516000 0.003000 176 175 147
1.264000 0.630000 0.005000 177 174 141
1.168000 0.473000 0.001000 173 172 142
1.164000 0.621000 0.002000 177 174 141
1.156000 0.740000 0.003000 164 165 131
1.206000 0.543000 0.003000 176 173 142
1.153000 0.495000 0.001000 174 170 141
1.212000 0.518000 0.003000 178 175 144
1.183000 0.707000 0.004000 168 169 138
1.314000 0.377000 0.004000 31 32 26
1.182000 0.665000 0.003000 167 171 136
1.181000 0.792000 0.004000 175 176 136
1.192000 0.605000 0.003000 181 178 143
1.187000 0.584000 0.003000 178 177 147
1.194000 0.427000 0.001000 176 174 151
1.151000 0.662000 0.002000 175 176 144
1.162000 0.621000 0.002000 177 174 141
1.279000 0.508000 0.004000 179 176 145
1.179000 0.479000 0.001000 169 168 138
1.205000 0.792000 0.005000 174 176 137
1.151000 0.548000 0.001000 175 171 142
1.190000 0.580000 0.003000 177 176 145
1.263000 0.616000 0.005000 178 175 144
1.201000 0.818000 0.005000 174 175 135
1.200000 0.582000 0.003000 177 176 145
1.313000 0.435000 0.004000 173 169 142
1.276000 0.494000 0.004000 177 175 150
1.169000 0.693000 0.003000 170 173 142
1.153000 0.609000 0.002000 181 180 150
1.193000 0.807000 0.005000 172 172 134
1.177000 0.755000 0.004000 167 172 132
1.325000 0.380000 0.004000 62 64 53
1.208000 0.731000 0.004000 174 171 136
1.174000 0.469000 0.001000 169 168 140
1.246000 0.543000 0.003000 174 173 142
1.175000 0.707000 0.003000 168 169 138
1.169000 0.812000 0.004000 174 175 135
1.149000 0.698000 0.003000 171 172 140
1.258000 0.656000 0.005000 177 177 143
1.181000 0.796000 0.004000 175 176 136
1.183000 0.632000 0.003000 170 170 136
1.218000 0.596000 0.003000 178 175 140
1.187000 0.518000 0.002000 174 170 141
1.158000 0.610000 0.002000 177 176 145
1.180000 0.718000 0.004000 155 156 125
1.297000 0.526000 0.004000 178 177 146
1.147000 0.695000 0.003000 172 173 141
1.213000 0.527000 0.003000 179 176 145
1.169000 0.786000 0.004000 171 171 135
1.281000 0.537000 0.004000 172 171 140
1.206000 0.594000 0.003000 176 176 142
1.129000 0.518000 0.001000 178 175 144
1.189000 0.761000 0.004000 176 178 141
1.121000 0.424000 0.000000 170 169 148
1.269000 0.385000 0.003000 45 45 37
1.242000 0.380000 0.002000 48 49 41
1.164000 0.673000 0.003000 171 175 142
1.177000 0.591000 0.002000 170 170 136
1.202000 0.730000 0.004000 170 170 136
1.220000 0.473000 0.002000 174 172 147
1.261000 0.593000 0.004000 178 173 143
1.187000 0.800000 0.004000 173 175 136
1.317000 0.470000 0.004000 179 175 146
1.274000 1.369000 0.008000 189 184 164
1.232000 1.229000 0.007000 179 176 145
1.182000 1.458000 0.010000 186 181 162
1.229000 1.342000 0.008000 183 179 154
1.333000 1.394000 0.007000 188 183 161
1.290000 1.514000 0.009000 185 180 158
1.187000 1.161000 0.008000 174 173 142
1.271000 1.386000 0.008000 192 188 163
1.228000 1.525000 0.010000 187 181 165
1.266000 1.507000 0.009000 190 183 165
1.180000 1.265000 0.009000 183 179 152
1.231000 1.315000 0.008000 186 182 155
1.330000 1.431000 0.007000 188 183 163
1.234000 1.091000 0.006000 171 171 137
1.253000 1.220000 0.007000 182 177 147
1.170000 1.393000 0.010000 183 181 156
1.285000 1.213000 0.006000 183 178 146
1.211000 1.070000 0.006000 169 173 140
1.153000 1.467000 0.011000 179 178 158
1.207000 1.275000 0.008000 182 178 149
1.360000 1.435000 0.007000 191 186 164
1.224000 1.275000 0.008000 183 180 149
1.227000 1.101000 0.006000 173 173 139
1.309000 1.356000 0.007000 185 181 156
1.316000 1.438000 0.008000 188 183 161
1.384000 1.483000 0.007000 189 182 166
1.176000 1.313000 0.009000 180 175 153
1.225000 1.294000 0.008000 184 180 151
1.360000 1.476000 0.007000 187 185 162
1.213000 1.521000 0.011000 187 182 163
1.345000 1.424000 0.007000 187 182 162
1.180000 1.546000 0.011000 177 171 157
1.152000 1.547000 0.012000 178 172 156
1.175000 1.267000 0.009000 185 179 153
1.191000 1.041000 0.006000 179 175 137
1.249000 1.345000 0.008000 185 180 158
1.314000 1.409000 0.008000 191 187 162
1.248000 1.485000 0.010000 190 185 166
1.189000 1.227000 0.008000 176 175 147
1.250000 1.295000 0.008000 183 179 150
1.166000 1.377000 0.010000 184 182 157
1.390000 1.453000 0.007000 188 183 164
1.277000 1.413000 0.008000 190 186 161
1.388000 1.423000 0.006000 191 186 166
1.274000 1.234000 0.007000 183 178 146
1.186000 1.177000 0.008000 179 174 144
1.395000 1.458000 0.007000 189 184 165
1.261000 1.335000 0.008000 187 183 158
1.259000 1.333000 0.008000 187 183 158
1.193000 1.097000 0.007000 174 173 143
1.179000 1.327000 0.009000 179 178 150
1.193000 1.066000 0.006000 173 174 142
1.318000 1.372000 0.007000 189 185 160
1.241000 1.228000 0.007000 181 176 144
1.280000 1.500000 0.009000 189 182 164
1.242000 1.410000 0.009000 184 184 158
1.294000 1.265000 0.007000 187 182 150
1.145000 1.537000 0.012000 185 180 161
1.276000 1.399000 0.008000 189 185 158
1.187000 1.253000 0.008000 176 175 147
1.172000 1.143000 0.008000 178 175 140
1.258000 1.330000 0.008000 187 183 158
1.178000 1.473000 0.011000 187 180 162
1.191000 1.137000 0.007000 174 175 141
1.161000 1.340000 0.010000 179 177 152
1.240000 1.268000 0.008000 181 178 147
1.239000 1.504000 0.010000 189 183 167
1.298000 1.255000 0.006000 187 182 152
1.376000 1.405000 0.006000 190 185 165
1.236000 1.135000 0.006000 172 172 138
1.180000 0.950000 0.006000 179 177 138
1.240000 1.299000 0.008000 182 178 151
1.194000 1.192000 0.008000 182 177 147
1.388000 1.486000 0.007000 190 184 170
1.184000 0.943000 0.005000 178 176 135
1.184000 1.316000 0.009000 178 174 149
1.281000 1.511000 0.009000 187 182 162
1.169000 1.201000 0.008000 181 176 146
1.236000 1.423000 0.009000 186 185 157
1.237000 1.229000 0.007000 181 178 147
1.241000 1.486000 0.010000 189 184 165
1.257000 1.427000 0.009000 187 186 158
1.292000 1.292000 0.007000 182 178 151
1.289000 1.343000 0.007000 184 179 157
1.390000 1.461000 0.007000 190 185 166
1.278000 1.392000 0.008000 190 186 159
1.218000 1.079000 0.006000 173 172 141
1.176000 1.077000 0.007000 176 176 140
1.200000 1.150000 0.007000 180 179 148
1.284000 1.363000 0.008000 188 184 159
1.258000 1.283000 0.007000 183 179 150
1.176000 1.415000 0.010000 183 181 160
1.236000 1.477000 0.010000 189 184 165
1.161000 1.436000 0.011000 185 180 160
1.360000 1.405000 0.007000 188 187 166
1.225000 1.332000 0.008000 182 178 151
1.205000 1.445000 0.010000 186 181 161
1.246000 1.235000 0.007000 182 177 145
1.203000 0.997000 0.006000 178 176 137
1.200000 1.524000 0.011000 187 182 163
1.370000 1.465000 0.007000 186 184 161
1.178000 1.500000 0.011000 186 181 162
1.222000 1.134000 0.007000 171 172 140
1.313000 1.358000 0.007000 184 180 155
1.265000 1.499000 0.009000 190 183 165
1.348000 1.437000 0.007000 191 186 164
1.318000 1.264000 0.006000 185 181 152
1.308000 1.330000 0.007000 186 182 157
1.217000 1.378000 0.009000 188 184 159
1.246000 1.267000 0.007000 180 179 149
1.206000 1.522000 0.011000 185 180 161
1.236000 1.506000 0.010000 189 183 167
1.192000 1.328000 0.009000 177 176 146
1.174000 1.130000 0.007000 177 174 139
1.206000 1.389000 0.009000 186 182 157
1.377000 1.392000 0.006000 190 188 167
1.241000 1.185000 0.007000 182 177 145
1.209000 1.314000 0.009000 185 181 152
1.270000 1.528000 0.010000 169 163 151
1.172000 1.180000 0.008000 180 176 141
1.212000 1.154000 0.007000 170 171 139
1.305000 1.320000 0.007000 187 183 158
1.304000 1.418000 0.008000 191 185 163
1.332000 1.447000 0.008000 185 180 161
1.210000 1.270000 0.008000 181 177 148
1.186000 1.345000 0.009000 180 175 146
1.177000 1.254000 0.009000 183 177 151
1.212000 1.104000 0.006000 174 173 142
1.187000 1.265000 0.009000 177 176 148
1.191000 0.964000 0.006000 178 176 137
1.218000 1.381000 0.009000 188 184 159
1.181000 1.140000 0.007000 173 173 137
1.298000 1.271000 0.007000 186 182 153
1.213000 1.414000 0.009000 186 184 163
1.257000 1.213000 0.007000 181 176 146
1.340000 0.314000 0.007000 20 17 10
1.348000 0.342000 0.006000 60 54 42
1.425000 0.363000 0.006000 133 120 101
1.410000 0.350000 0.008000 101 90 70
1.451000 0.359000 0.007000 136 125 107
1.382000 0.366000 0.005000 110 97 80
1.438000 0.368000 0.006000 148 137 119
1.496000 0.493000 0.007000 165 158 140
1.370000 0.579000 0.006000 177 177 141
1.345000 0.580000 0.006000 176 175 145
1.383000 0.390000 0.005000 169 158 140
1.325000 0.481000 0.005000 179 178 150
1.467000 0.575000 0.007000 179 178 147
1.421000 0.395000 0.005000 173 165 146
1.594000 0.417000 0.008000 170 168 155
1.358000 0.427000 0.005000 175 169 153
1.317000 0.504000 0.005000 179 175 146
1.431000 0.569000 0.007000 175 174 144
1.263000 0.682000 0.005000 160 161 129
1.557000 0.463000 0.008000 175 163 149
1.367000 0.655000 0.006000 177 176 145
1.474000 0.406000 0.006000 175 163 147
1.319000 0.663000 0.006000 175 176 145
1.531000 0.461000 0.007000 180 168 154
1.349000 0.406000 0.005000 189 184 164
1.452000 0.393000 0.006000 166 159 141
1.502000 0.390000 0.006000 174 164 152
1.431000 0.440000 0.006000 171 164 148
1.430000 0.572000 0.007000 176 175 144
1.285000 0.725000 0.006000 173 173 137
1.374000 0.399000 0.005000 175 163 147
1.465000 0.400000 0.006000 171 164 148
1.290000 0.688000 0.005000 163 162 132
1.502000 0.486000 0.007000 167 159 146
1.579000 0.443000 0.008000 153 147 133
1.354000 0.508000 0.005000 179 175 148
1.332000 0.491000 0.005000 175 173 148
1.475000 0.481000 0.007000 165 160 141
1.507000 0.467000 0.007000 170 160 148
1.527000 0.484000 0.007000 174 166 153
1.245000 0.732000 0.005000 175 175 137
1.317000 0.693000 0.006000 180 177 142
1.496000 0.530000 0.007000 171 167 142
1.336000 0.559000 0.005000 179 178 147
1.445000 0.399000 0.006000 170 161 144
1.294000 0.758000 0.006000 177 175 136
1.363000 0.607000 0.006000 177 176 145
1.631000 0.389000 0.008000 80 69 51
1.503000 0.519000 0.007000 172 167 145
1.370000 0.434000 0.005000 169 161 150
1.374000 0.423000 0.005000 171 161 149
1.258000 0.791000 0.006000 178 179 135
1.600000 0.402000 0.008000 151 145 129
1.239000 0.824000 0.006000 183 180 139
1.498000 0.519000 0.007000 166 161 139
1.572000 0.396000 0.007000 161 149 135
1.370000 0.609000 0.006000 175 175 141
1.366000 0.473000 0.005000 176 175 155
1.341000 0.458000 0.005000 174 172 147
1.356000 0.371000 0.004000 107 100 82
1.438000 0.580000 0.007000 182 181 150
1.539000 0.374000 0.007000 168 156 142
1.445000 0.515000 0.006000 173 171 150
1.409000 0.432000 0.005000 174 166 153
1.604000 0.412000 0.008000 170 164 150
1.252000 0.774000 0.005000 177 177 141
1.343000 0.457000 0.005000 174 172 147
1.568000 0.414000 0.008000 138 131 121
1.254000 0.699000 0.005000 175 170 140
1.365000 0.426000 0.005000 169 161 148
1.279000 0.763000 0.006000 179 176 141
1.434000 0.577000 0.007000 179 178 147
1.341000 0.437000 0.005000 171 171 143
1.527000 0.458000 0.007000 177 165 151
1.426000 0.473000 0.006000 173 166 150
1.349000 0.467000 0.005000 176 175 147
1.417000 0.477000 0.006000 173 165 152
1.456000 0.484000 0.006000 167 162 143
1.454000 0.414000 0.006000 169 160 145
1.372000 0.575000 0.006000 178 178 142
1.539000 0.469000 0.007000 176 166 154
1.543000 0.470000 0.008000 175 165 153
1.358000 0.456000 0.005000 178 174 149
1.387000 0.428000 0.005000 173 163 151
1.357000 0.500000 0.005000 178 174 147
1.486000 0.411000 0.006000 170 158 142
1.410000 0.647000 0.007000 182 179 148
1.371000 0.686000 0.007000 178 179 145
1.420000 0.529000 0.006000 173 173 139
1.452000 0.402000 0.006000 168 159 142
1.376000 0.657000 0.006000 177 176 145
1.363000 0.557000 0.006000 179 178 147
1.491000 0.538000 0.007000 173 169 144
1.302000 0.657000 0.005000 182 182 148
1.284000 0.657000 0.005000 180 179 148
1.318000 0.755000 0.006000 181 181 145
1.392000 0.482000 0.006000 173 167 155
1.370000 0.632000 0.006000 176 176 140
1.535000 0.489000 0.008000 174 166 153
1.322000 0.633000 0.006000 179 176 141
1.276000 0.759000 0.006000 183 180 145
1.451000 0.380000 0.006000 160 151 134
1.383000 0.377000 0.005000 141 128 109
1.466000 0.486000 0.007000 167 162 143
1.263000 0.801000 0.006000 180 179 135
1.488000 0.416000 0.006000 167 155 139
1.329000 0.524000 0.005000 181 174 146
1.396000 0.599000 0.006000 178 178 144
1.318000 0.501000 0.005000 178 174 145
1.401000 1.389000 0.006000 190 185 163
1.571000 1.360000 0.007000 196 193 176
1.705000 1.310000 0.007000 195 192 175
1.251000 1.052000 0.006000 174 174 140
1.494000 1.327000 0.007000 183 181 160
1.430000 1.213000 0.006000 183 184 153
1.600000 1.306000 0.007000 196 191 171
1.655000 1.293000 0.007000 196 193 178
1.479000 1.161000 0.006000 186 185 154
1.423000 1.191000 0.006000 184 183 152
1.490000 1.297000 0.007000 192 185 166
1.396000 1.318000 0.006000 188 184 159
1.338000 1.189000 0.006000 178 178 144
1.746000 1.353000 0.007000 196 192 183
1.424000 1.406000 0.006000 191 185 163
1.683000 1.341000 0.007000 196 190 178
1.666000 1.364000 0.007000 196 194 179
1.493000 1.153000 0.007000 181 180 150
1.403000 1.263000 0.006000 184 182 157
1.705000 1.373000 0.007000 198 196 183
1.547000 1.203000 0.007000 192 188 161
1.384000 1.286000 0.006000 186 184 159
1.551000 1.411000 0.007000 196 193 174
1.777000 1.407000 0.008000 178 179 173
1.601000 1.247000 0.007000 195 190 170
1.541000 1.459000 0.007000 191 189 176
1.427000 1.272000 0.006000 184 183 162
1.584000 1.320000 0.007000 191 190 169
1.248000 1.010000 0.006000 178 178 140
1.380000 1.344000 0.006000 183 183 159
1.423000 1.224000 0.006000 185 184 156
1.642000 1.334000 0.007000 198 195 178
1.354000 1.234000 0.006000 184 178 154
1.644000 1.424000 0.007000 200 196 184
1.359000 1.076000 0.006000 187 182 152
1.453000 1.143000 0.006000 183 179 150
1.480000 1.253000 0.006000 183 183 159
1.505000 1.240000 0.007000 187 187 163
1.366000 1.071000 0.006000 189 183 151
1.674000 1.421000 0.007000 192 190 178
1.486000 1.356000 0.007000 190 189 169
1.564000 1.408000 0.007000 197 195 174
1.620000 1.280000 0.007000 192 189 170
1.680000 1.409000 0.007000 195 193 178
1.525000 1.378000 0.007000 194 193 173
1.507000 1.393000 0.007000 193 192 172
1.379000 1.211000 0.006000 182 176 150
1.357000 1.270000 0.006000 183 179 154
1.379000 1.150000 0.006000 183 177 145
1.432000 1.205000 0.006000 184 183 153
1.386000 1.137000 0.006000 186 183 150
1.379000 1.165000 0.006000 184 179 147
1.473000 1.190000 0.006000 181 180 150
1.371000 1.261000 0.006000 188 184 157
1.526000 1.292000 0.007000 190 188 165
1.393000 1.284000 0.006000 183 181 160
1.638000 1.403000 0.007000 197 195 180
1.563000 1.266000 0.007000 192 187 165
1.246000 1.054000 0.006000 174 174 140
1.276000 1.078000 0.006000 184 178 146
1.464000 1.335000 0.006000 188 187 166
1.640000 1.411000 0.007000 198 194 182
1.523000 1.220000 0.007000 193 187 163
1.667000 1.438000 0.007000 174 174 166
1.310000 1.132000 0.006000 184 180 145
1.588000 1.349000 0.007000 192 189 172
1.409000 1.249000 0.006000 183 181 156
1.426000 1.296000 0.006000 188 186 163
1.544000 1.447000 0.007000 194 192 177
1.392000 1.283000 0.006000 183 181 160
1.398000 1.322000 0.006000 187 182 160
1.477000 1.286000 0.006000 187 185 164
1.428000 1.317000 0.006000 190 186 161
1.767000 1.360000 0.008000 202 198 187
1.432000 1.162000 0.006000 184 179 149
1.397000 1.201000 0.006000 184 180 153
1.471000 1.329000 0.006000 188 186 165
1.362000 1.306000 0.006000 188 183 161
1.574000 1.337000 0.007000 192 191 173
1.627000 1.300000 0.007000 191 188 169
1.374000 1.108000 0.006000 187 182 150
1.231000 0.992000 0.006000 175 177 137
1.394000 1.275000 0.006000 183 182 161
1.417000 1.291000 0.006000 190 185 163
1.289000 1.080000 0.006000 182 178 143
1.557000 1.238000 0.007000 189 189 165
1.476000 1.323000 0.007000 189 187 166
1.389000 1.207000 0.006000 184 180 153
1.315000 1.194000 0.006000 184 179 147
1.626000 1.317000 0.007000 192 189 174
1.573000 1.311000 0.007000 192 189 170
1.313000 1.154000 0.006000 183 178 146
1.452000 1.296000 0.006000 189 187 164
1.622000 1.310000 0.007000 193 192 172
1.538000 1.331000 0.007000 193 191 170
1.433000 1.185000 0.006000 186 183 152
1.385000 1.109000 0.006000 180 177 144
1.447000 1.259000 0.006000 187 185 160
1.540000 1.376000 0.007000 195 194 174
1.292000 1.176000 0.006000 181 176 144
1.466000 1.270000 0.006000 184 183 162
1.313000 1.192000 0.006000 184 179 147
1.240000 0.997000 0.006000 175 175 137
1.630000 1.288000 0.007000 189 187 166
1.255000 1.025000 0.006000 174 174 136
1.518000 1.219000 0.007000 191 187 162
1.668000 1.368000 0.007000 196 194 179
1.235000 0.980000 0.006000 181 179 141
1.525000 1.300000 0.007000 189 188 167
1.627000 1.292000 0.007000 190 188 167
1.383000 1.253000 0.006000 183 179 154
1.483000 1.465000 0.007000 195 192 173
1.535000 1.307000 0.007000 193 188 168
1.810000 1.396000 0.008000 190 187 178
1.306000 1.081000 0.006000 179 175 140
1.227000 0.976000 0.006000 182 180 142
1.487000 1.215000 0.007000 189 183 159
1.486000 1.439000 0.007000 197 195 174
1.784000 1.376000 0.008000 197 193 184
1.427000 1.227000 0.006000 185 184 156
1.465000 1.233000 0.006000 189 185 160
1.698000 1.324000 0.007000 195 191 179
1.499000 1.360000 0.007000 193 192 172
1.422000 1.108000 0.006000 183 179 152
1.629000 1.353000 0.007000 189 186 167
1.306000 1.183000 0.006000 183 178 146
1.323000 1.090000 0.006000 185 179 145
1.328000 1.193000 0.006000 184 179 147
1.386000 1.369000 0.006000 186 186 162
1.560000 1.312000 0.007000 187 189 168
1.274000 1.095000 0.006000 178 173 141
1.268000 1.040000 0.006000 178 178 142
1.616000 1.333000 0.007000 195 192 175
1.509000 1.461000 0.007000 194 190 179
1.509000 1.362000 0.007000 192 191 171
1.621000 1.273000 0.007000 193 190 171
1.324000 1.122000 0.006000 180 174 140
1.184000 0.930000 0.005000 176 174 136
1.340000 1.244000 0.006000 183 179 154
1.299000 1.084000 0.006000 183 179 144
1.693000 1.312000 0.007000 196 193 178
1.428000 1.142000 0.006000 184 180 151
1.507000 1.380000 0.007000 191 190 170
1.386000 1.336000 0.006000 182 182 158
1.280000 1.029000 0.006000 180 178 140
1.454000 1.479000 0.006000 189 185 173
1.276000 1.103000 0.006000 178 173 141
1.300000 1.145000 0.006000 185 180 148
1.658000 1.279000 0.007000 194 191 174
1.473000 1.323000 0.006000 187 185 164
1.435000 1.221000 0.006000 184 183 153
1.537000 1.246000 0.007000 192 188 163
1.742000 1.341000 0.007000 196 194 182
1.387000 1.339000 0.006000 183 183 159
1.694000 1.431000 0.007000 179 174 168
1.399000 1.216000 0.006000 182 181 153
1.786000 1.387000 0.008000 195 191 182
1.354000 1.203000 0.006000 181 177 148
1.441000 1.374000 0.006000 191 189 168
1.496000 1.202000 0.007000 186 182 157
1.500000 1.320000 0.007000 191 189 168
1.573000 1.357000 0.007000 195 192 175
1.353000 1.312000 0.006000 187 182 160
1.756000 1.378000 0.007000 201 197 185
1.421000 1.134000 0.006000 187 183 154
1.648000 1.281000 0.007000 192 189 172
1.574000 1.452000 0.007000 183 184 170
1.239000 0.975000 0.006000 180 181 139
1.494000 1.428000 0.007000 199 197 176
1.669000 1.323000 0.007000 196 193 176
1.611000 1.442000 0.007000 188 188 176
1.696000 1.431000 0.007000 179 174 168
1.533000 1.365000 0.007000 194 193 172
1.705000 1.377000 0.007000 198 196 183
1.536000 1.351000 0.007000 191 190 169
1.778000 1.418000 0.008000 180 178 166
1.361000 1.104000 0.006000 185 180 148
1.601000 1.356000 0.007000 196 190 174
1.439000 1.308000 0.006000 185 183 160
1.455000 1.406000 0.006000 195 190 170
1.424000 1.205000 0.006000 184 183 153
1.560000 1.252000 0.007000 191 190 169
1.694000 1.419000 0.007000 194 190 179
1.665000 1.350000 0.007000 194 190 178
1.460000 1.180000 0.006000 180 179 148
1.315000 1.179000 0.006000 184 180 145
1.267000 0.995000 0.006000 182 180 142
1.393000 1.086000 0.006000 189 184 152
1.491000 1.411000 0.007000 194 191 172
1.455000 1.181000 0.006000 180 179 148
1.531000 1.435000 0.007000 194 193 173
1.310000 1.142000 0.006000 182 177 145
1.471000 1.324000 0.006000 187 185 164
1.219000 0.975000 0.006000 181 179 141
1.605000 1.450000 0.007000 181 181 169
1.509000 1.471000 0.007000 184 180 171
1.379000 1.180000 0.006000 183 178 149
1.699000 0.428000 0.008000 171 163 144
1.524000 0.532000 0.007000 183 179 152
1.834000 0.526000 0.008000 183 181 169
1.452000 0.704000 0.007000 184 183 152
1.524000 0.613000 0.007000 185 184 156
1.789000 0.542000 0.007000 190 179 159
1.663000 0.548000 0.007000 187 183 171
1.479000 0.597000 0.007000 181 180 149
1.565000 0.675000 0.007000 190 186 161
1.502000 0.568000 0.007000 181 177 148
1.588000 0.667000 0.007000 188 186 161
1.486000 0.560000 0.007000 179 175 148
1.493000 0.572000 0.007000 181 178 147
1.429000 0.664000 0.007000 180 179 148
1.202000 0.893000 0.005000 178 178 140
1.478000 0.747000 0.006000 185 186 154
1.758000 0.521000 0.008000 186 174 158
1.868000 0.558000 0.007000 74 68 54
1.644000 0.641000 0.007000 201 204 185
1.544000 0.556000 0.007000 183 182 152
1.677000 0.614000 0.007000 191 192 178
1.291000 0.832000 0.006000 183 181 142
1.610000 0.682000 0.007000 186 186 162
1.428000 0.649000 0.007000 181 180 149
1.447000 0.619000 0.007000 177 178 147
1.634000 0.666000 0.007000 185 186 168
1.754000 0.604000 0.007000 200 191 176
1.826000 0.533000 0.008000 181 178 163
1.733000 0.530000 0.008000 187 181 167
1.439000 0.762000 0.006000 182 181 151
1.197000 0.905000 0.005000 182 180 142
1.394000 0.675000 0.007000 178 177 146
1.676000 0.573000 0.007000 188 182 170
1.527000 0.738000 0.006000 180 180 144
1.672000 0.446000 0.008000 182 170 156
1.492000 0.644000 0.007000 182 181 150
1.584000 0.671000 0.007000 186 184 159
1.462000 0.613000 0.007000 179 180 149
1.574000 0.510000 0.008000 176 168 155
1.850000 0.553000 0.007000 187 181 169
1.558000 0.571000 0.007000 182 181 153
1.825000 0.525000 0.008000 176 172 161
1.734000 0.587000 0.007000 192 185 169
1.672000 0.450000 0.008000 178 166 150
1.502000 0.667000 0.007000 186 185 154
1.257000 0.841000 0.006000 184 180 142
1.656000 0.451000 0.008000 182 169 152
1.629000 0.502000 0.008000 179 169 157
1.343000 0.784000 0.006000 179 180 146
1.640000 0.501000 0.008000 181 172 157
1.361000 0.716000 0.006000 180 185 145
1.658000 0.574000 0.007000 194 187 177
1.545000 0.727000 0.006000 187 184 153
1.445000 0.768000 0.006000 184 183 152
1.744000 0.473000 0.008000 176 167 150
1.700000 0.564000 0.007000 189 181 168
1.682000 0.465000 0.008000 179 172 153
1.644000 0.443000 0.008000 184 172 158
1.787000 0.553000 0.007000 183 175 156
1.449000 0.611000 0.007000 181 182 151
1.570000 0.636000 0.007000 189 188 157
1.562000 0.556000 0.007000 183 182 152
1.586000 0.599000 0.007000 183 182 161
1.375000 0.790000 0.006000 180 179 148
1.638000 0.672000 0.007000 191 192 176
1.657000 0.482000 0.008000 184 172 156
1.758000 0.602000 0.007000 198 189 174
1.577000 0.502000 0.008000 177 169 156
1.375000 0.715000 0.006000 181 183 146
1.690000 0.532000 0.008000 194 188 174
1.738000 0.521000 0.008000 179 172 156
1.583000 0.464000 0.008000 181 169 155
1.620000 0.445000 0.008000 130 122 109
1.779000 0.495000 0.008000 177 173 162
1.624000 0.549000 0.007000 188 179 170
1.710000 0.571000 0.007000 192 184 171
1.436000 0.686000 0.007000 178 177 146
1.843000 0.535000 0.008000 183 179 167
1.705000 0.625000 0.007000 197 193 181
1.763000 0.595000 0.007000 195 189 175
1.582000 0.485000 0.008000 178 168 156
1.625000 0.517000 0.008000 179 173 161
1.475000 0.750000 0.006000 184 185 153
1.554000 0.489000 0.008000 175 167 154
1.324000 0.767000 0.006000 183 183 145
1.796000 0.511000 0.008000 179 173 159
1.664000 0.549000 0.007000 187 183 171
1.781000 0.567000 0.007000 183 176 158
1.210000 0.894000 0.005000 180 180 142
1.486000 0.633000 0.007000 179 178 147
1.599000 0.501000 0.008000 177 169 156
1.547000 0.543000 0.007000 187 183 156
1.663000 0.549000 0.007000 187 183 171
1.414000 0.715000 0.006000 182 181 150
1.794000 0.575000 0.007000 187 182 163
1.582000 0.684000 0.007000 188 186 163
1.671000 0.416000 0.008000 174 163 145
1.668000 0.633000 0.007000 196 198 185
1.661000 0.596000 0.007000 196 194 179
1.649000 0.392000 0.008000 145 133 117
1.360000 0.746000 0.006000 182 183 149
1.749000 0.496000 0.008000 173 169 158
1.493000 0.611000 0.007000 173 172 141
1.326000 0.788000 0.006000 182 182 144
1.588000 0.672000 0.007000 188 186 161
1.663000 0.511000 0.008000 180 174 158
1.847000 0.534000 0.008000 182 178 167
1.632000 0.517000 0.008000 178 172 158
1.553000 0.576000 0.007000 185 181 154
1.588000 0.578000 0.007000 185 183 160
1.582000 0.683000 0.007000 188 186 163
1.600000 0.655000 0.007000 189 187 164
1.841000 0.513000 0.008000 193 184 167
1.717000 0.573000 0.007000 195 187 174
1.725000 0.557000 0.007000 192 184 171
1.562000 0.622000 0.007000 185 184 156
1.831000 0.554000 0.007000 181 174 158
1.398000 0.785000 0.006000 185 182 149
1.680000 0.507000 0.008000 183 176 160
1.670000 0.397000 0.008000 178 166 150
1.438000 0.766000 0.006000 183 182 152
1.597000 0.661000 0.007000 189 187 164
1.548000 0.670000 0.007000 187 186 158
1.657000 0.413000 0.008000 174 163 143
1.629000 0.646000 0.007000 193 192 172
1.460000 0.662000 0.007000 180 179 148
1.401000 0.677000 0.007000 181 181 147
1.494000 0.692000 0.007000 180 175 143
1.379000 0.700000 0.007000 172 176 141
1.566000 0.565000 0.007000 181 180 152
1.674000 0.473000 0.008000 180 173 154
1.259000 0.849000 0.006000 182 178 140
1.648000 0.500000 0.008000 182 173 158
1.829000 0.550000 0.007000 184 177 161
1.334000 0.806000 0.006000 179 179 145
1.474000 0.742000 0.006000 180 181 150
1.661000 0.633000 0.007000 195 197 184
1.708000 0.602000 0.007000 191 188 173
1.681000 0.579000 0.007000 191 185 173
1.228000 0.885000 0.006000 182 180 141
1.682000 0.405000 0.008000 178 166 150
1.603000 0.542000 0.007000 181 173 162
1.748000 0.570000 0.007000 199 190 175
1.748000 0.437000 0.009000 163 156 138
1.817000 0.486000 0.009000 180 174 162
1.885000 0.519000 0.009000 105 94 90
1.601000 0.709000 0.007000 186 185 155
1.256000 0.936000 0.006000 180 182 142
1.435000 0.865000 0.006000 186 182 153
1.457000 0.815000 0.006000 183 182 151
1.433000 0.812000 0.006000 183 182 151
1.800000 1.247000 0.008000 182 180 168
1.701000 0.818000 0.007000 190 187 168
1.784000 1.012000 0.007000 198 196 181
1.799000 0.960000 0.007000 196 194 181
1.778000 0.855000 0.007000 199 196 181
1.749000 1.151000 0.007000 193 191 170
1.728000 0.794000 0.007000 188 187 166
1.454000 1.016000 0.006000 185 182 151
1.828000 1.196000 0.008000 195 191 180
1.563000 1.156000 0.007000 189 185 156
1.733000 0.785000 0.007000 187 186 165
1.333000 0.842000 0.006000 184 182 144
1.726000 1.020000 0.007000 194 191 176
1.593000 1.196000 0.007000 189 187 162
1.860000 1.007000 0.008000 198 193 173
1.831000 0.848000 0.007000 200 197 182
1.818000 1.278000 0.008000 196 196 186
1.397000 0.932000 0.006000 177 180 151
1.598000 1.216000 0.007000 186 188 164
1.764000 1.302000 0.007000 198 194 185
1.397000 0.909000 0.006000 184 183 152
1.855000 1.210000 0.008000 193 187 173
1.518000 0.969000 0.006000 186 186 160
1.860000 0.751000 0.008000 210 208 193
1.820000 0.880000 0.007000 183 181 168
1.701000 1.069000 0.007000 190 189 168
1.699000 1.025000 0.007000 196 191 171
1.824000 0.830000 0.007000 203 201 186
1.725000 0.917000 0.007000 191 193 172
1.695000 1.267000 0.007000 198 191 172
1.608000 1.022000 0.007000 193 192 162
1.612000 0.959000 0.007000 192 190 169
1.677000 0.861000 0.007000 186 185 164
1.502000 0.953000 0.006000 190 183 154
1.665000 1.031000 0.007000 196 191 169
1.354000 1.029000 0.006000 183 180 147
1.421000 1.047000 0.006000 173 172 141
1.768000 0.960000 0.007000 195 192 175
1.822000 0.698000 0.007000 197 194 175
1.658000 0.988000 0.007000 190 189 168
1.810000 0.624000 0.007000 195 192 175
1.620000 0.917000 0.007000 195 190 168
1.850000 0.852000 0.008000 195 193 180
1.666000 1.000000 0.007000 189 191 169
1.866000 1.060000 0.008000 191 186 166
1.852000 1.059000 0.008000 198 189 174
1.588000 0.916000 0.007000 192 191 170
1.662000 1.090000 0.007000 189 187 164
1.814000 1.246000 0.008000 196 194 182
1.852000 1.272000 0.008000 195 191 179
1.526000 0.788000 0.006000 182 185 158
1.538000 0.875000 0.007000 189 184 162
1.609000 0.918000 0.007000 195 193 170
1.560000 0.890000 0.007000 189 187 164
1.378000 1.054000 0.006000 183 180 147
1.635000 1.002000 0.007000 189 185 160
1.783000 1.037000 0.007000 191 189 174
1.527000 0.911000 0.006000 185 186 155
1.858000 0.610000 0.007000 188 189 175
1.855000 1.021000 0.008000 198 193 173
1.735000 0.740000 0.007000 186 183 164
1.667000 0.903000 0.007000 191 193 171
1.821000 0.770000 0.007000 199 194 175
1.516000 1.061000 0.007000 186 187 155
1.675000 0.934000 0.007000 192 190 169
1.492000 1.023000 0.006000 181 182 151
1.806000 1.036000 0.007000 194 191 176
1.644000 0.754000 0.007000 181 181 155
1.849000 0.698000 0.007000 190 192 178
1.350000 1.010000 0.006000 180 177 144
1.600000 1.058000 0.007000 192 191 163
1.762000 0.642000 0.007000 195 192 175
1.585000 0.850000 0.007000 190 190 162
1.782000 0.931000 0.007000 199 196 179
1.828000 1.374000 0.008000 197 195 183
1.633000 0.923000 0.007000 191 186 164
1.620000 1.154000 0.007000 193 189 162
1.816000 0.776000 0.007000 197 190 172
1.873000 0.832000 0.008000 203 197 181
1.754000 1.150000 0.007000 193 191 170
1.401000 0.880000 0.006000 184 181 148
1.751000 1.112000 0.007000 197 192 173
1.410000 1.041000 0.006000 183 180 149
1.651000 1.025000 0.007000 196 190 168
1.619000 0.749000 0.007000 181 181 153
1.878000 0.751000 0.008000 67 63 52
1.601000 0.800000 0.007000 191 190 160
1.597000 0.993000 0.007000 185 183 160
1.667000 1.087000 0.007000 191 189 166
1.628000 0.737000 0.007000 187 187 163
1.505000 0.969000 0.006000 192 187 158
1.720000 1.126000 0.007000 193 191 170
1.708000 1.253000 0.007000 195 190 171
1.653000 1.198000 0.007000 193 188 168
1.825000 1.208000 0.008000 194 192 180
1.828000 1.239000 0.008000 195 193 181
1.616000 0.920000 0.007000 190 188 165
1.575000 0.727000 0.007000 189 188 160
1.525000 0.932000 0.006000 186 187 155
1.627000 0.725000 0.007000 197 197 173
1.785000 1.115000 0.007000 197 192 172
1.718000 1.259000 0.007000 193 190 171
1.445000 1.075000 0.006000 180 179 151
1.823000 0.933000 0.007000 191 191 179
1.869000 0.680000 0.007000 81 79 66
1.586000 1.004000 0.007000 193 192 164
1.867000 0.612000 0.007000 88 84 73
1.448000 0.972000 0.006000 186 183 152
1.710000 0.661000 0.007000 204 204 202
1.257000 0.949000 0.006000 182 184 144
1.306000 0.972000 0.006000 185 182 147
1.847000 0.747000 0.007000 197 194 179
1.583000 1.043000 0.007000 185 184 154
1.763000 1.209000 0.007000 199 196 179
1.678000 1.283000 0.007000 192 187 168
1.819000 1.153000 0.008000 197 191 177
1.599000 0.777000 0.007000 191 191 165
1.877000 0.802000 0.008000 210 202 189
1.771000 1.148000 0.007000 194 193 173
1.753000 1.299000 0.007000 196 192 180
1.885000 0.630000 0.008000 78 62 46
1.398000 0.874000 0.006000 183 180 147
1.726000 0.818000 0.007000 189 188 168
1.825000 1.346000 0.008000 198 195 186
1.740000 1.116000 0.007000 195 193 172
1.630000 1.008000 0.007000 190 188 163
1.834000 0.658000 0.007000 198 192 170
1.697000 1.203000 0.007000 192 191 171
1.655000 0.835000 0.007000 138 139 123
1.511000 0.941000 0.006000 191 187 158
1.644000 0.874000 0.007000 190 190 166
1.672000 0.947000 0.007000 190 187 168
1.370000 0.833000 0.006000 180 180 144
1.854000 0.939000 0.008000 201 195 179
1.864000 0.739000 0.008000 209 206 197
1.379000 1.028000 0.006000 178 174 136
1.772000 1.206000 0.007000 194 192 177
1.576000 0.796000 0.007000 197 193 168
1.775000 0.962000 0.007000 194 191 174
1.511000 1.156000 0.007000 189 183 157
1.467000 0.959000 0.006000 190 185 156
1.653000 0.978000 0.007000 194 189 169
1.612000 1.161000 0.007000 195 191 166
1.856000 0.691000 0.007000 196 198 184
1.612000 0.888000 0.007000 191 189 166
1.585000 1.015000 0.007000 195 191 164
1.414000 1.056000 0.006000 186 182 147
1.735000 1.044000 0.007000 188 187 167
1.851000 0.807000 0.008000 200 198 185
1.826000 1.272000 0.008000 194 194 184
1.557000 1.168000 0.007000 190 189 161
1.516000 1.148000 0.007000 188 184 159
1.851000 0.684000 0.007000 193 196 185
1.775000 0.796000 0.007000 194 192 171
1.671000 0.761000 0.007000 191 189 166
1.789000 0.721000 0.007000 193 188 168
1.851000 0.942000 0.008000 199 196 179
1.707000 1.302000 0.007000 195 193 178
1.817000 1.093000 0.008000 196 193 174
1.834000 1.367000 0.008000 201 197 185
1.796000 1.075000 0.007000 200 194 178
1.848000 1.012000 0.008000 199 194 174
1.761000 1.325000 0.007000 197 193 182
1.727000 0.972000 0.007000 197 194 175
1.389000 0.956000 0.006000 182 181 150
1.683000 1.233000 0.007000 194 192 171
1.779000 0.982000 0.007000 196 193 176
1.819000 0.877000 0.007000 194 195 179
1.787000 0.802000 0.007000 199 192 173
1.725000 1.051000 0.007000 192 191 171
1.202000 0.913000 0.005000 178 176 138
1.505000 0.763000 0.006000 187 186 155
1.465000 0.965000 0.006000 188 183 153
1.664000 0.901000 0.007000 190 190 166
1.591000 0.705000 0.007000 190 188 163
1.805000 0.834000 0.007000 200 202 181
1.849000 0.834000 0.008000 197 195 182
1.829000 0.827000 0.007000 204 198 182
1.462000 1.071000 0.006000 183 182 154
1.764000 0.753000 0.007000 190 187 168
1.712000 0.843000 0.007000 187 186 168
1.559000 0.882000 0.007000 190 188 165
1.686000 0.749000 0.007000 189 187 166
1.796000 1.040000 0.007000 187 184 169
1.767000 1.194000 0.007000 197 194 175
1.737000 1.221000 0.007000 195 192 173
1.724000 0.998000 0.007000 192 189 172
1.570000 0.911000 0.007000 190 190 166
1.548000 0.822000 0.007000 194 193 163
1.532000 0.792000 0.006000 183 186 157
1.839000 1.328000 0.008000 97 94 87
1.819000 1.076000 0.008000 197 194 177
1.478000 0.835000 0.006000 184 184 158
1.681000 0.767000 0.007000 190 188 165
1.801000 1.290000 0.008000 186 183 174
1.443000 1.069000 0.006000 182 181 151
1.430000 0.829000 0.006000 185 184 153
1.506000 0.927000 0.006000 186 187 155
1.592000 0.826000 0.007000 187 188 157
1.702000 1.132000 0.007000 193 191 170
1.288000 0.990000 0.006000 184 180 142
1.651000 1.121000 0.007000 193 188 166
1.855000 0.687000 0.007000 199 202 185
1.743000 1.330000 0.007000 196 192 181
1.497000 0.766000 0.006000 187 186 155
1.546000 0.837000 0.007000 189 188 160
1.606000 0.699000 0.007000 191 189 166
1.800000 1.294000 0.008000 186 183 174
1.846000 0.889000 0.008000 199 197 185
1.547000 0.966000 0.007000 189 190 159
1.848000 0.875000 0.008000 196 192 180
1.817000 0.844000 0.007000 200 201 185
1.663000 0.683000 0.007000 194 198 184
1.826000 0.897000 0.007000 192 193 179
1.826000 0.832000 0.007000 207 205 190
1.583000 0.955000 0.007000 191 189 166
1.721000 1.070000 0.007000 191 190 170
1.528000 1.121000 0.007000 191 185 159
1.867000 0.591000 0.007000 99 89 77
1.541000 1.081000 0.007000 187 184 153
1.750000 0.754000 0.007000 188 185 166
1.713000 1.098000 0.007000 193 192 172
1.793000 1.070000 0.007000 200 194 178
1.590000 1.080000 0.007000 193 189 164
1.597000 1.014000 0.007000 188 187 159
1.857000 1.159000 0.008000 190 184 168
1.359000 0.899000 0.006000 181 181 145
1.793000 1.011000 0.007000 196 194 179
1.634000 0.719000 0.007000 201 203 182
1.601000 0.802000 0.007000 191 190 160
1.565000 0.740000 0.007000 187 188 157
1.572000 1.053000 0.007000 191 188 155
1.459000 0.992000 0.006000 185 180 150
1.844000 0.893000 0.008000 195 196 182
1.402000 0.949000 0.006000 178 177 146
1.805000 0.804000 0.007000 200 194 172
1.818000 1.115000 0.008000 198 196 175
1.761000 0.785000 0.007000 188 183 164
1.677000 1.172000 0.007000 191 190 169
1.709000 1.173000 0.007000 190 190 166
1.628000 0.859000 0.007000 188 186 163
1.580000 0.946000 0.007000 187 187 163
1.395000 0.845000 0.006000 178 179 147
1.537000 1.097000 0.007000 190 186 157
1.611000 0.927000 0.007000 190 188 165
1.817000 0.695000 0.007000 201 196 177
1.683000 1.259000 0.007000 197 192 172
1.718000 0.729000 0.007000 185 183 162
1.683000 0.710000 0.007000 194 195 181
1.683000 0.998000 0.007000 192 190 167
1.520000 0.746000 0.006000 184 184 150
1.693000 1.285000 0.007000 194 189 170
1.730000 0.705000 0.007000 185 184 164
1.844000 0.860000 0.008000 198 194 182
1.753000 0.729000 0.007000 184 182 161
1.763000 0.979000 0.007000 195 192 177
1.362000 0.957000 0.006000 181 183 146
1.625000 1.047000 0.007000 187 187 161
1.812000 0.732000 0.007000 198 192 176
1.524000 0.970000 0.007000 186 186 160
1.391000 0.924000 0.006000 185 186 155
1.470000 1.058000 0.006000 187 186 156
1.583000 1.166000 0.007000 190 186 157
1.314000 0.959000 0.006000 186 182 147
1.707000 1.288000 0.007000 196 193 176
1.471000 1.058000 0.006000 187 186 156
1.868000 0.684000 0.007000 134 132 117
1.655000 0.788000 0.007000 191 189 164
1.359000 0.981000 0.006000 188 185 150
1.738000 1.269000 0.007000 195 192 175
1.724000 0.816000 0.007000 185 184 164
1.799000 1.361000 0.008000 198 195 186
1.860000 0.899000 0.008000 192 190 175
1.534000 1.050000 0.007000 186 187 156
1.518000 1.001000 0.007000 187 186 158
1.699000 0.819000 0.007000 189 186 167
1.561000 0.945000 0.007000 188 188 162
1.395000 0.945000 0.006000 180 181 150
1.286000 0.888000 0.006000 181 181 145
1.771000 1.316000 0.008000 196 189 179
1.831000 0.692000 0.007000 192 191 170
1.553000 1.116000 0.007000 193 186 157
1.423000 0.958000 0.006000 186 183 150
1.511000 0.856000 0.006000 188 186 163
1.846000 0.589000 0.007000 186 180 166
1.584000 0.899000 0.007000 189 188 167
1.815000 1.296000 0.008000 198 195 188
1.887000 0.561000 0.007000 137 119 97
1.716000 1.295000 0.007000 196 194 179
1.693000 1.140000 0.007000 195 190 168
1.805000 1.238000 0.008000 197 193 182
1.765000 0.916000 0.007000 194 192 177
1.677000 1.091000 0.007000 192 190 169
1.359000 1.037000 0.006000 184 180 145
1.753000 0.735000 0.007000 180 177 158
1.815000 1.126000 0.008000 199 194 174
1.827000 0.849000 0.007000 197 195 180
1.657000 0.948000 0.007000 190 188 165
1.299000 0.957000 0.006000 183 181 143
1.866000 0.658000 0.007000 142 144 133
1.729000 0.846000 0.007000 191 190 172
1.822000 1.019000 0.008000 196 193 176
1.590000 0.916000 0.007000 192 191 170
1.422000 0.990000 0.006000 183 184 152
1.449000 0.958000 0.006000 183 180 149
1.713000 1.226000 0.007000 193 192 172
1.748000 1.106000 0.007000 192 189 170
1.836000 0.737000 0.007000 202 197 178
1.545000 0.861000 0.007000 188 186 163
1.493000 0.847000 0.006000 186 185 155
1.530000 0.763000 0.006000 183 184 152
1.449000 1.082000 0.006000 183 182 154
1.522000 0.931000 0.006000 185 185 157
1.530000 0.868000 0.006000 186 182 157
1.693000 1.226000 0.007000 196 191 171
1.669000 0.976000 0.007000 188 190 169
1.477000 0.880000 0.006000 189 184 154
1.774000 0.818000 0.007000 199 196 177
1.513000 1.045000 0.007000 179 180 148
1.789000 1.310000 0.008000 200 193 185
1.635000 0.722000 0.007000 202 204 183
1.540000 1.137000 0.007000 193 187 161
1.781000 0.997000 0.007000 197 194 177
1.652000 1.181000 0.007000 192 190 169
1.612000 1.123000 0.007000 194 190 165
1.573000 0.789000 0.007000 208 203 181
1.667000 0.685000 0.007000 196 196 188
1.422000 0.931000 0.006000 183 184 152
1.846000 0.954000 0.008000 197 194 177
1.539000 1.118000 0.007000 193 188 158
1.816000 0.880000 0.007000 196 193 178
1.655000 0.848000 0.007000 191 190 172
1.786000 1.199000 0.007000 196 193 178
1.283000 0.878000 0.006000 182 178 143
1.818000 0.626000 0.007000 191 188 171
1.766000 1.081000 0.007000 196 193 176
1.686000 0.788000 0.007000 187 182 162
1.862000 1.199000 0.008000 190 184 168
1.805000 0.730000 0.007000 198 193 171
1.734000 0.778000 0.007000 193 190 171
1.237000 0.923000 0.006000 178 180 140
1.749000 1.263000 0.007000 196 193 176
1.340000 0.913000 0.006000 182 180 142
1.803000 1.111000 0.008000 192 187 168
1.778000 1.192000 0.007000 196 194 179
1.383000 0.889000 0.006000 184 181 146
1.569000 0.816000 0.007000 181 181 155
1.786000 1.173000 0.007000 197 194 179
1.734000 1.011000 0.007000 193 190 173
1.461000 1.086000 0.006000 185 184 154
1.587000 0.826000 0.007000 188 187 159
1.743000 1.126000 0.007000 195 193 172
1.836000 1.386000 0.008000 189 187 174
1.828000 1.108000 0.008000 197 192 172
1.750000 0.769000 0.007000 180 177 158
1.807000 0.721000 0.007000 197 192 172
1.444000 0.896000 0.006000 182 181 150
1.712000 0.841000 0.007000 186 185 167
1.761000 0.880000 0.007000 198 201 184
1.624000 1.187000 0.007000 191 186 164
1.419000 0.818000 0.006000 187 183 154
1.303000 0.911000 0.006000 184 182 143
1.843000 1.147000 0.008000 191 185 169
1.665000 0.877000 0.007000 189 184 162
1.788000 1.196000 0.008000 196 193 178
1.644000 1.200000 0.007000 193 188 166
1.477000 1.070000 0.006000 185 181 152
1.751000 0.911000 0.007000 196 194 179
1.558000 1.148000 0.007000 189 185 158
1.640000 0.741000 0.007000 174 174 150
1.252000 0.925000 0.006000 179 181 141
1.566000 1.085000 0.007000 183 178 156
1.665000 0.889000 0.007000 190 188 165
1.641000 0.805000 0.007000 192 190 165
1.543000 1.039000 0.007000 181 181 153
1.732000 0.743000 0.007000 190 187 168
1.785000 0.758000 0.007000 198 193 173
1.629000 0.843000 0.007000 178 181 154
1.836000 1.344000 0.008000 201 201 193
1.350000 0.979000 0.006000 180 180 144
1.716000 0.968000 0.007000 195 192 173
1.486000 0.949000 0.006000 189 184 155
1.841000 1.112000 0.008000 197 190 171
1.402000 1.032000 0.006000 184 183 152
1.642000 0.974000 0.007000 191 186 167
1.366000 0.957000 0.006000 170 171 137
1.615000 1.018000 0.007000 193 193 165
1.475000 0.985000 0.006000 188 185 154
1.604000 1.080000 0.007000 195 191 166
1.909000 1.128000 0.009000 95 89 91
1.902000 1.034000 0.008000 109 102 92
1.911000 1.106000 0.009000 87 80 74
1.913000 1.024000 0.009000 78 66 50
1.918000 0.940000 0.009000 143 127 91
1.904000 1.011000 0.008000 124 121 114
1.940000 0.887000 0.009000 151 126 85
1.928000 0.835000 0.009000 162 134 87
1.894000 0.866000 0.008000 112 104 91
1.921000 0.587000 0.008000 133 104 62
1.884000 1.133000 0.008000 193 187 163
1.898000 0.663000 0.008000 144 127 97
1.913000 1.053000 0.009000 89 80 73
1.888000 0.922000 0.008000 205 197 174
1.903000 0.696000 0.008000 162 144 106
1.882000 0.834000 0.008000 202 193 176
1.910000 0.611000 0.008000 123 101 62
1.890000 0.832000 0.008000 169 160 143
1.928000 0.723000 0.009000 129 105 59
1.939000 0.592000 0.009000 125 98 53
1.887000 0.740000 0.008000 102 92 67
1.954000 0.550000 0.009000 131 108 74
1.890000 0.877000 0.008000 187 181 157
1.906000 0.797000 0.008000 131 127 116
1.920000 0.572000 0.008000 134 106 67
1.939000 0.878000 0.009000 139 114 73
1.859000 1.368000 0.008000 200 201 185
1.963000 0.792000 0.009000 134 105 61
1.942000 0.706000 0.009000 142 117 76
1.933000 0.699000 0.009000 147 120 77
1.913000 1.121000 0.009000 82 75 69
1.888000 1.199000 0.008000 201 190 170
1.869000 1.184000 0.008000 191 189 168
1.882000 0.930000 0.008000 209 202 176
1.955000 0.762000 0.009000 137 106 62
1.960000 0.772000 0.009000 160 133 88
1.926000 1.053000 0.009000 118 90 42
1.893000 0.578000 0.008000 148 128 103
1.930000 0.649000 0.008000 138 111 64
1.911000 0.991000 0.008000 92 85 75
1.909000 0.864000 0.008000 122 120 108
1.958000 0.901000 0.009000 140 109 63
1.882000 1.147000 0.008000 193 187 163
1.914000 0.634000 0.008000 140 112 65
1.945000 0.712000 0.009000 129 103 66
1.932000 0.876000 0.009000 141 114 71
1.905000 0.796000 0.008000 149 149 141
1.884000 0.748000 0.008000 69 63 47
1.865000 1.178000 0.008000 187 185 164
1.868000 1.097000 0.008000 192 185 166
1.902000 1.099000 0.008000 118 111 105
1.880000 0.914000 0.008000 207 199 178
1.927000 0.812000 0.009000 134 104 66
1.941000 0.970000 0.009000 146 122 74
1.937000 0.764000 0.009000 128 103 63
1.885000 0.855000 0.008000 206 195 177
1.888000 0.842000 0.008000 199 187 171
1.898000 0.962000 0.008000 93 86 70
1.930000 0.739000 0.009000 134 110 64
1.909000 0.627000 0.008000 151 126 85
1.894000 0.939000 0.008000 108 96 80
1.924000 0.585000 0.008000 140 111 69
1.945000 0.923000 0.009000 123 94 50
1.929000 0.952000 0.009000 119 88 44
1.918000 0.855000 0.008000 121 107 80
1.908000 0.556000 0.008000 129 106 75
1.867000 1.345000 0.008000 189 181 162
1.958000 0.595000 0.009000 127 103 57
1.879000 1.267000 0.008000 201 187 176
1.955000 0.827000 0.009000 136 108 68
1.895000 0.905000 0.008000 111 106 87
1.929000 0.573000 0.008000 143 114 74
1.944000 0.838000 0.009000 155 126 82
1.922000 0.815000 0.009000 144 119 78
1.885000 1.009000 0.008000 204 193 165
1.866000 1.213000 0.008000 190 187 170
1.953000 1.207000 0.009000 157 130 85
1.886000 1.415000 0.008000 139 126 92
1.892000 1.350000 0.008000 202 187 168
1.893000 1.343000 0.008000 204 189 170
1.920000 1.139000 0.009000 128 114 88
1.935000 1.320000 0.008000 125 96 62
1.927000 1.196000 0.009000 140 111 67
1.957000 1.379000 0.009000 122 92 54
1.878000 1.391000 0.008000 186 179 151
1.936000 1.132000 0.009000 132 101 57
1.882000 1.352000 0.008000 191 179 163
1.957000 1.371000 0.009000 126 98 61
1.945000 1.342000 0.009000 130 106 70
1.961000 1.043000 0.009000 186 159 112
1.894000 1.302000 0.008000 170 167 148
1.926000 1.264000 0.009000 135 111 65
1.933000 1.400000 0.008000 133 107 74
1.941000 1.072000 0.009000 169 137 90
1.961000 0.982000 0.009000 142 109 68
1.959000 0.926000 0.009000 122 93 51
1.898000 1.352000 0.008000 91 91 83
1.928000 1.296000 0.008000 109 86 44
1.914000 1.246000 0.008000 71 64 46
1.871000 1.378000 0.008000 191 186 166
1.925000 1.366000 0.008000 102 78 50
1.938000 1.048000 0.009000 146 112 66
1.923000 1.417000 0.008000 111 97 71
1.881000 1.309000 0.008000 194 188 164
1.940000 1.283000 0.009000 139 110 78
1.913000 1.237000 0.009000 67 62 42
1.904000 1.242000 0.008000 101 98 93
1.962000 0.916000 0.009000 145 114 70
1.912000 1.182000 0.009000 73 60 51
1.931000 1.317000 0.008000 147 121 88
1.873000 1.408000 0.008000 134 125 96
1.956000 1.147000 0.009000 117 88 48
1.882000 1.291000 0.008000 201 188 171
0.988000 0.731000 0.011000 178 176 135
1.032000 0.804000 0.009000 175 172 131
0.992000 0.742000 0.011000 171 169 130
0.942000 0.748000 0.011000 174 171 130
1.010000 0.767000 0.010000 174 172 133
1.002000 0.667000 0.013000 175 170 140
0.841000 0.718000 0.012000 170 167 136
1.080000 0.856000 0.007000 177 177 139
0.947000 0.759000 0.010000 176 171 133
1.052000 0.767000 0.010000 184 180 142
1.031000 0.799000 0.009000 175 172 131
1.038000 0.772000 0.010000 178 176 137
0.853000 0.669000 0.013000 173 169 131
0.920000 0.756000 0.010000 178 176 137
1.051000 0.759000 0.010000 180 176 138
0.881000 0.721000 0.011000 171 169 131
1.042000 0.810000 0.009000 177 173 135
1.053000 0.785000 0.009000 181 178 137
0.853000 0.707000 0.012000 167 164 133
0.871000 0.697000 0.012000 172 167 135
0.824000 0.677000 0.013000 170 169 138
1.001000 0.728000 0.011000 175 173 132
1.069000 0.774000 0.010000 179 175 137
0.873000 0.705000 0.012000 171 168 135
1.168000 0.907000 0.006000 178 176 138
0.867000 0.715000 0.012000 173 170 137
0.918000 0.699000 0.012000 173 170 135
0.991000 0.796000 0.009000 174 173 129
1.029000 0.801000 0.009000 177 174 133
0.916000 0.681000 0.013000 172 169 136
1.050000 0.749000 0.010000 174 170 132
1.051000 0.751000 0.010000 178 174 136
1.124000 0.856000 0.007000 174 175 135
0.942000 0.712000 0.012000 174 173 143
1.042000 0.727000 0.011000 173 175 135
1.033000 0.761000 0.010000 173 174 134
0.934000 0.686000 0.012000 175 172 141
0.955000 0.680000 0.013000 175 172 141
0.825000 0.672000 0.013000 169 168 137
1.015000 0.931000 0.008000 176 172 134
0.923000 1.013000 0.010000 176 171 142
1.028000 0.832000 0.008000 174 170 133
0.974000 0.983000 0.009000 172 172 134
0.920000 0.872000 0.010000 174 174 136
0.916000 0.812000 0.010000 177 172 134
1.143000 0.925000 0.006000 178 176 138
0.911000 0.901000 0.010000 175 173 134
0.893000 1.043000 0.011000 160 161 127
1.067000 0.889000 0.007000 178 174 137
0.989000 1.019000 0.009000 174 171 136
1.039000 0.869000 0.008000 174 174 138
0.933000 0.776000 0.010000 177 172 134
0.884000 0.831000 0.011000 170 170 134
0.823000 0.780000 0.012000 174 172 134
0.951000 1.004000 0.009000 176 171 139
0.854000 1.019000 0.011000 173 173 137
0.917000 0.977000 0.010000 174 171 136
1.100000 0.946000 0.007000 179 177 136
0.892000 0.850000 0.011000 172 170 132
0.942000 0.877000 0.010000 172 174 134
0.956000 0.925000 0.009000 176 177 137
0.991000 0.916000 0.009000 178 179 137
0.903000 0.814000 0.010000 177 173 135
0.898000 0.943000 0.010000 173 173 137
0.994000 0.857000 0.009000 172 172 138
0.871000 1.084000 0.011000 168 167 136
0.865000 0.831000 0.011000 171 171 135
0.921000 0.957000 0.010000 174 171 136
1.040000 0.914000 0.008000 178 172 136
0.861000 0.990000 0.011000 172 172 136
0.879000 0.804000 0.011000 181 172 139
1.082000 0.891000 0.007000 178 174 136
1.136000 0.907000 0.006000 180 176 139
0.834000 0.742000 0.012000 161 158 123
1.099000 0.899000 0.007000 177 175 134
1.020000 0.995000 0.008000 172 169 134
0.989000 1.018000 0.009000 174 171 136
0.978000 0.887000 0.009000 174 172 134
0.947000 1.001000 0.010000 175 170 140
0.984000 0.905000 0.009000 173 174 134
0.880000 1.029000 0.011000 174 172 134
0.946000 1.009000 0.010000 175 172 141
1.010000 0.860000 0.008000 174 170 133
0.902000 0.967000 0.010000 176 173 138
1.018000 0.931000 0.008000 176 172 134
0.881000 0.905000 0.011000 171 171 133
1.086000 0.955000 0.007000 175 171 133
0.960000 0.901000 0.009000 173 173 135
0.871000 1.036000 0.011000 173 173 137
0.868000 1.080000 0.011000 173 170 137
1.087000 0.876000 0.007000 179 177 139
0.849000 0.882000 0.011000 178 169 136
0.849000 0.843000 0.011000 175 171 134
0.943000 1.025000 0.010000 173 172 141
0.886000 1.064000 0.011000 170 171 137
0.938000 0.996000 0.010000 176 169 140
0.888000 1.063000 0.011000 170 171 137
0.996000 1.008000 0.009000 177 173 136
0.925000 1.042000 0.010000 168 169 138
0.850000 0.777000 0.011000 173 174 134
0.899000 0.887000 0.010000 175 173 134
1.000000 0.993000 0.009000 177 173 138
1.085000 0.923000 0.007000 174 175 133
0.924000 1.050000 0.010000 172 171 141
0.970000 0.955000 0.009000 180 176 139
0.952000 0.874000 0.009000 175 176 136
0.940000 0.916000 0.010000 173 174 134
0.853000 1.025000 0.011000 171 171 135
0.816000 0.724000 0.012000 172 168 139
0.910000 1.054000 0.010000 171 172 140
0.893000 1.009000 0.011000 175 173 135
0.853000 0.762000 0.011000 171 172 130
0.950000 0.823000 0.010000 177 175 136
0.935000 0.859000 0.010000 171 172 132
0.896000 0.763000 0.011000 178 172 136
0.954000 0.848000 0.009000 177 178 136
1.024000 0.928000 0.008000 176 172 134
0.868000 1.039000 0.011000 172 172 136
0.890000 1.015000 0.011000 176 173 138
1.037000 0.894000 0.008000 171 173 136
1.027000 0.907000 0.008000 176 174 136
0.961000 0.945000 0.009000 174 172 134
1.064000 0.964000 0.007000 174 174 136
0.848000 0.972000 0.011000 174 171 136
0.906000 0.771000 0.010000 177 175 137
0.824000 0.796000 0.012000 177 172 134
0.963000 0.842000 0.009000 177 178 136
0.858000 1.200000 0.012000 172 175 146
0.872000 1.365000 0.014000 177 173 148
1.067000 1.484000 0.012000 149 129 94
0.875000 1.301000 0.013000 171 170 142
1.056000 1.435000 0.012000 148 128 95
0.872000 1.384000 0.014000 175 169 145
1.053000 1.454000 0.012000 156 133 99
0.857000 1.256000 0.013000 176 172 147
0.890000 1.171000 0.012000 170 170 142
1.083000 1.530000 0.013000 131 116 85
0.943000 1.368000 0.013000 180 176 151
0.963000 1.386000 0.013000 180 178 153
1.000000 1.388000 0.012000 179 177 152
0.877000 1.313000 0.013000 171 171 143
0.889000 1.437000 0.014000 165 163 142
0.971000 1.465000 0.013000 181 176 154
0.953000 1.363000 0.013000 178 174 149
0.922000 1.375000 0.013000 178 177 156
0.936000 1.349000 0.013000 176 172 147
0.939000 1.362000 0.013000 177 173 148
1.087000 1.513000 0.012000 171 157 128
0.880000 1.197000 0.012000 164 164 136
0.953000 1.394000 0.013000 177 175 150
0.968000 1.388000 0.013000 180 178 153
0.931000 1.408000 0.013000 180 178 155
0.897000 1.373000 0.013000 173 168 146
1.103000 1.521000 0.012000 187 179 158
0.866000 1.304000 0.013000 169 169 141
1.088000 1.488000 0.012000 182 171 143
0.957000 1.395000 0.013000 176 174 149
0.971000 1.299000 0.012000 177 178 147
0.992000 1.493000 0.013000 183 172 150
0.961000 1.282000 0.012000 178 179 148
0.961000 1.300000 0.012000 175 174 144
0.867000 1.133000 0.011000 173 172 142
1.074000 1.515000 0.013000 139 123 87
0.918000 1.383000 0.013000 175 174 153
0.908000 1.224000 0.012000 175 174 146
1.004000 1.419000 0.013000 181 175 151
0.930000 1.439000 0.014000 178 176 155
1.052000 1.456000 0.012000 152 129 97
0.850000 1.391000 0.014000 172 170 147
0.991000 1.428000 0.013000 176 174 151
1.026000 1.474000 0.013000 188 172 138
0.894000 1.276000 0.013000 171 170 142
0.867000 1.385000 0.014000 174 170 145
1.008000 1.499000 0.013000 182 170 144
0.962000 1.284000 0.012000 176 177 146
1.081000 1.535000 0.013000 127 111 78
0.981000 1.361000 0.012000 174 174 146
0.986000 1.448000 0.013000 182 178 153
0.993000 1.365000 0.012000 178 176 151
1.019000 1.371000 0.012000 183 179 152
1.048000 1.469000 0.013000 176 154 117
0.969000 1.403000 0.013000 177 175 150
1.027000 1.454000 0.013000 197 182 141
0.937000 1.465000 0.014000 179 174 154
0.980000 1.383000 0.013000 178 176 151
0.878000 1.408000 0.014000 176 171 151
0.904000 1.379000 0.013000 176 174 151
0.956000 1.381000 0.013000 180 178 153
0.963000 1.288000 0.012000 173 172 142
0.891000 1.320000 0.013000 171 171 143
1.013000 1.447000 0.013000 188 173 140
1.010000 1.420000 0.012000 180 175 146
0.908000 1.276000 0.012000 174 173 145
1.100000 1.511000 0.012000 186 178 155
0.927000 1.316000 0.013000 180 176 149
0.932000 1.407000 0.013000 180 178 155
0.938000 1.440000 0.014000 179 177 156
1.016000 1.428000 0.012000 178 169 138
0.875000 1.150000 0.012000 174 173 143
1.050000 1.502000 0.013000 201 183 145
0.967000 1.350000 0.012000 176 175 147
1.030000 1.425000 0.012000 174 164 137
0.977000 1.373000 0.012000 177 175 150
1.071000 1.486000 0.012000 148 128 95
0.982000 1.434000 0.013000 180 180 156
0.879000 1.638000 0.014000 171 167 156
0.837000 1.558000 0.013000 170 164 150
0.889000 1.653000 0.014000 166 163 154
0.862000 1.662000 0.015000 166 162 150
0.924000 1.608000 0.011000 171 165 151
0.846000 1.574000 0.013000 170 164 148
0.851000 1.572000 0.013000 168 162 146
0.886000 1.672000 0.014000 164 162 150
0.845000 1.635000 0.015000 163 159 150
0.868000 1.583000 0.012000 174 168 152
0.836000 1.563000 0.013000 176 170 156
0.866000 1.608000 0.013000 169 166 151
0.852000 1.626000 0.014000 168 164 153
0.873000 1.608000 0.013000 171 168 153
0.828000 1.205000 0.013000 174 170 141
0.836000 1.170000 0.012000 173 170 139
0.843000 1.183000 0.012000 174 173 143
0.808000 1.168000 0.013000 172 169 138
0.802000 1.196000 0.013000 172 171 141
0.822000 1.178000 0.012000 170 167 136
0.824000 1.171000 0.012000 172 169 138
0.808000 1.233000 0.013000 173 168 146
0.846000 1.238000 0.013000 175 174 144
0.879000 1.553000 0.011000 171 166 147
0.811000 1.642000 0.017000 167 163 152
0.815000 1.632000 0.016000 172 168 159
0.832000 1.635000 0.016000 169 165 156
0.862000 1.486000 0.013000 179 173 151
0.893000 1.545000 0.011000 167 162 142
0.908000 1.559000 0.011000 176 169 150
0.853000 1.511000 0.012000 177 170 151
0.884000 1.501000 0.012000 176 171 151
0.883000 1.523000 0.012000 173 168 149
1.094000 1.574000 0.015000 139 127 111
1.003000 1.594000 0.012000 157 150 134
1.030000 1.588000 0.017000 157 149 130
1.048000 1.584000 0.019000 160 148 124
1.048000 1.584000 0.016000 164 150 124
1.009000 1.592000 0.022000 155 147 134
1.124000 1.567000 0.021000 160 152 139
1.169000 1.556000 0.013000 160 153 137
1.186000 1.551000 0.019000 123 116 98
1.276000 1.527000 0.013000 174 169 149
1.357000 1.505000 0.020000 144 138 124
1.171000 1.556000 0.019000 132 125 107
1.356000 1.505000 0.009000 192 188 176
1.280000 1.526000 0.016000 177 172 152
1.220000 1.542000 0.022000 136 129 111
1.530000 1.469000 0.021000 128 126 103
1.608000 1.455000 0.021000 147 144 125
1.635000 1.451000 0.016000 134 129 109
1.734000 1.434000 0.008000 119 117 96
1.696000 1.441000 0.012000 109 104 85
1.792000 1.424000 0.017000 171 170 152
1.447000 1.483000 0.012000 179 171 160
1.843000 1.416000 0.009000 137 131 105
1.430000 1.486000 0.015000 195 192 183
1.871000 1.417000 0.012000 86 81 61
1.892000 1.421000 0.018000 71 66 47
0.393000 1.726000 0.021000 74 69 50
0.466000 1.725000 0.021000 89 87 62
0.018000 1.364000 0.019000 83 80 61
0.017000 1.243000 0.017000 132 126 110
0.178000 1.656000 0.019000 62 59 44
0.121000 1.609000 0.023000 59 55 44
0.137000 1.626000 0.023000 59 57 45
0.174000 1.645000 0.016000 63 60 45
0.204000 1.686000 0.020000 64 61 44
0.126000 1.585000 0.012000 53 49 38
0.129000 1.612000 0.021000 59 57 45
0.154000 1.619000 0.014000 62 60 45
0.140000 1.374000 0.020000 82 77 58
0.224000 1.349000 0.018000 89 85 60
0.519000 1.276000 0.018000 163 160 143
0.095000 1.388000 0.021000 79 76 57
0.431000 1.309000 0.022000 132 128 99
0.216000 1.356000 0.020000 84 82 59
0.370000 1.320000 0.021000 122 118 89
0.234000 1.352000 0.020000 90 87 68
0.126000 1.368000 0.016000 87 82 63
0.291000 1.330000 0.017000 107 103 68
0.082000 1.389000 0.020000 79 76 57
0.048000 1.382000 0.014000 81 78 63
0.096000 1.386000 0.020000 80 77 58
0.308000 1.323000 0.016000 114 111 80
0.294000 1.330000 0.017000 109 105 70
0.504000 1.280000 0.018000 155 154 134
0.279000 1.339000 0.019000 99 91 68
0.321000 1.335000 0.022000 106 104 66
0.174000 1.369000 0.021000 86 81 59
0.387000 1.313000 0.020000 123 122 92
0.079000 1.393000 0.021000 77 74 55
0.148000 1.368000 0.018000 87 80 61
0.046000 1.382000 0.014000 80 78 63
0.044000 0.838000 0.013000 160 160 148
0.131000 1.026000 0.014000 157 158 142
0.122000 1.319000 0.014000 98 94 67
0.081000 0.727000 0.013000 168 166 153
0.202000 0.917000 0.014000 166 167 151
0.282000 1.141000 0.015000 163 164 150
0.367000 1.203000 0.016000 165 162 147
0.160000 0.852000 0.014000 169 169 157
0.174000 0.959000 0.014000 171 169 156
0.201000 1.256000 0.015000 138 137 119
0.233000 1.198000 0.015000 156 157 141
0.063000 0.707000 0.013000 167 165 153
0.337000 1.195000 0.016000 167 165 152
0.303000 1.077000 0.015000 167 165 150
0.063000 0.948000 0.013000 158 161 144
0.286000 1.212000 0.015000 158 161 150
0.073000 0.802000 0.013000 164 166 155
0.150000 1.326000 0.014000 95 91 66
0.390000 1.120000 0.016000 164 161 146
0.012000 0.703000 0.013000 139 136 121
0.150000 1.226000 0.014000 147 148 130
0.017000 1.197000 0.013000 113 112 92
0.029000 0.980000 0.013000 146 147 133
0.151000 0.911000 0.014000 171 169 156
0.170000 1.276000 0.014000 130 127 110
0.417000 1.168000 0.016000 163 161 148
0.396000 1.119000 0.016000 164 162 147
0.148000 0.826000 0.014000 171 171 161
0.068000 1.263000 0.014000 129 127 114
0.194000 1.069000 0.014000 165 163 150
0.114000 1.023000 0.014000 159 160 146
0.346000 1.143000 0.016000 163 161 149
0.237000 1.080000 0.015000 165 163 150
0.160000 0.819000 0.014000 170 170 160
0.064000 0.852000 0.013000 163 161 149
0.290000 1.176000 0.015000 162 164 151
0.434000 1.284000 0.016000 151 149 126
0.286000 1.076000 0.015000 169 165 153
0.257000 1.306000 0.015000 116 108 89
0.189000 1.161000 0.015000 160 159 141
0.444000 1.247000 0.016000 163 161 146
0.123000 0.861000 0.014000 168 170 157
0.024000 0.742000 0.013000 152 153 137
0.036000 1.007000 0.013000 140 141 125
0.063000 0.927000 0.013000 162 160 145
0.198000 0.938000 0.014000 163 164 148
0.058000 0.888000 0.013000 162 158 147
0.389000 1.232000 0.016000 156 157 141
0.367000 1.123000 0.016000 157 158 142
0.188000 1.197000 0.015000 154 153 135
0.107000 1.084000 0.014000 157 156 138
0.135000 1.034000 0.014000 159 160 144
0.227000 1.186000 0.015000 160 161 145
0.146000 1.285000 0.014000 125 122 103
0.132000 1.001000 0.014000 161 159 144
0.083000 0.985000 0.014000 159 157 142
0.138000 1.065000 0.014000 160 162 151
0.062000 0.882000 0.013000 164 160 149
0.290000 1.239000 0.015000 152 153 135
0.248000 1.232000 0.015000 152 153 135
0.238000 0.926000 0.015000 169 167 152
0.157000 1.136000 0.014000 150 152 131
0.250000 1.292000 0.015000 127 120 101
0.319000 1.024000 0.015000 168 166 151
0.368000 1.207000 0.016000 162 160 145
0.148000 0.963000 0.014000 168 166 153
0.192000 0.921000 0.014000 171 168 153
0.082000 0.769000 0.014000 167 169 156
0.368000 1.070000 0.016000 167 164 149
0.146000 1.176000 0.014000 149 150 134
0.166000 1.045000 0.014000 160 161 145
0.033000 1.312000 0.014000 89 84 65
0.169000 1.280000 0.014000 128 125 106
0.057000 0.836000 0.013000 162 162 150
0.367000 1.189000 0.016000 165 163 150
0.028000 0.897000 0.013000 149 149 139
0.091000 0.849000 0.014000 167 165 153
0.043000 0.951000 0.013000 144 143 123
0.250000 1.222000 0.015000 158 159 143
0.013000 0.781000 0.013000 147 145 132
0.137000 0.969000 0.014000 166 165 147
0.414000 1.170000 0.016000 162 160 147
0.426000 1.264000 0.016000 152 151 131
0.432000 1.234000 0.016000 163 160 143
0.136000 0.839000 0.014000 170 170 158
0.414000 1.241000 0.016000 160 159 141
0.218000 1.253000 0.015000 142 143 127
0.492000 1.279000 0.017000 157 154 137
0.190000 1.022000 0.014000 164 165 149
0.128000 0.981000 0.014000 162 160 145
0.161000 1.296000 0.014000 117 115 94
0.026000 1.179000 0.013000 137 136 118
0.116000 1.302000 0.014000 108 105 86
0.048000 1.367000 0.014000 84 81 62
0.091000 1.013000 0.014000 159 160 144
0.042000 0.953000 0.013000 143 142 122
0.189000 0.870000 0.014000 168 169 151
0.305000 1.318000 0.015000 112 109 78
0.154000 1.352000 0.014000 91 85 63
0.028000 1.314000 0.013000 82 77 57
0.173000 1.266000 0.014000 135 133 118
0.338000 1.219000 0.016000 161 161 149
0.164000 1.177000 0.014000 150 151 133
0.419000 1.202000 0.016000 160 161 147
0.115000 1.184000 0.014000 147 148 132
0.256000 0.954000 0.015000 165 166 150
0.318000 1.124000 0.015000 162 163 149
0.191000 0.974000 0.014000 166 164 151
0.031000 1.191000 0.013000 130 128 113
0.358000 1.161000 0.016000 166 166 154
0.124000 1.162000 0.014000 147 149 128
0.447000 1.248000 0.016000 160 158 143
0.193000 0.964000 0.014000 167 163 151
0.308000 1.227000 0.015000 155 156 140
0.169000 0.863000 0.014000 169 170 156
0.358000 1.067000 0.016000 162 159 142
0.033000 1.332000 0.014000 80 75 55
0.265000 1.033000 0.015000 166 164 149
0.045000 0.965000 0.013000 152 157 137
0.211000 1.279000 0.015000 130 127 110
0.047000 0.881000 0.013000 163 159 150
0.330000 1.277000 0.016000 134 136 115
0.152000 1.283000 0.014000 126 123 104
0.186000 1.193000 0.015000 155 154 136
0.237000 1.084000 0.015000 162 160 147
0.033000 1.349000 0.014000 79 74 54
0.233000 0.949000 0.015000 171 169 154
0.188000 1.228000 0.015000 148 149 131
0.348000 1.063000 0.016000 168 165 148
0.059000 1.375000 0.014000 83 80 63
0.014000 0.919000 0.013000 127 128 112
0.123000 1.319000 0.014000 98 94 67
0.033000 0.874000 0.013000 137 134 125
0.358000 1.168000 0.016000 160 160 148
0.118000 0.892000 0.014000 166 167 153
0.345000 1.270000 0.016000 143 140 123
0.394000 1.204000 0.016000 164 162 149
0.339000 1.182000 0.016000 166 164 152
0.169000 1.322000 0.014000 98 93 71
0.157000 1.094000 0.014000 157 160 143
0.178000 0.957000 0.014000 170 168 155
0.057000 0.966000 0.013000 157 161 144
0.098000 0.860000 0.014000 169 167 155
0.418000 1.226000 0.016000 163 160 145
0.252000 1.308000 0.015000 115 106 89
0.245000 0.986000 0.015000 170 168 156
0.036000 0.851000 0.013000 139 139 129
0.370000 1.070000 0.016000 166 163 148
0.042000 0.838000 0.013000 161 161 151
0.399000 1.166000 0.016000 165 166 152
0.042000 1.012000 0.013000 154 155 139
0.061000 0.796000 0.013000 165 165 155
0.029000 0.831000 0.013000 138 138 128
0.144000 0.960000 0.014000 167 165 152
0.168000 1.140000 0.014000 152 154 133
0.231000 1.279000 0.015000 132 129 112
0.272000 1.011000 0.015000 168 166 151
0.261000 1.241000 0.015000 151 150 130
0.102000 0.888000 0.014000 168 166 151
0.078000 1.132000 0.014000 152 151 131
0.131000 1.022000 0.014000 158 159 143
0.223000 1.173000 0.015000 158 159 143
0.064000 0.972000 0.014000 158 161 144
0.367000 1.305000 0.016000 126 122 93
0.158000 0.947000 0.014000 167 165 152
0.349000 1.155000 0.016000 166 162 153
0.044000 1.268000 0.014000 126 125 105
0.090000 0.829000 0.014000 166 166 154
0.156000 1.152000 0.014000 152 154 132
0.451000 1.223000 0.016000 166 164 151
0.036000 0.826000 0.013000 156 156 146
0.096000 0.961000 0.014000 164 162 149
0.239000 1.316000 0.015000 109 102 83
0.103000 0.974000 0.014000 163 161 148
0.201000 1.054000 0.015000 164 162 149
0.474000 1.241000 0.017000 161 163 149
0.279000 1.311000 0.015000 109 108 77
0.399000 1.230000 0.016000 162 163 147
0.137000 0.903000 0.014000 165 163 150
0.044000 0.757000 0.013000 157 159 146
0.166000 1.291000 0.014000 120 117 98
0.039000 0.692000 0.013000 159 159 147
0.065000 1.228000 0.014000 144 142 129
0.231000 1.130000 0.015000 158 159 143
0.106000 1.333000 0.014000 94 90 63
0.295000 1.193000 0.015000 163 163 153
0.105000 1.231000 0.014000 144 145 131
0.182000 1.205000 0.014000 152 150 135
0.090000 0.959000 0.014000 162 163 149
0.024000 0.872000 0.013000 148 148 138
0.046000 0.964000 0.013000 152 157 137
0.318000 1.136000 0.015000 162 162 152
0.022000 0.728000 0.013000 157 158 144
0.026000 0.921000 0.013000 154 152 140
0.276000 1.305000 0.015000 119 115 86
0.314000 1.058000 0.015000 168 165 150
0.109000 0.952000 0.014000 163 164 150
0.375000 1.209000 0.016000 164 162 147
0.102000 1.282000 0.014000 121 119 104
0.280000 1.096000 0.015000 162 162 150
0.202000 1.218000 0.015000 151 149 134
0.048000 1.283000 0.014000 116 113 96
0.071000 1.193000 0.014000 148 144 132
0.176000 0.876000 0.014000 171 169 156
0.135000 1.076000 0.014000 159 159 147
0.339000 1.251000 0.016000 149 147 134
0.031000 0.926000 0.013000 146 144 131
0.090000 1.117000 0.014000 153 151 136
0.225000 1.212000 0.015000 157 158 144
0.209000 1.202000 0.015000 154 155 137
0.256000 1.225000 0.015000 157 156 138
0.093000 1.037000 0.014000 158 159 145
0.155000 1.149000 0.014000 153 155 133
0.203000 1.246000 0.015000 142 140 127
0.144000 1.218000 0.014000 147 148 130
0.053000 1.225000 0.014000 146 142 131
0.192000 0.891000 0.014000 171 169 156
0.100000 1.049000 0.014000 154 155 139
0.203000 0.882000 0.014000 167 168 154
0.244000 1.084000 0.015000 168 166 153
0.096000 1.274000 0.014000 125 123 110
0.135000 0.813000 0.014000 166 169 160
0.331000 1.046000 0.015000 166 162 150
0.398000 1.106000 0.016000 164 162 147
0.079000 0.747000 0.013000 167 168 154
0.350000 1.214000 0.016000 164 162 149
0.200000 1.252000 0.015000 138 136 123
0.178000 1.036000 0.014000 166 164 151
0.081000 1.211000 0.014000 146 146 134
0.186000 1.163000 0.014000 157 156 138
0.242000 1.155000 0.015000 160 162 148
0.097000 0.830000 0.014000 168 168 156
0.095000 1.026000 0.014000 157 158 144
0.051000 0.777000 0.013000 159 159 147
0.038000 1.159000 0.013000 125 128 109
0.057000 1.087000 0.014000 148 149 133
0.161000 1.200000 0.014000 149 150 134
0.072000 0.733000 0.013000 166 164 151
0.262000 1.047000 0.015000 166 164 149
0.242000 1.194000 0.015000 159 160 146
0.295000 1.079000 0.015000 166 162 150
0.209000 1.177000 0.015000 155 156 138
0.478000 1.222000 0.017000 166 164 149
0.094000 0.973000 0.014000 163 161 148
0.184000 0.933000 0.014000 172 170 157
0.348000 1.214000 0.016000 164 162 149
0.341000 1.048000 0.016000 167 164 147
0.076000 1.227000 0.014000 146 144 131
0.071000 0.860000 0.013000 164 162 150
0.229000 1.270000 0.015000 135 133 118
0.112000 1.196000 0.014000 149 150 136
0.131000 0.914000 0.014000 159 157 144
0.131000 1.318000 0.014000 99 95 68
0.169000 1.233000 0.014000 147 146 128
0.018000 1.239000 0.013000 130 124 108
0.029000 1.098000 0.013000 137 136 118
0.280000 1.112000 0.015000 162 163 149
0.052000 1.112000 0.014000 139 135 123
0.110000 0.848000 0.014000 168 168 156
0.096000 1.308000 0.014000 104 99 79
0.107000 0.794000 0.014000 166 167 153
0.298000 1.200000 0.015000 164 164 154
0.195000 1.038000 0.014000 164 164 152
0.077000 1.247000 0.014000 140 138 125
0.320000 1.176000 0.015000 159 159 147
0.295000 1.243000 0.015000 149 150 132
0.258000 1.289000 0.015000 123 121 98
0.477000 1.210000 0.017000 166 163 146
0.285000 1.243000 0.015000 148 149 131
0.030000 0.839000 0.013000 141 141 131
0.241000 1.000000 0.015000 168 166 154
0.606000 1.704000 0.018000 146 143 128
0.230000 1.621000 0.013000 71 68 51
0.370000 1.687000 0.018000 87 82 60
0.749000 1.718000 0.018000 125 123 111
0.239000 1.619000 0.013000 75 70 51
0.398000 1.718000 0.021000 83 76 57
0.238000 1.716000 0.022000 57 55 40
0.737000 1.707000 0.017000 160 156 145
0.465000 1.668000 0.016000 116 110 84
0.728000 1.711000 0.017000 149 145 134
0.378000 1.633000 0.013000 96 92 63
0.451000 1.720000 0.020000 89 85 60
0.403000 1.652000 0.015000 96 91 61
0.219000 1.627000 0.014000 70 67 50
0.281000 1.713000 0.021000 63 61 46
0.329000 1.635000 0.014000 89 83 59
0.327000 1.657000 0.016000 86 82 57
0.237000 1.704000 0.020000 67 64 47
0.318000 1.701000 0.020000 78 75 56
0.208000 1.650000 0.016000 69 66 49
0.542000 1.712000 0.019000 126 123 104
0.284000 1.616000 0.012000 82 75 56
0.394000 1.685000 0.018000 93 89 62
0.268000 1.634000 0.014000 78 73 54
0.194000 1.646000 0.016000 67 64 47
0.676000 1.713000 0.018000 151 148 139
0.263000 1.619000 0.013000 80 75 56
0.335000 1.714000 0.021000 75 70 51
0.416000 1.639000 0.013000 101 96 66
0.409000 1.725000 0.021000 79 72 53
0.293000 1.631000 0.014000 82 80 57
0.402000 1.722000 0.021000 75 68 50
0.354000 1.694000 0.019000 84 79 59
0.303000 1.677000 0.018000 79 74 54
0.348000 1.700000 0.019000 83 78 58
0.562000 1.690000 0.017000 143 140 125
0.609000 1.710000 0.018000 136 132 120
0.302000 1.714000 0.021000 71 68 53
0.448000 1.697000 0.018000 107 102 73
0.664000 1.693000 0.016000 161 159 147
0.438000 1.685000 0.017000 105 99 73
0.193000 1.637000 0.015000 66 63 46
0.466000 1.711000 0.019000 100 96 71
0.702000 1.703000 0.017000 163 159 148
0.671000 1.712000 0.018000 155 151 140
0.345000 1.627000 0.013000 94 88 62
0.513000 1.678000 0.016000 131 124 106
0.379000 1.688000 0.018000 91 87 62
0.222000 1.694000 0.020000 67 64 49
0.380000 1.630000 0.013000 97 93 64
0.690000 1.696000 0.016000 166 159 149
0.331000 1.656000 0.016000 86 82 57
0.462000 1.666000 0.015000 109 104 75
0.771000 1.709000 0.017000 147 147 135
0.619000 1.712000 0.018000 145 141 129
0.321000 1.622000 0.013000 86 81 59
0.239000 1.699000 0.020000 67 64 47
0.669000 1.687000 0.016000 161 159 147
0.695000 1.698000 0.016000 162 158 147
0.265000 1.630000 0.014000 78 73 54
0.382000 1.712000 0.020000 85 80 60
0.473000 1.691000 0.018000 115 109 85
0.396000 1.716000 0.020000 83 76 57
0.234000 1.630000 0.014000 71 68 49
0.518000 1.694000 0.017000 134 129 110
0.196000 1.645000 0.016000 67 64 47
0.625000 1.718000 0.019000 138 136 123
0.431000 1.681000 0.017000 98 91 63
0.712000 1.715000 0.018000 156 152 143
0.464000 1.689000 0.017000 111 105 79
0.168000 1.621000 0.014000 68 62 50
0.266000 1.638000 0.014000 78 73 54
0.538000 1.710000 0.019000 122 117 98
0.742000 1.719000 0.018000 149 147 135
0.199000 1.646000 0.016000 68 65 48
0.401000 1.715000 0.020000 87 80 61
0.430000 1.626000 0.017000 102 97 68
0.483000 1.619000 0.023000 120 114 92
0.457000 1.613000 0.023000 116 111 81
0.400000 1.629000 0.014000 99 92 63
0.206000 1.563000 0.022000 58 56 43
0.330000 1.606000 0.017000 89 84 62
0.203000 1.572000 0.019000 60 58 45
0.463000 1.632000 0.017000 118 113 83
0.347000 1.622000 0.013000 92 88 61
0.213000 1.575000 0.018000 63 61 48
0.659000 1.674000 0.018000 163 157 145
0.829000 1.710000 0.018000 144 140 129
0.305000 1.606000 0.015000 85 80 60
0.414000 1.607000 0.022000 105 99 67
0.537000 1.657000 0.015000 139 133 117
0.171000 1.572000 0.016000 55 51 39
0.473000 1.638000 0.016000 117 111 85
0.424000 1.607000 0.023000 105 100 70
0.629000 1.670000 0.017000 160 156 144
0.175000 1.557000 0.021000 51 49 36
0.548000 1.655000 0.016000 146 140 126
0.159000 1.576000 0.014000 55 51 39
0.591000 1.654000 0.019000 150 147 132
0.334000 1.606000 0.017000 89 84 62
0.364000 1.604000 0.020000 95 90 60
0.650000 1.669000 0.019000 160 156 144
0.313000 1.604000 0.016000 85 80 60
0.551000 1.654000 0.017000 146 140 126
0.259000 1.604000 0.012000 78 73 54
0.402000 1.613000 0.019000 102 96 64
0.370000 1.617000 0.016000 97 92 62
0.754000 1.695000 0.018000 163 159 147
0.640000 1.656000 0.022000 162 158 146
0.482000 0.974000 0.017000 161 161 137
0.439000 0.940000 0.017000 163 165 143
0.100000 0.744000 0.014000 168 166 153
0.065000 0.686000 0.013000 162 160 148
0.059000 0.687000 0.013000 165 163 151
0.271000 0.885000 0.015000 171 172 158
0.436000 0.965000 0.017000 158 157 139
0.510000 1.140000 0.017000 160 159 139
0.457000 1.117000 0.017000 165 162 145
0.459000 0.987000 0.017000 163 161 140
0.497000 1.211000 0.017000 167 165 150
0.446000 0.960000 0.017000 161 158 139
0.358000 0.968000 0.016000 163 165 144
0.457000 0.947000 0.017000 163 160 141
0.188000 0.808000 0.014000 172 172 160
0.478000 1.011000 0.017000 162 162 138
0.316000 0.994000 0.015000 164 165 151
0.310000 0.997000 0.015000 170 171 157
0.207000 0.836000 0.015000 173 171 158
0.479000 1.083000 0.017000 165 163 140
0.271000 0.947000 0.015000 169 170 154
0.305000 0.986000 0.015000 166 167 151
0.317000 0.892000 0.016000 171 172 158
0.365000 0.893000 0.016000 169 168 147
0.522000 1.173000 0.017000 168 165 150
0.490000 1.009000 0.017000 162 160 137
0.392000 0.996000 0.016000 164 163 143
0.415000 0.991000 0.017000 164 163 142
0.302000 0.905000 0.016000 171 169 156
0.433000 0.990000 0.017000 162 160 139
0.380000 0.928000 0.016000 166 165 147
0.439000 0.991000 0.017000 165 163 142
0.448000 1.073000 0.017000 157 159 135
0.520000 1.205000 0.017000 167 166 148
0.452000 0.967000 0.017000 165 163 142
0.350000 0.907000 0.016000 168 167 147
0.366000 0.992000 0.016000 167 166 148
0.263000 0.930000 0.015000 170 168 153
0.451000 1.156000 0.016000 160 158 143
0.521000 1.200000 0.017000 161 162 146
0.362000 1.020000 0.016000 167 167 143
0.447000 1.131000 0.016000 164 162 147
0.225000 0.849000 0.015000 174 172 159
0.462000 0.967000 0.017000 161 159 138
0.525000 1.202000 0.017000 158 159 143
0.426000 0.970000 0.017000 164 163 143
0.110000 0.745000 0.014000 169 167 154
0.434000 0.996000 0.017000 161 159 136
0.502000 1.224000 0.017000 160 158 143
0.247000 0.874000 0.015000 171 172 158
0.406000 1.042000 0.016000 158 155 136
0.275000 0.913000 0.015000 169 170 156
0.269000 0.831000 0.015000 174 172 157
0.144000 0.760000 0.014000 169 167 154
0.322000 0.895000 0.016000 170 168 153
0.163000 0.806000 0.014000 171 171 159
0.315000 0.878000 0.016000 170 172 158
0.067000 0.671000 0.013000 167 165 152
0.179000 0.778000 0.014000 172 173 159
0.498000 1.095000 0.017000 164 163 145
0.242000 0.849000 0.015000 172 172 160
0.260000 0.860000 0.015000 170 171 157
0.198000 0.858000 0.014000 171 169 154
0.368000 1.045000 0.016000 163 160 141
0.513000 1.142000 0.017000 163 165 144
0.352000 0.953000 0.016000 165 166 148
0.515000 1.155000 0.017000 162 165 144
0.489000 1.109000 0.017000 164 163 143
0.273000 0.929000 0.015000 170 168 153
0.465000 1.061000 0.017000 165 165 141
0.271000 0.925000 0.015000 169 167 152
0.471000 1.053000 0.017000 162 162 138
0.213000 0.804000 0.015000 171 171 159
0.228000 0.809000 0.015000 167 168 154
0.403000 1.102000 0.016000 163 162 144
0.608000 1.500000 0.022000 158 155 138
0.568000 1.401000 0.020000 157 154 137
0.660000 1.556000 0.021000 163 159 147
0.677000 1.588000 0.021000 165 161 149
0.641000 1.458000 0.019000 166 163 148
0.720000 1.532000 0.017000 173 167 151
0.619000 1.481000 0.020000 160 157 142
0.642000 1.475000 0.019000 163 160 145
0.485000 1.363000 0.023000 139 134 115
0.556000 1.465000 0.023000 150 145 126
0.519000 1.288000 0.018000 164 159 140
0.699000 1.641000 0.022000 167 163 152
0.634000 1.590000 0.023000 163 157 141
0.689000 1.587000 0.021000 170 166 154
0.732000 1.569000 0.018000 167 163 151
0.580000 1.422000 0.020000 156 153 136
0.529000 1.435000 0.023000 142 139 120
0.767000 1.633000 0.019000 172 165 159
0.650000 1.504000 0.020000 164 161 146
0.487000 1.345000 0.022000 135 130 111
0.474000 1.325000 0.022000 142 135 116
0.680000 1.630000 0.023000 163 159 147
0.820000 1.692000 0.018000 159 155 143
0.690000 1.509000 0.018000 169 166 151
0.510000 1.354000 0.021000 149 144 125
0.719000 1.669000 0.022000 161 159 147
0.611000 1.449000 0.020000 158 155 138
0.662000 1.588000 0.022000 162 156 142
0.567000 1.484000 0.023000 154 149 130
0.767000 1.602000 0.018000 170 166 155
0.682000 1.522000 0.019000 166 163 148
0.482000 1.374000 0.023000 141 136 116
0.799000 1.689000 0.019000 160 158 146
0.768000 1.606000 0.018000 171 166 160
0.599000 1.517000 0.023000 159 153 137
0.827000 1.681000 0.017000 161 157 145
0.803000 1.695000 0.019000 157 155 143
0.698000 1.593000 0.020000 171 167 155
0.605000 1.456000 0.020000 159 156 139
0.590000 1.382000 0.018000 153 150 133
0.549000 1.436000 0.022000 150 147 128
0.567000 1.425000 0.021000 151 148 131
0.716000 1.538000 0.018000 169 165 153
0.674000 1.545000 0.020000 169 165 153
0.563000 1.336000 0.018000 156 155 137
0.715000 1.654000 0.022000 166 164 152
0.567000 1.399000 0.020000 156 153 136
0.602000 1.380000 0.018000 160 157 140
0.573000 1.464000 0.022000 153 148 129
0.542000 1.405000 0.021000 150 147 128
0.752000 1.593000 0.018000 172 168 157
0.728000 1.661000 0.021000 166 162 151
0.687000 1.505000 0.018000 168 165 150
0.608000 1.396000 0.018000 161 155 139
0.536000 1.280000 0.017000 164 160 148
0.592000 1.462000 0.021000 154 151 134
0.711000 1.664000 0.022000 163 161 149
0.543000 1.434000 0.022000 148 145 126
0.711000 1.527000 0.018000 170 166 154
0.749000 1.579000 0.018000 169 165 154
0.568000 1.452000 0.022000 155 150 131
0.568000 1.430000 0.021000 153 150 133
0.597000 1.398000 0.019000 155 152 135
0.764000 1.654000 0.019000 171 167 156
0.703000 1.557000 0.019000 170 166 154
0.707000 1.509000 0.017000 175 172 157
0.607000 1.438000 0.019000 151 148 131
0.518000 1.323000 0.020000 154 148 132
0.737000 1.644000 0.020000 167 163 151
0.688000 1.594000 0.021000 170 166 154
0.717000 1.476000 0.016000 158 155 140
0.731000 1.484000 0.015000 174 168 154
0.771000 1.477000 0.013000 172 165 146
0.753000 1.504000 0.015000 173 167 153
0.770000 1.524000 0.015000 171 163 152
0.795000 0.683000 0.013000 175 171 142
0.608000 1.155000 0.016000 164 163 133
0.600000 1.157000 0.016000 164 162 137
0.633000 1.160000 0.015000 166 162 137
0.828000 1.099000 0.012000 170 169 138
0.726000 1.037000 0.014000 170 170 134
0.663000 1.061000 0.015000 167 168 137
0.757000 0.978000 0.013000 171 171 135
0.703000 0.930000 0.014000 169 169 135
0.805000 0.893000 0.012000 173 170 137
0.772000 1.105000 0.013000 173 170 139
0.799000 0.987000 0.012000 179 171 134
0.713000 1.003000 0.014000 169 170 138
0.620000 1.192000 0.016000 159 159 133
0.643000 1.077000 0.015000 167 166 136
0.626000 1.155000 0.015000 165 163 138
0.728000 1.021000 0.014000 169 168 137
0.565000 1.216000 0.017000 159 159 135
0.787000 1.061000 0.012000 175 172 139
0.670000 1.121000 0.015000 168 168 134
0.717000 0.974000 0.014000 171 171 137
0.795000 1.069000 0.012000 173 170 137
0.564000 1.250000 0.017000 159 158 138
0.725000 1.092000 0.014000 170 169 138
0.674000 1.182000 0.015000 166 165 137
0.796000 0.993000 0.012000 177 172 134
0.835000 1.011000 0.012000 173 173 137
0.831000 1.020000 0.012000 172 173 133
0.791000 0.777000 0.012000 172 167 135
0.653000 1.156000 0.015000 163 162 134
0.802000 1.021000 0.012000 171 171 133
0.814000 0.902000 0.012000 170 167 134
0.661000 1.117000 0.015000 169 168 137
0.714000 1.070000 0.014000 174 170 135
0.843000 1.038000 0.011000 171 171 133
0.765000 0.983000 0.013000 168 168 134
0.582000 1.195000 0.016000 163 161 140
0.674000 1.079000 0.015000 164 163 133
0.690000 1.182000 0.014000 167 166 138
0.813000 0.776000 0.012000 169 171 134
0.756000 1.017000 0.013000 171 171 135
0.658000 1.120000 0.015000 169 168 137
0.764000 0.965000 0.013000 173 174 134
0.774000 0.847000 0.013000 169 169 133
0.750000 0.834000 0.013000 166 167 135
0.801000 1.094000 0.012000 168 167 136
0.822000 0.827000 0.012000 178 172 138
0.677000 1.080000 0.015000 165 164 134
0.799000 1.064000 0.012000 171 171 137
0.835000 0.965000 0.012000 172 172 136
0.769000 0.886000 0.013000 169 166 133
0.724000 1.039000 0.014000 168 168 132
0.670000 1.150000 0.015000 167 166 136
0.647000 1.131000 0.015000 169 168 137
0.612000 1.117000 0.016000 166 164 139
0.734000 0.883000 0.013000 168 168 132
0.697000 1.133000 0.014000 169 168 138
0.673000 1.098000 0.015000 173 168 139
0.811000 0.962000 0.012000 174 172 134
0.736000 0.872000 0.013000 168 168 132
0.709000 0.954000 0.014000 172 169 138
0.624000 1.179000 0.015000 159 157 132
0.783000 1.078000 0.013000 170 167 134
0.809000 0.760000 0.012000 173 169 134
0.774000 0.785000 0.013000 172 169 136
0.746000 1.100000 0.013000 172 169 138
0.754000 1.150000 0.013000 164 164 136
0.815000 1.019000 0.012000 172 172 134
0.689000 1.081000 0.014000 170 167 136
0.772000 0.786000 0.013000 172 169 136
0.797000 1.070000 0.012000 170 170 136
0.821000 0.994000 0.012000 176 172 135
0.631000 1.187000 0.015000 163 161 136
0.767000 0.854000 0.013000 167 167 131
0.753000 0.938000 0.013000 170 170 132
0.720000 0.956000 0.014000 172 169 136
0.627000 1.209000 0.015000 162 162 136
0.730000 0.926000 0.014000 171 168 137
0.708000 0.966000 0.014000 172 167 137
0.731000 0.879000 0.014000 167 167 131
0.690000 1.175000 0.014000 167 166 138
0.688000 1.098000 0.014000 171 168 135
0.786000 0.916000 0.013000 167 167 131
0.818000 0.813000 0.012000 176 170 136
0.749000 1.005000 0.013000 170 171 137
0.714000 0.942000 0.014000 171 168 137
0.721000 0.959000 0.014000 172 169 136
0.816000 0.797000 0.012000 174 169 131
0.741000 0.947000 0.013000 171 168 133
0.646000 1.184000 0.015000 165 164 136
0.616000 1.168000 0.016000 167 162 140
0.640000 0.907000 0.015000 168 167 139
0.701000 0.930000 0.014000 170 170 136
0.644000 0.965000 0.015000 167 166 136
0.722000 0.876000 0.014000 166 166 130
0.566000 1.151000 0.017000 166 161 139
0.573000 1.190000 0.016000 165 163 140
0.531000 0.989000 0.017000 162 165 138
0.761000 0.803000 0.013000 168 167 136
0.616000 1.096000 0.016000 168 166 141
0.757000 0.769000 0.013000 174 171 138
0.671000 0.877000 0.015000 165 164 136
0.518000 1.029000 0.017000 163 161 136
0.532000 0.962000 0.017000 164 164 138
0.594000 0.897000 0.016000 161 159 134
0.562000 1.132000 0.017000 163 161 136
0.538000 1.061000 0.017000 167 163 138
0.527000 1.155000 0.017000 166 168 146
0.588000 1.127000 0.016000 165 163 138
0.519000 1.074000 0.017000 164 160 135
0.587000 1.008000 0.016000 163 163 137
0.616000 0.872000 0.016000 163 161 136
0.578000 1.012000 0.016000 161 164 137
0.562000 1.175000 0.017000 163 161 136
0.690000 0.741000 0.014000 168 165 134
0.733000 0.841000 0.014000 167 168 136
0.550000 1.172000 0.017000 161 161 135
0.607000 1.089000 0.016000 166 164 139
0.639000 1.031000 0.015000 165 164 136
0.713000 0.769000 0.014000 168 162 130
0.564000 1.100000 0.017000 165 163 138
0.649000 0.966000 0.015000 167 166 135
0.603000 1.094000 0.016000 170 166 141
0.686000 0.949000 0.014000 168 167 136
0.592000 1.094000 0.016000 170 166 141
0.736000 0.832000 0.013000 169 170 138
0.550000 1.113000 0.017000 164 162 137
0.634000 0.911000 0.015000 168 166 141
0.624000 0.961000 0.016000 165 164 134
0.584000 1.131000 0.016000 165 163 138
0.807000 0.712000 0.012000 172 167 137
0.643000 0.917000 0.015000 167 166 136
0.696000 0.740000 0.014000 167 164 131
0.683000 0.758000 0.014000 168 165 132
0.651000 0.905000 0.015000 169 168 138
0.572000 1.177000 0.016000 160 158 135
0.759000 0.808000 0.013000 167 166 135
0.649000 0.836000 0.015000 165 166 135
0.613000 1.020000 0.016000 168 164 137
0.733000 0.819000 0.014000 167 166 136
0.573000 0.968000 0.016000 166 164 139
0.609000 0.959000 0.016000 165 164 136
0.523000 1.103000 0.017000 162 159 142
0.596000 1.110000 0.016000 168 166 141
0.574000 1.127000 0.016000 163 161 136
0.646000 0.891000 0.015000 167 166 138
0.641000 0.996000 0.015000 167 166 136
0.641000 0.999000 0.015000 168 167 137
0.534000 1.149000 0.017000 162 161 140
0.775000 0.767000 0.013000 174 168 136
0.529000 1.173000 0.017000 165 164 144
0.689000 0.854000 0.014000 167 166 136
0.728000 0.841000 0.014000 170 171 139
0.622000 1.030000 0.016000 169 168 140
0.596000 0.946000 0.016000 163 161 136
0.673000 0.927000 0.015000 172 167 135
0.637000 1.023000 0.015000 165 166 135
0.779000 0.757000 0.013000 173 168 138
0.631000 1.036000 0.015000 165 164 136
0.637000 0.979000 0.015000 169 168 138
0.699000 0.825000 0.014000 160 165 133
0.822000 1.128000 0.012000 172 171 140
0.704000 1.267000 0.015000 167 165 142
0.755000 1.171000 0.013000 166 165 134
0.697000 1.235000 0.015000 165 165 137
0.577000 1.274000 0.017000 160 157 138
0.744000 1.208000 0.014000 169 168 138
0.692000 1.258000 0.015000 164 162 139
0.745000 1.237000 0.014000 170 166 141
0.695000 1.226000 0.015000 163 163 135
0.568000 1.267000 0.017000 159 156 139
0.643000 1.212000 0.015000 163 161 136
0.782000 1.185000 0.013000 169 168 137
0.753000 1.218000 0.014000 168 167 139
0.712000 1.286000 0.015000 168 166 143
0.688000 1.247000 0.015000 163 163 137
0.756000 1.185000 0.013000 166 166 132
0.666000 1.205000 0.015000 167 163 138
0.756000 1.152000 0.013000 164 164 136
0.670000 1.226000 0.015000 167 163 136
0.697000 1.212000 0.014000 163 163 135
0.692000 1.322000 0.016000 172 170 149
0.819000 1.122000 0.012000 171 171 137
0.656000 1.289000 0.016000 166 165 144
0.641000 1.267000 0.016000 161 161 135
0.731000 1.238000 0.014000 167 163 138
0.659000 1.213000 0.015000 167 163 138
0.682000 1.293000 0.015000 166 166 142
0.696000 1.186000 0.014000 169 168 138
0.700000 1.215000 0.014000 164 164 136
0.649000 1.256000 0.015000 160 160 134
0.689000 1.390000 0.014000 164 161 146
0.818000 1.416000 0.015000 170 167 148
0.746000 1.401000 0.014000 167 164 145
0.735000 1.399000 0.014000 165 164 146
0.709000 1.364000 0.015000 167 164 147
0.646000 1.344000 0.016000 157 151 139
0.814000 1.417000 0.015000 171 166 146
0.723000 1.401000 0.014000 168 166 151
0.638000 1.325000 0.016000 168 165 150
0.706000 1.374000 0.015000 170 167 152
0.739000 1.379000 0.015000 163 162 142
0.687000 1.349000 0.016000 162 158 146
0.718000 1.405000 0.014000 165 163 150
0.691000 1.437000 0.015000 166 163 148
0.680000 1.428000 0.016000 162 156 142
0.709000 1.418000 0.014000 165 163 150
0.730000 1.434000 0.014000 166 162 150
0.723000 1.428000 0.014000 164 160 148
0.628000 1.393000 0.017000 162 159 144
0.730000 1.455000 0.014000 167 164 149
0.703000 1.407000 0.014000 166 163 148
0.692000 1.432000 0.015000 164 161 146
0.587000 1.330000 0.017000 155 152 135
0.801000 1.465000 0.013000 175 170 150
0.817000 1.427000 0.014000 174 169 150
0.823000 1.430000 0.014000 173 168 149
0.805000 1.484000 0.012000 174 169 150
0.820000 1.458000 0.013000 172 169 150
0.827000 1.467000 0.013000 176 171 152
0.803000 1.477000 0.012000 174 169 149
0.794000 1.378000 0.015000 167 167 143
0.816000 1.354000 0.014000 160 162 138
0.784000 1.354000 0.015000 163 161 136
0.732000 1.364000 0.015000 166 165 145
0.830000 1.364000 0.014000 171 171 147
0.765000 1.318000 0.015000 172 167 147
0.830000 1.312000 0.014000 173 171 146
0.762000 1.367000 0.015000 165 164 143
0.822000 1.361000 0.014000 165 167 143
0.800000 1.316000 0.014000 169 167 142
0.825000 1.386000 0.015000 169 169 145
0.763000 1.311000 0.015000 169 164 144
0.764000 1.344000 0.015000 169 164 142
0.784000 1.386000 0.015000 167 165 144
0.790000 1.312000 0.014000 171 166 144
0.723000 1.302000 0.015000 167 165 140
0.825000 1.258000 0.013000 175 171 144
0.801000 1.263000 0.014000 171 167 142
0.735000 1.300000 0.015000 168 166 143
0.771000 1.285000 0.014000 172 165 146
0.805000 1.266000 0.014000 172 168 143
0.776000 1.563000 0.016000 176 169 159
0.763000 1.547000 0.016000 171 167 155
0.778000 1.561000 0.016000 176 169 159
0.758000 1.550000 0.016000 170 166 154
0.789000 1.542000 0.015000 173 166 156
0.740000 1.529000 0.016000 167 161 147
0.796000 1.585000 0.016000 175 168 160
0.764000 1.462000 0.013000 172 163 146
0.820000 1.528000 0.013000 174 167 151
0.766000 1.462000 0.013000 172 163 146
0.901000 0.217000 0.009000 38 37 32
0.898000 0.226000 0.016000 43 42 37
0.814000 0.203000 0.021000 34 33 31
0.926000 0.247000 0.023000 40 39 34
0.918000 0.243000 0.022000 43 42 37
0.834000 0.211000 0.022000 40 36 35
0.874000 0.225000 0.021000 46 45 40
0.809000 0.189000 0.013000 39 35 34
0.833000 0.203000 0.016000 39 35 34
0.798000 0.195000 0.020000 35 31 30
0.924000 0.242000 0.020000 40 39 34
0.949000 0.255000 0.023000 39 36 29
0.864000 0.337000 0.020000 69 67 55
0.909000 0.353000 0.015000 68 66 51
0.903000 0.358000 0.014000 71 69 56
0.905000 0.324000 0.019000 86 86 78
0.860000 0.344000 0.019000 65 63 51
0.909000 0.294000 0.023000 70 71 73
0.887000 0.313000 0.022000 95 95 95
0.933000 0.286000 0.023000 28 28 26
0.984000 0.346000 0.011000 76 74 61
0.977000 0.307000 0.018000 28 29 24
0.883000 0.320000 0.021000 43 42 37
1.030000 0.340000 0.010000 50 47 40
0.881000 0.327000 0.020000 76 76 68
1.000000 0.311000 0.016000 29 30 24
0.958000 0.293000 0.021000 29 28 24
0.855000 0.330000 0.021000 70 67 60
0.867000 0.322000 0.022000 67 67 57
0.977000 0.301000 0.019000 29 30 25
0.979000 0.313000 0.017000 35 35 27
0.969000 0.365000 0.010000 74 72 57
0.939000 0.310000 0.019000 41 38 33
0.918000 0.433000 0.014000 165 162 143
0.969000 0.594000 0.014000 167 168 137
0.977000 0.509000 0.011000 171 165 139
0.927000 0.387000 0.012000 91 91 67
0.860000 0.375000 0.017000 80 77 58
0.931000 0.384000 0.012000 88 87 66
0.947000 0.442000 0.012000 164 164 140
0.868000 0.388000 0.017000 86 82 57
0.972000 0.514000 0.012000 169 165 138
0.967000 0.429000 0.010000 165 164 144
0.940000 0.449000 0.013000 167 165 140
0.973000 0.456000 0.010000 165 164 143
0.974000 0.507000 0.012000 171 165 139
0.836000 0.376000 0.019000 61 59 46
0.957000 0.466000 0.012000 167 165 142
0.916000 0.513000 0.016000 167 166 136
0.876000 0.449000 0.018000 162 162 138
0.919000 0.415000 0.014000 150 149 128
0.944000 0.432000 0.012000 162 161 140
0.941000 0.458000 0.013000 169 168 140
0.952000 0.571000 0.015000 172 165 137
0.990000 0.592000 0.012000 172 168 139
0.967000 0.437000 0.011000 161 160 140
0.967000 0.443000 0.011000 161 160 140
0.982000 0.599000 0.013000 168 167 137
0.913000 0.515000 0.016000 167 166 136
0.952000 0.550000 0.014000 167 165 140
0.969000 0.441000 0.010000 161 160 140
0.905000 0.396000 0.014000 107 105 82
0.974000 0.608000 0.014000 174 171 140
0.906000 0.371000 0.014000 87 82 62
0.847000 0.378000 0.018000 89 87 66
0.985000 0.520000 0.011000 162 161 131
0.869000 0.447000 0.018000 161 161 137
1.431000 0.273000 0.019000 87 75 59
1.324000 0.240000 0.011000 15 11 10
1.373000 0.232000 0.016000 59 52 42
1.363000 0.153000 0.021000 47 38 31
1.358000 0.290000 0.011000 62 55 47
1.314000 0.143000 0.017000 33 28 24
1.403000 0.172000 0.023000 59 49 39
1.353000 0.203000 0.016000 46 39 31
1.331000 0.138000 0.019000 36 31 25
1.411000 0.199000 0.022000 64 54 45
1.328000 0.164000 0.017000 39 34 30
1.376000 0.250000 0.015000 64 57 47
1.356000 0.241000 0.014000 45 40 34
1.415000 0.249000 0.019000 77 67 57
1.350000 0.299000 0.009000 44 40 31
1.334000 0.148000 0.018000 37 32 26
1.360000 0.184000 0.018000 48 41 33
1.428000 0.212000 0.023000 68 62 50
1.354000 0.159000 0.020000 46 37 30
1.406000 0.282000 0.016000 81 69 55
1.322000 0.207000 0.013000 19 14 10
1.332000 0.274000 0.009000 16 13 8
1.354000 0.301000 0.009000 56 52 43
1.414000 0.193000 0.023000 64 54 45
1.413000 0.206000 0.022000 65 55 46
1.480000 0.335000 0.011000 122 111 91
1.587000 0.276000 0.021000 160 144 129
1.420000 0.334000 0.011000 103 92 72
1.457000 0.324000 0.013000 101 88 69
1.590000 0.315000 0.016000 143 140 133
1.622000 0.335000 0.013000 102 92 83
1.493000 0.290000 0.018000 125 108 88
1.590000 0.316000 0.015000 143 140 133
1.532000 0.322000 0.014000 148 141 125
1.470000 0.292000 0.017000 111 94 74
1.495000 0.263000 0.022000 114 99 80
1.494000 0.335000 0.011000 137 124 105
1.490000 0.285000 0.019000 120 103 83
1.592000 0.309000 0.016000 145 142 133
1.556000 0.275000 0.021000 150 135 116
1.612000 0.291000 0.019000 166 150 137
1.566000 0.326000 0.014000 145 141 140
1.579000 0.263000 0.023000 152 137 118
1.460000 0.271000 0.020000 95 84 64
1.501000 0.291000 0.018000 131 114 94
1.529000 0.337000 0.011000 169 161 148
1.585000 0.307000 0.017000 133 130 121
1.456000 0.319000 0.013000 100 87 68
1.539000 0.315000 0.015000 98 92 80
1.571000 0.354000 0.009000 162 156 142
1.655000 0.321000 0.017000 172 158 145
1.743000 0.370000 0.020000 166 160 146
1.808000 0.428000 0.018000 154 143 137
1.738000 0.357000 0.021000 164 156 143
1.651000 0.361000 0.010000 123 111 97
1.782000 0.443000 0.012000 179 170 153
1.666000 0.326000 0.018000 172 159 150
1.749000 0.391000 0.017000 167 160 144
1.632000 0.269000 0.023000 158 146 130
1.782000 0.422000 0.016000 177 168 151
1.763000 0.437000 0.011000 164 159 140
1.767000 0.435000 0.012000 166 159 141
1.642000 0.320000 0.016000 170 157 148
1.676000 0.336000 0.017000 173 161 149
1.639000 0.312000 0.017000 170 158 144
1.734000 0.399000 0.014000 174 167 149
1.744000 0.389000 0.017000 169 162 146
1.769000 0.415000 0.016000 171 164 145
1.695000 0.358000 0.016000 179 170 155
1.685000 0.382000 0.011000 176 164 152
1.849000 0.494000 0.012000 128 126 111
1.712000 0.357000 0.018000 168 160 147
1.845000 0.398000 0.017000 131 118 112
1.855000 0.436000 0.015000 126 111 104
1.854000 0.487000 0.013000 130 119 117
1.839000 0.397000 0.018000 132 119 113
1.849000 0.361000 0.018000 127 110 102
1.851000 0.392000 0.017000 130 115 108
1.847000 0.453000 0.015000 115 105 96
1.875000 0.471000 0.012000 116 103 97
1.802000 0.362000 0.022000 130 117 108
1.788000 0.387000 0.022000 158 149 142
1.852000 0.442000 0.015000 128 115 106
1.811000 0.316000 0.023000 127 110 102
1.832000 0.316000 0.022000 127 110 100
1.832000 0.424000 0.017000 138 125 117
1.794000 0.366000 0.022000 137 127 118
1.867000 0.425000 0.014000 126 111 104
1.832000 0.345000 0.020000 131 114 104
1.844000 0.297000 0.022000 129 112 104
1.833000 0.368000 0.019000 131 116 111
1.814000 0.356000 0.021000 131 117 108
0.857000 0.535000 0.017000 169 165 136
0.914000 0.657000 0.013000 173 170 139
0.844000 0.665000 0.013000 172 167 135
0.818000 0.588000 0.015000 173 168 138
0.813000 0.457000 0.019000 163 161 136
0.865000 0.537000 0.017000 168 164 135
0.861000 0.491000 0.018000 170 166 139
0.817000 0.575000 0.016000 173 168 138
0.792000 0.373000 0.022000 20 22 19
0.811000 0.457000 0.019000 165 163 138
0.843000 0.447000 0.019000 165 161 136
0.793000 0.390000 0.021000 40 39 34
0.831000 0.552000 0.016000 170 167 136
0.813000 0.537000 0.017000 169 168 138
0.965000 0.609000 0.015000 173 172 141
0.842000 0.472000 0.019000 168 164 139
0.866000 0.521000 0.017000 166 165 135
0.947000 0.655000 0.013000 174 171 140
0.905000 0.601000 0.015000 170 169 139
0.819000 0.654000 0.013000 170 169 139
0.946000 0.597000 0.015000 169 168 138
0.839000 0.487000 0.018000 171 167 142
0.901000 0.530000 0.017000 169 165 138
0.811000 0.516000 0.017000 165 165 137
0.849000 0.654000 0.013000 171 167 132
0.820000 0.415000 0.020000 103 102 82
0.876000 0.481000 0.018000 170 166 137
0.906000 0.554000 0.016000 171 166 137
0.813000 0.522000 0.017000 164 163 133
0.896000 0.658000 0.013000 173 168 138
0.839000 0.501000 0.018000 168 166 141
0.816000 0.535000 0.017000 168 167 137
0.816000 0.478000 0.018000 167 163 136
0.822000 0.632000 0.014000 171 168 135
0.871000 0.522000 0.017000 168 167 137
0.813000 0.491000 0.018000 166 165 137
0.899000 0.639000 0.014000 172 166 134
0.878000 0.512000 0.017000 171 167 138
0.818000 0.394000 0.021000 72 71 53
0.892000 0.507000 0.018000 167 163 134
0.849000 0.455000 0.019000 169 164 142
0.901000 0.640000 0.014000 172 166 134
0.810000 0.647000 0.014000 171 166 137
0.903000 0.654000 0.013000 171 166 136
0.950000 0.595000 0.015000 170 166 137
0.851000 0.469000 0.019000 168 167 139
0.885000 0.602000 0.015000 168 169 138
1.884000 0.467000 0.020000 121 108 102
1.889000 0.541000 0.020000 97 80 64
1.889000 0.543000 0.017000 94 77 61
1.889000 0.548000 0.013000 96 79 63
1.889000 0.549000 0.023000 90 73 57
1.910000 0.546000 0.014000 105 92 50
0.011000 0.633000 0.022000 126 124 99
0.012000 0.905000 0.018000 128 127 107
0.010000 0.683000 0.019000 129 126 107
0.011000 0.749000 0.020000 129 126 107
0.012000 0.850000 0.022000 128 126 105
0.011000 0.776000 0.018000 133 129 117
0.010000 0.735000 0.023000 130 128 107
0.015000 1.070000 0.020000 116 118 97
0.015000 1.039000 0.021000 119 117 96
0.010000 0.664000 0.013000 144 139 120
0.011000 0.755000 0.021000 131 128 109
0.026000 0.584000 0.016000 122 109 67
0.015000 0.611000 0.022000 114 108 74
0.026000 0.578000 0.021000 123 111 71
0.395000 0.458000 0.021000 170 173 156
0.230000 0.543000 0.016000 169 168 150
0.068000 0.514000 0.017000 160 157 140
0.269000 0.466000 0.019000 165 166 148
0.302000 0.465000 0.019000 171 170 149
0.028000 0.610000 0.014000 119 113 79
0.303000 0.517000 0.017000 169 167 152
0.268000 0.453000 0.019000 164 165 147
0.310000 0.495000 0.018000 173 171 156
0.068000 0.472000 0.018000 155 154 134
0.347000 0.465000 0.019000 165 164 144
0.304000 0.425000 0.020000 170 172 159
0.210000 0.413000 0.020000 163 162 144
0.214000 0.436000 0.020000 163 164 146
0.217000 0.462000 0.019000 164 166 145
0.276000 0.431000 0.020000 158 160 139
0.137000 0.496000 0.018000 165 164 146
0.337000 0.461000 0.019000 166 163 144
0.053000 0.607000 0.014000 167 162 140
0.351000 0.453000 0.020000 183 184 168
0.147000 0.536000 0.016000 168 166 151
0.207000 0.445000 0.019000 163 165 144
0.072000 0.576000 0.015000 160 161 143
0.344000 0.510000 0.018000 171 170 150
0.219000 0.402000 0.021000 164 162 147
0.189000 0.428000 0.020000 164 162 147
0.273000 0.463000 0.019000 169 171 150
0.307000 0.454000 0.019000 163 162 142
0.300000 0.518000 0.017000 169 167 152
0.062000 0.588000 0.015000 160 158 137
0.193000 0.397000 0.021000 162 163 145
0.042000 0.625000 0.013000 164 162 149
0.082000 0.601000 0.014000 165 166 152
0.089000 0.376000 0.021000 148 149 131
0.163000 0.382000 0.021000 159 161 140
0.312000 0.433000 0.020000 168 171 160
0.043000 0.558000 0.015000 105 96 65
0.073000 0.606000 0.014000 155 156 140
0.155000 0.478000 0.018000 166 164 151
0.256000 0.462000 0.019000 168 169 151
0.081000 0.609000 0.014000 164 165 151
0.115000 0.577000 0.015000 165 164 146
0.135000 0.353000 0.022000 171 173 151
0.062000 0.598000 0.014000 160 158 137
0.201000 0.517000 0.017000 168 166 151
0.144000 0.546000 0.016000 165 163 148
0.070000 0.453000 0.019000 149 148 128
0.117000 0.570000 0.015000 166 165 147
0.098000 0.350000 0.022000 158 155 136
0.205000 0.406000 0.021000 162 163 145
0.151000 0.453000 0.019000 158 157 139
0.257000 0.479000 0.019000 166 167 149
0.162000 0.399000 0.021000 162 161 143
0.128000 0.429000 0.020000 145 144 123
0.115000 0.492000 0.018000 162 161 143
0.059000 0.498000 0.017000 151 144 116
0.139000 0.453000 0.019000 158 157 137
0.131000 0.378000 0.021000 149 148 128
0.237000 0.456000 0.019000 162 163 147
0.159000 0.362000 0.022000 158 159 141
0.370000 0.484000 0.019000 168 166 153
0.121000 0.566000 0.015000 166 165 147
0.153000 0.437000 0.020000 160 159 139
0.071000 0.561000 0.015000 163 160 143
0.132000 0.575000 0.015000 166 165 145
0.332000 0.522000 0.017000 170 169 148
0.192000 0.422000 0.020000 163 161 146
0.188000 0.561000 0.016000 169 167 154
0.302000 0.514000 0.018000 168 166 151
0.221000 0.540000 0.017000 171 168 153
0.194000 0.568000 0.016000 170 168 155
0.166000 0.496000 0.018000 165 166 150
0.280000 0.430000 0.020000 160 162 141
0.105000 0.470000 0.018000 163 162 144
0.161000 0.364000 0.022000 163 164 146
0.089000 0.469000 0.018000 156 155 137
0.091000 0.533000 0.016000 160 159 141
0.074000 0.448000 0.019000 151 150 130
0.068000 0.549000 0.016000 155 152 133
0.181000 0.442000 0.019000 164 162 149
0.292000 0.461000 0.019000 168 167 146
0.187000 0.471000 0.019000 165 166 148
0.158000 0.531000 0.017000 169 166 151
0.178000 0.554000 0.016000 168 165 150
0.068000 0.482000 0.018000 134 136 115
0.180000 0.429000 0.020000 163 162 144
0.323000 0.485000 0.019000 170 168 153
0.345000 0.512000 0.018000 174 173 152
0.249000 0.468000 0.019000 166 167 149
0.242000 0.438000 0.020000 167 165 150
0.105000 0.331000 0.023000 135 132 101
0.212000 0.506000 0.018000 167 168 150
0.160000 0.569000 0.015000 170 169 151
0.088000 0.446000 0.019000 156 158 137
0.134000 0.392000 0.021000 149 148 127
0.070000 0.520000 0.017000 157 155 142
0.072000 0.587000 0.015000 162 163 147
0.206000 0.424000 0.020000 163 162 144
0.348000 0.439000 0.020000 141 143 130
0.197000 0.412000 0.020000 162 163 145
0.460000 0.650000 0.018000 168 166 141
0.236000 0.732000 0.015000 175 173 160
0.241000 0.768000 0.015000 172 174 160
0.435000 0.677000 0.018000 163 166 139
0.116000 0.640000 0.014000 171 169 156
0.309000 0.731000 0.016000 174 173 153
0.088000 0.714000 0.014000 168 166 153
0.237000 0.629000 0.016000 166 164 149
0.212000 0.633000 0.015000 161 162 146
0.404000 0.590000 0.018000 112 113 95
0.212000 0.573000 0.016000 167 168 152
0.410000 0.914000 0.017000 167 166 146
0.081000 0.661000 0.014000 166 167 149
0.370000 0.818000 0.017000 172 171 153
0.357000 0.657000 0.017000 170 169 149
0.468000 0.892000 0.018000 164 163 145
0.211000 0.760000 0.015000 170 170 158
0.303000 0.863000 0.016000 172 173 157
0.344000 0.634000 0.017000 171 170 152
0.262000 0.745000 0.016000 171 172 156
0.469000 0.806000 0.018000 165 164 143
0.035000 0.658000 0.013000 159 160 146
0.341000 0.753000 0.017000 164 163 145
0.093000 0.679000 0.014000 170 168 155
0.225000 0.590000 0.016000 166 167 151
0.236000 0.648000 0.016000 175 174 156
0.337000 0.582000 0.017000 172 171 150
0.232000 0.645000 0.016000 175 173 158
0.454000 0.647000 0.018000 166 166 140
0.276000 0.665000 0.016000 171 169 154
0.460000 0.797000 0.018000 165 164 143
0.395000 0.857000 0.017000 166 167 149
0.315000 0.710000 0.016000 169 170 152
0.412000 0.516000 0.018000 169 168 148
0.164000 0.681000 0.015000 169 167 152
0.366000 0.689000 0.017000 171 169 148
0.161000 0.718000 0.014000 170 168 153
0.378000 0.652000 0.017000 168 167 146
0.272000 0.618000 0.016000 174 173 153
0.124000 0.617000 0.014000 169 167 154
0.389000 0.715000 0.017000 172 170 149
0.292000 0.698000 0.016000 173 171 156
0.163000 0.730000 0.014000 172 170 157
0.381000 0.821000 0.017000 173 170 153
0.248000 0.608000 0.016000 172 170 155
0.449000 0.912000 0.017000 165 167 146
0.321000 0.770000 0.016000 172 170 155
0.242000 0.621000 0.016000 173 171 156
0.372000 0.724000 0.017000 170 167 148
0.085000 0.698000 0.014000 168 166 153
0.426000 0.912000 0.017000 163 165 144
0.487000 0.882000 0.018000 166 165 147
0.267000 0.664000 0.016000 173 171 156
0.499000 0.966000 0.018000 163 165 141
0.185000 0.638000 0.015000 171 169 154
0.480000 0.911000 0.018000 163 162 142
0.204000 0.612000 0.015000 172 169 152
0.354000 0.693000 0.017000 173 170 151
0.292000 0.638000 0.016000 167 168 150
0.314000 0.738000 0.016000 172 171 153
0.385000 0.680000 0.017000 170 168 147
0.270000 0.559000 0.016000 175 172 155
0.361000 0.841000 0.016000 166 167 151
0.321000 0.696000 0.017000 172 170 155
0.345000 0.632000 0.017000 171 170 152
0.104000 0.651000 0.014000 166 164 151
0.370000 0.805000 0.017000 171 170 152
0.218000 0.638000 0.015000 169 170 154
0.183000 0.729000 0.015000 173 171 158
0.314000 0.812000 0.016000 174 172 157
0.368000 0.521000 0.018000 171 170 149
0.230000 0.759000 0.015000 172 172 160
0.461000 0.859000 0.018000 163 165 143
0.394000 0.754000 0.017000 166 165 144
0.390000 0.527000 0.018000 158 157 137
0.397000 0.509000 0.018000 164 163 143
0.418000 0.787000 0.017000 169 168 147
0.432000 0.609000 0.018000 169 169 145
0.397000 0.772000 0.017000 170 169 148
0.430000 0.571000 0.018000 169 171 147
0.441000 0.721000 0.018000 170 168 145
0.335000 0.811000 0.016000 172 171 153
0.190000 0.605000 0.015000 175 172 155
0.422000 0.881000 0.017000 159 162 143
0.110000 0.730000 0.014000 170 167 152
0.212000 0.606000 0.015000 171 168 151
0.323000 0.607000 0.017000 173 170 153
0.399000 0.911000 0.017000 166 165 145
0.249000 0.777000 0.015000 171 171 159
0.463000 0.893000 0.018000 166 165 147
0.166000 0.593000 0.015000 169 167 152
0.360000 0.748000 0.017000 170 169 149
0.208000 0.624000 0.015000 168 170 149
0.127000 0.639000 0.014000 169 167 152
0.097000 0.734000 0.014000 169 165 153
0.056000 0.646000 0.013000 162 163 149
0.274000 0.607000 0.016000 171 169 154
0.385000 0.812000 0.017000 169 168 150
0.064000 0.658000 0.013000 165 166 152
0.302000 0.768000 0.016000 170 170 158
0.278000 0.816000 0.016000 169 172 155
0.464000 0.839000 0.018000 159 161 139
0.310000 0.772000 0.016000 174 172 160
0.177000 0.750000 0.015000 174 172 159
0.465000 0.934000 0.017000 166 163 144
0.104000 0.719000 0.014000 169 167 154
0.238000 0.610000 0.016000 172 171 153
0.236000 0.654000 0.016000 176 175 157
0.345000 0.681000 0.017000 174 171 152
0.371000 0.726000 0.017000 168 165 146
0.061000 0.665000 0.013000 165 166 152
0.224000 0.690000 0.015000 174 172 159
0.199000 0.746000 0.015000 174 172 159
0.332000 0.807000 0.016000 171 170 152
0.389000 0.545000 0.018000 160 159 138
0.380000 0.801000 0.017000 169 168 150
0.433000 0.643000 0.018000 169 169 143
0.178000 0.672000 0.015000 169 167 152
0.374000 0.656000 0.017000 168 167 146
0.465000 0.895000 0.018000 165 164 146
0.394000 0.593000 0.018000 166 165 147
0.389000 0.662000 0.017000 171 170 150
0.493000 0.959000 0.018000 165 165 141
0.141000 0.652000 0.014000 169 167 152
0.247000 0.657000 0.016000 174 173 155
0.411000 0.811000 0.017000 167 169 148
0.403000 0.789000 0.017000 166 170 147
0.224000 0.717000 0.015000 176 174 159
0.471000 0.892000 0.018000 166 165 147
0.410000 0.897000 0.017000 168 170 149
0.349000 0.538000 0.017000 172 171 150
0.272000 0.761000 0.016000 176 174 161
0.407000 0.745000 0.017000 169 167 146
0.230000 0.785000 0.015000 172 172 160
0.227000 0.724000 0.015000 177 174 159
0.300000 0.540000 0.017000 169 168 148
0.385000 0.760000 0.017000 168 167 146
0.438000 0.720000 0.018000 168 166 143
0.362000 0.752000 0.017000 169 168 148
0.319000 0.729000 0.016000 172 171 153
0.464000 0.894000 0.018000 166 165 147
0.369000 0.831000 0.017000 169 170 154
0.326000 0.831000 0.016000 172 170 155
0.408000 0.799000 0.017000 168 171 150
0.379000 0.554000 0.018000 166 164 141
0.258000 0.716000 0.016000 175 173 158
0.288000 0.754000 0.016000 169 170 156
0.328000 0.860000 0.016000 169 170 154
0.180000 0.764000 0.015000 173 171 158
0.281000 0.667000 0.016000 169 167 152
0.353000 0.528000 0.018000 171 168 149
0.400000 0.809000 0.017000 166 169 148
0.394000 0.567000 0.018000 170 169 148
0.316000 0.800000 0.016000 174 173 155
0.096000 0.698000 0.014000 166 164 151
0.157000 0.601000 0.015000 171 169 154
0.254000 0.578000 0.016000 169 168 150
0.440000 0.545000 0.019000 165 167 143
0.244000 0.560000 0.016000 171 168 151
0.395000 0.539000 0.018000 165 164 143
0.442000 0.700000 0.018000 165 163 140
0.413000 0.808000 0.017000 167 169 148
0.135000 0.703000 0.014000 172 170 155
0.402000 0.742000 0.017000 170 168 147
0.330000 0.788000 0.016000 169 168 148
0.401000 0.798000 0.017000 164 167 146
0.203000 0.573000 0.016000 169 170 154
0.179000 0.589000 0.015000 166 164 151
0.036000 0.646000 0.013000 166 169 152
0.394000 0.882000 0.017000 165 166 148
0.716000 0.635000 0.014000 167 166 136
0.745000 0.560000 0.016000 170 166 139
0.626000 0.423000 0.020000 75 75 65
0.598000 0.479000 0.019000 173 171 150
0.785000 0.498000 0.018000 168 167 137
0.781000 0.606000 0.015000 169 165 136
0.662000 0.474000 0.019000 162 165 144
0.503000 0.512000 0.018000 171 171 147
0.716000 0.531000 0.017000 160 165 135
0.753000 0.529000 0.017000 167 166 136
0.644000 0.478000 0.019000 161 166 146
0.622000 0.489000 0.018000 170 172 150
0.502000 0.472000 0.019000 167 166 145
0.760000 0.520000 0.017000 167 168 137
0.677000 0.479000 0.019000 162 164 140
0.742000 0.517000 0.017000 167 167 139
0.773000 0.634000 0.014000 169 165 136
0.579000 0.463000 0.019000 103 107 92
0.584000 0.466000 0.019000 158 162 145
0.715000 0.577000 0.016000 169 164 142
0.622000 0.513000 0.018000 170 170 146
0.695000 0.404000 0.021000 67 67 57
0.682000 0.400000 0.021000 63 63 53
0.631000 0.462000 0.019000 164 166 144
0.689000 0.557000 0.016000 166 166 140
0.676000 0.401000 0.021000 63 63 53
0.573000 0.517000 0.018000 170 170 146
0.776000 0.398000 0.021000 55 55 45
0.761000 0.534000 0.017000 168 164 135
0.772000 0.666000 0.013000 171 166 137
0.560000 0.501000 0.018000 171 171 145
0.738000 0.586000 0.016000 171 165 139
0.750000 0.385000 0.021000 38 39 34
0.660000 0.478000 0.019000 163 168 145
0.569000 0.538000 0.017000 169 169 145
0.533000 0.507000 0.018000 171 170 149
0.749000 0.377000 0.021000 38 39 34
0.678000 0.458000 0.019000 153 156 139
0.625000 0.516000 0.018000 171 171 147
0.704000 0.468000 0.019000 159 163 138
0.550000 0.521000 0.018000 172 172 148
0.661000 0.582000 0.016000 161 165 138
0.580000 0.468000 0.019000 168 171 150
0.688000 0.618000 0.015000 168 167 139
0.598000 0.500000 0.018000 169 169 145
0.774000 0.494000 0.018000 166 165 135
0.761000 0.504000 0.018000 165 166 135
0.596000 0.431000 0.020000 48 48 40
0.757000 0.415000 0.020000 77 76 58
0.727000 0.382000 0.021000 40 39 35
0.701000 0.593000 0.015000 167 163 138
0.709000 0.569000 0.016000 167 165 140
0.671000 0.401000 0.021000 62 62 52
0.699000 0.505000 0.018000 166 164 139
0.677000 0.533000 0.017000 161 164 137
0.726000 0.373000 0.022000 36 35 31
0.626000 0.542000 0.017000 170 170 146
0.650000 0.602000 0.015000 163 166 139
0.655000 0.570000 0.016000 162 165 138
0.635000 0.435000 0.020000 63 63 53
0.672000 0.587000 0.016000 162 165 138
0.638000 0.521000 0.018000 167 167 143
0.560000 0.462000 0.019000 143 147 132
0.683000 0.491000 0.018000 166 166 140
0.787000 0.560000 0.016000 168 164 135
0.770000 0.386000 0.021000 41 43 40
0.776000 0.603000 0.015000 169 165 136
0.708000 0.512000 0.018000 168 166 141
0.789000 0.627000 0.014000 167 166 136
0.736000 0.467000 0.019000 161 163 139
0.505000 0.488000 0.019000 171 171 147
0.795000 0.623000 0.014000 167 166 135
0.657000 0.415000 0.021000 78 78 70
0.591000 0.556000 0.017000 172 172 148
0.549000 0.448000 0.020000 47 48 42
0.520000 0.524000 0.018000 169 167 146
0.627000 0.491000 0.018000 167 169 147
0.782000 0.627000 0.014000 166 165 135
0.657000 0.507000 0.018000 164 167 140
0.752000 0.578000 0.016000 171 165 141
0.584000 0.512000 0.018000 163 163 139
0.669000 0.611000 0.015000 167 167 139
0.778000 0.644000 0.014000 168 165 134
0.802000 0.557000 0.016000 170 166 137
0.561000 0.471000 0.019000 166 168 144
0.620000 0.524000 0.017000 168 168 144
0.781000 0.365000 0.022000 20 22 19
0.491000 0.634000 0.018000 169 167 144
0.510000 0.543000 0.018000 167 167 143
0.622000 0.797000 0.016000 168 168 140
0.586000 0.570000 0.016000 168 166 143
0.505000 0.823000 0.018000 167 166 145
0.514000 0.886000 0.018000 165 160 140
0.476000 0.688000 0.018000 165 165 141
0.539000 0.555000 0.017000 170 168 145
0.617000 0.664000 0.016000 162 162 136
0.620000 0.857000 0.016000 163 164 133
0.513000 0.999000 0.018000 163 163 137
0.624000 0.615000 0.016000 164 162 137
0.525000 0.865000 0.017000 166 163 144
0.601000 0.841000 0.016000 165 165 137
0.567000 0.899000 0.017000 160 159 131
0.497000 0.873000 0.018000 162 161 141
0.578000 0.800000 0.016000 168 168 140
0.513000 1.004000 0.018000 164 162 139
0.572000 0.611000 0.017000 168 168 144
0.503000 0.704000 0.018000 167 167 143
0.627000 0.741000 0.016000 164 164 138
0.686000 0.687000 0.014000 170 166 141
0.568000 0.811000 0.017000 165 166 135
0.555000 0.857000 0.017000 166 164 141
0.522000 0.858000 0.017000 168 166 145
0.539000 0.918000 0.017000 165 161 136
0.698000 0.723000 0.014000 168 165 132
0.584000 0.794000 0.016000 167 167 141
0.564000 0.932000 0.017000 162 160 135
0.605000 0.595000 0.016000 166 166 142
0.632000 0.775000 0.015000 167 167 139
0.535000 0.596000 0.017000 168 166 143
0.563000 0.821000 0.017000 167 168 137
0.568000 0.860000 0.017000 163 161 136
0.499000 0.593000 0.018000 170 168 147
0.713000 0.699000 0.014000 171 168 137
0.591000 0.662000 0.016000 162 162 136
0.702000 0.730000 0.014000 168 165 132
0.525000 0.775000 0.017000 164 162 139
0.564000 0.716000 0.017000 166 164 141
0.646000 0.739000 0.015000 162 162 134
0.505000 0.909000 0.018000 163 163 139
0.521000 0.563000 0.017000 172 170 147
0.537000 0.780000 0.017000 167 165 140
0.697000 0.698000 0.014000 168 164 135
0.632000 0.744000 0.015000 162 162 134
0.523000 0.896000 0.017000 165 160 138
0.587000 0.696000 0.016000 165 163 138
0.584000 0.774000 0.016000 168 168 142
0.585000 0.678000 0.016000 164 162 139
0.554000 0.585000 0.017000 170 168 147
0.681000 0.645000 0.015000 167 166 138
0.637000 0.685000 0.015000 166 162 137
0.575000 0.863000 0.016000 162 162 136
0.524000 0.682000 0.017000 167 167 143
0.567000 0.860000 0.017000 163 161 136
0.536000 0.922000 0.017000 166 162 137
0.564000 0.711000 0.017000 167 165 140
0.659000 0.766000 0.015000 165 166 134
0.480000 0.614000 0.018000 169 167 144
0.664000 0.778000 0.015000 166 167 133
0.585000 0.601000 0.016000 164 164 140
0.630000 0.768000 0.015000 163 163 139
0.607000 0.854000 0.016000 162 162 134
0.491000 0.728000 0.018000 168 167 146
0.650000 0.715000 0.015000 168 167 139
0.678000 0.646000 0.015000 167 166 138
0.708000 0.684000 0.014000 167 163 134
0.631000 0.659000 0.015000 161 159 134
0.500000 0.561000 0.018000 169 167 144
0.600000 0.647000 0.016000 162 162 136
0.537000 0.740000 0.017000 166 166 142
0.491000 0.544000 0.018000 168 170 146
0.565000 0.610000 0.017000 167 165 142
0.556000 0.829000 0.017000 168 168 140
0.624000 0.617000 0.016000 165 163 138
0.548000 0.580000 0.017000 173 171 148
0.612000 0.793000 0.016000 166 166 140
0.538000 0.607000 0.017000 168 166 143
0.550000 0.724000 0.017000 170 165 143
0.488000 0.622000 0.018000 169 167 144
0.465000 0.600000 0.019000 167 167 143
0.556000 0.848000 0.017000 164 162 137
0.493000 0.738000 0.018000 167 166 145
0.575000 0.782000 0.016000 168 168 142
0.518000 0.785000 0.017000 161 163 141
0.591000 0.668000 0.016000 162 162 136
0.506000 0.622000 0.018000 169 167 144
0.533000 0.561000 0.017000 171 169 146
0.724000 0.662000 0.014000 168 163 134
0.514000 0.663000 0.018000 167 167 143
0.667000 0.682000 0.015000 166 160 138
0.674000 0.691000 0.015000 171 166 144
0.547000 0.674000 0.017000 169 167 142
0.605000 0.652000 0.016000 162 162 136
0.658000 0.687000 0.015000 165 161 136
0.501000 0.672000 0.018000 167 167 143
0.532000 0.616000 0.017000 170 168 145
0.509000 0.928000 0.018000 163 163 137
0.515000 0.858000 0.018000 168 166 145
0.550000 0.917000 0.017000 162 161 133
0.512000 0.589000 0.018000 170 168 147
0.727000 0.652000 0.014000 169 165 136
0.502000 0.896000 0.018000 164 159 139
0.535000 0.895000 0.017000 164 162 139
0.608000 0.811000 0.016000 166 166 138
0.487000 0.714000 0.018000 166 166 142
0.534000 0.933000 0.017000 164 162 137
0.461000 0.479000 0.020000 165 164 143
0.692000 0.386000 0.022000 44 43 38
0.737000 0.368000 0.023000 25 26 21
0.719000 0.375000 0.023000 34 35 30
0.446000 0.478000 0.021000 169 167 146
1.312000 0.208000 0.013000 16 15 13
1.325000 0.253000 0.013000 17 13 10
1.332000 0.261000 0.021000 16 12 9
1.327000 0.244000 0.021000 16 12 9
1.341000 0.294000 0.019000 16 13 6
1.316000 0.216000 0.016000 18 14 11
0.732000 0.295000 0.021000 5 5 5
0.012000 1.648000 1.666000 127 123 88
0.011000 1.661000 1.787000 128 121 92
0.025000 1.697000 1.999000 116 91 60
0.021000 1.707000 2.124000 129 115 89
0.028000 1.683000 1.846000 129 116 82
0.014000 1.698000 2.099000 135 127 106
0.026000 1.691000 1.934000 137 114 83
0.016000 1.690000 2.015000 143 128 99
0.013000 1.654000 1.710000 127 123 88
0.012000 1.679000 1.947000 129 120 91
0.022000 1.697000 2.025000 124 105 88
0.012000 1.652000 1.699000 128 124 89
0.028000 1.699000 1.990000 120 91 59
0.023000 1.664000 1.715000 125 125 89
0.025000 1.681000 1.858000 129 118 88
0.031000 1.707000 2.080000 100 89 71
0.033000 1.710000 2.138000 110 98 72
0.020000 1.710000 2.181000 128 131 114
0.032000 1.709000 2.120000 131 117 91
0.028000 1.683000 1.299000 139 135 100
0.020000 1.678000 1.132000 140 135 106
0.033000 1.684000 1.267000 141 132 103
0.029000 1.684000 1.339000 136 132 94
0.027000 1.680000 1.112000 142 136 112
0.020000 1.677000 1.061000 118 115 96
0.030000 1.681000 1.127000 143 136 108
0.023000 0.423000 0.603000 165 158 130
0.029000 0.216000 0.624000 130 126 101
0.031000 0.222000 0.618000 163 161 136
0.009000 0.246000 0.674000 124 123 95
0.022000 0.246000 0.638000 132 127 98
0.024000 0.272000 0.627000 147 143 118
0.012000 0.314000 0.652000 138 134 109
0.021000 0.195000 0.650000 117 113 86
0.028000 0.277000 0.617000 169 167 146
0.022000 0.379000 0.612000 182 178 151
0.026000 0.189000 0.638000 121 117 88
0.021000 0.422000 0.608000 193 187 153
0.014000 0.545000 0.604000 178 172 136
0.007000 0.252000 0.677000 127 126 98
0.007000 0.314000 0.667000 139 133 109
0.009000 0.205000 0.681000 120 116 87
0.005000 0.213000 0.691000 123 119 92
0.019000 0.244000 0.646000 127 123 96
0.003000 0.192000 0.701000 118 114 87
0.030000 0.275000 0.610000 124 123 102
0.010000 0.561000 0.611000 172 166 132
0.026000 0.140000 0.646000 116 110 78
0.017000 0.448000 0.614000 169 163 131
0.002000 0.184000 0.704000 118 116 93
0.005000 0.258000 0.683000 128 126 101
0.017000 0.388000 0.625000 157 151 125
0.022000 0.420000 0.606000 168 162 128
0.005000 0.203000 0.692000 120 117 86
0.009000 0.193000 0.685000 118 113 84
0.009000 0.285000 0.667000 132 130 109
0.015000 0.309000 0.646000 139 133 111
0.019000 0.447000 0.608000 175 168 139
0.012000 0.165000 0.682000 110 110 82
0.015000 0.305000 0.647000 138 132 110
0.017000 0.501000 0.603000 178 167 135
0.031000 0.161000 0.629000 129 124 92
0.004000 0.201000 2.204000 141 134 108
0.007000 0.383000 2.214000 145 139 115
0.004000 0.166000 2.130000 137 132 103
0.005000 0.280000 2.178000 144 137 118
0.006000 0.358000 2.207000 144 136 117
0.007000 0.395000 2.218000 144 138 116
0.004000 0.214000 2.126000 141 134 108
0.007000 0.426000 2.208000 145 138 119
0.006000 0.357000 2.198000 144 136 117
0.006000 0.296000 2.181000 144 137 118
0.009000 0.577000 2.208000 145 137 124
0.006000 0.358000 2.144000 142 136 120
0.003000 0.116000 2.205000 136 129 103
0.010000 0.595000 2.218000 144 137 127
0.004000 0.153000 2.080000 137 130 101
0.005000 0.221000 2.120000 141 134 106
0.006000 0.343000 2.204000 145 137 118
0.006000 0.313000 2.164000 143 136 117
0.009000 0.520000 2.199000 144 139 120
0.007000 0.429000 2.191000 143 136 117
0.003000 0.104000 2.066000 135 126 97
0.009000 0.522000 2.191000 141 138 119
0.004000 0.197000 2.138000 141 133 112
0.005000 0.221000 2.213000 142 136 114
0.003000 0.106000 2.068000 135 126 97
0.003000 0.142000 2.109000 136 131 101
0.004000 0.173000 2.106000 139 132 104
0.008000 0.506000 2.218000 143 137 121
0.006000 0.339000 2.160000 143 136 118
0.004000 0.198000 2.089000 143 136 108
0.006000 0.331000 2.193000 145 137 118
0.005000 0.229000 2.124000 142 135 107
0.003000 0.104000 2.062000 135 126 97
0.003000 0.112000 2.111000 137 128 99
0.003000 0.100000 2.148000 138 129 98
0.007000 0.367000 2.137000 143 136 118
0.006000 0.316000 2.130000 144 137 118
0.009000 0.542000 2.192000 144 137 121
0.004000 0.199000 2.152000 144 133 113
0.008000 0.467000 2.167000 143 136 117
0.007000 0.415000 2.200000 144 137 118
0.003000 0.127000 2.160000 138 131 102
0.007000 0.432000 2.216000 144 137 118
0.004000 0.188000 2.135000 141 133 110
0.005000 0.235000 2.127000 144 137 109
0.005000 0.266000 2.160000 144 136 115
0.009000 0.520000 2.187000 142 137 118
0.004000 0.211000 2.144000 143 135 112
0.005000 0.233000 2.127000 144 137 109
0.005000 0.274000 2.149000 144 136 117
0.004000 0.191000 2.191000 142 131 109
0.003000 0.117000 2.104000 137 128 99
0.007000 0.384000 2.217000 143 137 113
0.008000 0.504000 2.213000 143 137 121
0.003000 0.087000 2.170000 138 129 100
0.003000 0.099000 2.153000 135 130 100
0.005000 0.258000 2.111000 144 136 113
0.005000 0.275000 2.138000 145 137 116
0.003000 0.106000 2.070000 137 126 98
0.007000 0.413000 2.193000 144 137 118
0.005000 0.227000 2.101000 143 136 110
0.006000 0.344000 2.188000 146 134 118
0.007000 0.431000 2.199000 144 137 118
0.003000 0.119000 2.067000 137 128 99
0.004000 0.159000 2.148000 136 132 103
0.003000 0.135000 2.069000 139 130 101
0.008000 0.479000 2.166000 142 135 116
0.004000 0.175000 2.182000 143 133 108
0.004000 0.191000 2.189000 142 131 109
0.003000 0.101000 2.107000 137 128 99
0.006000 0.331000 2.147000 142 137 118
0.005000 0.285000 2.146000 142 135 116
0.007000 0.388000 2.166000 146 137 122
0.007000 0.404000 2.220000 145 139 117
0.008000 0.480000 2.186000 143 135 116
0.009000 0.508000 2.211000 143 137 121
0.005000 0.277000 2.169000 145 138 119
0.006000 0.335000 2.181000 144 135 118
0.005000 0.222000 2.164000 142 134 111
0.004000 0.149000 2.192000 142 133 104
0.004000 0.183000 2.150000 143 132 110
0.004000 0.190000 2.127000 140 134 110
0.004000 0.212000 2.090000 142 135 109
0.008000 0.459000 2.226000 143 138 116
0.006000 0.293000 2.197000 143 138 118
0.006000 0.292000 2.106000 146 135 115
0.002000 0.254000 0.746000 128 126 105
0.008000 0.503000 0.664000 155 149 127
0.006000 0.400000 0.678000 151 145 121
0.009000 0.542000 0.663000 154 149 127
0.006000 0.430000 0.721000 151 146 127
0.004000 0.355000 0.806000 147 142 122
0.001000 0.203000 0.707000 120 116 87
0.005000 0.370000 0.662000 148 142 118
0.004000 0.364000 0.791000 148 143 124
0.006000 0.408000 0.725000 150 145 125
0.009000 0.549000 0.649000 157 149 128
0.008000 0.483000 0.636000 154 150 125
0.005000 0.419000 0.791000 152 147 128
0.001000 0.220000 0.745000 124 122 101
0.002000 0.315000 0.853000 141 136 116
0.002000 0.248000 0.747000 130 125 105
0.002000 0.228000 0.730000 124 122 99
0.002000 0.302000 0.811000 140 133 114
0.007000 0.439000 0.650000 154 148 124
0.007000 0.456000 0.721000 153 148 128
0.002000 0.254000 0.730000 126 125 104
0.005000 0.392000 0.786000 150 145 126
0.006000 0.452000 0.731000 152 147 128
0.004000 0.355000 0.811000 147 142 122
0.002000 0.266000 0.725000 130 128 105
0.005000 0.412000 0.792000 152 145 127
0.008000 0.482000 0.657000 151 149 126
0.011000 0.602000 0.614000 161 154 126
0.006000 0.416000 0.737000 151 146 124
0.003000 0.322000 0.837000 143 136 117
0.003000 0.309000 0.765000 140 135 115
0.009000 0.520000 0.632000 155 151 126
0.002000 0.229000 0.716000 124 122 99
0.004000 0.328000 0.675000 142 136 112
0.001000 0.203000 0.712000 121 117 90
0.003000 0.300000 0.781000 137 132 113
0.002000 0.253000 0.752000 128 126 105
0.002000 0.271000 0.753000 132 129 112
0.009000 0.554000 0.650000 155 148 129
0.002000 0.266000 0.764000 133 128 109
0.003000 0.301000 0.739000 138 133 113
0.005000 0.392000 0.797000 150 145 126
0.003000 0.299000 0.789000 139 134 115
0.002000 0.256000 0.778000 130 128 107
0.004000 0.368000 0.770000 148 143 123
0.005000 0.352000 0.685000 144 140 115
0.005000 0.384000 0.758000 148 143 123
0.002000 0.246000 0.724000 126 125 104
0.006000 0.417000 0.692000 148 146 123
0.005000 0.363000 0.682000 148 142 118
0.004000 0.364000 0.798000 148 143 124
0.002000 0.241000 0.702000 124 123 102
0.003000 0.288000 0.750000 138 131 113
0.009000 0.513000 0.643000 155 150 128
0.008000 0.476000 0.671000 154 149 129
0.007000 0.465000 0.651000 151 150 122
0.003000 0.298000 0.706000 135 133 112
0.002000 0.271000 0.794000 135 130 111
0.003000 0.297000 0.764000 136 131 111
0.005000 0.364000 0.700000 148 142 118
0.006000 0.439000 0.771000 154 149 127
0.001000 0.190000 0.726000 120 121 103
0.005000 0.402000 0.749000 152 147 127
0.005000 0.382000 0.738000 147 142 122
0.003000 0.278000 0.704000 132 129 110
0.004000 0.313000 0.694000 140 136 111
0.005000 0.389000 0.710000 150 143 124
0.005000 0.347000 0.678000 144 140 115
0.011000 0.623000 0.599000 159 153 129
0.003000 0.256000 2.036000 144 133 111
0.003000 0.208000 2.036000 143 133 108
0.005000 0.461000 2.058000 142 135 116
0.010000 0.659000 2.198000 143 137 125
0.000000 0.316000 1.939000 141 134 108
0.004000 0.252000 2.048000 141 133 110
0.010000 0.625000 2.194000 142 136 124
0.002000 0.247000 1.998000 142 134 111
0.005000 0.360000 2.095000 145 137 116
0.006000 0.354000 2.100000 144 136 115
0.003000 0.199000 2.048000 140 133 107
0.008000 0.523000 2.147000 143 134 117
0.003000 0.308000 2.027000 142 134 111
0.000000 0.270000 1.947000 141 134 106
0.008000 0.461000 2.150000 142 137 118
0.004000 0.425000 2.025000 143 137 115
0.003000 0.264000 2.040000 144 133 113
0.002000 0.209000 1.997000 142 136 104
0.007000 0.468000 2.128000 141 135 119
0.005000 0.354000 2.090000 144 136 117
0.004000 0.169000 2.065000 140 133 104
0.004000 0.345000 2.037000 144 138 112
0.002000 0.254000 2.000000 140 132 109
0.004000 0.376000 2.057000 142 135 117
0.004000 0.323000 2.052000 144 136 113
0.007000 0.557000 2.127000 144 135 120
0.003000 0.138000 2.047000 135 130 100
0.006000 0.427000 2.091000 142 136 120
0.004000 0.187000 2.068000 139 132 104
0.006000 0.346000 2.099000 143 135 114
0.002000 0.267000 1.991000 142 135 109
0.003000 0.396000 2.010000 141 136 116
0.002000 0.282000 1.988000 141 135 109
0.004000 0.459000 2.044000 143 136 118
0.003000 0.392000 2.000000 140 135 115
0.004000 0.185000 2.063000 139 132 104
0.007000 0.423000 2.145000 143 136 118
0.004000 0.204000 2.076000 145 133 109
0.007000 0.557000 2.134000 144 135 120
0.004000 0.304000 2.047000 143 135 112
0.003000 0.366000 2.007000 144 137 111
0.005000 0.393000 2.080000 142 136 114
0.006000 0.449000 2.089000 144 136 123
0.001000 0.338000 1.957000 141 137 110
0.001000 0.211000 1.980000 143 134 105
0.001000 0.249000 1.954000 140 133 104
0.005000 0.470000 2.071000 143 136 120
0.009000 0.586000 2.193000 144 136 125
0.006000 0.358000 2.124000 143 138 118
0.002000 0.158000 2.017000 136 129 100
0.002000 0.263000 1.990000 142 135 107
0.001000 0.308000 1.945000 143 133 106
0.000000 0.293000 1.942000 140 133 104
0.005000 0.293000 2.088000 147 134 117
0.007000 0.471000 2.117000 141 135 119
0.004000 0.341000 2.046000 145 137 114
0.004000 0.221000 2.060000 144 134 109
0.001000 0.267000 1.973000 141 134 106
0.003000 0.388000 2.005000 141 135 113
0.003000 0.163000 2.057000 138 131 102
0.001000 0.308000 1.960000 142 135 107
0.002000 0.362000 1.976000 143 136 110
0.005000 0.390000 2.063000 143 136 118
0.003000 0.226000 2.038000 143 132 110
0.004000 0.276000 2.055000 143 135 114
0.008000 0.524000 2.153000 144 135 118
0.002000 0.237000 1.992000 140 133 104
0.004000 0.439000 2.044000 143 136 117
0.003000 0.384000 2.024000 142 137 117
0.006000 0.397000 2.103000 138 135 116
0.003000 0.145000 2.040000 136 131 101
0.004000 0.449000 2.039000 142 135 117
0.002000 0.341000 2.003000 143 137 111
0.003000 0.273000 2.035000 143 135 112
0.003000 0.412000 2.019000 143 135 114
0.004000 0.262000 2.072000 143 135 114
0.002000 0.190000 2.004000 138 131 102
0.006000 0.528000 2.104000 143 135 122
0.004000 0.385000 2.031000 142 137 117
0.001000 0.318000 1.960000 140 134 108
0.010000 0.645000 2.208000 145 138 128
0.000000 0.273000 1.943000 140 133 105
0.005000 0.400000 2.077000 143 136 117
0.004000 0.346000 2.065000 145 137 116
0.008000 0.553000 2.149000 144 135 120
0.003000 0.232000 2.027000 143 132 110
0.008000 0.603000 2.154000 142 134 121
0.003000 0.165000 2.039000 138 131 102
0.003000 0.257000 2.043000 144 133 113
0.003000 0.300000 2.033000 142 134 113
0.009000 0.526000 0.734000 153 148 126
0.004000 0.384000 0.891000 152 147 128
0.004000 0.371000 0.862000 150 145 126
0.005000 0.393000 0.859000 152 146 130
0.005000 0.401000 0.876000 152 146 130
0.006000 0.454000 0.779000 155 151 126
0.008000 0.495000 0.755000 152 149 130
0.003000 0.347000 0.889000 145 142 125
0.010000 0.579000 0.655000 153 148 126
0.009000 0.537000 0.712000 154 150 125
0.004000 0.385000 0.887000 152 147 128
0.006000 0.445000 0.786000 152 147 128
0.004000 0.361000 0.966000 151 147 135
0.003000 0.357000 0.900000 147 144 127
0.005000 0.418000 0.826000 152 147 128
0.008000 0.501000 0.726000 153 148 129
0.005000 0.396000 0.928000 154 151 134
0.005000 0.393000 0.910000 155 150 131
0.005000 0.409000 0.834000 153 147 131
0.005000 0.412000 0.819000 151 148 129
0.003000 0.356000 0.871000 146 143 124
0.003000 0.335000 0.942000 147 141 127
0.006000 0.442000 0.839000 153 152 132
0.005000 0.403000 0.920000 154 149 130
0.008000 0.502000 0.736000 154 149 130
0.004000 0.362000 0.891000 150 144 128
0.005000 0.412000 0.873000 156 148 135
0.006000 0.423000 0.890000 154 148 132
0.006000 0.453000 0.788000 152 147 125
0.007000 0.480000 0.788000 154 149 129
0.004000 0.363000 0.872000 149 144 125
0.009000 0.527000 0.739000 154 149 129
0.007000 0.494000 0.740000 154 147 128
0.003000 0.342000 0.983000 150 144 132
0.003000 0.349000 0.944000 148 145 130
0.007000 0.486000 0.764000 153 148 129
0.004000 0.720000 1.675000 142 142 132
0.003000 0.668000 1.709000 145 143 130
0.004000 0.692000 1.674000 141 139 127
0.002000 0.357000 1.197000 152 150 125
0.004000 0.743000 1.726000 154 151 144
0.004000 0.678000 1.588000 142 141 136
0.003000 0.470000 1.381000 151 153 132
0.003000 0.605000 1.644000 148 146 133
0.002000 0.426000 1.521000 143 144 128
0.001000 0.379000 1.825000 135 131 106
0.003000 0.522000 1.350000 155 153 132
0.001000 0.443000 1.842000 138 133 113
0.000000 0.301000 1.759000 122 117 87
0.002000 0.459000 1.562000 145 142 123
0.002000 0.366000 1.248000 151 149 124
0.003000 0.463000 1.323000 156 154 131
0.002000 0.520000 1.634000 142 140 127
0.004000 0.793000 1.678000 119 119 119
0.003000 0.592000 1.650000 149 147 132
0.002000 0.502000 1.552000 145 143 128
0.000000 0.333000 1.796000 128 127 99
0.003000 0.399000 1.195000 156 154 129
0.003000 0.580000 1.656000 150 148 133
0.001000 0.413000 1.879000 137 130 111
0.002000 0.523000 1.723000 141 139 124
0.002000 0.422000 1.517000 142 144 122
0.003000 0.585000 1.555000 144 142 129
0.002000 0.322000 1.273000 146 142 117
0.002000 0.396000 1.510000 144 144 118
0.003000 0.563000 1.505000 147 145 132
0.003000 0.477000 1.364000 151 153 132
0.004000 0.744000 1.622000 83 81 68
0.001000 0.418000 1.822000 135 130 108
0.004000 0.650000 1.518000 143 141 129
0.002000 0.494000 1.539000 145 143 128
0.002000 0.364000 1.477000 143 142 114
0.001000 0.391000 1.792000 131 129 104
0.002000 0.580000 1.725000 152 151 133
0.001000 0.388000 1.832000 137 133 108
0.003000 0.606000 1.677000 150 147 130
0.002000 0.424000 1.602000 140 139 118
0.002000 0.498000 1.792000 141 137 125
0.003000 0.698000 1.712000 144 141 132
0.002000 0.347000 1.359000 142 141 110
0.003000 0.649000 1.734000 142 142 130
0.002000 0.477000 1.526000 147 145 130
0.000000 0.323000 1.886000 137 132 103
0.001000 0.315000 1.393000 140 135 105
0.001000 0.353000 1.503000 139 138 110
0.002000 0.540000 1.771000 140 137 128
0.004000 0.746000 1.728000 156 152 143
0.003000 0.561000 1.658000 141 142 128
0.002000 0.405000 1.393000 150 149 128
0.001000 0.374000 1.537000 137 141 114
0.002000 0.566000 1.735000 142 140 125
0.004000 0.641000 1.497000 141 145 131
0.002000 0.521000 1.725000 141 139 124
0.003000 0.536000 1.527000 147 145 130
0.004000 0.722000 1.588000 121 124 107
0.003000 0.615000 1.529000 143 143 131
0.002000 0.400000 1.218000 156 155 125
0.001000 0.370000 1.524000 137 140 113
0.002000 0.557000 1.813000 141 137 125
0.002000 0.487000 1.681000 138 139 123
0.002000 0.459000 1.394000 150 154 131
0.002000 0.492000 1.789000 139 137 124
0.003000 0.645000 1.568000 139 140 126
0.002000 0.398000 1.558000 141 140 119
0.001000 0.411000 1.746000 135 132 113
0.002000 0.489000 1.635000 142 140 125
0.003000 0.428000 1.273000 159 155 128
0.003000 0.582000 1.408000 151 150 132
0.002000 0.362000 1.349000 147 144 111
0.002000 0.312000 1.078000 145 142 125
0.003000 0.584000 1.531000 143 143 131
0.001000 0.372000 1.617000 134 133 112
0.003000 0.628000 1.767000 145 141 129
0.001000 0.490000 1.839000 139 133 117
0.003000 0.559000 1.419000 147 148 130
0.003000 0.537000 1.409000 152 151 133
0.003000 0.556000 1.410000 149 150 132
0.003000 0.648000 1.734000 144 142 130
0.004000 0.716000 1.567000 130 125 106
0.003000 0.605000 1.787000 148 145 128
0.002000 0.392000 1.548000 141 140 119
0.001000 0.397000 1.842000 137 132 110
0.004000 0.721000 1.665000 139 139 129
0.004000 0.699000 1.556000 132 129 112
0.002000 0.318000 1.340000 143 139 112
0.004000 0.646000 1.534000 140 142 131
0.001000 0.322000 1.711000 124 117 88
0.002000 0.515000 1.832000 141 135 121
0.001000 0.307000 1.479000 132 130 91
0.003000 0.467000 1.326000 154 156 134
0.002000 0.324000 1.105000 146 143 126
0.002000 0.328000 1.228000 144 142 119
0.003000 0.659000 1.624000 146 143 134
0.002000 0.418000 1.332000 157 153 128
0.003000 0.635000 1.530000 139 141 130
0.004000 0.701000 1.546000 133 128 109
0.001000 0.331000 1.458000 136 136 100
0.000000 0.303000 1.900000 138 132 106
0.004000 0.749000 1.739000 156 152 143
0.001000 0.445000 1.711000 139 136 119
0.002000 0.339000 1.153000 150 144 128
0.002000 0.577000 1.801000 150 149 129
0.003000 0.688000 1.734000 144 144 134
0.001000 0.322000 1.409000 135 135 97
0.001000 0.395000 1.784000 132 130 107
0.001000 0.432000 1.718000 138 135 116
0.003000 0.688000 1.759000 146 144 132
0.003000 0.536000 1.500000 144 146 132
0.003000 0.638000 1.645000 146 144 132
0.001000 0.440000 1.745000 137 136 115
0.004000 0.826000 1.719000 157 158 142
0.001000 0.378000 1.701000 133 131 108
0.002000 0.464000 1.516000 145 144 126
0.002000 0.464000 1.419000 149 151 130
0.002000 0.309000 1.275000 140 140 114
0.001000 0.340000 1.486000 136 136 102
0.003000 0.611000 1.470000 148 146 131
0.002000 0.327000 1.190000 145 144 124
0.002000 0.478000 1.552000 145 143 128
0.002000 0.377000 1.221000 155 154 124
0.003000 0.540000 1.399000 153 152 134
0.002000 0.326000 1.189000 145 144 123
0.002000 0.432000 1.339000 155 153 130
0.000000 0.343000 1.897000 138 132 106
0.001000 0.395000 1.639000 138 136 115
0.001000 0.347000 1.676000 131 126 97
0.003000 0.442000 1.304000 161 155 131
0.002000 0.358000 1.389000 144 143 113
0.002000 0.494000 1.701000 140 138 123
0.003000 0.657000 1.615000 144 144 134
0.001000 0.392000 1.864000 137 132 110
0.003000 0.390000 1.175000 159 154 132
0.002000 0.406000 1.532000 142 141 120
0.002000 0.373000 1.285000 153 150 119
0.003000 0.441000 1.237000 159 157 136
0.004000 0.793000 1.700000 164 162 165
0.001000 0.391000 1.878000 137 132 110
0.001000 0.331000 1.645000 128 124 97
0.003000 0.551000 1.521000 147 145 132
0.002000 0.503000 1.789000 142 138 126
0.002000 0.396000 1.307000 155 154 123
0.001000 0.319000 1.372000 140 137 102
0.002000 0.454000 1.608000 143 140 123
0.002000 0.439000 1.582000 143 140 121
0.001000 0.452000 1.791000 137 134 119
0.001000 0.393000 1.564000 139 139 115
0.001000 0.319000 1.663000 124 121 88
0.002000 0.572000 1.754000 154 153 135
0.001000 0.313000 1.567000 127 127 93
0.002000 0.532000 1.834000 143 137 123
0.003000 0.517000 1.363000 152 153 135
0.002000 0.513000 1.554000 145 144 126
0.002000 0.470000 1.526000 147 146 128
0.004000 0.734000 1.674000 113 113 105
0.000000 0.336000 1.894000 138 133 104
0.001000 0.370000 1.656000 131 133 109
0.003000 0.498000 1.304000 160 155 133
0.001000 0.419000 1.807000 136 131 109
0.003000 0.621000 1.734000 145 143 128
0.002000 0.424000 1.366000 149 151 129
0.002000 0.408000 1.274000 156 152 123
0.003000 0.595000 1.429000 149 147 132
0.002000 0.416000 1.579000 137 139 118
0.000000 0.340000 1.873000 136 130 104
0.003000 0.539000 1.354000 154 153 132
0.003000 0.631000 1.638000 147 145 133
0.004000 0.627000 1.474000 143 144 128
0.001000 0.392000 1.802000 134 130 105
0.003000 0.604000 1.492000 145 146 132
0.004000 0.795000 1.700000 136 135 140
0.004000 0.770000 1.688000 117 115 120
0.001000 0.492000 1.844000 141 134 118
0.000000 0.351000 1.813000 133 129 104
0.002000 0.408000 1.299000 156 152 123
0.004000 0.725000 1.724000 148 145 140
0.002000 0.538000 1.825000 141 137 125
0.002000 0.494000 1.686000 138 139 123
0.001000 0.322000 1.667000 122 121 90
0.001000 0.363000 1.549000 134 137 108
0.003000 0.552000 1.625000 144 142 127
0.002000 0.471000 1.437000 151 150 132
0.003000 0.438000 1.315000 158 154 129
0.003000 0.665000 1.761000 145 142 133
0.004000 0.809000 1.689000 110 111 113
0.001000 0.348000 1.611000 132 132 104
0.003000 0.649000 1.743000 144 141 132
0.002000 0.533000 1.727000 141 139 124
0.003000 0.542000 1.535000 147 143 131
0.002000 0.313000 1.321000 142 138 113
0.002000 0.439000 1.656000 141 140 120
0.003000 0.572000 1.485000 145 146 130
0.003000 0.620000 1.504000 142 143 127
0.001000 0.388000 1.625000 138 136 113
0.002000 0.518000 1.644000 143 140 123
0.002000 0.477000 1.752000 137 135 120
0.002000 0.315000 1.102000 147 142 123
0.001000 0.406000 1.768000 133 131 110
0.002000 0.525000 1.610000 143 141 128
0.002000 0.354000 1.344000 146 143 110
0.003000 0.686000 1.762000 146 144 132
0.001000 0.303000 1.632000 124 120 82
0.002000 0.428000 1.300000 157 151 127
0.002000 0.515000 1.689000 141 139 127
0.001000 0.389000 1.829000 136 132 107
0.001000 0.308000 1.403000 133 133 99
0.003000 0.679000 1.645000 143 140 131
0.001000 0.324000 1.432000 135 136 94
0.002000 0.418000 1.347000 151 151 123
0.003000 0.585000 1.597000 143 140 131
0.002000 0.372000 1.198000 153 151 128
0.002000 0.550000 1.741000 140 138 123
0.001000 0.334000 1.398000 141 138 103
0.003000 0.623000 1.758000 145 141 129
0.002000 0.424000 1.468000 145 147 126
0.003000 0.525000 1.374000 149 152 135
0.003000 0.659000 1.766000 145 143 131
0.001000 0.398000 1.653000 138 136 115
0.003000 0.441000 1.322000 157 153 128
0.004000 0.750000 1.722000 157 154 145
0.002000 0.382000 1.458000 145 145 117
0.002000 0.307000 1.150000 140 141 125
0.003000 0.579000 1.460000 146 147 133
0.002000 0.541000 1.821000 142 138 126
0.000000 0.339000 1.901000 138 132 106
0.000000 0.302000 1.878000 137 132 102
0.002000 0.406000 1.307000 155 151 122
0.002000 0.428000 1.487000 145 147 126
0.002000 0.403000 1.576000 141 140 119
0.003000 0.453000 1.260000 161 157 132
0.001000 0.352000 1.805000 131 127 102
0.001000 0.392000 1.806000 135 131 106
0.002000 0.394000 1.390000 151 149 126
0.003000 0.696000 1.700000 142 142 132
0.002000 0.525000 1.645000 142 141 123
0.003000 0.590000 1.738000 149 148 130
0.001000 0.433000 1.716000 140 135 116
0.002000 0.378000 1.275000 154 151 120
0.003000 0.625000 1.719000 146 142 130
0.003000 0.421000 1.222000 161 158 127
0.002000 0.463000 1.746000 139 138 120
0.003000 0.676000 1.649000 145 141 130
0.001000 0.338000 1.717000 127 126 96
0.002000 0.563000 1.684000 142 140 127
0.003000 0.614000 1.620000 148 146 134
0.001000 0.339000 1.418000 138 138 104
0.002000 0.463000 1.593000 140 141 125
0.002000 0.408000 1.319000 156 152 125
0.002000 0.412000 1.335000 153 151 126
0.004000 0.715000 1.716000 145 142 135
0.000000 0.310000 1.881000 136 131 101
0.001000 0.421000 1.858000 137 132 112
0.001000 0.431000 1.703000 141 136 117
0.003000 0.396000 1.176000 159 154 132
0.001000 0.391000 1.811000 135 131 106
0.002000 0.361000 1.344000 150 147 114
0.003000 0.570000 1.628000 148 146 133
0.002000 0.477000 1.705000 139 137 122
0.003000 0.628000 1.701000 146 142 130
0.003000 0.594000 1.752000 149 148 130
0.002000 0.415000 1.372000 150 150 126
0.002000 0.550000 1.736000 140 138 123
0.001000 0.371000 1.688000 133 131 106
0.003000 0.487000 1.401000 148 151 130
0.001000 0.379000 1.532000 137 141 116
0.001000 0.413000 1.685000 136 135 115
0.003000 0.493000 1.302000 159 154 132
0.003000 0.658000 1.591000 141 142 134
0.002000 0.405000 1.396000 149 148 127
0.001000 0.389000 1.738000 133 131 110
0.001000 0.378000 1.717000 132 130 107
0.002000 0.405000 1.566000 140 139 119
0.002000 0.413000 1.483000 146 145 124
0.002000 0.425000 1.612000 140 139 118
0.001000 0.381000 1.603000 136 136 110
0.002000 0.345000 1.313000 146 145 114
0.003000 0.520000 1.358000 154 153 133
0.001000 0.401000 1.656000 138 136 115
0.001000 0.307000 1.401000 137 134 103
0.001000 0.431000 1.778000 135 132 113
0.003000 0.612000 1.551000 141 143 132
0.002000 0.382000 1.242000 156 152 123
0.002000 0.517000 1.832000 142 136 122
0.004000 0.746000 1.630000 55 55 43
0.002000 0.304000 1.160000 145 142 125
0.003000 0.498000 1.334000 155 157 136
0.001000 0.407000 1.753000 134 132 111
0.001000 0.459000 1.753000 139 138 120
0.002000 0.530000 1.740000 141 139 124
0.002000 0.311000 1.296000 141 139 114
0.003000 0.552000 1.627000 144 142 127
0.003000 0.670000 1.664000 146 142 131
0.001000 0.397000 1.825000 137 132 110
0.002000 0.487000 1.674000 138 139 123
0.002000 0.509000 1.664000 143 140 125
0.002000 0.524000 1.678000 141 137 125
0.001000 0.345000 1.582000 131 132 101
0.004000 0.711000 1.692000 142 142 132
0.000000 0.325000 1.866000 135 130 101
0.002000 0.451000 1.543000 145 144 126
0.003000 0.611000 1.585000 143 140 133
0.004000 0.750000 1.722000 156 153 146
0.001000 0.401000 1.585000 139 138 117
0.004000 0.800000 1.708000 170 169 165
0.003000 0.576000 1.708000 155 152 135
0.002000 0.363000 1.150000 154 152 131
0.003000 0.456000 1.280000 159 154 132
0.004000 0.671000 1.543000 136 138 125
0.002000 0.388000 1.501000 139 142 115
0.003000 0.554000 1.377000 149 152 133
0.002000 0.543000 1.805000 141 139 127
0.001000 0.313000 1.576000 126 126 92
0.000000 0.337000 1.815000 133 127 101
0.003000 0.520000 1.341000 153 155 134
0.003000 0.577000 1.671000 152 149 132
0.002000 0.562000 1.675000 141 139 126
0.001000 0.373000 1.697000 134 132 107
0.003000 0.463000 1.272000 161 156 134
0.002000 0.351000 1.141000 152 147 128
0.004000 0.663000 1.566000 136 136 124
0.001000 0.353000 1.485000 140 139 111
0.002000 0.424000 1.332000 154 152 127
0.001000 0.350000 1.507000 140 136 107
0.003000 0.579000 1.680000 153 150 133
0.003000 0.661000 1.701000 145 143 130
0.002000 0.528000 1.678000 141 137 126
0.004000 0.704000 1.651000 141 141 131
0.002000 0.324000 1.106000 149 142 124
0.001000 0.386000 1.697000 134 132 107
0.002000 0.422000 1.494000 146 146 122
0.002000 0.339000 1.274000 147 143 118
0.002000 0.479000 1.756000 142 136 124
0.001000 0.446000 1.848000 138 133 114
0.002000 0.462000 1.714000 138 137 119
0.001000 0.345000 1.777000 127 126 98
0.002000 0.532000 1.806000 141 139 127
0.003000 0.682000 1.687000 143 141 128
0.001000 0.426000 1.697000 138 135 118
0.002000 0.581000 1.801000 150 149 129
0.002000 0.417000 1.440000 148 145 126
0.003000 0.647000 1.724000 146 144 132
0.002000 0.488000 1.706000 140 138 123
0.002000 0.591000 1.809000 145 143 128
0.002000 0.390000 1.400000 149 144 124
0.002000 0.313000 1.104000 147 142 123
0.001000 0.360000 1.549000 135 135 107
0.003000 0.603000 1.667000 150 147 130
0.006000 0.764000 1.882000 149 146 139
0.008000 0.671000 2.092000 144 137 127
0.007000 0.645000 2.068000 145 136 127
0.009000 0.667000 2.142000 142 136 124
0.004000 0.714000 1.823000 148 145 136
0.005000 0.516000 2.023000 138 132 116
0.003000 0.485000 1.977000 139 134 115
0.003000 0.458000 2.001000 141 134 118
0.004000 0.474000 2.014000 142 135 119
0.004000 0.567000 1.926000 140 137 122
0.003000 0.457000 2.000000 141 134 118
0.005000 0.607000 1.966000 144 136 125
0.002000 0.456000 1.937000 140 133 115
0.006000 0.812000 1.831000 152 149 140
0.004000 0.630000 1.850000 141 138 129
0.002000 0.375000 1.965000 142 134 111
0.002000 0.502000 1.886000 139 129 117
0.003000 0.699000 1.785000 147 144 135
0.001000 0.377000 1.919000 139 133 109
0.006000 0.690000 1.935000 142 139 130
0.006000 0.711000 1.899000 144 141 134
0.005000 0.733000 1.866000 148 145 138
0.002000 0.428000 1.969000 141 133 112
0.005000 0.779000 1.804000 153 148 142
0.000000 0.338000 1.931000 139 135 110
0.003000 0.557000 1.868000 140 138 125
0.002000 0.512000 1.848000 141 135 121
0.003000 0.507000 1.923000 140 133 117
0.006000 0.790000 1.859000 151 148 143
0.003000 0.494000 1.970000 141 134 116
0.004000 0.749000 1.786000 157 149 146
0.005000 0.632000 1.945000 143 136 128
0.010000 0.749000 2.112000 141 132 123
0.005000 0.531000 2.038000 142 134 121
0.009000 0.693000 2.118000 142 138 126
0.007000 0.693000 2.016000 144 140 131
0.006000 0.780000 1.876000 150 147 138
0.002000 0.584000 1.830000 141 137 126
0.004000 0.690000 1.814000 145 143 131
0.005000 0.569000 1.985000 141 135 123
0.003000 0.542000 1.875000 140 136 124
0.003000 0.545000 1.879000 142 136 124
0.005000 0.596000 1.969000 142 136 124
0.003000 0.603000 1.851000 139 139 127
0.008000 0.786000 1.954000 147 142 136
0.004000 0.692000 1.806000 145 143 131
0.006000 0.750000 1.878000 147 144 137
0.008000 0.778000 1.962000 145 141 132
0.001000 0.370000 1.921000 140 134 110
0.008000 0.602000 2.136000 142 135 119
0.008000 0.640000 2.114000 143 135 124
0.007000 0.744000 1.943000 143 140 133
0.006000 0.771000 1.872000 149 146 139
0.006000 0.579000 2.061000 142 136 122
0.005000 0.521000 2.026000 139 132 116
0.003000 0.661000 1.809000 141 141 129
0.005000 0.663000 1.920000 145 141 132
0.006000 0.669000 1.951000 142 139 130
0.008000 0.602000 2.133000 142 135 119
0.005000 0.748000 1.847000 150 147 140
0.007000 0.695000 2.003000 143 140 131
0.005000 0.509000 2.073000 142 133 124
0.004000 0.633000 1.873000 141 139 126
0.007000 0.556000 2.111000 142 134 121
0.005000 0.763000 1.837000 152 149 142
0.006000 0.601000 2.004000 143 137 125
0.006000 0.658000 1.959000 143 139 130
0.006000 0.734000 1.920000 145 142 135
0.004000 0.449000 2.026000 142 135 117
0.006000 0.663000 1.995000 143 139 130
0.009000 0.733000 2.056000 140 137 128
0.007000 0.742000 1.972000 146 139 133
0.005000 0.510000 2.067000 143 135 124
0.007000 0.629000 2.074000 144 138 126
0.001000 0.397000 1.911000 140 134 112
0.009000 0.727000 2.062000 142 138 127
0.009000 0.709000 2.122000 144 138 124
0.004000 0.534000 1.955000 138 135 120
0.007000 0.752000 1.946000 145 140 134
0.004000 0.468000 2.003000 142 135 119
0.003000 0.421000 2.009000 143 135 112
0.005000 0.548000 1.992000 141 134 118
0.008000 0.738000 2.049000 140 137 128
0.007000 0.710000 2.013000 146 139 133
0.004000 0.581000 1.944000 138 136 123
0.008000 0.604000 2.144000 142 134 121
0.005000 0.679000 1.888000 143 138 132
0.003000 0.534000 1.906000 140 134 120
0.007000 0.645000 2.054000 146 137 128
0.007000 0.802000 1.899000 150 146 137
0.008000 0.694000 2.054000 148 139 130
0.006000 0.765000 1.876000 149 146 139
0.003000 0.490000 1.966000 140 135 116
0.002000 0.494000 1.869000 140 133 117
0.006000 0.561000 2.075000 142 136 122
0.005000 0.697000 1.874000 143 140 133
0.005000 0.812000 1.791000 155 150 144
0.005000 0.735000 1.835000 151 148 141
0.003000 0.691000 1.793000 146 144 132
0.010000 0.728000 2.161000 142 133 124
0.004000 0.562000 1.961000 140 134 122
0.010000 0.713000 2.140000 143 137 125
0.007000 0.777000 1.944000 146 141 135
0.005000 0.581000 2.004000 141 135 123
0.001000 0.373000 1.924000 140 134 110
0.010000 0.689000 2.194000 144 137 127
0.008000 0.665000 2.068000 146 137 128
0.005000 0.652000 1.911000 143 139 128
0.009000 0.660000 2.167000 143 135 124
0.004000 0.566000 1.964000 140 134 122
0.006000 0.734000 1.915000 145 142 135
0.010000 0.689000 2.197000 144 137 127
0.007000 0.704000 1.973000 143 140 131
0.004000 0.801000 1.747000 158 154 143
0.002000 0.503000 1.856000 140 134 120
0.003000 0.496000 1.933000 140 133 115
0.008000 0.784000 1.963000 145 141 132
0.009000 0.687000 2.142000 142 136 124
0.008000 0.693000 2.065000 146 139 131
0.010000 0.684000 2.162000 144 135 126
0.003000 0.678000 1.785000 144 141 132
0.002000 0.373000 1.959000 142 134 111
0.009000 0.700000 2.126000 144 138 124
0.007000 0.746000 1.948000 144 139 133
0.007000 0.679000 1.997000 145 138 130
0.004000 0.540000 1.953000 139 133 119
0.006000 0.743000 1.926000 145 142 135
0.006000 0.754000 1.865000 149 146 139
0.005000 0.628000 1.957000 144 137 129
0.002000 0.391000 1.961000 142 136 114
0.004000 0.527000 1.985000 138 135 118
0.005000 0.539000 2.015000 140 133 117
0.004000 0.511000 1.956000 140 133 117
0.002000 0.463000 1.891000 140 131 114
0.003000 0.473000 1.936000 140 133 115
0.005000 0.572000 1.989000 140 131 122
0.006000 0.721000 1.899000 144 141 134
0.001000 0.402000 1.930000 141 135 113
0.001000 0.386000 1.899000 137 132 110
0.006000 0.683000 1.936000 141 138 131
0.007000 0.749000 1.974000 146 139 133
0.008000 0.765000 2.013000 143 134 129
0.010000 0.709000 2.140000 143 137 125
0.008000 0.749000 2.016000 143 136 130
0.005000 0.744000 1.823000 150 147 140
0.002000 0.404000 1.982000 140 134 112
0.010000 0.681000 2.168000 144 138 126
0.010000 0.661000 2.185000 143 137 125
0.009000 0.660000 2.126000 143 137 125
0.002000 0.564000 1.833000 142 138 127
0.006000 0.648000 1.995000 144 137 129
0.000000 0.335000 1.910000 138 133 104
0.006000 0.778000 1.846000 149 149 141
0.003000 0.504000 1.958000 140 133 115
0.008000 0.695000 2.061000 146 139 131
0.004000 0.525000 1.976000 137 134 117
0.005000 0.650000 1.942000 143 139 130
0.005000 0.814000 1.803000 154 149 143
0.005000 0.496000 2.045000 142 135 119
0.004000 0.475000 1.992000 141 134 118
0.008000 0.610000 2.144000 142 134 121
0.006000 0.537000 2.078000 141 133 122
0.003000 0.446000 1.993000 142 136 114
0.006000 0.808000 1.812000 152 149 142
0.003000 0.535000 1.894000 139 133 119
0.002000 0.589000 1.819000 141 139 126
0.009000 0.671000 2.125000 143 137 125
0.002000 0.450000 1.914000 142 135 117
0.003000 0.625000 1.819000 139 139 127
0.008000 0.718000 2.044000 143 139 130
0.005000 0.564000 2.009000 141 135 121
0.008000 0.768000 1.984000 143 138 132
0.009000 0.699000 2.102000 146 139 129
0.005000 0.768000 1.787000 155 150 146
0.009000 0.645000 2.156000 144 136 125
0.000000 0.309000 1.919000 140 133 105
0.003000 0.531000 1.930000 140 133 117
0.009000 0.687000 2.138000 140 136 124
0.003000 0.423000 2.001000 143 135 116
0.010000 0.696000 2.158000 142 133 124
0.001000 0.431000 1.886000 140 131 114
0.004000 0.701000 1.826000 145 142 133
0.006000 0.564000 2.049000 142 134 121
0.002000 0.432000 1.933000 142 134 115
0.004000 0.574000 1.909000 140 136 124
0.009000 0.699000 2.133000 142 138 126
0.006000 0.789000 1.866000 150 147 140
0.001000 0.354000 1.956000 142 135 109
0.009000 0.680000 2.135000 143 137 125
0.006000 0.575000 2.060000 142 134 121
0.001000 0.376000 1.921000 139 133 109
0.003000 0.495000 1.958000 140 133 115
0.010000 0.715000 2.185000 141 134 126
0.005000 0.495000 2.035000 141 136 117
0.007000 0.762000 1.953000 145 140 134
0.008000 0.845000 0.676000 151 146 127
0.009000 0.881000 0.618000 153 148 126
0.010000 0.726000 0.626000 156 152 127
0.006000 0.680000 0.823000 153 146 127
0.010000 0.831000 0.618000 156 149 133
0.007000 0.884000 0.722000 151 144 125
0.003000 0.333000 1.038000 146 144 129
0.005000 0.656000 0.851000 154 148 126
0.008000 0.820000 0.684000 151 145 129
0.006000 0.693000 0.794000 152 146 124
0.010000 0.943000 0.619000 153 148 128
0.010000 0.649000 0.670000 154 149 129
0.008000 0.653000 0.713000 154 147 128
0.007000 0.711000 0.749000 153 147 125
0.007000 0.906000 0.733000 152 146 124
0.006000 0.589000 0.842000 152 149 130
0.010000 0.927000 0.613000 153 148 128
0.007000 0.492000 0.796000 155 149 127
0.006000 0.691000 0.824000 152 145 127
0.009000 0.822000 0.655000 154 147 129
0.007000 0.807000 0.734000 152 145 126
0.009000 1.002000 0.640000 151 145 121
0.007000 0.655000 0.765000 153 148 128
0.008000 0.810000 0.681000 152 147 128
0.008000 0.971000 0.671000 153 145 124
0.011000 0.710000 0.597000 156 149 130
0.008000 1.067000 0.648000 147 143 114
0.004000 0.385000 0.948000 153 151 138
0.009000 0.977000 0.654000 151 146 124
0.006000 0.446000 0.886000 155 149 133
0.004000 0.365000 0.985000 153 149 137
0.009000 0.736000 0.671000 155 149 127
0.008000 0.859000 0.675000 152 146 130
0.004000 0.506000 0.941000 158 150 137
0.007000 0.501000 0.823000 152 149 130
0.008000 0.794000 0.708000 153 145 126
0.007000 0.881000 0.697000 152 145 126
0.009000 1.084000 0.618000 143 142 112
0.003000 0.325000 1.035000 144 142 127
0.005000 0.411000 0.931000 153 151 136
0.007000 0.891000 0.743000 152 146 124
0.009000 1.115000 0.626000 144 138 112
0.008000 0.597000 0.766000 151 149 126
0.010000 0.821000 0.618000 155 148 132
0.010000 0.605000 0.668000 155 149 127
0.009000 0.813000 0.661000 153 146 128
0.003000 0.385000 1.001000 155 153 141
0.004000 0.406000 0.949000 155 151 139
0.008000 0.660000 0.724000 154 148 126
0.010000 0.950000 0.596000 154 149 127
0.003000 0.403000 0.994000 159 152 142
0.008000 0.717000 0.729000 153 146 127
0.008000 0.572000 0.742000 154 147 128
0.008000 1.040000 0.662000 149 143 117
0.007000 0.510000 0.809000 152 149 130
0.003000 0.358000 1.016000 153 149 137
0.009000 0.843000 0.639000 153 146 128
0.008000 0.765000 0.701000 151 146 127
0.010000 0.634000 0.636000 155 148 129
0.010000 0.908000 0.608000 152 150 127
0.008000 0.933000 0.715000 151 146 124
0.008000 0.598000 0.738000 152 150 127
0.010000 0.614000 0.670000 156 149 130
0.007000 0.645000 0.790000 154 148 126
0.009000 0.773000 0.675000 154 147 129
0.004000 0.459000 0.952000 158 152 138
0.008000 0.893000 0.675000 152 146 124
0.008000 0.828000 0.686000 150 147 130
0.004000 0.490000 0.944000 158 152 138
0.006000 0.460000 0.869000 153 150 131
0.009000 0.986000 0.641000 151 146 124
0.008000 0.717000 0.709000 153 146 127
0.006000 0.807000 0.775000 151 145 129
0.008000 0.806000 0.705000 153 146 127
0.010000 0.622000 0.673000 156 149 130
0.008000 0.992000 0.677000 149 145 120
0.008000 0.838000 0.682000 153 148 129
0.010000 1.011000 0.610000 150 144 120
0.007000 0.739000 0.757000 154 147 128
0.009000 0.711000 0.674000 155 149 125
0.008000 0.856000 0.710000 148 145 126
0.006000 0.542000 0.861000 156 151 131
0.003000 0.428000 0.981000 159 152 142
0.005000 0.446000 0.899000 156 150 134
0.008000 0.576000 0.734000 155 149 127
0.005000 0.453000 0.893000 155 149 133
0.007000 0.506000 0.820000 152 149 130
0.006000 0.713000 0.800000 152 146 124
0.011000 0.722000 0.609000 155 150 128
0.006000 0.508000 0.840000 153 150 133
0.008000 0.739000 0.730000 154 146 127
0.005000 0.759000 0.812000 152 145 126
0.007000 0.685000 0.760000 154 149 129
0.006000 0.739000 0.783000 153 147 125
0.005000 0.544000 0.891000 154 151 134
0.004000 0.504000 0.951000 158 150 137
0.005000 0.529000 0.883000 154 151 132
0.008000 0.753000 0.688000 154 147 128
0.007000 0.684000 0.781000 153 148 126
0.005000 0.576000 0.892000 156 151 132
0.007000 0.603000 0.782000 151 149 126
0.005000 0.403000 0.932000 153 150 135
0.006000 0.634000 0.839000 153 148 126
0.007000 0.584000 0.797000 155 148 129
0.011000 0.643000 0.617000 155 150 130
0.009000 1.023000 0.631000 151 145 121
0.006000 0.714000 0.810000 153 147 125
0.011000 0.706000 0.609000 153 149 124
0.006000 0.431000 0.879000 152 146 130
0.009000 0.935000 0.640000 152 147 128
0.006000 0.810000 0.786000 151 145 131
0.009000 0.788000 0.667000 155 148 129
0.010000 0.953000 0.621000 154 149 127
0.005000 0.743000 0.826000 152 145 126
0.006000 0.440000 0.869000 152 149 130
0.006000 0.794000 0.794000 152 147 128
0.009000 0.953000 0.645000 153 146 127
0.006000 0.565000 0.848000 155 150 130
0.010000 0.742000 0.642000 154 147 128
0.005000 0.638000 0.868000 154 149 129
0.009000 0.606000 0.699000 155 148 129
0.007000 0.787000 0.752000 153 148 129
0.006000 0.691000 0.814000 152 145 127
0.005000 0.488000 0.920000 157 151 135
0.006000 0.845000 0.768000 149 146 129
0.009000 0.641000 0.703000 154 148 126
0.010000 0.941000 0.609000 153 148 128
0.008000 0.677000 0.739000 152 146 124
0.007000 0.915000 0.734000 151 145 123
0.009000 1.080000 0.602000 144 143 113
0.010000 0.668000 0.659000 154 149 127
0.008000 0.801000 0.712000 153 146 127
0.008000 1.017000 0.660000 151 143 120
0.009000 0.901000 0.614000 154 149 127
0.007000 0.828000 0.734000 151 145 131
0.007000 0.683000 0.777000 151 149 124
0.007000 0.513000 0.819000 154 149 130
0.009000 0.915000 0.623000 152 147 125
0.011000 0.686000 0.607000 156 151 131
0.008000 0.893000 0.683000 152 146 124
0.009000 0.557000 0.717000 154 147 128
0.008000 0.754000 0.714000 153 146 127
0.008000 0.713000 0.737000 153 148 126
0.005000 0.627000 0.875000 154 149 129
0.008000 0.841000 0.701000 150 147 128
0.007000 0.925000 0.724000 151 145 123
0.008000 0.581000 0.753000 154 149 127
0.010000 0.631000 0.639000 155 149 127
0.009000 0.718000 0.662000 155 149 127
0.008000 0.542000 0.781000 154 149 129
0.007000 0.829000 0.737000 151 145 131
0.011000 0.918000 0.599000 151 149 126
0.010000 0.827000 0.611000 155 148 132
0.008000 0.719000 0.718000 153 146 127
0.008000 0.754000 0.717000 153 146 127
0.005000 0.452000 0.926000 154 151 134
0.005000 0.587000 0.873000 154 149 130
0.009000 0.830000 0.644000 152 147 128
0.003000 0.374000 1.021000 158 151 141
0.009000 0.546000 0.720000 154 147 128
0.009000 0.903000 0.629000 153 148 126
0.007000 0.590000 0.771000 155 149 127
0.010000 0.732000 0.627000 155 151 126
0.007000 0.534000 0.802000 154 149 129
0.007000 0.683000 0.773000 151 149 124
0.004000 0.414000 0.967000 155 151 139
0.004000 0.397000 0.955000 154 150 138
0.004000 0.561000 1.361000 151 152 134
0.003000 0.405000 1.179000 161 157 132
0.006000 0.674000 1.482000 138 140 118
0.007000 0.817000 1.650000 116 116 114
0.015000 0.756000 1.457000 125 117 104
0.007000 0.783000 1.608000 63 63 61
0.012000 0.826000 1.592000 59 60 62
0.004000 0.506000 1.291000 160 155 135
0.007000 0.566000 1.325000 151 153 131
0.010000 0.766000 1.534000 104 102 90
0.008000 0.609000 1.361000 148 149 131
0.009000 0.700000 1.468000 135 130 110
0.007000 0.714000 1.522000 125 122 105
0.006000 0.754000 1.575000 98 96 81
0.008000 0.525000 1.267000 161 156 136
0.011000 0.658000 1.388000 151 146 124
0.013000 0.865000 1.621000 62 61 59
0.014000 0.759000 1.466000 121 115 103
0.007000 0.864000 1.700000 172 177 183
0.008000 0.764000 1.560000 98 97 79
0.009000 0.874000 1.694000 108 112 124
0.004000 0.432000 1.202000 162 159 128
0.003000 0.406000 1.185000 158 156 131
0.013000 0.782000 1.508000 109 105 94
0.004000 0.486000 1.277000 160 155 135
0.016000 0.881000 1.601000 74 74 66
0.005000 0.673000 1.490000 139 141 119
0.011000 0.838000 1.615000 66 65 61
0.011000 0.820000 1.591000 58 59 63
0.013000 0.774000 1.510000 108 104 93
0.014000 0.895000 1.636000 93 96 103
0.008000 0.723000 1.506000 122 116 100
0.010000 0.659000 1.400000 146 143 126
0.010000 0.881000 1.686000 109 115 127
0.004000 0.410000 1.167000 160 155 133
0.010000 0.774000 1.554000 94 92 79
0.006000 0.630000 1.426000 147 149 128
0.019000 0.923000 1.612000 68 65 56
0.017000 0.851000 1.536000 90 87 78
0.007000 0.587000 1.358000 153 152 134
0.009000 0.804000 1.598000 48 49 51
0.011000 0.881000 1.671000 130 134 146
0.010000 0.594000 1.318000 154 153 133
0.004000 0.570000 1.371000 150 151 133
0.011000 0.788000 1.550000 83 83 75
0.014000 0.845000 1.575000 73 73 65
0.007000 0.799000 1.629000 33 32 30
0.010000 0.583000 1.305000 159 154 135
0.008000 0.636000 1.408000 148 147 127
0.005000 0.745000 1.584000 96 98 77
0.016000 0.797000 1.489000 112 108 97
0.010000 0.774000 1.555000 94 92 79
0.009000 0.650000 1.399000 148 145 128
0.006000 0.662000 1.466000 144 143 125
0.009000 0.553000 1.276000 159 156 137
0.003000 0.364000 1.123000 153 150 131
0.013000 0.742000 1.463000 124 118 104
0.008000 0.785000 1.598000 68 68 66
0.015000 0.896000 1.637000 93 96 103
0.005000 0.673000 1.489000 139 141 119
0.013000 0.782000 1.520000 106 104 92
0.008000 0.558000 1.306000 158 153 134
0.012000 0.702000 1.427000 140 136 111
0.008000 0.852000 1.678000 44 45 47
0.008000 0.816000 1.638000 100 104 107
0.006000 0.551000 1.324000 154 153 133
0.007000 0.534000 1.288000 157 154 135
0.012000 0.771000 1.521000 106 104 92
0.009000 0.624000 1.365000 151 148 129
0.010000 0.572000 1.297000 155 153 132
0.014000 0.734000 1.433000 129 123 109
0.007000 0.546000 1.304000 155 154 136
0.011000 0.792000 1.552000 64 63 58
0.012000 0.727000 1.453000 128 121 103
0.008000 0.709000 1.494000 130 125 105
0.014000 0.746000 1.457000 125 117 104
0.009000 0.643000 1.395000 149 146 129
0.003000 0.563000 1.377000 148 151 130
0.013000 0.685000 1.388000 144 138 114
0.011000 0.621000 1.340000 153 151 128
0.012000 0.689000 1.415000 140 140 116
0.007000 0.673000 1.462000 142 139 122
0.007000 0.651000 1.436000 147 144 125
0.005000 0.503000 1.270000 160 155 136
0.006000 0.555000 1.335000 154 153 132
0.013000 0.780000 1.508000 109 105 94
0.008000 0.699000 1.488000 133 128 106
0.006000 0.454000 1.207000 160 159 131
0.011000 0.821000 1.596000 58 59 63
0.008000 0.790000 1.601000 65 65 65
0.012000 0.704000 1.422000 135 133 110
0.004000 0.760000 1.615000 71 70 66
0.003000 0.353000 1.108000 151 150 132
0.019000 0.881000 1.558000 81 79 67
0.006000 0.735000 1.555000 114 110 85
0.004000 0.554000 1.359000 151 153 132
0.005000 0.538000 1.316000 153 154 136
0.007000 0.586000 1.356000 154 151 132
0.005000 0.459000 1.219000 161 160 130
0.006000 0.447000 1.189000 159 157 132
0.008000 0.587000 1.335000 153 152 132
0.009000 0.702000 1.471000 134 129 109
0.017000 0.879000 1.572000 75 73 61
0.007000 0.684000 1.472000 138 135 118
0.011000 0.768000 1.520000 106 104 92
0.009000 0.829000 1.627000 35 34 30
0.012000 0.969000 1.251000 143 139 114
0.011000 0.651000 1.296000 151 149 126
0.020000 0.913000 1.566000 78 76 63
0.011000 1.043000 1.193000 147 142 113
0.018000 0.979000 1.452000 119 112 94
0.010000 0.980000 1.149000 149 144 125
0.008000 0.853000 1.169000 144 142 129
0.016000 0.974000 1.393000 128 122 98
0.013000 0.948000 1.281000 137 134 115
0.009000 0.706000 1.207000 147 141 127
0.008000 0.854000 1.156000 144 142 129
0.009000 0.949000 1.129000 149 146 127
0.017000 0.995000 1.430000 122 117 95
0.013000 0.810000 1.341000 134 130 119
0.013000 0.902000 1.284000 137 134 117
0.016000 0.981000 1.367000 132 126 100
0.012000 1.000000 1.221000 144 138 112
0.005000 0.636000 1.074000 158 151 141
0.009000 0.727000 1.225000 145 138 130
0.008000 0.639000 1.204000 156 151 132
0.008000 0.550000 1.230000 161 158 139
0.017000 0.907000 1.468000 113 110 93
0.010000 0.607000 1.280000 154 153 135
0.010000 0.888000 1.217000 142 136 124
0.002000 0.352000 1.064000 152 148 136
0.003000 0.346000 1.069000 151 147 135
0.010000 0.873000 1.234000 140 136 125
0.007000 0.746000 1.138000 147 144 125
0.018000 0.948000 1.465000 115 109 93
0.006000 0.932000 1.041000 151 150 132
0.010000 0.839000 1.234000 136 136 124
0.004000 0.489000 1.075000 160 157 138
0.007000 0.670000 1.150000 152 149 130
0.014000 1.033000 1.311000 139 134 105
0.007000 0.855000 1.116000 148 145 130
0.009000 0.983000 1.131000 148 145 126
0.007000 0.828000 1.132000 147 144 129
0.008000 0.912000 1.112000 150 147 132
0.014000 0.996000 1.321000 138 131 112
0.013000 1.036000 1.247000 145 138 112
0.010000 1.045000 1.155000 150 146 121
0.007000 0.475000 1.193000 163 159 130
0.014000 0.950000 1.315000 135 133 112
0.013000 0.775000 1.336000 134 132 120
0.010000 0.685000 1.254000 147 144 127
0.012000 0.993000 1.217000 144 138 114
0.012000 1.007000 1.243000 142 138 111
0.016000 0.790000 1.446000 121 117 108
0.009000 0.638000 1.240000 155 150 130
0.010000 0.633000 1.260000 156 151 129
0.010000 0.627000 1.260000 155 150 128
0.006000 0.935000 1.030000 152 151 133
0.017000 0.936000 1.441000 117 114 97
0.007000 0.632000 1.155000 155 152 135
0.016000 1.038000 1.354000 136 129 101
0.007000 0.685000 1.154000 151 145 131
0.014000 1.015000 1.284000 139 135 106
0.009000 0.765000 1.195000 143 141 128
0.008000 0.716000 1.166000 148 142 130
0.006000 0.482000 1.172000 164 159 137
0.018000 0.853000 1.505000 102 98 86
0.017000 0.987000 1.430000 122 117 95
0.005000 0.536000 1.105000 162 157 137
0.006000 0.723000 1.098000 150 146 135
0.008000 0.777000 1.180000 144 140 128
0.010000 0.586000 1.284000 159 156 137
0.008000 0.755000 1.190000 145 141 130
0.008000 0.925000 1.127000 150 144 128
0.013000 0.753000 1.376000 130 127 112
0.018000 0.921000 1.470000 112 108 96
0.017000 0.833000 1.482000 111 107 96
0.008000 0.950000 1.094000 152 146 130
0.008000 0.816000 1.145000 147 144 129
0.015000 0.896000 1.415000 125 119 105
0.019000 1.000000 1.493000 108 102 86
0.020000 0.909000 1.570000 77 75 62
0.008000 0.707000 1.201000 148 142 128
0.011000 0.791000 1.259000 143 134 125
0.019000 0.896000 1.538000 89 87 75
0.004000 0.492000 1.081000 162 159 140
0.007000 0.751000 1.142000 146 143 128
0.006000 0.661000 1.124000 156 150 136
0.012000 0.688000 1.322000 147 142 122
0.007000 0.988000 1.044000 154 149 130
0.006000 0.833000 1.088000 150 147 130
0.007000 0.898000 1.057000 151 149 134
0.008000 1.051000 1.081000 153 148 128
0.015000 0.789000 1.408000 125 120 114
0.011000 0.979000 1.190000 144 142 121
0.012000 0.798000 1.304000 135 133 121
0.008000 0.875000 1.140000 146 144 131
0.007000 0.881000 1.124000 146 144 129
0.010000 1.071000 1.143000 151 145 123
0.007000 0.992000 1.051000 154 149 130
0.008000 1.088000 1.066000 157 151 127
0.006000 0.446000 1.158000 162 157 135
0.005000 0.502000 1.114000 163 158 139
0.008000 1.025000 1.071000 154 149 129
0.006000 0.661000 1.119000 154 151 136
0.013000 0.801000 1.356000 131 128 121
0.014000 0.900000 1.325000 134 131 116
0.017000 0.841000 1.502000 104 100 89
0.005000 0.548000 1.118000 162 157 138
0.006000 0.524000 1.166000 161 159 136
0.015000 0.894000 1.406000 126 120 106
0.015000 0.890000 1.395000 125 122 107
0.006000 0.471000 1.169000 164 159 137
0.005000 0.635000 1.081000 159 153 141
0.016000 0.908000 1.432000 123 118 99
0.010000 0.766000 1.238000 143 137 125
0.007000 0.652000 1.153000 150 151 133
0.006000 0.822000 1.077000 149 146 129
0.011000 1.021000 1.172000 148 143 121
0.017000 0.956000 1.416000 124 119 100
0.014000 1.007000 1.312000 139 133 111
0.007000 0.844000 1.108000 147 143 131
0.013000 0.926000 1.268000 137 134 115
0.009000 0.881000 1.194000 143 140 125
0.006000 0.567000 1.146000 161 156 137
0.004000 0.694000 1.048000 150 151 137
0.009000 0.599000 1.243000 157 154 135
0.017000 0.978000 1.435000 121 116 96
0.004000 0.511000 1.074000 164 158 142
0.019000 0.929000 1.489000 106 103 88
0.017000 0.853000 1.489000 107 103 91
0.004000 0.423000 1.118000 159 157 136
0.009000 0.929000 1.184000 146 140 124
0.004000 0.430000 1.089000 163 158 139
0.016000 0.935000 1.392000 128 123 104
0.005000 0.437000 1.150000 158 156 135
0.011000 0.884000 1.270000 141 135 121
0.009000 1.121000 1.107000 156 148 127
0.014000 1.070000 1.272000 144 137 108
0.019000 0.983000 1.493000 105 102 87
0.007000 0.536000 1.175000 161 159 134
0.011000 1.037000 1.170000 149 143 119
0.011000 1.067000 1.168000 149 143 119
0.010000 0.644000 1.286000 153 148 126
0.012000 0.722000 1.323000 140 135 116
0.016000 0.885000 1.425000 123 117 103
0.011000 0.927000 1.261000 138 135 116
0.020000 0.932000 1.544000 86 84 71
0.007000 0.504000 1.205000 162 156 132
0.005000 0.455000 1.127000 161 159 138
0.008000 0.887000 1.095000 148 145 130
0.007000 0.925000 1.045000 152 151 133
0.012000 0.684000 1.326000 147 142 122
0.016000 0.952000 1.370000 130 125 103
0.013000 0.965000 1.270000 140 135 113
0.007000 0.791000 1.126000 146 144 129
0.004000 0.484000 1.088000 162 160 139
0.012000 0.780000 1.317000 136 132 120
0.003000 0.365000 1.072000 156 150 136
0.009000 0.655000 1.244000 150 147 128
0.010000 1.114000 1.131000 154 149 120
0.007000 1.120000 1.013000 157 152 132
0.011000 0.815000 1.268000 138 133 127
0.021000 0.948000 1.555000 81 82 68
0.009000 0.672000 1.222000 148 147 129
0.014000 0.759000 1.410000 128 122 108
0.006000 0.688000 1.130000 152 148 136
0.010000 0.871000 1.219000 140 136 124
0.020000 0.922000 1.552000 85 81 69
0.008000 0.552000 1.224000 158 155 136
0.007000 0.653000 1.144000 155 152 135
0.005000 0.731000 1.082000 151 148 133
0.005000 0.619000 1.081000 158 152 140
0.015000 0.781000 1.419000 124 120 111
0.010000 0.888000 1.218000 142 136 124
0.015000 0.733000 1.421000 127 124 107
0.013000 0.982000 1.273000 141 137 112
0.005000 0.659000 1.098000 154 151 136
0.010000 0.791000 1.229000 143 137 125
0.006000 0.687000 1.112000 153 147 135
0.021000 0.960000 1.586000 71 69 56
0.009000 0.605000 1.228000 159 154 132
0.005000 0.672000 1.094000 153 149 137
0.013000 1.030000 1.253000 143 136 110
0.012000 0.796000 1.319000 135 131 122
0.003000 0.361000 1.079000 154 150 138
0.008000 1.086000 1.077000 156 150 124
0.009000 0.747000 1.216000 139 140 124
0.007000 0.686000 1.135000 151 147 135
0.004000 0.537000 1.071000 163 158 139
0.008000 0.605000 1.219000 160 156 131
0.013000 0.990000 1.270000 141 137 112
0.004000 0.701000 1.048000 151 149 134
0.007000 1.062000 1.032000 157 150 131
0.018000 0.976000 1.436000 120 115 95
0.017000 0.989000 1.407000 127 122 100
0.005000 0.416000 1.128000 159 157 136
0.008000 1.084000 1.068000 157 151 127
0.008000 1.113000 1.064000 156 150 128
0.008000 0.920000 1.086000 149 148 130
0.014000 0.874000 1.350000 133 127 113
0.020000 0.959000 1.537000 89 87 75
0.012000 1.033000 1.218000 145 139 113
0.018000 1.004000 1.432000 122 118 93
0.005000 0.682000 1.085000 154 148 136
0.008000 1.127000 1.055000 158 151 132
0.008000 1.146000 1.040000 158 153 133
0.014000 0.776000 1.380000 131 124 114
0.005000 0.464000 1.134000 161 159 138
0.011000 0.647000 1.299000 151 149 126
0.009000 0.645000 1.221000 155 150 131
0.009000 1.106000 1.108000 154 148 124
0.012000 0.854000 1.295000 136 134 119
0.011000 0.773000 1.279000 138 134 122
0.007000 0.805000 1.131000 148 145 130
0.017000 0.894000 1.468000 113 111 98
0.006000 0.839000 1.078000 150 147 130
0.018000 0.999000 1.430000 122 117 95
0.008000 0.785000 1.163000 148 142 130
0.007000 0.859000 1.124000 147 144 129
0.009000 0.636000 1.249000 153 151 128
0.007000 1.026000 1.053000 154 149 130
0.004000 0.538000 1.071000 163 158 139
0.010000 0.752000 1.231000 139 140 124
0.010000 0.557000 1.276000 157 154 135
0.014000 0.811000 1.385000 127 123 114
0.013000 0.988000 1.280000 140 136 111
0.003000 0.365000 1.077000 157 151 137
0.011000 0.954000 1.209000 145 140 121
0.016000 0.880000 1.432000 121 118 103
0.007000 0.612000 1.154000 159 152 134
0.012000 0.723000 1.338000 139 134 114
0.012000 0.731000 1.314000 140 137 118
0.004000 0.443000 1.087000 161 158 141
0.008000 0.946000 1.082000 152 146 130
0.012000 0.980000 1.217000 144 139 117
0.008000 0.839000 1.143000 145 143 128
0.011000 1.051000 1.192000 149 143 117
0.005000 0.401000 1.128000 160 155 135
0.013000 0.979000 1.285000 140 136 111
0.011000 0.880000 1.251000 142 136 124
0.008000 0.795000 1.177000 147 141 129
0.009000 0.558000 1.267000 157 154 135
0.007000 1.059000 1.019000 155 150 131
0.014000 0.725000 1.388000 133 128 109
0.019000 0.949000 1.486000 107 104 89
0.012000 0.790000 1.303000 136 134 122
0.007000 0.674000 1.167000 152 149 132
0.008000 0.918000 1.143000 148 145 128
0.013000 0.888000 1.315000 138 132 116
0.013000 0.684000 1.359000 146 140 118
0.006000 0.972000 1.022000 155 150 130
0.007000 0.487000 1.217000 163 159 134
0.016000 0.871000 1.440000 119 115 104
0.019000 0.979000 1.506000 101 98 81
0.007000 0.529000 1.195000 162 158 133
0.007000 0.464000 1.196000 161 158 127
0.006000 0.893000 1.029000 154 148 134
0.003000 0.334000 1.071000 148 145 130
0.011000 0.742000 1.278000 139 135 123
0.007000 0.656000 1.173000 153 150 135
0.016000 0.893000 1.420000 125 119 105
0.016000 0.788000 1.459000 119 115 106
0.016000 0.780000 1.458000 120 116 107
0.005000 0.687000 1.076000 154 148 136
0.007000 1.094000 1.019000 156 153 134
0.011000 0.668000 1.293000 147 144 125
0.012000 0.881000 1.280000 140 134 120
0.016000 0.817000 1.445000 120 116 107
0.009000 0.682000 1.214000 149 146 131
0.012000 0.783000 1.324000 135 131 120
0.016000 0.805000 1.459000 117 115 103
0.015000 0.969000 1.338000 131 129 106
0.007000 1.025000 1.033000 156 149 131
0.011000 0.911000 1.246000 139 136 119
0.013000 1.018000 1.275000 140 136 109
0.009000 1.110000 1.086000 155 149 123
0.007000 0.672000 1.169000 151 148 133
0.016000 1.005000 1.372000 131 125 101
0.008000 0.852000 1.118000 148 145 130
0.020000 0.949000 1.532000 91 87 75
0.013000 0.836000 1.340000 133 128 122
0.008000 0.922000 1.089000 152 146 130
0.006000 0.774000 1.093000 149 146 131
0.009000 0.715000 1.216000 146 140 128
0.012000 1.081000 1.213000 147 140 112
0.015000 0.755000 1.434000 127 119 106
0.009000 0.968000 1.129000 148 145 126
0.014000 1.024000 1.313000 139 133 107
0.009000 0.837000 1.199000 141 139 126
0.012000 0.725000 1.344000 138 132 116
0.014000 0.901000 1.350000 133 127 113
0.010000 0.770000 1.242000 143 135 124
0.017000 1.030000 1.400000 127 121 95
0.008000 0.835000 1.138000 145 143 130
0.009000 0.636000 1.237000 155 150 130
0.015000 1.025000 1.347000 139 129 102
0.017000 0.948000 1.423000 121 120 100
0.011000 0.700000 1.313000 143 141 120
0.008000 0.644000 1.211000 154 149 130
0.017000 0.841000 1.501000 104 100 89
0.014000 0.776000 1.404000 130 123 115
0.004000 0.551000 1.069000 163 158 139
0.020000 0.988000 1.527000 93 91 76
0.008000 0.573000 1.215000 158 156 135
0.008000 0.541000 1.237000 159 158 138
0.012000 0.716000 1.332000 141 136 116
0.018000 0.979000 1.467000 111 108 91
0.009000 0.581000 1.242000 155 152 133
0.008000 1.075000 1.062000 154 152 127
0.019000 0.911000 1.526000 93 91 78
0.003000 0.356000 1.091000 153 150 135
0.005000 0.542000 1.120000 163 158 139
0.011000 1.066000 1.183000 150 142 119
0.007000 1.100000 1.010000 155 152 135
0.004000 0.477000 1.107000 162 159 140
0.004000 0.583000 1.066000 159 156 139
0.006000 0.447000 1.162000 162 157 135
0.005000 0.406000 1.138000 160 155 135
0.004000 0.504000 1.083000 162 159 142
0.014000 0.745000 1.402000 128 125 108
0.021000 0.951000 1.553000 81 82 68
0.011000 0.805000 1.269000 137 133 122
0.009000 0.798000 1.216000 144 136 125
0.014000 0.922000 1.321000 135 133 110
0.012000 0.845000 1.287000 137 135 123
0.006000 0.644000 1.143000 157 151 135
0.014000 0.759000 1.398000 130 124 110
0.005000 0.566000 1.089000 159 157 136
0.015000 0.963000 1.358000 131 126 104
0.008000 0.679000 1.175000 151 148 133
0.004000 0.634000 1.011000 155 151 139
0.007000 1.007000 0.891000 153 147 123
0.006000 0.966000 0.953000 155 150 130
0.009000 1.161000 0.606000 132 131 103
0.007000 1.078000 0.917000 156 149 123
0.005000 0.693000 0.857000 151 149 128
0.008000 1.085000 0.644000 145 141 114
0.007000 1.119000 1.001000 158 153 133
0.007000 1.011000 0.864000 153 148 119
0.008000 1.150000 0.686000 138 134 109
0.004000 0.612000 0.918000 153 150 131
0.005000 0.745000 0.889000 155 147 128
0.007000 0.879000 0.823000 151 146 126
0.003000 0.504000 1.012000 159 155 143
0.007000 0.887000 0.813000 151 146 126
0.004000 0.707000 0.937000 154 149 130
0.005000 0.721000 0.877000 153 146 127
0.003000 0.487000 0.999000 163 157 143
0.005000 0.730000 0.837000 153 146 127
0.005000 0.823000 0.952000 151 148 131
0.004000 0.608000 0.951000 154 151 134
0.006000 0.968000 0.986000 156 151 131
0.006000 0.915000 0.961000 153 151 130
0.005000 0.865000 0.861000 150 145 126
0.004000 0.705000 0.992000 153 149 137
0.008000 1.135000 0.850000 149 143 117
0.008000 1.018000 0.684000 149 145 120
0.004000 0.718000 1.013000 154 148 136
0.008000 0.994000 0.727000 150 145 123
0.006000 0.884000 0.795000 151 147 122
0.007000 0.974000 0.810000 153 147 123
0.005000 0.752000 0.928000 153 146 128
0.008000 1.025000 0.682000 149 145 120
0.006000 0.950000 0.974000 156 151 132
0.006000 0.944000 1.010000 153 150 131
0.006000 0.850000 0.830000 149 146 129
0.009000 1.155000 0.654000 134 132 107
0.004000 0.547000 0.965000 160 154 138
0.004000 0.712000 0.938000 151 148 131
0.007000 0.919000 0.779000 152 145 126
0.007000 1.081000 0.850000 152 147 117
0.007000 1.014000 0.951000 156 150 126
0.007000 1.021000 0.795000 151 147 118
0.008000 1.127000 0.787000 145 142 111
0.004000 0.633000 0.991000 155 153 138
0.008000 1.110000 0.666000 144 139 117
0.004000 0.688000 0.926000 154 147 129
0.007000 1.092000 0.911000 153 149 120
0.005000 0.822000 0.822000 152 147 128
0.005000 0.810000 0.937000 149 146 129
0.005000 0.868000 0.878000 151 146 127
0.005000 0.746000 0.859000 154 146 127
0.005000 0.805000 0.894000 153 146 127
0.003000 0.418000 1.003000 160 154 140
0.006000 0.896000 1.003000 152 151 131
0.005000 0.891000 0.899000 151 148 131
0.007000 0.971000 0.868000 152 146 124
0.004000 0.657000 0.993000 154 152 137
0.004000 0.678000 0.961000 153 148 129
0.005000 0.746000 0.852000 153 145 126
0.007000 1.108000 0.927000 154 150 121
0.005000 0.806000 0.933000 151 145 129
0.007000 0.962000 0.761000 152 146 122
0.006000 0.873000 0.820000 151 146 126
0.007000 1.020000 0.905000 156 150 126
0.004000 0.709000 1.000000 152 149 134
0.005000 0.797000 0.949000 153 146 128
0.005000 0.869000 0.883000 152 147 128
0.007000 0.968000 0.866000 152 146 124
0.007000 0.874000 0.838000 151 145 129
0.005000 0.766000 0.950000 154 147 129
0.008000 1.029000 0.783000 152 147 118
0.007000 1.100000 0.849000 151 146 117
0.007000 0.982000 0.877000 154 148 126
0.004000 0.625000 1.018000 159 153 141
0.007000 1.043000 0.874000 153 149 120
0.005000 0.826000 1.015000 156 149 131
0.004000 0.678000 0.953000 154 148 132
0.005000 0.837000 1.025000 152 149 130
0.003000 0.492000 0.970000 158 154 142
0.008000 1.045000 0.694000 148 144 117
0.008000 1.012000 0.716000 149 144 122
0.005000 0.816000 0.849000 151 145 129
0.007000 0.893000 0.808000 151 146 126
0.006000 0.931000 0.981000 153 150 131
0.007000 0.901000 0.862000 152 147 127
0.008000 1.144000 0.746000 142 141 111
0.008000 1.070000 0.797000 151 146 117
0.008000 1.029000 0.725000 150 146 119
0.009000 1.129000 0.641000 142 138 109
0.009000 1.155000 0.606000 134 133 105
0.007000 1.105000 0.937000 157 152 120
0.007000 1.081000 0.843000 152 147 117
0.004000 0.655000 0.916000 154 149 130
0.008000 1.091000 0.714000 144 143 113
0.003000 0.540000 1.007000 162 156 144
0.008000 1.110000 0.769000 145 141 114
0.009000 1.154000 0.642000 134 132 107
0.004000 0.776000 1.003000 151 148 131
0.005000 0.829000 0.863000 151 146 127
0.006000 0.968000 0.970000 156 151 131
0.008000 1.146000 0.864000 149 143 117
0.004000 0.541000 0.969000 158 155 138
0.005000 0.764000 0.929000 153 146 128
0.007000 0.986000 0.893000 153 146 127
0.005000 0.753000 0.899000 153 146 128
0.007000 0.961000 0.853000 152 147 125
0.006000 0.912000 0.982000 152 151 130
0.005000 0.722000 0.859000 153 146 127
0.006000 0.929000 1.005000 154 152 131
0.004000 0.660000 1.038000 155 151 140
0.005000 0.840000 0.932000 153 148 129
0.005000 0.799000 0.931000 151 145 129
0.004000 0.635000 0.932000 151 150 130
0.008000 1.132000 0.826000 146 142 115
0.003000 0.524000 0.997000 160 154 140
0.008000 1.103000 0.704000 143 142 112
0.005000 0.762000 0.945000 154 147 129
0.004000 0.541000 0.988000 157 154 139
0.005000 0.824000 0.921000 150 147 130
0.007000 0.999000 0.858000 153 147 121
0.007000 1.087000 1.006000 155 152 135
0.007000 1.097000 0.856000 151 147 120
0.007000 1.002000 0.939000 156 150 128
0.004000 0.669000 0.973000 154 151 132
0.004000 0.783000 1.015000 151 148 131
0.005000 0.802000 0.919000 152 147 127
0.007000 1.029000 0.947000 155 151 124
0.004000 0.585000 0.943000 155 152 133
0.006000 1.017000 1.006000 154 151 132
0.005000 0.876000 0.982000 154 149 130
0.008000 1.055000 0.803000 151 146 117
0.006000 0.827000 0.800000 151 145 129
0.007000 0.906000 0.759000 152 146 124
0.003000 0.515000 0.997000 161 153 140
0.005000 0.723000 0.910000 150 147 128
0.004000 0.634000 0.886000 152 150 129
0.003000 0.402000 1.045000 159 156 139
0.003000 0.429000 1.022000 160 157 142
0.007000 1.037000 0.883000 154 148 122
0.003000 0.433000 1.036000 161 158 141
0.006000 0.806000 0.797000 152 145 129
0.005000 0.803000 0.862000 151 145 129
0.005000 0.895000 1.014000 153 150 131
0.007000 0.910000 0.884000 152 147 127
0.008000 1.112000 0.791000 148 144 115
0.004000 0.645000 1.022000 155 153 138
0.008000 1.138000 0.843000 147 143 116
0.005000 0.838000 0.879000 151 145 129
0.005000 0.869000 0.873000 151 146 127
0.004000 0.603000 1.037000 154 155 137
0.003000 0.503000 0.991000 160 154 140
0.007000 0.964000 0.817000 153 147 125
0.005000 0.800000 0.974000 152 150 129
0.007000 0.950000 0.906000 153 148 129
0.007000 1.035000 0.794000 152 147 118
0.008000 1.163000 0.878000 133 135 114
0.005000 0.789000 0.922000 154 147 129
0.008000 1.081000 0.711000 145 141 112
0.007000 0.956000 0.795000 153 147 125
0.007000 0.901000 0.810000 151 146 126
0.007000 1.149000 0.977000 159 155 128
0.007000 0.943000 0.776000 149 144 122
0.008000 1.128000 0.836000 145 144 116
0.005000 0.820000 0.887000 151 145 129
0.008000 1.131000 0.825000 146 142 115
0.008000 1.088000 0.704000 146 142 113
0.004000 0.730000 0.988000 154 148 132
0.004000 0.638000 0.891000 152 150 129
0.004000 0.640000 0.964000 153 152 134
0.007000 1.113000 0.855000 150 146 119
0.004000 0.657000 0.979000 153 152 132
0.005000 0.913000 0.941000 154 149 129
0.005000 0.733000 0.937000 153 147 131
0.008000 0.995000 0.744000 151 145 123
0.007000 0.856000 0.833000 149 146 129
0.008000 1.145000 0.692000 141 137 112
0.007000 1.064000 0.960000 156 150 126
0.006000 0.944000 0.944000 154 149 130
0.007000 1.015000 0.889000 153 147 121
0.005000 0.766000 0.960000 155 148 130
0.007000 0.981000 0.852000 153 147 125
0.004000 0.528000 0.979000 159 156 141
0.007000 1.127000 0.891000 148 147 117
0.005000 0.895000 1.018000 153 150 131
0.008000 1.110000 0.760000 147 143 114
0.007000 0.960000 0.750000 151 145 123
0.005000 0.738000 0.873000 153 146 128
0.008000 1.159000 0.716000 131 128 109
0.007000 1.084000 0.831000 151 147 118
0.009000 1.129000 0.649000 142 138 111
0.006000 0.928000 0.932000 156 149 130
0.007000 0.916000 0.812000 150 145 123
0.004000 0.664000 0.986000 152 151 133
0.007000 0.894000 0.768000 152 145 126
0.007000 0.930000 0.767000 151 144 125
0.007000 0.972000 0.882000 153 147 125
0.008000 1.056000 0.685000 146 142 115
0.005000 0.677000 0.894000 151 149 128
0.003000 0.477000 1.008000 161 155 139
0.005000 0.718000 0.921000 150 147 128
0.007000 0.992000 0.839000 152 148 123
0.006000 0.932000 0.930000 156 149 130
0.008000 1.096000 0.783000 148 144 115
0.007000 1.029000 0.966000 155 151 124
0.005000 0.770000 0.904000 153 146 128
0.007000 1.041000 0.928000 156 152 125
0.008000 1.014000 0.768000 152 147 117
0.004000 0.650000 0.961000 153 150 131
0.008000 1.146000 0.782000 142 141 113
0.006000 0.961000 0.956000 155 150 130
0.008000 1.055000 0.696000 148 144 115
0.008000 1.033000 0.691000 148 144 117
0.007000 1.003000 0.833000 153 147 121
0.007000 1.093000 0.986000 156 150 126
0.007000 0.897000 0.864000 152 147 127
0.007000 0.952000 0.876000 153 148 128
0.005000 0.674000 0.873000 153 148 128
0.007000 0.972000 0.878000 153 147 125
0.004000 0.705000 1.031000 149 150 134
0.005000 0.811000 0.856000 152 146 130
0.005000 0.722000 0.861000 153 146 127
0.007000 0.975000 0.866000 152 146 124
0.008000 1.022000 0.769000 152 147 117
0.005000 0.740000 0.882000 153 146 128
0.005000 0.847000 0.892000 149 146 127
0.008000 1.012000 0.709000 149 144 122
0.008000 1.161000 0.786000 133 132 112
0.003000 0.507000 0.974000 157 155 140
0.004000 0.777000 1.000000 151 148 131
0.007000 1.012000 0.871000 153 148 119
0.004000 0.700000 0.994000 153 149 137
0.006000 0.892000 0.865000 152 147 127
0.005000 0.718000 0.906000 151 148 129
0.004000 0.648000 0.926000 152 149 130
0.008000 1.082000 0.674000 147 143 114
0.005000 0.862000 0.973000 154 149 130
0.005000 0.767000 0.940000 153 146 128
0.005000 0.778000 0.971000 153 148 129
0.005000 0.775000 0.843000 152 145 127
0.006000 0.805000 0.798000 152 145 129
0.033000 1.038000 1.764000 147 144 127
0.021000 1.068000 1.815000 151 145 133
0.013000 1.045000 1.822000 151 145 133
0.011000 1.096000 1.860000 147 140 130
0.012000 0.886000 1.724000 156 154 141
0.007000 1.023000 1.825000 149 145 134
0.015000 0.918000 1.736000 155 151 139
0.033000 1.014000 1.749000 149 144 125
0.010000 1.006000 1.807000 151 149 137
0.012000 0.888000 1.725000 156 154 141
0.028000 1.111000 1.821000 147 143 131
0.015000 1.086000 1.843000 149 143 131
0.019000 0.950000 1.744000 149 145 133
0.019000 0.936000 1.740000 154 148 136
0.027000 1.106000 1.821000 147 143 132
0.007000 0.865000 1.726000 158 152 140
0.007000 1.042000 1.838000 148 144 132
0.016000 1.141000 1.873000 146 140 126
0.017000 0.905000 1.726000 156 152 143
0.031000 0.984000 1.738000 148 142 128
0.010000 0.923000 1.756000 157 151 139
0.008000 1.109000 1.902000 144 138 126
0.010000 0.834000 2.126000 131 124 114
0.005000 0.844000 1.767000 156 154 141
0.006000 0.923000 1.800000 154 151 136
0.007000 0.837000 1.905000 148 143 139
0.009000 0.977000 2.033000 137 131 119
0.007000 0.981000 1.825000 152 150 138
0.008000 0.900000 1.901000 148 145 136
0.008000 1.079000 1.944000 142 136 122
0.008000 0.999000 1.949000 143 139 127
0.009000 0.802000 2.025000 139 132 124
0.008000 0.918000 1.887000 150 147 140
0.006000 0.956000 1.794000 152 149 134
0.008000 0.813000 1.984000 141 137 128
0.008000 0.811000 2.006000 138 134 125
0.010000 0.771000 2.095000 140 132 121
0.007000 0.891000 1.814000 154 150 138
0.011000 0.744000 2.192000 143 139 130
0.010000 0.761000 2.141000 139 132 124
0.006000 0.925000 1.787000 154 151 136
0.009000 0.920000 1.960000 141 141 129
0.010000 0.943000 2.048000 134 128 116
0.006000 0.844000 1.857000 152 147 143
0.007000 0.818000 1.926000 148 144 135
0.009000 0.924000 1.978000 140 135 129
0.009000 0.963000 2.022000 135 131 119
0.007000 0.853000 1.913000 148 143 139
0.009000 0.809000 2.060000 138 129 120
0.008000 1.065000 1.893000 147 141 129
0.008000 0.902000 1.896000 149 146 137
0.008000 1.038000 1.911000 145 143 130
0.009000 0.910000 2.056000 134 128 116
0.006000 0.877000 1.740000 156 154 141
0.008000 0.899000 1.960000 144 140 131
0.009000 1.037000 1.979000 139 135 124
0.007000 0.843000 1.898000 151 143 140
0.007000 1.004000 1.852000 150 148 136
0.005000 0.840000 1.773000 156 152 140
0.007000 1.066000 1.870000 149 142 132
0.007000 0.953000 1.824000 153 149 138
0.008000 1.064000 1.961000 142 136 124
0.008000 0.987000 1.958000 143 139 128
0.007000 0.931000 1.843000 149 149 139
0.007000 0.825000 1.884000 152 145 135
0.008000 0.874000 1.915000 149 145 136
0.006000 0.921000 1.793000 154 151 136
0.007000 1.067000 1.869000 149 142 132
0.007000 1.002000 1.852000 150 148 136
0.008000 1.011000 1.943000 141 139 126
0.007000 0.866000 1.890000 149 144 138
0.008000 0.867000 1.972000 143 138 132
0.010000 0.803000 2.167000 130 125 121
0.008000 0.965000 1.946000 143 141 128
0.008000 0.913000 2.026000 134 130 118
0.006000 0.829000 1.843000 152 149 140
0.008000 0.965000 1.908000 145 143 131
0.008000 0.800000 2.011000 141 134 126
0.009000 0.945000 2.029000 136 130 118
0.009000 1.034000 1.976000 138 136 124
0.007000 0.982000 1.827000 152 150 138
0.005000 0.864000 1.752000 157 153 141
0.007000 0.947000 1.846000 151 148 139
0.008000 0.976000 1.954000 143 139 127
0.008000 0.813000 1.954000 147 143 134
0.009000 0.856000 2.084000 134 127 117
0.006000 0.950000 1.799000 154 151 136
0.010000 0.839000 2.146000 126 119 111
0.006000 0.873000 1.836000 153 149 138
0.008000 1.047000 1.891000 149 143 131
0.008000 0.997000 1.891000 148 144 135
0.008000 0.951000 1.892000 149 146 137
0.006000 0.862000 1.807000 156 150 138
0.009000 0.922000 2.065000 134 128 116
0.009000 0.809000 2.082000 137 128 119
0.008000 1.068000 1.917000 143 141 128
0.008000 0.937000 1.939000 144 140 129
0.009000 0.841000 2.070000 133 126 116
0.007000 0.826000 1.918000 148 143 137
0.007000 1.009000 1.885000 147 143 134
0.009000 0.845000 2.101000 131 125 113
0.007000 0.976000 1.852000 151 149 137
0.007000 0.829000 1.870000 151 146 140
0.009000 0.770000 2.064000 138 131 121
0.007000 1.002000 1.831000 152 150 135
0.009000 0.938000 2.024000 135 131 119
0.010000 0.938000 2.064000 135 129 117
0.008000 1.048000 1.959000 143 136 126
0.005000 0.845000 1.733000 157 153 142
0.008000 0.956000 1.884000 150 147 138
0.009000 0.956000 1.993000 139 135 126
0.006000 0.854000 1.807000 155 151 139
0.007000 1.052000 1.876000 151 142 135
0.010000 0.744000 2.165000 142 134 123
0.005000 0.865000 1.783000 157 151 139
0.009000 0.992000 2.004000 137 132 126
0.008000 1.057000 1.938000 146 140 128
0.008000 0.878000 1.996000 141 133 122
0.008000 1.053000 1.911000 144 142 129
0.009000 1.006000 2.000000 137 133 124
0.008000 1.007000 1.942000 142 140 127
0.007000 0.865000 1.890000 151 143 140
0.007000 1.071000 1.865000 148 141 131
0.008000 0.855000 1.955000 146 144 132
0.009000 0.827000 2.059000 134 127 117
0.009000 0.969000 2.002000 138 133 129
0.009000 1.020000 1.999000 138 134 125
0.008000 0.904000 1.885000 149 146 137
0.010000 0.797000 2.165000 131 126 122
0.007000 0.808000 1.935000 148 144 135
0.009000 0.812000 2.063000 138 129 120
0.008000 1.058000 1.904000 144 142 129
0.008000 1.146000 1.909000 142 139 122
0.007000 1.006000 1.862000 148 145 136
0.008000 0.983000 1.938000 143 141 128
0.008000 1.160000 1.920000 140 137 120
0.009000 0.819000 2.092000 137 129 118
0.005000 0.879000 1.778000 156 150 138
0.007000 0.838000 1.893000 152 144 141
0.008000 1.044000 1.896000 147 143 131
0.007000 0.883000 1.802000 154 150 138
0.007000 0.899000 1.921000 148 145 138
0.030000 1.569000 1.992000 131 124 105
0.028000 1.419000 1.952000 134 129 109
0.019000 1.634000 2.141000 135 129 107
0.025000 1.547000 2.035000 135 129 107
0.026000 1.436000 1.975000 136 129 111
0.030000 1.513000 1.970000 134 126 105
0.023000 1.640000 2.103000 133 124 107
0.033000 1.569000 1.969000 131 125 103
0.031000 1.567000 1.981000 130 123 104
0.028000 1.429000 1.952000 136 131 111
0.033000 1.447000 1.906000 137 129 108
0.028000 1.491000 1.976000 137 125 109
0.018000 1.678000 2.165000 162 156 140
0.025000 1.614000 2.070000 135 127 104
0.026000 1.617000 2.060000 134 128 104
0.023000 1.659000 2.105000 133 125 106
0.021000 1.653000 2.129000 135 124 102
0.027000 1.507000 1.994000 136 128 109
0.031000 1.307000 1.863000 138 132 116
0.028000 1.526000 1.996000 134 127 109
0.032000 1.281000 1.842000 138 136 115
0.032000 1.325000 1.866000 140 135 116
0.030000 1.401000 1.918000 137 130 111
0.015000 1.706000 2.209000 142 139 130
0.031000 1.387000 1.905000 140 131 114
0.027000 1.466000 1.984000 135 126 109
0.025000 1.563000 2.041000 134 128 106
0.023000 1.632000 2.093000 136 125 105
0.028000 1.412000 1.943000 136 129 110
0.025000 1.463000 1.999000 134 129 110
0.032000 1.594000 1.981000 129 123 101
0.033000 1.414000 1.899000 137 130 111
0.030000 1.496000 1.963000 134 126 107
0.031000 1.327000 1.879000 140 133 115
0.018000 1.665000 2.156000 124 119 99
0.024000 1.569000 2.053000 134 128 106
0.033000 1.302000 1.843000 140 134 118
0.030000 1.444000 1.939000 134 129 107
0.020000 1.655000 2.132000 133 122 100
0.025000 1.523000 2.022000 135 128 109
0.026000 1.591000 2.049000 135 127 108
0.021000 1.593000 2.096000 136 125 107
0.030000 1.420000 1.931000 137 131 109
0.023000 1.524000 2.045000 137 130 111
0.033000 1.259000 1.819000 137 135 112
0.021000 1.563000 2.082000 136 128 107
0.033000 1.302000 1.844000 140 134 118
0.030000 1.571000 2.000000 132 125 106
0.020000 0.500000 0.597000 163 153 126
0.017000 0.559000 0.594000 157 148 119
0.025000 0.413000 0.599000 139 130 101
0.028000 0.476000 0.582000 133 121 97
0.017000 0.568000 0.593000 165 156 127
0.020000 0.525000 0.594000 133 126 97
0.029000 0.440000 0.585000 142 128 102
0.031000 0.497000 0.558000 138 127 99
0.023000 0.563000 0.522000 141 129 103
0.033000 0.494000 0.484000 139 123 98
0.014000 0.614000 0.585000 133 126 98
0.015000 0.606000 0.573000 143 133 106
0.028000 0.521000 0.528000 145 134 106
0.025000 0.545000 0.518000 137 125 99
0.024000 0.559000 0.501000 137 125 99
0.033000 0.497000 0.485000 139 123 98
0.023000 0.563000 0.508000 140 128 102
0.026000 0.543000 0.512000 136 124 98
0.024000 0.553000 0.528000 145 133 107
0.027000 0.547000 0.074000 137 123 86
0.022000 0.574000 0.403000 141 129 103
0.025000 0.556000 0.129000 136 122 85
0.020000 0.583000 0.093000 141 131 95
0.011000 0.629000 0.428000 157 153 128
0.019000 0.586000 0.278000 136 125 93
0.023000 0.568000 0.170000 140 125 86
0.011000 0.629000 0.396000 153 155 131
0.030000 0.529000 0.246000 141 124 96
0.012000 0.626000 0.309000 160 154 128
0.023000 0.566000 0.428000 135 121 92
0.028000 0.540000 0.236000 145 126 94
0.028000 0.542000 0.437000 139 125 96
0.012000 0.625000 0.510000 157 150 131
0.017000 0.600000 0.210000 134 126 90
0.020000 0.585000 0.376000 144 131 99
0.012000 0.628000 0.160000 158 154 129
0.020000 0.584000 0.467000 141 125 92
0.016000 0.603000 0.254000 135 126 95
0.020000 0.586000 0.113000 139 123 87
0.029000 0.538000 0.342000 138 127 99
0.030000 0.532000 0.266000 135 120 89
0.024000 0.561000 0.249000 143 128 97
0.027000 0.548000 0.064000 135 121 82
0.030000 0.531000 0.273000 138 121 91
0.023000 0.566000 0.187000 138 123 90
0.017000 0.597000 0.187000 136 123 88
0.011000 0.632000 0.203000 158 153 131
0.021000 0.580000 0.427000 125 111 82
0.018000 0.593000 0.418000 100 93 64
0.020000 0.586000 0.185000 137 123 88
0.029000 0.537000 0.135000 137 123 88
0.031000 0.528000 0.236000 141 122 90
0.027000 0.549000 0.079000 138 124 89
0.016000 0.605000 0.071000 137 127 91
0.027000 0.549000 0.090000 137 122 89
0.015000 0.608000 0.359000 142 132 105
0.018000 0.595000 0.138000 141 127 90
0.015000 0.607000 0.395000 141 129 103
0.030000 0.533000 0.251000 143 124 91
0.018000 0.596000 0.268000 142 133 100
0.021000 0.576000 0.261000 143 129 100
0.012000 0.626000 0.264000 157 151 125
0.012000 0.626000 0.356000 156 154 131
0.024000 0.565000 0.297000 142 131 103
0.023000 0.568000 0.163000 144 129 88
0.014000 0.615000 0.521000 144 138 114
0.031000 0.527000 0.396000 138 129 100
0.029000 0.534000 0.214000 143 125 89
0.023000 0.569000 0.266000 147 133 106
0.029000 0.538000 0.297000 141 128 94
0.028000 0.540000 0.331000 143 132 104
0.021000 0.580000 0.292000 141 132 101
0.015000 0.607000 0.105000 136 131 101
0.013000 0.618000 0.464000 139 134 112
0.016000 0.603000 0.157000 131 121 85
0.023000 0.569000 0.097000 137 122 89
0.017000 0.599000 0.350000 140 129 101
0.012000 0.623000 0.366000 155 153 130
0.032000 0.522000 0.244000 143 128 97
0.020000 0.584000 0.454000 143 124 91
0.022000 0.575000 0.136000 130 115 76
0.028000 0.542000 0.315000 139 128 98
0.021000 0.938000 1.658000 112 119 125
0.025000 0.953000 1.658000 110 115 108
0.028000 0.940000 1.713000 152 150 137
0.024000 0.945000 1.665000 111 117 117
0.012000 1.220000 0.114000 120 122 100
0.015000 1.317000 0.072000 85 79 63
0.012000 1.180000 0.103000 108 107 86
0.013000 1.211000 0.095000 109 104 85
0.013000 1.224000 0.101000 105 103 82
0.013000 1.132000 0.081000 113 112 91
0.014000 1.292000 0.085000 91 84 65
0.015000 1.339000 0.072000 80 76 64
0.014000 1.155000 0.060000 113 112 91
0.015000 1.350000 0.071000 76 74 61
0.014000 1.278000 0.088000 98 92 70
0.013000 1.117000 0.069000 115 114 93
0.012000 1.280000 0.127000 129 127 102
0.013000 1.117000 0.065000 115 115 91
0.014000 1.261000 0.086000 99 95 70
0.012000 1.145000 0.091000 112 111 91
0.013000 1.206000 0.099000 110 105 86
0.012000 1.306000 0.139000 125 121 96
0.011000 1.160000 0.122000 154 154 130
0.012000 1.233000 0.118000 145 147 125
0.012000 1.223000 0.117000 133 135 113
0.013000 1.248000 0.109000 101 103 81
0.010000 0.899000 0.066000 131 126 106
0.012000 1.153000 0.103000 111 110 89
0.012000 1.197000 0.112000 114 113 92
0.013000 1.159000 0.090000 112 109 92
0.012000 1.048000 0.074000 123 118 98
0.012000 1.081000 0.082000 115 119 94
0.012000 0.996000 0.069000 125 120 100
0.015000 1.316000 0.072000 86 80 64
0.012000 1.166000 0.098000 110 109 88
0.014000 1.218000 0.063000 107 104 85
0.014000 1.198000 0.076000 108 106 85
0.012000 0.925000 0.059000 125 127 105
0.013000 1.253000 0.108000 94 94 70
0.012000 1.272000 0.128000 131 129 106
0.013000 1.194000 0.080000 109 107 86
0.012000 1.230000 0.115000 132 134 112
0.011000 1.271000 0.143000 130 128 105
0.012000 1.189000 0.106000 105 104 83
0.012000 1.276000 0.125000 130 128 105
0.014000 1.264000 0.079000 98 94 69
0.012000 1.078000 0.079000 116 120 95
0.013000 1.137000 0.079000 113 112 91
0.013000 1.189000 0.080000 109 107 86
0.013000 1.256000 0.103000 94 94 70
0.011000 0.938000 0.253000 160 152 133
0.010000 0.774000 0.096000 130 124 108
0.011000 0.963000 0.129000 156 155 135
0.011000 0.868000 0.329000 157 156 135
0.011000 0.783000 0.410000 156 150 134
0.010000 0.792000 0.087000 131 128 111
0.011000 1.171000 0.174000 155 150 128
0.010000 0.790000 0.196000 164 159 140
0.011000 0.655000 0.286000 158 156 133
0.010000 0.868000 0.198000 157 159 138
0.011000 0.632000 0.431000 158 154 129
0.011000 0.735000 0.447000 159 151 140
0.011000 0.634000 0.588000 157 151 129
0.011000 0.925000 0.192000 158 155 138
0.011000 0.732000 0.299000 161 154 136
0.012000 0.925000 0.374000 156 151 131
0.010000 0.726000 0.194000 164 159 140
0.011000 0.973000 0.232000 157 155 132
0.011000 1.079000 0.231000 146 148 124
0.010000 0.700000 0.250000 162 157 135
0.011000 1.198000 0.203000 147 146 118
0.010000 0.889000 0.095000 123 120 103
0.011000 0.808000 0.452000 157 152 133
0.011000 1.098000 0.133000 152 146 124
0.011000 0.841000 0.303000 158 155 136
0.011000 0.712000 0.447000 158 153 133
0.011000 0.898000 0.396000 134 131 112
0.010000 0.851000 0.103000 150 149 131
0.011000 1.067000 0.237000 149 149 123
0.011000 0.695000 0.332000 160 155 133
0.010000 0.706000 0.206000 163 158 138
0.011000 0.847000 0.451000 144 144 132
0.011000 0.815000 0.429000 156 150 134
0.011000 0.928000 0.196000 158 155 138
0.011000 0.629000 0.536000 153 151 130
0.011000 0.964000 0.261000 156 154 133
0.011000 0.969000 0.174000 162 157 135
0.011000 0.902000 0.188000 161 156 137
0.011000 1.037000 0.110000 158 156 135
0.011000 0.685000 0.308000 161 156 134
0.011000 0.730000 0.435000 158 152 136
0.010000 0.834000 0.112000 173 167 153
0.011000 1.102000 0.267000 144 147 118
0.011000 0.770000 0.320000 158 155 136
0.012000 0.986000 0.339000 156 150 128
0.010000 0.701000 0.244000 163 158 136
0.011000 1.101000 0.206000 148 146 121
0.011000 1.008000 0.207000 154 151 132
0.011000 0.991000 0.138000 156 154 131
0.011000 0.965000 0.108000 167 169 148
0.011000 0.810000 0.353000 155 154 134
0.011000 0.990000 0.244000 158 152 130
0.011000 0.961000 0.253000 157 155 134
0.011000 0.685000 0.405000 160 155 136
0.011000 0.982000 0.223000 159 153 131
0.010000 0.884000 0.191000 160 157 138
0.011000 0.750000 0.390000 158 152 136
0.011000 0.809000 0.436000 157 151 135
0.011000 1.059000 0.168000 154 149 127
0.011000 0.726000 0.371000 161 154 135
0.011000 0.805000 0.436000 157 151 135
0.011000 0.936000 0.232000 158 153 134
0.011000 1.107000 0.273000 146 146 118
0.010000 0.783000 0.223000 163 158 139
0.011000 0.982000 0.187000 157 152 132
0.010000 0.733000 0.067000 131 128 109
0.010000 0.729000 0.128000 165 160 141
0.011000 1.180000 0.145000 150 148 125
0.011000 1.049000 0.308000 153 148 126
0.010000 0.746000 0.075000 132 129 112
0.011000 0.817000 0.444000 155 152 135
0.011000 0.758000 0.288000 162 155 137
0.011000 1.102000 0.153000 151 149 126
0.010000 0.763000 0.182000 164 158 142
0.011000 0.640000 0.557000 157 151 129
0.010000 0.861000 0.125000 158 157 137
0.012000 0.961000 0.323000 156 151 131
0.010000 0.779000 0.228000 164 159 140
0.011000 1.200000 0.170000 151 146 124
0.010000 0.838000 0.139000 161 160 140
0.011000 1.060000 0.179000 155 150 128
0.011000 0.815000 0.292000 158 157 137
0.011000 0.871000 0.304000 158 156 131
0.011000 0.992000 0.168000 158 153 133
0.010000 0.787000 0.074000 134 128 112
0.011000 0.834000 0.281000 159 156 137
0.011000 0.786000 0.352000 157 154 135
0.011000 0.842000 0.385000 154 153 133
0.011000 0.741000 0.468000 158 150 137
0.011000 0.634000 0.488000 157 152 130
0.011000 1.029000 0.157000 154 151 132
0.011000 0.809000 0.315000 159 156 137
0.011000 0.711000 0.265000 159 157 136
0.011000 1.151000 0.190000 155 151 126
0.011000 1.065000 0.240000 151 149 124
0.011000 1.019000 0.271000 151 151 127
0.010000 0.750000 0.169000 162 159 140
0.010000 0.869000 0.206000 161 158 139
0.011000 1.053000 0.306000 154 149 127
0.011000 0.685000 0.529000 158 152 128
0.011000 1.056000 0.108000 156 154 133
0.011000 0.779000 0.323000 158 155 136
0.011000 1.057000 0.285000 153 147 125
0.011000 1.019000 0.301000 152 150 127
0.011000 0.702000 0.408000 158 153 133
0.010000 0.851000 0.132000 160 159 139
0.011000 0.696000 0.389000 160 153 134
0.011000 1.192000 0.158000 151 149 126
0.010000 0.806000 0.192000 165 160 141
0.010000 0.792000 0.115000 167 164 145
0.011000 0.730000 0.506000 159 152 136
0.011000 0.800000 0.401000 153 152 134
0.010000 0.854000 0.205000 160 159 139
0.011000 0.636000 0.330000 157 155 130
0.010000 0.752000 0.230000 164 157 139
0.011000 0.654000 0.555000 157 151 129
0.010000 0.833000 0.269000 159 156 137
0.011000 1.142000 0.160000 158 153 131
0.011000 0.682000 0.513000 157 152 130
0.011000 1.159000 0.138000 154 152 129
0.011000 0.933000 0.195000 158 155 136
0.010000 0.855000 0.130000 160 159 139
0.011000 0.939000 0.235000 158 153 134
0.010000 0.747000 0.179000 163 158 139
0.011000 0.749000 0.507000 156 153 136
0.011000 0.916000 0.256000 160 153 134
0.011000 0.634000 0.368000 158 154 129
0.011000 1.007000 0.103000 144 143 123
0.011000 1.222000 0.195000 142 140 115
0.010000 0.878000 0.203000 162 157 138
0.011000 1.141000 0.254000 153 151 126
0.011000 0.882000 0.348000 156 153 138
0.011000 0.913000 0.162000 161 156 137
0.010000 0.746000 0.252000 164 157 139
0.011000 0.964000 0.241000 157 155 134
0.011000 0.675000 0.276000 159 157 134
0.011000 0.838000 0.331000 156 155 134
0.010000 0.665000 0.177000 162 157 137
0.010000 0.810000 0.210000 161 158 139
0.011000 1.082000 0.166000 150 148 125
0.011000 0.751000 0.273000 162 155 137
0.011000 0.949000 0.178000 161 156 136
0.010000 0.795000 0.060000 128 125 106
0.011000 1.201000 0.194000 146 145 117
0.011000 1.106000 0.161000 150 148 125
0.011000 0.782000 0.332000 158 155 136
0.010000 0.768000 0.171000 162 159 142
0.010000 0.695000 0.113000 174 173 153
0.011000 0.921000 0.225000 160 155 135
0.012000 0.975000 0.367000 155 150 130
0.011000 0.987000 0.225000 159 153 131
0.011000 0.678000 0.334000 161 155 133
0.011000 0.890000 0.306000 157 155 132
0.011000 0.859000 0.387000 145 142 125
0.010000 0.908000 0.172000 162 155 137
0.011000 0.982000 0.148000 157 155 134
0.011000 1.175000 0.132000 150 148 125
0.011000 1.131000 0.141000 159 154 132
0.011000 1.055000 0.124000 153 151 126
0.011000 0.682000 0.372000 161 154 135
0.011000 1.100000 0.220000 146 146 120
0.011000 0.787000 0.277000 159 156 137
0.011000 1.180000 0.188000 152 147 125
0.010000 0.854000 0.277000 161 156 137
0.010000 0.699000 0.237000 163 158 136
0.011000 0.757000 0.302000 158 155 136
0.011000 0.760000 0.278000 161 154 136
0.011000 1.121000 0.184000 147 145 122
0.011000 1.069000 0.269000 151 146 124
0.011000 0.683000 0.442000 159 154 135
0.011000 1.054000 0.214000 155 149 127
0.011000 0.802000 0.395000 155 152 133
0.010000 0.816000 0.268000 159 158 138
0.011000 0.705000 0.411000 159 154 134
0.010000 0.808000 0.177000 164 159 140
0.010000 0.707000 0.088000 129 128 108
0.011000 0.985000 0.267000 156 154 131
0.010000 0.760000 0.174000 164 158 142
0.010000 0.884000 0.199000 163 156 138
0.011000 1.125000 0.179000 150 145 123
0.012000 0.990000 0.354000 156 151 129
0.010000 0.668000 0.230000 163 159 134
0.011000 1.126000 0.190000 157 152 130
0.011000 1.200000 0.216000 145 145 117
0.011000 1.092000 0.214000 148 148 120
0.011000 1.090000 0.292000 149 148 120
0.010000 0.712000 0.069000 133 130 111
0.010000 0.915000 0.135000 160 157 138
0.011000 1.143000 0.241000 153 153 127
0.011000 0.845000 0.324000 157 155 134
0.011000 0.637000 0.285000 159 154 132
0.011000 1.026000 0.122000 155 153 130
0.011000 0.845000 0.394000 147 146 128
0.011000 0.987000 0.221000 159 152 133
0.011000 1.140000 0.199000 157 153 128
0.011000 0.696000 0.354000 161 154 135
0.010000 0.675000 0.108000 159 158 138
0.011000 0.661000 0.522000 158 153 131
0.010000 0.825000 0.275000 159 156 137
0.010000 0.670000 0.121000 158 160 139
0.010000 0.857000 0.137000 160 159 139
0.011000 0.977000 0.091000 122 119 102
0.011000 1.089000 0.160000 150 148 125
0.011000 0.721000 0.466000 159 152 134
0.010000 0.863000 0.213000 160 157 138
0.010000 0.854000 0.086000 127 126 108
0.010000 0.741000 0.156000 163 160 141
0.010000 0.740000 0.105000 143 144 126
0.011000 1.105000 0.218000 147 145 120
0.011000 1.197000 0.215000 145 145 117
0.011000 1.067000 0.190000 154 149 127
0.011000 0.677000 0.423000 160 155 135
0.011000 0.734000 0.379000 160 153 134
0.012000 0.914000 0.375000 151 146 124
0.011000 0.706000 0.382000 161 154 135
0.011000 1.256000 0.164000 140 134 110
0.011000 1.007000 0.124000 155 152 133
0.011000 0.718000 0.400000 160 153 134
0.011000 1.095000 0.155000 150 148 125
0.011000 1.007000 0.144000 157 152 133
0.011000 0.945000 0.143000 157 154 135
0.011000 1.155000 0.171000 157 152 130
0.011000 0.646000 0.321000 160 155 135
0.011000 1.049000 0.215000 155 151 126
0.011000 0.745000 0.362000 158 153 134
0.010000 0.827000 0.133000 161 158 141
0.011000 1.050000 0.250000 152 150 127
0.012000 0.928000 0.368000 155 150 130
0.011000 0.721000 0.436000 158 152 136
0.011000 1.110000 0.199000 148 146 123
0.011000 0.742000 0.329000 158 153 134
0.011000 0.739000 0.271000 163 156 138
0.011000 0.690000 0.492000 159 152 133
0.010000 0.863000 0.168000 160 158 137
0.010000 0.904000 0.267000 160 155 135
0.010000 0.714000 0.063000 132 129 110
0.010000 0.638000 0.129000 155 157 135
0.011000 0.847000 0.287000 161 156 137
0.011000 0.658000 0.529000 157 152 130
0.011000 0.798000 0.354000 157 154 135
0.010000 0.738000 0.261000 163 156 138
0.010000 0.847000 0.270000 160 155 136
0.011000 0.726000 0.322000 159 154 134
0.011000 0.784000 0.402000 154 151 134
0.011000 0.962000 0.124000 155 154 134
0.010000 0.759000 0.116000 165 162 145
0.011000 1.004000 0.299000 153 153 129
0.010000 0.685000 0.067000 129 127 104
0.010000 0.815000 0.133000 161 158 141
0.011000 0.854000 0.430000 158 158 150
0.011000 0.769000 0.489000 160 151 136
0.011000 0.994000 0.146000 155 153 132
0.010000 0.698000 0.114000 176 175 155
0.012000 0.966000 0.372000 156 151 131
0.011000 0.821000 0.414000 155 152 135
0.011000 1.080000 0.171000 150 148 125
0.011000 1.176000 0.173000 155 150 128
0.011000 1.030000 0.260000 151 149 126
0.011000 0.913000 0.244000 158 155 136
0.010000 0.739000 0.078000 132 129 112
0.010000 0.690000 0.224000 163 158 136
0.011000 0.734000 0.399000 159 153 131
0.011000 0.681000 0.332000 160 155 133
0.012000 0.891000 0.396000 150 146 135
0.011000 0.754000 0.447000 157 152 133
0.011000 0.950000 0.181000 161 156 136
0.011000 1.135000 0.143000 158 153 131
0.011000 1.019000 0.133000 154 151 132
0.011000 1.229000 0.155000 141 139 116
0.011000 0.870000 0.374000 152 150 127
0.010000 0.877000 0.125000 161 158 139
0.011000 0.902000 0.154000 162 157 138
0.010000 0.865000 0.134000 159 158 138
0.011000 0.680000 0.295000 159 157 136
0.011000 0.692000 0.496000 159 152 133
0.010000 0.866000 0.069000 129 127 102
0.011000 1.092000 0.143000 152 146 124
0.010000 0.646000 0.191000 164 159 137
0.011000 0.749000 0.275000 163 156 138
0.010000 0.840000 0.210000 159 158 138
0.011000 0.769000 0.289000 162 155 137
0.009000 1.189000 1.185000 147 144 109
0.011000 1.125000 1.181000 151 141 116
0.015000 1.063000 1.368000 137 128 97
0.011000 1.282000 1.591000 75 73 60
0.010000 1.140000 1.158000 152 147 117
0.018000 1.042000 1.491000 111 104 86
0.012000 1.125000 1.301000 143 135 99
0.008000 1.162000 1.099000 156 150 126
0.010000 1.253000 1.429000 125 119 83
0.014000 1.077000 1.337000 137 133 98
0.016000 1.051000 1.376000 134 124 97
0.010000 1.245000 1.443000 123 118 78
0.016000 1.139000 1.599000 72 70 58
0.015000 1.110000 1.486000 111 105 83
0.013000 1.222000 1.570000 83 82 64
0.015000 1.138000 1.516000 103 96 80
0.013000 1.137000 1.376000 131 125 89
0.010000 1.265000 1.481000 114 107 78
0.019000 1.033000 1.534000 93 87 71
0.019000 1.017000 1.517000 102 96 80
0.009000 1.161000 1.174000 150 144 112
0.016000 1.110000 1.542000 94 88 74
0.010000 1.177000 1.254000 148 140 103
0.008000 1.199000 1.208000 149 144 104
0.013000 1.220000 1.553000 90 87 72
0.021000 0.983000 1.585000 73 71 59
0.016000 1.085000 1.471000 115 109 85
0.015000 1.074000 1.385000 132 122 95
0.014000 1.138000 1.467000 116 110 84
0.012000 1.235000 1.525000 101 96 77
0.013000 1.189000 1.497000 108 104 79
0.009000 1.219000 1.277000 144 139 101
0.013000 1.141000 1.371000 129 127 86
0.011000 1.175000 1.348000 137 132 92
0.014000 1.150000 1.510000 104 99 80
0.015000 1.133000 1.520000 102 95 79
0.014000 1.118000 1.375000 133 128 90
0.012000 1.137000 1.296000 142 137 99
0.011000 1.168000 1.319000 141 136 98
0.017000 1.058000 1.493000 110 103 85
0.009000 1.224000 1.328000 140 134 100
0.014000 1.120000 1.441000 122 117 87
0.012000 1.252000 1.558000 88 85 70
0.014000 1.177000 1.570000 83 80 65
0.016000 1.126000 1.568000 82 78 66
0.016000 1.069000 1.398000 130 123 95
0.009000 1.137000 1.100000 155 147 126
0.013000 1.235000 1.588000 77 75 62
0.016000 1.094000 1.486000 111 104 85
0.013000 1.206000 1.576000 84 78 64
0.018000 1.017000 1.461000 116 111 89
0.012000 1.240000 1.553000 89 86 71
0.018000 1.072000 1.573000 81 77 66
0.017000 1.053000 1.459000 117 111 87
0.009000 1.231000 1.339000 138 134 97
0.010000 1.216000 1.341000 139 133 97
0.010000 1.206000 1.369000 135 128 86
0.010000 1.152000 1.233000 147 142 104
0.010000 1.219000 1.391000 134 126 89
0.021000 0.998000 1.595000 70 66 54
0.021000 0.993000 1.572000 77 75 62
0.007000 1.166000 1.049000 158 153 133
0.014000 1.193000 1.585000 77 73 61
0.010000 1.285000 1.560000 87 83 71
0.011000 1.254000 1.556000 88 85 70
0.015000 1.153000 1.564000 84 81 66
0.009000 1.184000 1.178000 152 146 112
0.009000 1.140000 1.076000 157 151 129
0.011000 1.220000 1.457000 121 115 81
0.013000 1.108000 1.286000 144 138 102
0.015000 1.074000 1.355000 136 130 98
0.010000 1.260000 1.468000 118 109 80
0.009000 1.212000 1.286000 143 137 101
0.008000 1.158000 1.099000 156 150 126
0.017000 1.105000 1.569000 82 78 66
0.016000 1.123000 1.541000 94 88 74
0.011000 1.204000 1.379000 135 127 88
0.014000 1.139000 1.483000 113 107 81
0.014000 1.086000 1.320000 143 135 98
0.009000 1.181000 1.203000 147 141 105
0.015000 1.174000 1.602000 70 68 56
0.013000 1.143000 1.363000 132 128 90
0.011000 1.137000 1.222000 148 142 106
0.009000 1.211000 1.301000 143 137 103
0.013000 1.123000 1.316000 143 135 99
0.011000 1.258000 1.518000 104 99 77
0.012000 1.125000 1.300000 143 135 99
0.008000 1.179000 1.140000 152 147 118
0.013000 1.124000 1.332000 140 132 96
0.019000 1.010000 1.473000 112 109 90
0.010000 1.168000 1.217000 148 142 106
0.009000 1.151000 1.132000 152 146 122
0.013000 1.160000 1.434000 121 118 87
0.014000 1.100000 1.371000 133 126 97
0.013000 1.088000 1.262000 145 138 110
0.014000 1.080000 1.329000 139 135 98
0.017000 1.073000 1.476000 114 108 86
0.007000 1.164000 1.031000 156 153 134
0.017000 1.043000 1.420000 125 119 93
0.011000 1.212000 1.414000 131 123 84
0.013000 1.240000 1.605000 70 70 58
0.008000 1.170000 1.075000 156 150 128
0.008000 1.156000 1.099000 154 148 124
0.013000 1.173000 1.458000 119 116 85
0.008000 1.202000 1.197000 148 144 106
0.016000 1.059000 1.427000 124 117 91
0.013000 1.233000 1.607000 71 69 57
0.014000 1.081000 1.296000 143 137 103
0.014000 1.163000 1.549000 89 86 69
0.013000 1.222000 1.593000 71 71 59
0.019000 1.039000 1.600000 69 67 55
0.011000 1.160000 1.297000 141 136 98
0.016000 1.125000 1.544000 92 86 72
0.009000 1.208000 1.294000 143 137 101
0.010000 1.214000 1.318000 142 136 104
0.016000 1.088000 1.475000 113 107 83
0.020000 1.003000 1.543000 87 85 72
0.021000 1.010000 1.616000 60 58 46
0.009000 1.192000 1.255000 146 141 103
0.011000 1.117000 1.220000 145 138 109
0.015000 1.086000 1.362000 134 127 99
0.018000 1.030000 1.464000 116 110 88
0.014000 1.129000 1.412000 124 121 90
0.020000 1.012000 1.609000 65 63 51
0.017000 1.045000 1.414000 126 120 94
0.014000 1.120000 1.401000 132 123 92
0.012000 1.217000 1.524000 102 97 78
0.015000 1.136000 1.492000 111 105 81
0.013000 1.162000 1.458000 117 113 84
0.019000 1.040000 1.583000 74 72 60
0.021000 0.986000 1.596000 70 66 54
0.013000 1.123000 1.359000 135 130 90
0.011000 1.110000 1.180000 150 142 119
0.010000 1.147000 1.154000 152 147 118
0.012000 0.776000 0.525000 158 151 135
0.012000 1.214000 0.238000 141 142 111
0.014000 1.203000 0.382000 123 126 97
0.014000 1.172000 0.376000 139 138 110
0.013000 0.965000 0.435000 154 149 129
0.012000 1.080000 0.351000 147 145 122
0.014000 1.208000 0.345000 131 127 102
0.014000 1.082000 0.409000 148 143 121
0.012000 0.716000 0.558000 153 151 130
0.012000 1.172000 0.268000 150 148 123
0.011000 1.080000 0.300000 151 147 122
0.013000 0.974000 0.454000 155 150 130
0.013000 1.235000 0.291000 135 131 102
0.011000 0.701000 0.549000 157 150 131
0.011000 0.783000 0.508000 158 151 135
0.014000 1.166000 0.380000 139 138 110
0.012000 0.856000 0.506000 183 183 171
0.012000 1.254000 0.213000 131 128 95
0.012000 0.861000 0.479000 155 156 150
0.012000 0.959000 0.384000 157 152 130
0.013000 1.121000 0.358000 144 142 119
0.012000 1.057000 0.319000 150 148 125
0.011000 0.826000 0.488000 158 150 137
0.014000 1.216000 0.337000 140 136 109
0.011000 0.782000 0.504000 158 151 135
0.013000 1.260000 0.284000 127 122 92
0.012000 1.041000 0.357000 150 148 125
0.012000 0.746000 0.539000 156 150 134
0.015000 1.234000 0.402000 133 131 106
0.012000 0.959000 0.399000 155 150 128
0.012000 0.898000 0.458000 154 155 141
0.014000 1.191000 0.359000 134 133 105
0.014000 1.156000 0.384000 144 138 112
0.012000 1.277000 0.231000 120 119 88
0.012000 1.145000 0.288000 142 138 111
0.012000 1.177000 0.293000 148 146 121
0.013000 1.133000 0.343000 143 141 118
0.014000 1.156000 0.405000 140 136 111
0.015000 1.195000 0.407000 134 130 101
0.011000 0.827000 0.482000 158 152 136
0.012000 1.270000 0.227000 123 122 91
0.013000 1.034000 0.394000 151 146 126
0.013000 1.253000 0.306000 125 122 91
0.014000 1.165000 0.370000 141 140 112
0.014000 1.110000 0.412000 145 141 116
0.013000 1.220000 0.307000 138 138 110
0.013000 0.852000 0.525000 156 151 132
0.012000 0.691000 0.563000 156 151 129
0.013000 0.978000 0.422000 155 150 131
0.012000 1.204000 0.261000 144 142 117
0.012000 0.716000 0.564000 155 150 130
0.013000 1.109000 0.363000 146 144 121
0.014000 1.200000 0.353000 129 128 100
0.014000 1.246000 0.316000 126 125 94
0.014000 1.166000 0.397000 140 138 115
0.012000 0.766000 0.551000 156 150 136
0.014000 1.152000 0.381000 143 137 111
0.013000 1.050000 0.396000 151 146 124
0.014000 0.929000 0.489000 151 149 128
0.014000 0.951000 0.491000 153 149 122
0.012000 1.209000 0.251000 142 143 112
0.013000 0.918000 0.478000 146 144 131
0.013000 1.141000 0.326000 144 140 115
0.014000 1.054000 0.424000 148 146 121
0.012000 0.775000 0.520000 157 150 134
0.012000 0.784000 0.526000 158 151 135
0.013000 1.212000 0.300000 139 139 113
0.014000 0.972000 0.473000 154 149 127
0.012000 1.258000 0.218000 131 128 95
0.012000 0.777000 0.530000 156 150 134
0.013000 1.076000 0.401000 146 145 124
0.015000 1.123000 0.432000 146 142 115
0.015000 1.198000 0.396000 131 130 100
0.013000 1.216000 0.324000 139 138 110
0.014000 1.217000 0.346000 138 134 107
0.012000 0.931000 0.456000 153 150 131
0.012000 0.857000 0.492000 157 158 150
0.011000 0.912000 0.423000 154 154 142
0.013000 0.956000 0.432000 155 150 128
0.013000 1.171000 0.346000 143 137 111
0.013000 0.937000 0.472000 151 148 129
0.014000 0.946000 0.474000 155 150 128
0.013000 1.236000 0.307000 133 132 102
0.014000 1.248000 0.342000 125 121 92
0.012000 1.221000 0.245000 140 139 109
0.012000 1.136000 0.315000 147 141 117
0.014000 1.157000 0.360000 144 138 112
0.012000 1.097000 0.342000 146 146 122
0.014000 1.149000 0.387000 143 139 114
0.013000 1.010000 0.414000 152 147 127
0.013000 0.933000 0.467000 152 149 130
0.012000 0.827000 0.553000 157 149 136
0.011000 0.689000 0.584000 156 151 129
0.013000 1.204000 0.477000 126 125 95
0.012000 0.905000 0.529000 156 149 131
0.012000 1.147000 0.517000 143 139 114
0.013000 1.080000 0.487000 146 144 119
0.012000 0.852000 0.550000 155 148 132
0.012000 1.149000 0.515000 143 139 112
0.013000 1.021000 0.505000 149 148 120
0.011000 1.041000 0.567000 150 146 121
0.011000 0.919000 0.552000 155 150 130
0.014000 1.148000 0.448000 143 139 112
0.013000 1.085000 0.510000 149 143 119
0.012000 1.144000 0.518000 144 140 115
0.011000 0.729000 0.580000 156 149 130
0.014000 1.089000 0.470000 148 142 118
0.012000 0.715000 0.575000 155 150 130
0.010000 1.161000 0.571000 138 134 105
0.015000 1.233000 0.423000 131 130 102
0.011000 0.943000 0.575000 155 150 130
0.014000 0.952000 0.508000 154 150 125
0.010000 0.845000 0.586000 155 148 130
0.012000 1.031000 0.530000 150 148 125
0.010000 1.072000 0.595000 147 143 114
0.010000 0.811000 0.593000 156 149 133
0.011000 0.678000 0.594000 156 151 129
0.010000 1.157000 0.563000 139 136 105
0.010000 1.089000 0.588000 146 142 115
0.011000 0.952000 0.587000 153 148 129
0.014000 1.207000 0.457000 130 129 99
0.014000 1.101000 0.464000 147 141 117
0.012000 0.870000 0.528000 156 153 136
0.012000 1.175000 0.511000 139 135 106
0.014000 0.979000 0.490000 153 148 128
0.013000 0.999000 0.518000 148 148 122
0.014000 1.050000 0.482000 150 145 123
0.011000 1.034000 0.572000 150 146 121
0.015000 1.237000 0.415000 131 130 102
0.012000 1.171000 0.519000 141 138 107
0.011000 1.068000 0.551000 148 144 117
0.014000 1.104000 0.455000 146 140 114
0.010000 1.027000 0.590000 148 147 119
0.012000 1.167000 0.524000 142 139 106
0.011000 0.898000 0.566000 155 150 130
0.011000 0.912000 0.551000 155 150 130
0.012000 1.196000 0.503000 130 129 98
0.012000 1.066000 0.523000 149 145 120
0.015000 1.155000 0.445000 144 138 112
0.011000 0.686000 0.595000 156 151 129
0.013000 1.114000 0.489000 148 143 114
0.012000 0.850000 0.531000 155 150 131
0.012000 0.781000 0.558000 153 151 136
0.013000 1.029000 0.505000 149 147 122
0.012000 1.181000 0.505000 139 136 105
0.010000 0.866000 0.588000 156 149 130
0.011000 1.062000 0.570000 149 143 117
0.011000 1.088000 0.564000 146 140 114
0.012000 1.035000 0.539000 151 146 126
0.012000 0.793000 0.551000 157 149 136
0.011000 1.109000 0.561000 144 143 112
0.012000 1.131000 0.509000 144 140 113
0.010000 0.882000 0.594000 153 151 128
0.010000 1.131000 0.566000 143 140 109
0.012000 0.817000 0.550000 157 149 136
0.012000 0.809000 0.557000 157 149 136
0.010000 1.133000 0.565000 142 139 108
0.013000 1.130000 0.502000 145 141 112
0.014000 0.947000 0.505000 153 149 124
0.014000 1.217000 0.443000 129 129 101
0.011000 0.843000 0.558000 156 148 135
0.013000 0.933000 0.515000 154 149 129
0.012000 0.693000 0.580000 155 150 128
0.010000 0.899000 0.579000 151 149 128
0.012000 1.155000 0.518000 142 138 111
0.011000 1.183000 0.546000 133 129 100
0.013000 1.085000 0.491000 150 144 118
0.012000 0.870000 0.542000 154 149 129
0.030000 1.157000 1.807000 153 148 142
0.026000 1.158000 1.828000 163 163 151
0.010000 1.282000 2.030000 138 131 115
0.012000 1.001000 2.164000 123 116 106
0.012000 1.331000 2.147000 143 135 116
0.011000 0.971000 2.113000 134 127 117
0.009000 1.230000 1.967000 138 129 112
0.013000 1.384000 2.211000 148 137 119
0.011000 1.241000 2.104000 139 132 116
0.013000 1.322000 2.184000 145 136 119
0.010000 1.069000 2.039000 138 131 121
0.008000 1.150000 1.941000 140 134 118
0.012000 0.979000 2.194000 143 136 128
0.010000 0.999000 2.076000 136 129 119
0.012000 1.078000 2.159000 143 137 121
0.011000 1.302000 2.063000 135 128 110
0.013000 1.337000 2.201000 147 135 119
0.011000 1.194000 2.083000 135 128 112
0.010000 1.044000 2.052000 139 133 121
0.011000 0.849000 2.201000 90 84 72
0.011000 1.104000 2.111000 140 131 116
0.011000 1.074000 2.110000 139 133 117
0.012000 1.156000 2.187000 146 137 120
0.014000 1.549000 2.207000 142 134 113
0.013000 1.412000 2.162000 142 133 116
0.011000 1.299000 2.065000 135 127 114
0.012000 1.340000 2.156000 143 135 114
0.009000 1.261000 1.989000 135 128 110
0.010000 1.314000 2.026000 136 129 113
0.012000 0.945000 2.173000 131 124 118
0.009000 1.041000 2.012000 139 135 124
0.011000 0.906000 2.141000 128 120 109
0.013000 1.186000 2.211000 146 139 123
0.013000 1.505000 2.149000 124 117 98
0.012000 0.943000 2.168000 130 123 117
0.010000 1.290000 2.042000 136 128 115
0.010000 1.280000 2.030000 138 131 115
0.014000 1.513000 2.213000 140 134 112
0.010000 1.085000 2.069000 140 133 117
0.013000 1.446000 2.205000 145 134 116
0.012000 1.319000 2.112000 138 129 114
0.010000 1.065000 2.086000 139 133 121
0.011000 1.115000 2.108000 141 129 117
0.011000 0.890000 2.211000 100 94 82
0.010000 1.329000 2.029000 135 128 112
0.008000 1.146000 1.941000 140 134 118
0.008000 1.210000 1.954000 137 130 112
0.012000 1.324000 2.130000 142 133 116
0.010000 0.991000 2.070000 137 128 121
0.011000 0.985000 2.125000 136 127 118
0.011000 1.282000 2.086000 135 128 112
0.012000 1.309000 2.152000 143 134 117
0.008000 1.214000 1.941000 136 131 112
0.011000 0.978000 2.122000 135 126 117
0.012000 1.158000 2.182000 146 137 120
0.009000 1.230000 2.006000 134 127 109
0.011000 1.297000 2.065000 135 127 114
0.011000 0.955000 2.120000 134 128 116
0.010000 1.337000 2.033000 138 129 114
0.013000 1.483000 2.196000 140 133 114
0.011000 1.237000 2.077000 134 126 113
0.014000 1.473000 2.205000 141 135 113
0.010000 1.226000 2.054000 133 127 113
0.010000 1.221000 2.049000 134 128 114
0.012000 1.187000 2.168000 142 135 119
0.010000 1.352000 2.028000 136 129 111
0.009000 1.063000 2.014000 141 134 124
0.010000 0.879000 2.157000 119 113 101
0.013000 1.415000 2.197000 142 135 116
0.012000 1.119000 2.150000 140 134 118
0.011000 1.277000 2.093000 137 130 114
0.012000 1.151000 2.184000 145 138 120
0.013000 1.341000 2.203000 147 135 119
0.012000 1.440000 2.131000 141 134 115
0.013000 1.201000 2.210000 146 139 121
0.010000 0.919000 2.125000 131 125 113
0.012000 1.193000 2.178000 143 136 118
0.010000 1.238000 2.062000 133 127 113
0.012000 1.128000 2.143000 140 135 116
0.011000 1.212000 2.117000 103 96 78
0.014000 1.410000 2.214000 141 134 115
0.009000 1.118000 1.980000 136 134 121
0.013000 1.547000 2.151000 134 127 109
0.011000 0.911000 2.200000 116 109 101
0.012000 1.256000 2.120000 138 131 113
0.012000 1.508000 2.128000 133 126 108
0.012000 1.187000 2.149000 141 134 116
0.010000 1.042000 2.084000 138 132 120
0.012000 1.457000 2.118000 136 129 111
0.013000 1.291000 2.207000 144 137 118
0.013000 1.568000 2.175000 134 127 108
0.012000 1.329000 2.142000 142 134 115
0.010000 1.151000 2.056000 137 129 118
0.011000 0.950000 2.111000 133 126 116
0.010000 1.337000 2.037000 138 129 114
0.012000 1.396000 2.109000 140 128 114
0.012000 1.477000 2.107000 134 126 113
0.012000 1.331000 2.164000 141 136 116
0.011000 1.321000 2.089000 136 129 111
0.011000 1.397000 2.080000 134 127 111
0.012000 1.237000 2.178000 143 136 118
0.012000 1.093000 2.160000 142 136 120
0.013000 1.495000 2.194000 140 133 114
0.012000 0.974000 2.166000 135 132 117
0.009000 1.138000 1.975000 136 133 118
0.010000 1.101000 2.064000 139 131 118
0.013000 1.031000 2.208000 152 145 137
0.009000 1.076000 1.997000 141 134 124
0.010000 0.875000 2.148000 123 116 106
0.011000 1.245000 2.107000 137 130 112
0.012000 1.178000 2.167000 142 135 119
0.013000 1.355000 2.214000 143 136 118
0.014000 1.584000 2.203000 133 125 104
0.013000 1.378000 2.201000 144 135 118
0.013000 1.043000 2.206000 150 143 133
0.011000 0.967000 2.117000 132 128 116
0.011000 0.927000 2.117000 134 125 118
0.009000 1.119000 1.973000 136 134 121
0.013000 1.281000 2.195000 144 137 119
0.009000 1.049000 2.004000 141 135 123
0.012000 1.156000 2.134000 137 132 113
0.011000 1.301000 2.081000 135 127 114
0.010000 1.139000 2.024000 137 129 118
0.012000 1.369000 2.147000 142 134 115
0.011000 0.824000 2.188000 112 103 94
0.011000 1.431000 2.093000 135 128 112
0.011000 1.452000 2.083000 137 130 112
0.010000 1.048000 2.083000 140 134 120
0.011000 1.098000 2.135000 118 112 96
0.014000 1.584000 2.208000 140 132 111
0.011000 0.888000 2.210000 107 99 88
0.010000 1.076000 2.036000 138 131 121
0.011000 1.078000 2.115000 140 135 116
0.012000 1.109000 2.149000 140 135 116
0.012000 1.431000 2.134000 141 134 115
0.010000 0.956000 2.075000 136 127 120
0.009000 1.198000 1.965000 133 130 113
0.012000 1.419000 2.122000 132 125 107
0.010000 1.245000 2.034000 136 128 115
0.013000 1.437000 2.177000 141 135 111
0.011000 0.999000 2.115000 136 129 119
0.012000 1.093000 2.146000 139 133 117
0.011000 1.174000 2.088000 137 129 116
0.010000 0.988000 2.079000 136 129 119
0.012000 1.465000 2.119000 135 128 109
0.012000 1.197000 2.157000 142 135 116
0.012000 1.220000 2.169000 141 136 117
0.008000 1.221000 1.954000 136 129 111
0.012000 1.035000 2.195000 149 140 131
0.008000 1.179000 1.946000 140 133 117
0.014000 1.615000 2.199000 135 129 105
0.012000 0.981000 2.193000 139 135 126
0.013000 1.582000 2.166000 134 127 108
0.009000 1.196000 1.990000 134 128 112
0.010000 1.153000 2.033000 137 130 114
0.012000 1.446000 2.133000 140 133 114
0.011000 1.422000 2.073000 136 130 114
0.010000 1.031000 2.051000 139 133 121
0.011000 1.073000 2.122000 139 133 119
0.011000 1.272000 2.066000 134 127 109
0.013000 1.409000 2.202000 142 135 117
0.012000 1.508000 2.133000 134 127 109
0.010000 1.130000 2.044000 138 130 119
0.009000 1.066000 1.997000 142 135 125
0.011000 1.347000 2.101000 138 130 117
0.013000 1.284000 2.212000 145 140 121
0.012000 1.133000 2.188000 144 138 124
0.013000 1.025000 2.209000 152 145 137
0.010000 1.232000 2.063000 133 127 113
0.011000 1.332000 2.087000 138 129 112
0.010000 1.372000 2.039000 137 130 114
0.011000 1.387000 2.049000 136 128 115
0.012000 1.131000 2.148000 141 136 117
0.011000 0.961000 2.125000 136 128 117
0.011000 0.943000 2.113000 134 127 117
0.013000 1.263000 2.203000 146 137 122
0.010000 0.979000 2.086000 133 129 118
0.009000 1.057000 2.019000 141 135 123
0.012000 1.508000 2.122000 134 127 111
0.012000 0.981000 2.207000 145 140 134
0.014000 1.603000 2.200000 133 127 103
0.012000 1.501000 2.118000 134 127 111
0.011000 1.336000 2.063000 136 129 111
0.012000 1.410000 2.128000 142 134 115
0.011000 1.161000 2.078000 134 126 113
0.009000 1.241000 1.983000 135 128 110
0.010000 1.064000 2.076000 138 132 118
0.011000 1.148000 2.079000 137 129 118
0.010000 1.142000 2.071000 135 127 116
0.012000 0.947000 2.197000 137 132 129
0.009000 1.075000 2.006000 140 133 123
0.010000 1.335000 2.049000 137 129 116
0.012000 0.925000 2.214000 136 131 127
0.013000 1.070000 2.217000 152 146 134
0.011000 1.069000 2.133000 139 133 119
0.012000 0.967000 2.205000 144 141 134
0.012000 1.495000 2.122000 131 124 106
0.013000 1.217000 2.195000 144 137 119
0.013000 1.275000 1.949000 136 129 110
0.019000 1.462000 2.035000 135 128 110
0.023000 1.440000 1.996000 136 129 111
0.019000 1.594000 2.121000 134 127 108
0.022000 1.400000 1.979000 136 129 111
0.019000 1.457000 2.030000 136 129 111
0.033000 1.234000 1.809000 137 136 115
0.032000 1.262000 1.830000 135 135 111
0.026000 1.310000 1.901000 139 132 113
0.020000 1.408000 1.993000 136 129 111
0.016000 1.331000 1.966000 136 129 111
0.025000 1.265000 1.874000 138 133 113
0.026000 1.398000 1.952000 136 129 110
0.013000 1.406000 2.035000 136 129 111
0.017000 1.176000 1.863000 145 137 126
0.027000 1.309000 1.889000 140 133 115
0.015000 1.633000 2.167000 134 128 106
0.022000 1.287000 1.906000 139 132 113
0.025000 1.340000 1.923000 138 131 112
0.013000 1.406000 2.031000 136 129 111
0.017000 1.590000 2.127000 134 127 108
0.019000 1.274000 1.916000 139 133 111
0.017000 1.474000 2.053000 134 127 108
0.015000 1.342000 1.979000 137 130 112
0.018000 1.610000 2.135000 133 126 107
0.017000 1.414000 2.015000 137 128 113
0.032000 1.264000 1.836000 138 138 114
0.026000 1.299000 1.893000 140 133 115
0.031000 1.228000 1.816000 154 158 131
0.013000 1.452000 2.061000 136 129 110
0.028000 1.269000 1.863000 139 134 115
0.012000 1.270000 1.955000 135 128 110
0.012000 1.226000 1.928000 137 132 113
0.011000 1.267000 1.958000 135 128 110
0.020000 1.560000 2.089000 134 128 106
0.012000 1.309000 1.975000 137 128 111
0.013000 1.372000 2.010000 138 131 113
0.021000 1.495000 2.043000 136 128 109
0.018000 1.475000 2.046000 135 128 109
0.016000 1.582000 2.127000 134 127 108
0.015000 1.474000 2.064000 135 129 107
0.024000 1.466000 2.008000 135 128 112
0.012000 1.539000 2.121000 134 128 106
0.011000 1.180000 1.901000 141 137 125
0.021000 1.269000 1.901000 138 133 114
0.014000 1.462000 2.060000 135 128 109
0.018000 1.505000 2.068000 133 126 107
0.013000 1.455000 2.062000 136 129 110
0.023000 1.434000 1.996000 135 128 110
0.011000 1.256000 1.947000 135 128 112
0.024000 1.341000 1.927000 137 130 111
0.018000 1.270000 1.916000 139 133 111
0.027000 1.196000 1.820000 151 158 142
0.015000 1.244000 1.917000 137 131 109
0.021000 1.376000 1.969000 137 128 111
0.026000 1.333000 1.914000 138 131 112
0.010000 1.224000 1.936000 135 130 111
0.018000 1.213000 1.883000 139 133 119
0.011000 1.399000 1.108000 156 150 118
0.013000 1.593000 1.048000 152 143 114
0.009000 1.233000 1.199000 151 143 106
0.011000 1.373000 1.284000 141 140 110
0.010000 1.333000 1.045000 163 156 128
0.008000 1.239000 1.108000 156 149 121
0.011000 1.397000 1.214000 146 142 113
0.012000 1.460000 1.220000 147 144 111
0.011000 1.308000 1.554000 89 85 73
0.011000 1.332000 1.469000 118 114 77
0.011000 1.384000 1.376000 133 129 94
0.012000 1.400000 1.412000 127 127 91
0.013000 1.579000 1.130000 148 140 103
0.010000 1.288000 1.483000 113 108 78
0.011000 1.333000 1.386000 133 127 93
0.012000 1.489000 1.072000 158 151 123
0.009000 1.263000 1.310000 141 138 103
0.012000 1.490000 1.249000 145 142 111
0.013000 1.561000 1.068000 154 147 118
0.012000 1.433000 1.305000 142 138 109
0.009000 1.322000 1.090000 156 150 118
0.013000 1.562000 1.135000 149 145 110
0.014000 1.646000 1.058000 144 135 106
0.009000 1.244000 1.147000 154 146 110
0.010000 1.386000 1.097000 156 149 120
0.012000 1.425000 1.312000 144 140 111
0.012000 1.461000 1.267000 145 142 111
0.013000 1.556000 1.117000 150 144 112
0.009000 1.265000 1.143000 155 144 112
0.008000 1.233000 1.159000 153 147 111
0.008000 1.206000 1.036000 162 156 132
0.008000 1.218000 1.205000 149 144 104
0.012000 1.461000 1.334000 138 138 104
0.013000 1.570000 1.043000 156 152 123
0.014000 1.643000 1.039000 146 135 113
0.010000 1.339000 1.185000 149 142 113
0.010000 1.303000 1.255000 144 139 109
0.009000 1.297000 1.123000 155 148 119
0.009000 1.291000 1.118000 154 147 118
0.011000 1.375000 1.285000 141 140 110
0.010000 1.321000 1.263000 143 138 108
0.012000 1.491000 1.047000 157 153 128
0.010000 1.384000 1.129000 152 147 115
0.012000 1.421000 1.354000 137 133 98
0.009000 1.309000 1.101000 156 150 116
0.012000 1.398000 1.397000 130 127 96
0.008000 1.216000 1.217000 150 142 103
0.009000 1.331000 1.015000 168 163 144
0.011000 1.459000 1.058000 160 153 127
0.011000 1.384000 1.204000 147 142 113
0.014000 1.640000 1.074000 144 135 106
0.010000 1.361000 1.018000 168 163 143
0.011000 1.400000 1.205000 147 144 113
0.010000 1.370000 1.045000 160 156 131
0.011000 1.332000 1.437000 125 123 84
0.010000 1.345000 1.192000 151 142 113
0.008000 1.194000 1.146000 153 147 115
0.012000 1.431000 1.318000 142 139 108
0.013000 1.597000 1.082000 148 142 106
0.009000 1.304000 1.128000 154 147 119
0.013000 1.546000 1.222000 145 142 111
0.010000 1.337000 1.221000 147 141 109
0.011000 1.395000 1.206000 147 144 113
0.013000 1.548000 1.137000 150 145 113
0.010000 1.349000 1.263000 143 140 109
0.008000 1.208000 1.150000 153 147 111
0.012000 1.469000 1.125000 153 150 117
0.012000 1.476000 1.045000 161 157 132
0.011000 1.450000 1.070000 158 151 123
0.010000 1.394000 1.058000 159 152 124
0.012000 1.476000 1.309000 140 141 110
0.012000 1.521000 1.028000 165 158 132
0.010000 1.365000 1.090000 159 150 121
0.011000 1.407000 1.313000 140 139 108
0.011000 1.399000 1.364000 131 133 94
0.012000 1.462000 1.118000 153 149 120
0.010000 1.266000 1.456000 120 114 80
0.011000 1.347000 1.481000 116 112 75
0.009000 1.247000 1.191000 151 143 106
0.010000 1.315000 1.220000 147 141 105
0.008000 1.234000 1.130000 154 147 119
0.010000 1.345000 1.202000 148 142 110
0.011000 1.391000 1.321000 138 137 106
0.013000 1.574000 1.062000 156 145 115
0.008000 1.211000 1.151000 152 146 110
0.011000 1.456000 1.034000 164 156 133
0.012000 1.472000 1.053000 159 153 129
0.010000 1.359000 1.110000 155 148 119
0.012000 1.493000 1.058000 158 152 126
0.011000 1.389000 1.171000 150 145 113
0.011000 1.385000 1.435000 125 122 87
0.011000 1.302000 1.572000 84 81 66
0.008000 1.197000 1.081000 158 150 127
0.011000 1.359000 1.434000 124 122 84
0.008000 1.198000 1.058000 159 152 133
0.012000 1.436000 1.391000 131 128 97
0.013000 1.590000 1.073000 148 142 106
0.011000 1.404000 1.183000 148 145 114
0.010000 1.331000 1.242000 144 141 108
0.008000 1.189000 1.090000 158 150 127
0.008000 1.189000 1.067000 158 152 130
0.009000 1.319000 1.060000 159 154 124
0.012000 1.459000 1.204000 146 143 112
0.010000 1.274000 1.349000 135 132 99
0.012000 1.477000 1.219000 145 145 111
0.010000 1.310000 1.234000 147 141 109
0.010000 1.367000 1.073000 156 150 126
0.010000 1.380000 1.072000 160 150 123
0.012000 1.484000 1.241000 145 142 109
0.011000 1.381000 1.326000 141 138 107
0.011000 1.331000 1.546000 93 90 73
0.013000 1.489000 1.311000 139 139 111
0.008000 1.231000 1.012000 166 165 147
0.012000 1.450000 1.151000 152 147 117
0.010000 1.337000 1.057000 161 156 127
0.012000 1.443000 1.286000 145 142 111
0.010000 1.278000 1.508000 107 101 77
0.012000 1.446000 1.351000 134 135 101
0.008000 1.225000 1.149000 152 146 112
0.011000 1.396000 1.261000 141 142 110
0.010000 1.274000 1.402000 130 125 85
0.009000 1.305000 1.116000 155 149 117
0.009000 1.275000 1.027000 165 160 138
0.013000 1.570000 1.180000 145 141 106
0.009000 1.282000 1.145000 154 145 114
0.009000 1.272000 1.156000 156 145 115
0.010000 1.266000 1.417000 126 121 83
0.012000 1.403000 1.374000 133 130 95
0.011000 1.322000 1.427000 125 123 85
0.010000 1.326000 1.138000 155 146 115
0.010000 1.376000 1.032000 163 158 136
0.009000 1.307000 1.112000 156 150 118
0.013000 1.559000 1.151000 149 144 112
0.009000 1.255000 1.312000 142 138 103
0.012000 1.484000 1.224000 145 145 111
0.012000 1.405000 1.378000 132 129 96
0.012000 1.468000 1.091000 158 149 120
0.011000 1.293000 1.578000 81 77 65
0.009000 1.241000 1.239000 147 138 105
0.010000 1.290000 1.470000 121 112 81
0.010000 1.302000 1.299000 143 140 109
0.011000 1.417000 1.177000 147 146 116
0.010000 1.392000 1.037000 162 156 132
0.012000 1.486000 1.178000 150 147 114
0.010000 1.326000 1.251000 145 140 110
0.008000 1.214000 1.098000 156 149 123
0.009000 1.259000 1.190000 149 143 107
0.011000 1.470000 1.040000 162 156 132
0.012000 1.432000 1.255000 146 143 110
0.013000 1.588000 1.120000 149 139 103
0.010000 1.292000 1.514000 105 101 74
0.010000 1.337000 1.316000 140 137 102
0.010000 1.313000 1.140000 155 148 119
0.011000 1.324000 1.413000 127 125 87
0.012000 1.499000 1.031000 162 156 132
0.011000 1.334000 1.496000 113 107 81
0.007000 1.170000 1.015000 162 155 139
0.009000 1.276000 1.036000 164 156 135
0.013000 1.594000 1.087000 148 140 104
0.012000 1.385000 1.450000 124 120 83
0.008000 1.254000 1.081000 155 150 121
0.011000 1.424000 1.061000 159 152 123
0.009000 1.253000 1.265000 145 139 105
0.010000 1.359000 1.180000 152 143 112
0.010000 1.292000 1.251000 145 140 110
0.011000 1.405000 1.267000 141 142 108
0.009000 1.252000 1.102000 155 148 119
0.010000 1.353000 1.200000 148 143 113
0.012000 1.458000 1.119000 153 149 122
0.011000 1.432000 1.142000 150 146 117
0.011000 1.422000 1.059000 160 153 124
0.010000 1.291000 1.369000 133 129 92
0.013000 1.570000 1.145000 148 142 108
0.012000 1.419000 1.337000 141 136 104
0.011000 1.371000 1.389000 130 127 92
0.007000 1.170000 1.026000 157 154 135
0.014000 1.657000 1.036000 143 132 112
0.011000 1.443000 1.147000 151 147 118
0.012000 1.504000 1.093000 156 149 121
0.011000 1.396000 1.197000 148 145 114
0.013000 1.592000 1.048000 152 143 114
0.010000 1.328000 1.356000 135 130 100
0.011000 1.414000 1.122000 153 149 120
0.011000 1.387000 1.339000 136 136 102
0.012000 1.505000 1.065000 159 152 124
0.011000 1.408000 1.198000 148 145 114
0.009000 1.262000 1.302000 141 138 105
0.011000 1.355000 1.345000 138 135 104
0.009000 1.245000 1.309000 142 135 106
0.011000 1.426000 1.036000 164 156 135
0.011000 1.420000 1.220000 145 145 111
0.010000 1.306000 1.460000 121 115 79
0.010000 1.268000 1.381000 132 127 87
0.011000 1.431000 1.069000 159 153 121
0.011000 1.423000 1.186000 146 145 115
0.009000 1.321000 1.083000 158 151 122
0.011000 1.377000 1.471000 121 116 78
0.010000 1.366000 1.026000 164 162 141
0.009000 1.253000 1.220000 147 142 102
0.010000 1.304000 1.212000 147 141 105
0.012000 1.483000 1.134000 153 148 119
0.012000 1.474000 1.047000 160 156 131
0.008000 1.197000 1.124000 154 148 116
0.008000 1.258000 1.029000 164 158 132
0.010000 1.343000 1.209000 146 141 109
0.027000 1.358000 0.105000 67 65 52
0.033000 1.391000 0.060000 70 68 56
0.018000 1.321000 0.141000 119 119 83
0.011000 1.525000 1.484000 123 121 83
0.011000 1.586000 1.464000 126 120 84
0.014000 1.599000 1.159000 146 136 100
0.012000 1.621000 1.295000 137 131 99
0.012000 1.407000 1.447000 125 121 86
0.013000 1.630000 1.174000 143 136 94
0.012000 1.566000 1.297000 141 138 105
0.011000 1.404000 1.553000 97 99 88
0.011000 1.356000 1.532000 103 98 78
0.013000 1.616000 1.211000 141 136 98
0.014000 1.621000 1.145000 143 135 98
0.010000 1.552000 1.584000 117 113 78
0.012000 1.574000 1.323000 137 137 99
0.013000 1.598000 1.246000 141 136 104
0.010000 1.624000 1.506000 122 120 82
0.011000 1.491000 1.449000 124 121 88
0.011000 1.326000 1.566000 85 83 70
0.011000 1.648000 1.419000 127 119 80
0.011000 1.343000 1.592000 76 74 61
0.012000 1.656000 1.356000 132 126 92
0.011000 1.624000 1.429000 128 120 83
0.014000 1.624000 1.146000 142 134 97
0.011000 1.643000 1.395000 126 121 81
0.014000 1.663000 1.086000 140 133 105
0.010000 1.434000 1.579000 38 39 31
0.010000 1.538000 1.569000 115 111 73
0.013000 1.572000 1.205000 144 141 106
0.011000 1.372000 1.576000 82 79 64
0.011000 1.543000 1.473000 123 119 82
0.011000 1.340000 1.559000 86 88 67
0.010000 1.490000 1.605000 97 93 68
0.012000 1.630000 1.367000 133 126 80
0.011000 1.547000 1.471000 124 120 83
0.012000 1.658000 1.324000 134 131 96
0.011000 1.424000 1.565000 56 56 48
0.013000 1.641000 1.154000 143 135 96
0.012000 1.430000 1.445000 125 120 88
0.012000 1.631000 1.312000 137 131 97
0.010000 1.560000 1.519000 120 116 81
0.014000 1.657000 1.128000 143 135 98
0.012000 1.498000 1.333000 141 138 105
0.013000 1.561000 1.288000 141 140 109
0.012000 1.633000 1.343000 131 127 89
0.012000 1.651000 1.265000 138 132 96
0.013000 1.639000 1.161000 141 133 94
0.012000 1.541000 1.378000 131 131 93
0.010000 1.423000 1.589000 40 41 33
0.010000 1.546000 1.593000 118 114 79
0.010000 1.475000 1.591000 99 92 73
0.011000 1.515000 1.524000 117 114 73
0.012000 1.652000 1.358000 132 126 90
0.013000 1.594000 1.232000 141 136 104
0.013000 1.608000 1.204000 142 137 99
0.014000 1.667000 1.107000 143 134 101
0.012000 1.518000 1.419000 128 128 90
0.011000 1.626000 1.387000 131 123 84
0.012000 1.460000 1.432000 128 125 90
0.011000 1.401000 1.501000 114 110 75
0.013000 1.607000 1.248000 140 136 99
0.012000 1.486000 1.332000 138 137 106
0.010000 1.516000 1.568000 112 108 71
0.011000 1.563000 1.467000 124 120 85
0.011000 1.452000 1.484000 119 116 75
0.011000 1.483000 1.492000 120 118 80
0.011000 1.550000 1.418000 129 126 95
0.011000 1.400000 1.493000 116 112 75
0.010000 1.610000 1.604000 124 120 91
0.011000 1.349000 1.534000 99 97 76
0.012000 1.557000 1.403000 130 127 92
0.010000 1.516000 1.614000 114 107 63
0.011000 1.394000 1.551000 84 85 71
0.011000 1.399000 1.532000 99 99 75
0.011000 1.498000 1.484000 120 120 82
0.011000 1.490000 1.447000 123 120 87
0.012000 1.501000 1.347000 139 134 102
0.010000 1.520000 1.541000 115 112 71
0.011000 1.320000 1.585000 78 76 61
0.013000 1.522000 1.288000 138 141 110
0.013000 1.579000 1.194000 144 142 104
0.011000 1.427000 1.497000 116 113 72
0.011000 1.433000 1.540000 56 53 34
0.010000 1.446000 1.615000 28 27 23
0.011000 1.501000 1.476000 121 121 83
0.013000 1.547000 1.276000 142 141 111
0.011000 1.331000 1.570000 82 83 65
0.013000 1.608000 1.249000 141 135 99
0.010000 1.637000 1.593000 123 120 89
0.013000 1.520000 1.283000 142 141 110
0.010000 1.478000 1.603000 91 90 70
0.012000 1.550000 1.396000 131 129 91
0.012000 1.517000 1.320000 140 139 109
0.012000 1.594000 1.293000 139 136 103
0.014000 1.603000 1.154000 145 137 100
0.010000 1.617000 1.570000 124 119 87
0.011000 1.381000 1.501000 112 107 77
0.011000 1.614000 1.432000 126 118 79
0.011000 1.436000 1.494000 118 114 76
0.011000 1.582000 1.463000 123 123 85
0.010000 1.632000 1.536000 124 119 90
0.013000 1.618000 1.222000 142 134 95
0.012000 1.392000 1.482000 116 114 75
0.010000 1.440000 1.589000 37 40 31
0.012000 1.506000 1.347000 140 135 103
0.011000 1.453000 1.519000 117 111 77
0.012000 1.534000 1.404000 131 128 93
0.012000 1.538000 1.310000 142 138 109
0.011000 1.636000 1.414000 128 120 81
0.011000 1.543000 1.474000 123 119 82
0.010000 1.627000 1.497000 123 121 83
0.012000 1.497000 1.355000 138 135 102
0.011000 1.395000 1.489000 117 113 76
0.011000 1.424000 1.542000 102 102 90
0.013000 1.507000 1.300000 140 140 112
0.012000 1.436000 1.422000 128 125 92
0.013000 1.616000 1.242000 138 133 95
0.012000 1.633000 1.287000 136 130 98
0.011000 1.353000 1.543000 95 92 75
0.010000 1.559000 1.605000 121 118 87
0.011000 1.343000 1.549000 92 91 71
0.010000 1.489000 1.567000 108 101 72
0.012000 1.558000 1.336000 139 136 103
0.010000 1.643000 1.538000 123 120 89
0.011000 1.341000 1.578000 77 78 62
0.010000 1.543000 1.564000 116 110 74
0.011000 1.468000 1.474000 124 120 83
0.011000 1.396000 1.563000 78 76 61
0.011000 1.467000 1.451000 126 123 90
0.011000 1.582000 1.438000 126 124 86
0.011000 1.613000 1.418000 129 120 81
0.011000 1.540000 1.476000 124 120 83
0.011000 1.456000 1.564000 105 99 75
0.010000 1.382000 1.607000 64 64 52
0.011000 1.408000 1.482000 117 115 76
0.012000 1.523000 1.391000 133 130 95
0.011000 1.379000 1.504000 110 107 76
0.011000 1.528000 1.517000 124 114 78
0.013000 1.661000 1.173000 142 135 93
0.011000 1.626000 1.457000 123 121 82
0.009000 1.638000 1.622000 123 118 89
0.024000 1.623000 1.821000 128 121 95
0.020000 1.678000 2.121000 126 114 90
0.024000 1.650000 2.007000 129 123 97
0.023000 1.615000 1.734000 129 125 98
0.014000 1.677000 1.978000 128 121 92
0.021000 1.625000 1.759000 127 122 93
0.018000 1.688000 2.138000 87 75 51
0.033000 1.616000 1.956000 127 120 94
0.011000 1.648000 1.713000 126 123 92
0.014000 1.688000 2.056000 139 128 100
0.017000 1.635000 1.746000 126 121 92
0.020000 1.621000 1.720000 128 125 94
0.014000 1.660000 1.866000 128 121 92
0.023000 1.650000 1.982000 129 122 96
0.030000 1.617000 1.898000 127 120 94
0.033000 1.589000 1.762000 131 125 99
0.016000 1.633000 1.713000 127 124 91
0.019000 1.632000 1.771000 127 122 93
0.025000 1.635000 1.914000 126 119 91
0.027000 1.649000 2.058000 138 127 105
0.030000 1.600000 1.782000 131 125 101
0.012000 1.634000 1.640000 125 121 84
0.028000 1.639000 1.997000 132 121 99
0.016000 1.697000 2.163000 99 94 74
0.014000 1.640000 1.726000 127 122 92
0.019000 1.638000 1.813000 127 120 92
0.017000 1.633000 1.740000 126 121 91
0.017000 1.620000 1.653000 127 124 89
0.016000 1.650000 1.823000 128 123 94
0.014000 1.654000 1.830000 127 123 94
0.018000 1.643000 1.820000 127 122 93
0.024000 1.649000 1.989000 129 121 98
0.031000 1.589000 1.724000 124 127 100
0.017000 1.676000 2.031000 136 126 101
0.015000 1.664000 1.901000 128 121 92
0.031000 1.603000 1.817000 129 122 94
0.015000 1.688000 2.081000 131 125 103
0.022000 1.608000 1.660000 127 124 89
0.016000 1.638000 1.753000 128 121 93
0.026000 1.610000 1.769000 129 123 97
0.022000 1.609000 1.668000 128 125 92
0.013000 1.632000 1.644000 127 123 85
0.033000 1.578000 1.693000 128 127 99
0.014000 1.664000 1.272000 139 133 99
0.020000 1.671000 1.358000 132 129 88
0.018000 1.660000 1.573000 125 121 86
0.017000 1.655000 1.640000 126 122 84
0.031000 1.686000 1.485000 135 122 87
0.019000 1.666000 1.436000 129 123 87
0.019000 1.674000 1.268000 139 135 100
0.030000 1.680000 1.584000 129 120 79
0.013000 1.661000 1.323000 134 131 96
0.013000 1.655000 1.455000 127 121 89
0.031000 1.680000 1.648000 130 123 79
0.022000 1.662000 1.650000 128 124 87
0.020000 1.677000 1.218000 138 131 89
0.012000 1.654000 1.417000 127 122 82
0.022000 1.679000 1.266000 141 131 106
0.012000 1.655000 1.436000 128 122 86
0.032000 1.680000 1.688000 129 125 90
0.031000 1.685000 1.539000 127 123 86
0.028000 1.680000 1.521000 128 121 92
0.021000 1.669000 1.462000 130 121 92
0.014000 1.649000 1.646000 126 122 85
0.020000 1.660000 1.623000 123 118 86
0.025000 1.675000 1.515000 130 119 87
0.027000 1.672000 1.660000 129 125 90
0.025000 1.679000 1.386000 128 122 88
0.032000 1.684000 1.587000 134 121 86
0.013000 1.654000 1.470000 127 121 89
0.010000 1.643000 1.612000 125 121 86
0.012000 0.095000 2.227000 141 130 102
0.011000 0.229000 2.228000 141 136 114
0.004000 0.133000 2.216000 142 130 104
0.015000 0.092000 2.231000 139 128 98
0.005000 0.187000 2.218000 142 135 109
0.013000 0.102000 2.227000 141 130 102
0.007000 0.211000 2.222000 141 135 109
0.011000 0.270000 2.229000 143 137 113
0.021000 1.580000 1.634000 129 122 93
0.021000 1.599000 1.642000 128 121 92
0.028000 1.574000 1.648000 127 124 89
0.023000 1.577000 1.637000 126 123 88
0.019000 1.590000 1.633000 128 121 92
0.027000 1.566000 1.644000 123 120 87
0.033000 1.530000 1.644000 86 85 65
0.014000 1.615000 1.631000 126 119 90
0.022000 1.092000 1.617000 63 60 51
0.018000 1.257000 1.613000 64 64 54
0.026000 1.188000 1.618000 61 62 46
0.029000 1.174000 1.619000 63 62 44
0.023000 1.072000 1.617000 61 58 49
0.021000 1.105000 1.616000 64 60 51
0.027000 1.257000 1.619000 62 60 48
0.030000 1.221000 1.620000 65 59 45
0.013000 1.490000 1.622000 93 88 66
0.025000 1.396000 1.624000 56 53 44
0.031000 1.347000 1.624000 54 52 39
0.013000 1.298000 1.611000 83 80 73
0.026000 1.461000 1.629000 64 61 54
0.011000 1.383000 1.614000 58 58 48
0.023000 1.343000 1.619000 69 67 52
0.022000 1.327000 1.618000 73 71 56
0.019000 1.454000 1.624000 26 26 18
0.023000 1.352000 1.620000 71 69 56
0.020000 1.488000 1.626000 82 77 55
0.032000 1.290000 1.622000 84 81 72
0.025000 1.333000 1.620000 69 67 52
0.018000 1.217000 1.064000 159 151 132
0.008000 1.219000 1.105000 155 148 119
0.017000 1.436000 1.039000 164 156 137
0.012000 1.468000 1.049000 161 155 131
0.019000 1.385000 1.035000 162 157 135
0.013000 1.255000 1.053000 159 154 125
0.024000 1.366000 1.025000 166 161 141
0.019000 1.378000 1.037000 163 159 134
0.017000 1.478000 1.036000 162 156 132
0.021000 1.304000 1.034000 166 160 138
0.022000 1.417000 1.029000 168 160 139
0.014000 1.459000 1.043000 164 156 137
0.020000 1.516000 1.029000 166 159 131
0.018000 1.245000 1.043000 162 155 129
0.021000 1.214000 1.037000 162 156 130
0.025000 1.335000 1.024000 167 162 140
0.013000 1.259000 1.053000 160 155 126
0.017000 1.389000 1.039000 159 157 134
0.019000 1.499000 1.032000 162 156 132
0.026000 1.200000 1.026000 162 156 134
0.010000 1.435000 1.053000 163 153 128
0.007000 1.256000 1.068000 157 152 123
0.013000 1.616000 1.041000 150 139 111
0.009000 1.363000 1.061000 158 152 128
0.009000 1.378000 1.063000 157 151 125
0.009000 1.327000 1.073000 160 153 124
0.010000 1.406000 1.064000 159 154 125
0.010000 1.413000 1.073000 158 151 123
0.010000 1.406000 1.062000 160 154 122
0.022000 1.186000 1.032000 158 155 136
0.023000 1.185000 1.030000 160 155 135
0.033000 1.280000 1.014000 171 171 159
0.017000 1.648000 1.033000 143 135 112
0.031000 1.331000 1.017000 169 165 153
0.028000 1.380000 1.020000 168 161 142
0.018000 1.611000 1.031000 146 134 108
0.030000 1.250000 1.016000 171 169 157
0.023000 1.508000 1.026000 170 163 135
0.026000 1.450000 1.022000 160 151 120
0.026000 1.177000 1.010000 165 158 139
0.027000 1.172000 0.951000 153 153 141
0.008000 1.220000 1.072000 158 151 125
0.009000 1.245000 1.072000 156 151 122
0.008000 1.250000 1.095000 155 150 121
0.008000 1.233000 1.063000 159 152 126
0.009000 1.239000 1.066000 158 151 123
0.008000 1.208000 1.015000 165 161 136
0.010000 1.349000 1.073000 158 153 124
0.010000 1.312000 1.072000 158 153 123
0.009000 1.291000 1.076000 161 151 124
0.014000 1.611000 1.041000 153 142 112
0.010000 1.356000 1.053000 161 155 129
0.014000 1.626000 1.041000 151 137 110
0.014000 1.639000 1.034000 148 137 117
0.012000 1.479000 1.047000 161 153 130
0.009000 1.285000 1.018000 168 163 143
0.010000 1.335000 1.070000 158 152 126
0.009000 1.301000 1.057000 163 153 126
0.010000 1.380000 1.055000 161 155 133
0.012000 1.458000 1.053000 161 153 130
0.011000 1.426000 1.041000 165 154 132
0.011000 1.454000 1.031000 165 154 132
0.013000 1.532000 1.056000 159 152 124
0.007000 1.192000 1.015000 163 158 136
0.013000 1.559000 1.045000 157 150 122
0.010000 1.379000 1.061000 157 151 127
0.010000 1.390000 1.031000 163 158 136
0.009000 1.284000 1.050000 163 153 128
0.010000 1.334000 1.025000 168 160 139
0.011000 1.442000 1.044000 163 155 136
0.007000 1.165000 1.005000 161 155 139
0.009000 1.293000 1.078000 157 154 119
0.011000 1.402000 1.063000 158 153 124
0.013000 1.595000 1.042000 153 144 111
0.014000 1.629000 1.040000 153 139 113
0.030000 1.177000 0.646000 118 113 91
0.009000 1.164000 0.906000 139 137 114
0.012000 1.168000 0.767000 133 130 111
0.028000 1.172000 0.836000 143 145 134
0.009000 1.169000 0.698000 133 132 111
0.018000 1.174000 0.623000 124 117 98
0.019000 1.170000 0.794000 138 136 121
0.014000 1.168000 0.796000 134 131 122
0.031000 1.176000 0.715000 156 159 150
0.018000 1.166000 0.944000 147 146 125
0.023000 1.686000 0.144000 74 67 49
0.020000 1.681000 0.139000 74 69 50
0.027000 1.628000 0.067000 46 46 34
0.010000 1.642000 0.096000 46 44 31
0.031000 0.898000 1.638000 106 105 110
0.010000 0.855000 1.706000 175 174 172
0.025000 0.942000 1.624000 45 42 37
0.024000 0.942000 1.626000 40 39 35
0.028000 0.846000 1.672000 32 37 33
0.024000 0.834000 1.687000 124 128 131
0.030000 0.893000 1.642000 130 133 150
0.022000 0.830000 1.695000 144 147 154
0.029000 0.881000 1.689000 108 114 126
0.026000 0.895000 1.676000 124 126 138
0.021000 0.911000 1.662000 119 125 139
0.024000 0.883000 1.688000 108 116 129
0.016000 0.874000 1.695000 116 125 134
0.251000 1.479000 0.072000 118 112 88
0.249000 1.482000 0.069000 114 108 84
0.246000 1.456000 0.074000 87 84 65
0.268000 1.659000 0.753000 170 175 178
0.334000 1.685000 0.746000 193 197 196
0.301000 1.639000 0.748000 172 178 176
0.191000 1.677000 0.763000 184 187 178
0.401000 1.631000 0.736000 176 182 182
0.215000 1.674000 0.760000 184 187 180
0.389000 1.606000 0.737000 170 176 176
0.435000 1.660000 0.733000 175 180 183
0.366000 1.669000 0.742000 174 179 182
0.327000 1.674000 0.746000 184 190 190
0.476000 1.644000 0.727000 178 184 182
0.418000 1.682000 0.736000 185 191 191
0.455000 1.625000 0.729000 174 178 177
0.231000 1.665000 0.758000 179 184 180
0.270000 1.665000 0.753000 177 183 183
0.471000 1.669000 0.729000 178 184 182
0.411000 1.628000 0.735000 176 182 180
0.483000 1.684000 0.728000 203 205 202
0.476000 1.673000 0.728000 188 192 191
0.168000 1.688000 0.766000 182 184 171
0.226000 1.687000 0.759000 183 189 177
0.451000 1.600000 0.729000 171 175 174
0.311000 1.646000 0.747000 170 179 178
0.385000 1.618000 0.737000 171 177 175
0.451000 1.604000 0.729000 171 175 174
0.452000 1.647000 0.730000 176 182 180
0.099000 1.410000 0.544000 178 185 177
0.116000 1.482000 0.499000 176 183 175
0.102000 1.356000 0.537000 178 185 177
0.134000 1.550000 0.452000 177 188 174
0.110000 1.366000 0.516000 177 187 178
0.123000 1.523000 0.479000 173 180 172
0.126000 1.511000 0.471000 174 184 175
0.108000 1.419000 0.520000 180 187 179
0.123000 1.464000 0.480000 180 185 178
0.105000 1.354000 0.530000 176 183 175
0.110000 1.395000 0.516000 180 187 179
0.079000 1.333000 0.598000 177 183 173
0.100000 1.375000 0.542000 179 186 178
0.135000 1.592000 0.448000 177 186 169
0.090000 1.320000 0.570000 177 185 174
0.113000 1.440000 0.507000 180 185 178
0.087000 1.335000 0.577000 179 187 176
0.125000 1.458000 0.474000 181 186 180
0.130000 1.617000 0.461000 174 180 168
0.110000 1.438000 0.514000 179 186 178
0.124000 1.558000 0.477000 170 178 163
0.126000 1.547000 0.472000 169 180 166
0.122000 1.485000 0.484000 175 182 174
0.080000 1.308000 0.595000 178 184 172
0.113000 1.454000 0.508000 179 184 177
0.101000 1.464000 0.539000 176 183 175
0.087000 1.335000 0.578000 179 187 176
0.092000 1.393000 0.564000 179 186 178
0.086000 1.342000 0.581000 179 184 177
0.101000 1.384000 0.539000 179 186 178
0.083000 1.322000 0.587000 177 183 173
0.110000 1.480000 0.515000 178 183 176
0.118000 1.447000 0.494000 179 184 177
0.135000 1.639000 0.448000 171 177 165
0.104000 1.370000 0.530000 177 184 176
0.115000 1.369000 0.501000 179 186 179
0.102000 1.369000 0.537000 178 185 177
0.089000 1.359000 0.573000 178 185 177
0.082000 1.362000 0.591000 177 182 175
0.074000 1.557000 0.899000 154 154 142
0.088000 1.426000 0.612000 173 181 170
0.076000 1.526000 0.841000 160 161 145
0.074000 1.480000 0.804000 161 162 144
0.080000 1.392000 0.642000 169 180 164
0.107000 1.560000 0.602000 172 178 168
0.088000 1.534000 0.747000 166 170 156
0.113000 1.558000 0.540000 175 182 174
0.087000 1.509000 0.721000 164 169 149
0.098000 1.451000 0.549000 175 182 174
0.118000 1.611000 0.565000 173 181 170
0.077000 1.529000 0.836000 159 160 144
0.073000 1.558000 0.914000 135 140 133
0.108000 1.537000 0.563000 173 180 172
0.076000 1.344000 0.616000 175 181 171
0.085000 1.530000 0.767000 168 170 157
0.078000 1.505000 0.801000 164 168 154
0.072000 1.476000 0.821000 153 156 139
0.112000 1.606000 0.614000 172 178 166
0.092000 1.442000 0.587000 174 180 168
0.075000 1.580000 0.922000 124 127 118
0.083000 1.441000 0.675000 169 173 159
0.074000 1.368000 0.664000 171 177 165
0.081000 1.431000 0.682000 170 172 159
0.077000 1.479000 0.780000 136 140 113
0.097000 1.485000 0.601000 171 177 165
0.081000 1.432000 0.681000 170 172 159
0.112000 1.622000 0.637000 171 177 165
0.091000 1.477000 0.646000 170 176 164
0.112000 1.611000 0.616000 172 178 166
0.082000 1.492000 0.750000 165 171 157
0.093000 1.528000 0.688000 167 171 157
0.075000 1.552000 0.887000 152 150 137
0.072000 1.600000 0.979000 165 164 159
0.107000 1.534000 0.568000 173 180 172
0.109000 1.611000 0.648000 170 176 164
0.121000 1.623000 0.548000 174 181 174
0.113000 1.585000 0.578000 171 181 170
0.082000 1.421000 0.657000 169 177 162
0.106000 1.517000 0.558000 174 182 171
0.121000 1.581000 0.496000 169 180 166
0.112000 1.610000 0.618000 171 177 165
0.118000 1.612000 0.570000 173 181 170
0.124000 1.606000 0.502000 171 181 170
0.084000 1.388000 0.600000 174 184 173
0.088000 1.528000 0.732000 149 153 136
0.104000 1.543000 0.603000 173 179 169
0.090000 1.506000 0.687000 168 172 158
0.085000 1.489000 0.714000 165 169 155
0.096000 1.537000 0.672000 169 173 159
0.110000 1.525000 0.531000 174 181 173
0.079000 1.368000 0.619000 175 183 172
0.086000 1.456000 0.659000 170 176 164
0.073000 1.383000 0.689000 170 173 164
0.123000 1.585000 0.482000 167 178 162
0.113000 1.600000 0.597000 171 177 167
0.084000 1.523000 0.768000 171 173 160
0.115000 1.579000 0.554000 174 181 173
0.077000 1.448000 0.735000 163 167 153
0.122000 1.583000 0.493000 169 180 166
0.104000 1.575000 0.651000 169 175 163
0.088000 1.540000 0.756000 168 170 157
0.084000 1.517000 0.756000 168 172 158
0.093000 1.583000 0.763000 166 168 154
0.123000 1.613000 0.519000 174 181 173
0.113000 1.591000 0.586000 172 180 169
0.074000 1.478000 0.806000 159 160 142
0.109000 1.508000 0.518000 176 183 175
0.117000 1.575000 0.524000 174 181 173
0.106000 1.563000 0.610000 172 178 168
0.090000 1.575000 0.774000 165 167 153
0.099000 1.560000 0.676000 169 173 159
0.082000 1.423000 0.655000 169 177 162
0.088000 1.590000 0.813000 161 163 150
0.078000 1.385000 0.651000 170 178 165
0.084000 1.609000 0.878000 159 160 144
0.090000 1.539000 0.732000 167 174 156
0.105000 1.521000 0.567000 174 182 169
0.095000 1.616000 0.783000 164 168 153
0.098000 1.459000 0.555000 175 183 172
0.096000 1.615000 0.774000 165 169 154
0.074000 1.445000 0.757000 157 165 150
0.097000 1.618000 0.763000 163 165 152
0.083000 1.569000 0.835000 160 161 143
0.081000 1.413000 0.655000 169 175 161
0.091000 1.556000 0.746000 165 167 154
0.089000 1.463000 0.641000 171 177 165
0.083000 1.570000 0.837000 159 161 140
0.071000 1.483000 0.839000 149 152 133
0.072000 1.593000 0.964000 173 171 172
0.077000 1.412000 0.693000 167 171 156
0.071000 1.434000 0.770000 158 162 147
0.088000 1.427000 0.606000 173 181 170
0.111000 1.605000 0.619000 172 178 166
0.088000 1.449000 0.632000 172 178 168
0.081000 1.377000 0.615000 174 181 173
0.085000 1.547000 0.791000 164 166 152
0.079000 1.378000 0.625000 174 179 172
0.079000 1.443000 0.710000 163 171 158
0.115000 1.574000 0.546000 175 183 172
0.133000 1.638000 0.455000 173 179 167
0.090000 1.467000 0.640000 171 177 165
0.101000 1.576000 0.676000 170 174 160
0.082000 1.465000 0.717000 162 166 152
0.104000 1.549000 0.613000 172 178 168
0.071000 1.497000 0.855000 149 152 133
0.080000 1.501000 0.775000 168 170 159
0.070000 1.382000 0.714000 167 169 155
0.095000 1.487000 0.624000 170 176 166
0.073000 1.328000 0.626000 175 181 171
0.124000 1.598000 0.496000 170 181 167
0.110000 1.557000 0.569000 173 181 170
0.076000 1.357000 0.634000 174 182 171
0.069000 1.385000 0.729000 166 168 155
0.098000 1.652000 0.789000 95 93 80
0.125000 1.651000 0.542000 173 180 172
0.114000 1.678000 0.665000 170 175 168
0.126000 1.664000 0.544000 171 177 173
0.094000 1.655000 0.830000 123 122 104
0.091000 1.645000 0.842000 157 164 148
0.116000 1.650000 0.623000 173 179 169
0.100000 1.646000 0.766000 170 172 167
0.094000 1.646000 0.817000 168 165 148
0.112000 1.640000 0.656000 169 177 164
0.100000 1.671000 0.783000 50 51 37
0.102000 1.685000 0.781000 180 180 168
0.105000 1.666000 0.733000 167 171 157
0.101000 1.664000 0.771000 180 183 176
0.079000 1.624000 0.932000 180 177 168
0.127000 1.661000 0.534000 170 180 171
0.103000 1.688000 0.778000 170 172 159
0.100000 1.641000 0.761000 167 170 161
0.100000 1.663000 0.783000 51 49 36
0.096000 1.635000 0.795000 166 167 151
0.129000 1.648000 0.504000 170 177 169
0.106000 1.682000 0.741000 159 165 155
0.081000 1.628000 0.918000 157 158 142
0.123000 1.661000 0.575000 171 178 170
0.086000 1.623000 0.869000 162 160 145
0.116000 1.664000 0.640000 170 178 167
0.099000 1.680000 0.808000 65 56 39
0.093000 1.618000 0.805000 164 170 158
0.079000 1.617000 0.928000 172 169 162
0.111000 1.662000 0.678000 169 175 163
0.117000 1.682000 1.020000 83 70 51
0.100000 1.673000 0.887000 117 101 85
0.092000 1.648000 0.935000 151 154 137
0.085000 1.643000 0.894000 154 157 138
0.107000 1.677000 0.938000 86 77 60
0.107000 1.669000 0.983000 152 144 131
0.102000 1.655000 1.008000 155 154 134
0.116000 1.688000 0.976000 76 63 54
0.094000 1.656000 0.919000 151 152 138
0.083000 1.626000 0.970000 162 161 156
0.077000 1.611000 0.987000 158 161 152
0.093000 1.651000 0.935000 152 153 137
0.096000 1.653000 0.958000 149 152 135
0.066000 1.549000 0.985000 166 168 167
0.073000 1.317000 0.682000 169 179 168
0.079000 1.286000 0.703000 171 177 167
0.091000 1.386000 0.870000 146 150 127
0.072000 1.301000 0.663000 170 181 164
0.084000 1.221000 0.707000 170 176 164
0.076000 1.292000 0.690000 172 178 168
0.088000 1.247000 0.756000 167 174 167
0.081000 1.330000 0.751000 165 171 161
0.091000 1.362000 0.856000 149 149 125
0.075000 1.303000 0.685000 174 177 170
0.075000 1.310000 0.688000 171 176 169
0.092000 1.354000 0.853000 149 149 123
0.085000 1.275000 0.746000 169 175 163
0.083000 1.222000 0.695000 167 173 163
0.075000 1.289000 0.673000 173 179 169
0.090000 1.293000 0.800000 162 170 157
0.093000 1.386000 0.882000 143 145 124
0.083000 1.278000 0.732000 169 175 161
0.080000 1.240000 0.687000 174 180 168
0.077000 1.281000 0.689000 172 177 170
0.088000 1.332000 0.812000 160 166 154
0.087000 1.341000 0.808000 158 164 150
0.073000 1.272000 0.650000 174 180 170
0.077000 1.259000 0.675000 175 181 169
0.082000 1.264000 0.714000 171 177 167
0.090000 1.376000 0.857000 151 155 132
0.080000 1.290000 0.720000 171 177 167
0.077000 1.299000 0.700000 171 177 167
0.091000 1.317000 0.821000 159 165 153
0.083000 1.479000 0.937000 161 162 148
0.075000 1.352000 0.938000 94 96 91
0.087000 1.444000 0.922000 147 145 146
0.073000 1.503000 0.962000 120 120 108
0.070000 1.411000 0.959000 168 171 162
0.078000 1.347000 0.929000 101 103 98
0.083000 1.378000 0.923000 156 156 154
0.087000 1.433000 0.922000 132 135 126
0.065000 1.447000 0.975000 175 176 168
0.067000 1.481000 0.975000 140 140 128
0.082000 1.441000 0.933000 119 119 111
0.091000 1.417000 0.910000 99 105 91
0.072000 1.302000 0.922000 152 154 143
0.074000 1.323000 0.931000 75 77 76
0.088000 1.314000 0.843000 159 163 148
0.061000 1.272000 0.952000 162 162 152
0.083000 1.234000 0.782000 169 172 161
0.093000 1.383000 0.890000 153 155 141
0.090000 1.385000 0.906000 153 160 152
0.074000 1.288000 0.895000 158 160 147
0.088000 1.335000 0.862000 150 154 131
0.088000 1.287000 0.813000 161 170 153
0.070000 1.299000 0.929000 156 158 147
0.082000 1.327000 0.892000 145 146 128
0.074000 1.217000 0.818000 165 168 161
0.090000 1.357000 0.879000 144 149 126
0.081000 1.279000 0.844000 161 164 153
0.089000 1.290000 0.808000 161 169 156
0.089000 1.327000 0.848000 156 163 147
0.061000 1.191000 0.862000 163 169 155
0.080000 1.262000 0.829000 164 167 156
0.070000 1.205000 0.824000 165 168 157
0.083000 1.312000 0.870000 156 160 146
0.083000 1.223000 0.768000 174 177 170
0.088000 1.243000 0.764000 169 172 161
0.083000 1.341000 0.898000 84 83 78
0.087000 1.314000 0.845000 158 165 147
0.076000 1.225000 0.810000 165 168 161
0.074000 1.296000 0.900000 157 157 145
0.084000 1.320000 0.871000 154 158 144
0.089000 1.257000 0.774000 167 175 164
0.089000 1.299000 0.818000 160 166 152
0.066000 1.261000 0.909000 157 163 151
0.073000 1.316000 0.931000 88 90 87
0.067000 1.215000 0.855000 163 169 159
0.081000 1.247000 0.809000 166 169 160
0.085000 1.327000 0.871000 151 155 138
0.066000 1.251000 0.899000 159 167 154
0.082000 1.320000 0.884000 153 154 140
0.067000 1.198000 0.834000 167 170 161
0.119000 1.423000 0.860000 149 150 132
0.092000 1.387000 0.871000 146 150 127
0.094000 1.388000 0.858000 150 155 133
0.098000 1.365000 0.738000 164 171 155
0.110000 1.386000 0.759000 162 168 156
0.091000 1.376000 0.825000 158 161 144
0.097000 1.400000 0.889000 150 151 137
0.115000 1.410000 0.827000 157 160 143
0.106000 1.381000 0.763000 166 166 154
0.103000 1.376000 0.759000 163 167 153
0.098000 1.360000 0.719000 166 172 158
0.111000 1.388000 0.760000 161 167 155
0.093000 1.373000 0.804000 159 161 147
0.084000 1.338000 0.710000 171 174 165
0.108000 1.385000 0.765000 165 166 152
0.083000 1.336000 0.701000 170 176 166
0.081000 1.337000 0.723000 167 173 161
0.098000 1.398000 0.879000 139 140 122
0.118000 1.416000 0.836000 154 157 140
0.113000 1.407000 0.827000 158 161 144
0.106000 1.386000 0.780000 162 167 147
0.097000 1.397000 0.881000 150 151 133
0.096000 1.370000 0.774000 161 168 152
0.096000 1.362000 0.736000 164 171 155
0.120000 1.414000 0.819000 158 161 142
0.092000 1.367000 0.788000 158 165 149
0.109000 1.439000 0.890000 115 118 101
0.091000 1.472000 0.922000 139 135 132
0.104000 1.475000 0.906000 121 121 111
0.102000 1.416000 0.894000 119 121 108
0.128000 1.481000 0.876000 146 148 135
0.098000 1.424000 0.901000 138 139 131
0.121000 1.473000 0.883000 126 127 109
0.083000 1.519000 0.945000 166 174 163
0.075000 1.584000 0.971000 117 122 118
0.088000 1.456000 0.922000 116 116 116
0.092000 1.460000 0.917000 149 149 147
0.088000 1.508000 0.935000 164 172 159
0.080000 1.536000 0.952000 175 180 174
0.101000 1.439000 0.901000 125 127 116
0.120000 1.448000 0.878000 138 139 125
0.489000 1.683000 0.657000 71 68 51
0.489000 1.479000 0.660000 155 158 137
0.477000 1.467000 0.634000 150 154 131
0.478000 1.469000 0.637000 150 154 131
0.498000 1.602000 0.678000 142 142 118
0.496000 1.556000 0.673000 137 140 119
0.489000 1.653000 0.657000 148 148 122
0.495000 1.539000 0.672000 155 158 139
0.492000 1.524000 0.665000 141 145 122
0.473000 1.407000 0.625000 153 157 134
0.480000 1.456000 0.639000 151 153 131
0.502000 1.653000 0.685000 154 154 130
0.469000 1.320000 0.620000 154 159 136
0.489000 1.556000 0.658000 147 150 129
0.485000 1.611000 0.648000 152 152 128
0.493000 1.535000 0.668000 138 142 119
0.495000 1.554000 0.672000 135 138 119
0.511000 1.649000 0.705000 156 159 140
0.471000 1.355000 0.622000 154 158 135
0.488000 1.464000 0.657000 153 158 135
0.472000 1.390000 0.625000 153 157 134
0.493000 1.661000 0.664000 143 141 116
0.497000 1.629000 0.675000 138 137 116
0.456000 1.425000 0.393000 161 164 137
0.456000 1.465000 0.417000 142 142 116
0.444000 1.428000 0.355000 29 30 24
0.461000 1.531000 0.475000 151 153 129
0.455000 1.380000 0.362000 30 29 24
0.478000 1.619000 0.583000 149 151 127
0.469000 1.533000 0.501000 149 151 127
0.452000 1.472000 0.409000 144 142 119
0.457000 1.480000 0.430000 149 152 125
0.464000 1.384000 0.394000 169 174 144
0.454000 1.436000 0.393000 162 165 138
0.467000 1.541000 0.501000 150 152 128
0.459000 1.516000 0.459000 151 153 129
0.459000 1.456000 0.422000 143 143 117
0.466000 1.452000 0.443000 152 155 128
0.454000 1.466000 0.411000 143 141 118
0.459000 1.348000 0.355000 40 33 23
0.472000 1.545000 0.521000 148 152 127
0.463000 1.392000 0.398000 159 164 132
0.460000 1.491000 0.448000 150 154 127
0.455000 1.490000 0.430000 151 154 127
0.465000 1.374000 0.537000 151 155 130
0.466000 1.378000 0.580000 151 155 130
0.474000 1.495000 0.595000 150 154 131
0.466000 1.391000 0.505000 152 156 131
0.461000 1.330000 0.370000 69 68 50
0.457000 1.268000 0.456000 149 153 128
0.474000 1.494000 0.527000 151 154 127
0.462000 1.341000 0.389000 158 162 137
0.472000 1.467000 0.497000 150 153 126
0.467000 1.408000 0.434000 147 150 121
0.460000 1.294000 0.530000 151 157 131
0.463000 1.339000 0.488000 152 156 131
0.477000 1.536000 0.536000 149 151 127
0.478000 1.546000 0.570000 148 152 129
0.467000 1.402000 0.453000 151 154 125
0.484000 1.633000 0.621000 152 154 130
0.484000 1.625000 0.627000 152 154 130
0.465000 1.369000 0.498000 150 154 127
0.480000 1.575000 0.589000 149 153 128
0.463000 1.332000 0.593000 153 158 135
0.459000 1.287000 0.507000 155 157 133
0.469000 1.422000 0.614000 155 159 136
0.467000 1.409000 0.422000 139 139 111
0.457000 1.254000 0.494000 148 153 130
0.482000 1.605000 0.598000 150 152 128
0.462000 1.332000 0.411000 140 144 117
0.477000 1.525000 0.609000 147 155 132
0.470000 1.439000 0.562000 151 153 129
0.460000 1.318000 0.398000 154 157 126
0.473000 1.486000 0.535000 150 153 126
0.458000 1.276000 0.511000 154 156 134
0.474000 1.497000 0.497000 150 152 130
0.464000 1.357000 0.520000 153 157 130
0.458000 1.278000 0.431000 143 146 119
0.461000 1.313000 0.564000 152 157 134
0.457000 1.266000 0.467000 151 155 128
0.457000 1.251000 0.524000 147 153 127
0.461000 1.325000 0.439000 152 155 128
0.476000 1.523000 0.566000 149 151 127
0.468000 1.410000 0.526000 149 155 127
0.459000 1.297000 0.454000 154 154 128
0.465000 1.373000 0.488000 153 156 127
0.465000 1.370000 0.473000 154 157 128
0.455000 1.223000 0.533000 141 144 117
0.471000 1.446000 0.544000 151 154 127
0.458000 1.289000 0.402000 150 153 122
0.460000 1.300000 0.459000 152 156 129
0.460000 1.317000 0.341000 87 81 59
0.462000 1.331000 0.513000 154 156 132
0.462000 1.325000 0.550000 150 158 134
0.483000 1.612000 0.599000 151 153 129
0.478000 1.541000 0.623000 150 155 132
0.468000 1.418000 0.509000 150 153 126
0.462000 1.328000 0.454000 153 156 129
0.468000 1.405000 0.592000 151 157 131
0.455000 1.217000 0.574000 142 144 123
0.463000 1.352000 0.475000 153 156 129
0.456000 1.251000 0.456000 149 151 127
0.482000 1.603000 0.609000 149 151 127
0.462000 1.324000 0.538000 152 157 134
0.458000 1.266000 0.524000 150 155 132
0.457000 1.257000 0.462000 150 152 128
0.461000 1.316000 0.452000 153 155 131
0.477000 1.539000 0.555000 150 152 128
0.470000 1.434000 0.583000 152 154 130
0.478000 1.546000 0.564000 148 152 129
0.476000 1.528000 0.558000 150 152 128
0.471000 1.456000 0.561000 152 154 130
0.460000 1.304000 0.496000 151 155 130
0.464000 1.348000 0.608000 155 159 136
0.465000 1.381000 0.440000 152 155 126
0.480000 1.575000 0.606000 150 154 129
0.477000 1.538000 0.541000 148 150 126
0.475000 1.503000 0.579000 149 153 130
0.463000 1.356000 0.444000 156 156 128
0.467000 1.395000 0.509000 151 156 126
0.478000 1.544000 0.619000 150 155 132
0.463000 1.356000 0.386000 135 138 119
0.473000 1.488000 0.519000 150 153 126
0.469000 1.423000 0.495000 152 154 130
0.481000 1.581000 0.608000 151 155 130
0.462000 1.339000 0.381000 49 51 37
0.459000 1.280000 0.488000 151 155 130
0.465000 1.371000 0.540000 152 156 131
0.462000 1.317000 0.583000 154 159 136
0.464000 1.350000 0.601000 156 160 135
0.461000 1.329000 0.424000 138 142 115
0.472000 1.467000 0.525000 151 154 127
0.462000 1.326000 0.553000 151 159 135
0.459000 1.294000 0.390000 169 172 143
0.474000 1.487000 0.614000 149 157 133
0.475000 1.506000 0.620000 151 156 134
0.463000 1.349000 0.497000 152 156 131
0.482000 1.600000 0.592000 149 151 127
0.463000 1.337000 0.532000 154 158 133
0.469000 1.425000 0.535000 149 155 127
0.480000 1.573000 0.616000 153 153 129
0.466000 1.375000 0.540000 152 156 131
0.474000 1.486000 0.579000 150 154 129
0.460000 1.294000 0.533000 151 156 133
0.460000 1.289000 0.573000 153 158 135
0.476000 1.514000 0.593000 150 154 131
0.478000 1.547000 0.598000 150 154 131
0.458000 1.273000 0.535000 153 157 132
0.474000 1.496000 0.561000 150 152 128
0.462000 1.326000 0.531000 152 158 132
0.478000 1.638000 0.589000 148 147 126
0.449000 1.596000 0.370000 58 53 34
0.463000 1.564000 0.486000 150 150 126
0.448000 1.473000 0.393000 162 162 134
0.469000 1.599000 0.524000 147 150 123
0.474000 1.663000 0.552000 71 68 51
0.460000 1.622000 0.447000 149 149 125
0.449000 1.548000 0.381000 168 171 150
0.457000 1.556000 0.446000 150 150 124
0.451000 1.586000 0.389000 162 165 138
0.456000 1.551000 0.438000 149 149 123
0.483000 1.663000 0.618000 120 120 96
0.474000 1.662000 0.552000 106 104 83
0.454000 1.647000 0.392000 62 56 40
0.466000 1.568000 0.512000 150 150 126
0.477000 1.655000 0.576000 137 137 111
0.454000 1.504000 0.432000 152 155 128
0.462000 1.629000 0.465000 147 147 123
0.461000 1.606000 0.464000 147 150 123
0.478000 1.636000 0.590000 148 150 126
0.452000 1.507000 0.412000 141 139 118
0.455000 1.562000 0.427000 142 145 118
0.462000 1.619000 0.469000 148 148 122
0.466000 1.610000 0.502000 147 147 121
0.457000 1.559000 0.441000 149 149 121
0.459000 1.651000 0.432000 58 58 32
0.455000 1.567000 0.425000 137 140 113
0.478000 1.659000 0.583000 139 137 114
0.449000 1.558000 0.375000 110 113 92
0.477000 1.627000 0.578000 148 150 126
0.454000 1.505000 0.430000 150 153 126
0.453000 1.610000 0.399000 153 154 123
0.451000 1.566000 0.393000 158 162 137
0.463000 1.628000 0.471000 147 147 121
0.454000 1.636000 0.399000 148 149 118
0.475000 1.624000 0.569000 148 150 128
0.464000 1.578000 0.496000 150 150 126
0.466000 1.629000 0.495000 147 147 121
0.504000 1.512000 0.709000 202 207 203
0.489000 1.278000 0.704000 207 213 209
0.461000 1.193000 0.615000 143 146 119
0.477000 1.186000 0.677000 139 137 112
0.510000 1.628000 0.705000 172 172 162
0.482000 1.413000 0.645000 151 155 132
0.481000 1.257000 0.679000 151 155 130
0.484000 1.427000 0.651000 148 152 129
0.475000 1.344000 0.637000 153 159 133
0.469000 1.232000 0.636000 145 153 130
0.507000 1.541000 0.714000 199 207 209
0.473000 1.220000 0.657000 137 142 120
0.471000 1.312000 0.629000 153 158 136
0.481000 1.218000 0.685000 155 158 137
0.473000 1.191000 0.661000 141 141 115
0.488000 1.355000 0.681000 161 165 142
0.495000 1.347000 0.709000 202 211 210
0.485000 1.202000 0.706000 144 156 136
0.493000 1.343000 0.705000 202 211 210
0.500000 1.510000 0.692000 147 150 133
0.470000 1.225000 0.644000 142 150 127
0.476000 1.358000 0.636000 153 157 134
0.462000 1.229000 0.611000 146 151 129
0.503000 1.491000 0.709000 205 209 208
0.478000 1.193000 0.681000 130 130 106
0.480000 1.366000 0.648000 150 154 131
0.466000 1.193000 0.635000 142 145 118
0.492000 1.434000 0.678000 153 157 130
0.496000 1.528000 0.676000 150 155 132
0.461000 1.215000 0.610000 141 146 124
0.490000 1.417000 0.676000 146 150 123
0.492000 1.335000 0.703000 201 210 209
0.490000 1.446000 0.669000 137 139 118
0.466000 1.223000 0.627000 147 150 129
0.464000 1.186000 0.629000 144 144 118
0.477000 1.222000 0.672000 131 133 112
0.487000 1.452000 0.656000 145 150 127
0.509000 1.619000 0.704000 172 173 165
0.497000 1.420000 0.700000 170 178 163
0.490000 1.282000 0.708000 205 211 207
0.501000 1.519000 0.696000 165 167 153
0.464000 1.361000 0.718000 189 198 195
0.472000 1.267000 0.714000 200 204 203
0.447000 1.340000 0.714000 191 200 195
0.461000 1.419000 0.721000 178 189 173
0.468000 1.295000 0.715000 193 202 199
0.466000 1.357000 0.718000 189 198 195
0.462000 1.297000 0.714000 192 201 198
0.461000 1.412000 0.720000 178 189 175
0.459000 1.393000 0.719000 186 193 185
0.460000 1.423000 0.721000 176 187 170
0.446000 1.341000 0.714000 193 197 196
0.463000 1.531000 0.725000 172 178 174
0.480000 1.384000 0.719000 189 195 191
0.494000 1.319000 0.715000 204 210 208
0.484000 1.273000 0.715000 206 211 207
0.492000 1.468000 0.720000 203 209 209
0.505000 1.523000 0.720000 200 206 206
0.463000 1.468000 0.723000 171 176 169
0.478000 1.326000 0.717000 193 199 197
0.487000 1.295000 0.715000 205 211 209
0.479000 1.364000 0.718000 189 198 195
0.488000 1.228000 0.713000 212 218 218
0.480000 1.361000 0.718000 189 198 195
0.484000 1.586000 0.724000 169 175 175
0.482000 1.237000 0.714000 204 210 210
0.473000 1.419000 0.721000 186 196 188
0.462000 1.565000 0.726000 171 178 171
0.071000 1.571000 0.946000 107 111 112
0.077000 1.533000 0.905000 159 161 150
0.073000 1.487000 0.849000 148 150 136
0.096000 1.391000 0.751000 162 168 156
0.089000 1.364000 0.716000 168 172 157
0.084000 1.410000 0.767000 163 167 153
0.121000 1.446000 0.828000 153 156 137
0.082000 1.415000 0.771000 163 167 153
0.089000 1.527000 0.904000 159 160 146
0.077000 1.425000 0.780000 163 165 151
0.127000 1.438000 0.822000 154 157 140
0.132000 1.436000 0.822000 155 158 141
0.123000 1.432000 0.813000 157 158 144
0.125000 1.472000 0.861000 147 150 131
0.102000 1.422000 0.790000 162 164 150
0.070000 1.422000 0.773000 163 167 152
0.087000 1.509000 0.882000 145 148 131
0.098000 1.500000 0.878000 146 149 132
0.062000 1.186000 0.709000 194 200 198
0.065000 1.186000 0.729000 191 197 195
0.182000 1.678000 0.701000 170 177 170
0.235000 1.655000 0.613000 170 177 170
0.127000 1.667000 0.560000 172 179 171
0.217000 1.645000 0.518000 170 180 171
0.190000 1.672000 0.673000 169 176 169
0.172000 1.657000 0.547000 169 176 168
0.233000 1.645000 0.541000 170 177 169
0.243000 1.645000 0.550000 171 178 170
0.181000 1.655000 0.547000 169 177 166
0.205000 1.666000 0.649000 171 178 171
0.140000 1.682000 0.677000 168 173 166
0.214000 1.664000 0.645000 172 179 172
0.167000 1.659000 0.552000 170 177 169
0.171000 1.658000 0.553000 170 177 169
0.191000 1.652000 0.538000 168 176 165
0.131000 1.663000 0.536000 172 179 171
0.171000 1.676000 0.675000 170 175 169
0.172000 1.677000 0.685000 173 178 172
0.279000 1.645000 0.592000 169 176 169
0.172000 1.671000 0.643000 170 177 169
0.191000 1.664000 0.620000 171 178 171
0.137000 1.664000 0.552000 171 178 170
0.145000 1.655000 0.499000 168 175 167
0.201000 1.647000 0.512000 169 179 170
0.130000 1.686000 0.695000 164 174 163
0.283000 1.647000 0.613000 169 175 171
0.167000 1.650000 0.495000 170 178 167
0.268000 1.643000 0.569000 172 179 172
0.284000 1.641000 0.574000 171 180 175
0.117000 1.686000 0.680000 170 178 165
0.161000 1.670000 0.620000 169 175 165
0.233000 1.647000 0.553000 168 175 167
0.131000 1.674000 0.615000 169 177 164
0.176000 1.654000 0.527000 167 175 164
0.169000 1.654000 0.520000 167 175 164
0.249000 1.647000 0.574000 167 174 166
0.156000 1.679000 0.676000 171 173 168
0.250000 1.653000 0.616000 171 177 173
0.162000 1.682000 0.709000 171 176 170
0.232000 1.654000 0.599000 171 178 171
0.168000 1.650000 0.490000 171 179 168
0.133000 1.675000 0.623000 170 176 166
0.222000 1.659000 0.622000 173 179 175
0.362000 1.612000 0.682000 169 173 172
0.354000 1.611000 0.725000 172 178 176
0.411000 1.589000 0.730000 169 175 173
0.315000 1.634000 0.633000 170 176 172
0.325000 1.628000 0.655000 170 174 173
0.225000 1.662000 0.707000 172 179 171
0.295000 1.641000 0.642000 170 176 172
0.359000 1.612000 0.685000 170 174 173
0.371000 1.606000 0.709000 170 176 174
0.396000 1.597000 0.696000 171 175 174
0.226000 1.663000 0.691000 172 179 172
0.419000 1.586000 0.724000 169 175 173
0.160000 1.682000 0.767000 176 178 164
0.289000 1.642000 0.652000 171 177 173
0.301000 1.637000 0.659000 169 178 175
0.288000 1.646000 0.616000 169 175 171
0.290000 1.645000 0.614000 169 175 171
0.187000 1.674000 0.739000 169 174 168
0.226000 1.662000 0.698000 170 180 172
0.314000 1.632000 0.657000 170 174 173
0.268000 1.646000 0.697000 171 177 175
0.267000 1.647000 0.692000 171 177 175
0.283000 1.638000 0.724000 171 177 175
0.412000 1.589000 0.728000 169 175 173
0.289000 1.639000 0.691000 170 179 174
0.385000 1.602000 0.694000 170 174 173
0.225000 1.664000 0.682000 169 176 169
0.383000 1.602000 0.705000 169 175 173
0.238000 1.661000 0.660000 173 179 175
0.327000 1.623000 0.703000 170 179 176
0.325000 1.621000 0.734000 172 178 176
0.202000 1.667000 0.750000 170 175 169
0.408000 1.592000 0.700000 170 176 174
0.273000 1.642000 0.721000 172 178 176
0.242000 1.659000 0.662000 174 180 176
0.175000 1.678000 0.750000 180 185 179
0.324000 1.629000 0.652000 168 174 170
0.341000 1.623000 0.639000 169 175 171
0.289000 1.645000 0.612000 170 176 172
0.285000 1.645000 0.634000 169 175 171
0.305000 1.630000 0.726000 171 177 175
0.208000 1.667000 0.729000 169 175 171
0.176000 1.676000 0.758000 182 185 176
0.285000 1.639000 0.703000 170 179 176
0.344000 1.616000 0.710000 170 179 176
0.198000 1.673000 0.702000 170 177 170
0.430000 1.582000 0.728000 171 177 173
0.393000 1.598000 0.703000 170 174 173
0.268000 1.643000 0.738000 172 178 174
0.300000 1.639000 0.638000 168 174 170
0.356000 1.611000 0.715000 169 178 175
0.195000 1.674000 0.698000 170 177 170
0.430000 1.688000 0.576000 63 60 45
0.280000 1.198000 0.705000 190 198 185
0.215000 1.202000 0.703000 192 195 186
0.279000 1.198000 0.705000 190 198 185
0.217000 1.191000 0.713000 192 198 188
0.264000 1.204000 0.700000 189 197 186
0.202000 1.435000 0.158000 42 39 32
0.259000 1.435000 0.106000 45 41 32
0.273000 1.436000 0.139000 43 38 32
0.231000 1.435000 0.067000 28 25 18
0.229000 1.435000 0.105000 42 39 30
0.292000 1.436000 0.198000 36 36 28
0.299000 1.436000 0.180000 36 36 28
0.244000 1.435000 0.173000 41 38 31
0.274000 1.435000 0.228000 37 34 29
0.261000 1.435000 0.224000 37 34 27
0.203000 1.435000 0.171000 43 40 33
0.294000 1.436000 0.156000 39 36 27
0.272000 1.435000 0.196000 39 36 29
0.283000 1.436000 0.172000 35 37 26
0.450000 1.657000 0.413000 68 63 44
0.420000 1.679000 0.502000 106 104 83
0.463000 1.667000 0.513000 62 57 38
0.453000 1.670000 0.509000 72 67 48
0.447000 1.657000 0.408000 67 64 45
0.436000 1.680000 0.547000 67 64 49
0.407000 1.682000 0.495000 121 119 94
0.453000 1.652000 0.386000 68 62 46
0.487000 1.679000 0.645000 70 68 55
0.454000 1.674000 0.539000 65 62 47
0.431000 1.668000 0.451000 112 108 79
0.444000 1.684000 0.592000 62 59 44
0.463000 1.680000 0.601000 61 58 43
0.475000 1.681000 0.634000 64 60 49
0.394000 1.685000 0.491000 133 133 107
0.429000 1.670000 0.458000 117 113 84
0.404000 1.681000 0.481000 123 122 94
0.432000 1.661000 0.405000 64 62 41
0.457000 1.681000 0.594000 64 61 44
0.430000 1.665000 0.423000 65 63 40
0.076000 1.409000 0.068000 65 65 53
0.084000 1.415000 0.092000 66 64 52
0.339000 1.199000 0.475000 126 122 93
0.364000 1.243000 0.421000 144 146 122
0.398000 1.194000 0.532000 144 143 113
0.391000 1.199000 0.516000 144 143 112
0.341000 1.214000 0.451000 130 131 100
0.373000 1.238000 0.436000 144 144 118
0.368000 1.200000 0.496000 136 135 104
0.376000 1.235000 0.443000 145 143 118
0.405000 1.195000 0.535000 145 144 116
0.374000 1.204000 0.495000 137 136 105
0.407000 1.237000 0.464000 145 148 121
0.337000 1.217000 0.443000 128 129 98
0.401000 1.233000 0.466000 144 147 120
0.370000 1.204000 0.491000 137 136 105
0.399000 1.195000 0.529000 145 144 114
0.363000 1.215000 0.467000 137 138 107
0.418000 1.211000 0.517000 139 139 111
0.351000 1.204000 0.529000 142 140 115
0.324000 1.219000 0.539000 140 142 120
0.345000 1.196000 0.504000 136 132 103
0.395000 1.202000 0.567000 141 143 119
0.386000 1.195000 0.540000 142 142 114
0.348000 1.213000 0.547000 141 143 121
0.314000 1.208000 0.504000 144 143 115
0.330000 1.225000 0.560000 139 143 120
0.349000 1.201000 0.520000 146 144 119
0.457000 1.187000 0.625000 142 140 115
0.457000 1.189000 0.679000 138 136 113
0.448000 1.189000 0.599000 143 143 117
0.465000 1.187000 0.671000 140 138 113
0.417000 1.200000 0.686000 154 155 137
0.470000 1.185000 0.655000 143 143 115
0.405000 1.203000 0.686000 155 156 140
0.470000 1.185000 0.654000 143 143 115
0.426000 1.268000 0.402000 140 143 116
0.415000 1.234000 0.472000 145 148 121
0.447000 1.222000 0.508000 140 143 116
0.455000 1.294000 0.355000 90 84 58
0.432000 1.221000 0.507000 138 141 112
0.455000 1.230000 0.493000 146 148 124
0.441000 1.214000 0.524000 138 141 112
0.437000 1.233000 0.481000 146 149 122
0.431000 1.280000 0.378000 141 141 113
0.409000 1.265000 0.404000 135 138 109
0.440000 1.214000 0.524000 138 141 112
0.456000 1.296000 0.351000 91 85 59
0.400000 1.251000 0.432000 145 149 126
0.416000 1.252000 0.433000 146 148 126
0.437000 1.264000 0.414000 133 136 107
0.445000 1.219000 0.514000 138 141 112
0.449000 1.270000 0.406000 148 151 120
0.338000 1.191000 0.710000 199 202 191
0.419000 1.187000 0.710000 143 145 134
0.348000 1.206000 0.696000 183 186 177
0.331000 1.192000 0.708000 198 201 190
0.428000 1.186000 0.711000 142 144 133
0.342000 1.190000 0.710000 200 204 190
0.316000 1.192000 0.709000 197 203 191
0.376000 1.194000 0.706000 177 179 166
0.065000 1.645000 1.012000 144 141 122
0.069000 1.624000 0.997000 158 161 150
0.066000 1.688000 1.043000 96 85 63
0.069000 1.651000 1.016000 144 139 119
1.372000 0.182000 2.218000 217 215 218
1.368000 0.188000 2.280000 162 160 165
1.381000 0.197000 2.260000 228 227 223
1.377000 0.203000 2.326000 223 219 210
1.379000 0.225000 2.239000 233 226 216
1.378000 0.232000 2.214000 222 215 205
1.375000 0.245000 2.162000 215 207 194
1.376000 0.227000 2.167000 226 219 211
1.379000 0.210000 2.228000 219 214 210
1.380000 0.229000 2.283000 227 221 209
1.380000 0.193000 2.227000 215 211 212
1.375000 0.234000 2.158000 223 215 204
1.383000 0.220000 2.330000 226 223 214
1.377000 0.226000 2.201000 226 220 208
1.378000 0.214000 2.215000 226 222 213
1.380000 0.209000 2.237000 216 211 207
1.382000 0.225000 2.307000 227 220 210
1.377000 0.215000 2.179000 226 223 218
1.381000 0.231000 2.294000 227 219 208
1.376000 0.223000 2.169000 227 222 216
1.531000 0.214000 2.175000 138 132 106
1.534000 0.210000 2.153000 140 133 114
1.575000 0.214000 2.220000 195 188 178
1.561000 0.212000 2.193000 183 183 175
1.539000 0.213000 2.177000 135 130 110
1.542000 0.209000 2.153000 142 137 118
1.470000 0.217000 2.174000 143 132 110
1.457000 0.217000 2.177000 188 179 164
1.507000 0.217000 2.308000 148 140 119
1.478000 0.217000 2.236000 150 138 114
1.532000 0.217000 2.277000 156 146 121
1.529000 0.217000 2.254000 152 145 119
1.486000 0.217000 2.201000 209 203 191
1.507000 0.216000 2.170000 142 131 109
1.475000 0.217000 2.219000 139 132 113
1.457000 0.217000 2.154000 185 182 165
1.548000 0.216000 2.273000 171 165 143
1.455000 0.217000 2.179000 194 185 170
1.502000 0.217000 2.300000 151 143 122
1.521000 0.216000 2.212000 143 133 108
1.568000 0.217000 2.305000 180 170 158
1.582000 0.219000 2.321000 176 164 140
1.578000 0.206000 2.171000 205 196 187
1.582000 0.206000 2.180000 204 195 188
1.603000 0.211000 2.288000 154 148 134
1.586000 0.215000 2.246000 151 144 126
1.668000 0.174000 2.185000 201 199 184
1.664000 0.181000 2.251000 140 133 123
1.685000 0.181000 2.153000 191 187 176
1.686000 0.187000 2.192000 151 144 128
1.666000 0.188000 2.295000 82 78 66
1.703000 0.200000 2.321000 151 147 135
1.706000 0.198000 2.250000 173 169 158
1.700000 0.194000 2.192000 156 148 135
1.707000 0.198000 2.251000 173 169 158
0.419000 0.224000 2.199000 184 177 158
0.428000 0.231000 2.303000 169 164 145
0.425000 0.229000 2.291000 166 163 144
0.432000 0.232000 2.309000 170 163 145
0.432000 0.233000 2.319000 161 153 134
0.458000 0.234000 2.239000 168 162 136
0.541000 0.224000 2.319000 185 183 170
0.442000 0.234000 2.300000 161 155 141
0.579000 0.221000 2.321000 157 152 133
0.534000 0.227000 2.239000 182 180 167
0.530000 0.225000 2.313000 106 103 88
0.452000 0.232000 2.318000 134 127 109
0.521000 0.229000 2.206000 145 140 120
0.581000 0.221000 2.292000 166 162 137
0.577000 0.222000 2.274000 171 167 155
0.497000 0.230000 2.237000 174 171 152
0.546000 0.225000 2.255000 187 184 177
0.448000 0.233000 2.314000 130 123 107
0.582000 0.221000 2.307000 159 153 129
0.527000 0.227000 2.243000 141 136 117
0.579000 0.221000 2.302000 165 161 136
0.538000 0.225000 2.312000 131 129 117
0.543000 0.224000 2.308000 173 174 166
0.536000 0.227000 2.246000 201 199 186
0.586000 0.220000 2.266000 164 157 138
0.599000 0.212000 2.251000 157 144 127
1.245000 0.234000 2.254000 234 227 219
1.258000 0.238000 2.262000 228 220 209
1.251000 0.234000 2.177000 210 202 191
1.260000 0.239000 2.296000 223 219 208
1.284000 0.243000 2.156000 214 204 194
1.248000 0.233000 2.166000 212 204 193
1.285000 0.244000 2.194000 218 211 195
1.283000 0.243000 2.172000 217 207 195
1.248000 0.234000 2.210000 222 219 210
1.288000 0.243000 2.274000 219 213 199
1.354000 0.242000 2.261000 217 211 199
1.363000 0.245000 2.198000 217 207 197
1.285000 0.241000 2.330000 219 215 206
1.370000 0.244000 2.224000 216 210 198
1.332000 0.245000 2.210000 238 235 226
1.362000 0.241000 2.297000 221 214 198
1.355000 0.247000 2.161000 212 206 194
1.364000 0.243000 2.240000 219 211 198
1.368000 0.239000 2.327000 208 206 194
1.362000 0.240000 2.302000 219 213 201
1.313000 0.240000 2.328000 245 241 232
1.310000 0.241000 2.312000 237 232 226
1.284000 0.241000 2.324000 216 212 201
1.332000 0.241000 2.294000 239 232 224
1.325000 0.241000 2.299000 243 240 235
1.346000 0.244000 2.232000 221 217 205
1.300000 0.243000 2.278000 219 215 203
1.309000 0.245000 2.213000 210 208 195
1.286000 0.244000 2.263000 219 213 199
1.370000 0.242000 2.265000 219 211 198
1.314000 0.246000 2.187000 222 218 207
1.332000 0.246000 2.180000 244 241 226
1.312000 0.243000 2.262000 230 228 216
1.335000 0.241000 2.309000 238 230 227
1.349000 0.246000 2.177000 221 215 203
1.375000 0.241000 2.279000 219 216 201
1.328000 0.080000 2.187000 232 227 221
1.323000 0.082000 2.190000 235 227 224
1.326000 0.079000 2.193000 231 226 220
1.353000 0.056000 2.210000 215 215 205
1.331000 0.035000 2.307000 215 212 207
1.347000 0.057000 2.215000 221 218 211
1.337000 0.061000 2.222000 230 225 219
1.332000 0.058000 2.240000 231 226 220
1.332000 0.061000 2.232000 229 224 218
1.443000 0.086000 2.296000 198 197 193
1.415000 0.093000 2.309000 201 196 190
1.464000 0.100000 2.187000 226 220 208
1.458000 0.087000 2.269000 210 205 199
1.410000 0.094000 2.312000 208 203 197
1.425000 0.087000 2.323000 200 195 189
1.466000 0.093000 2.219000 233 228 224
1.430000 0.089000 2.302000 203 198 194
1.450000 0.099000 2.214000 217 212 206
1.455000 0.084000 2.288000 213 209 200
1.457000 0.079000 2.311000 217 213 204
1.456000 0.098000 2.209000 217 210 202
1.439000 0.089000 2.288000 203 198 194
1.462000 0.089000 2.247000 222 217 211
1.446000 0.092000 2.259000 204 203 198
1.381000 0.082000 2.328000 213 208 205
1.387000 0.081000 2.282000 227 222 216
1.372000 0.068000 2.201000 221 218 211
1.365000 0.066000 2.215000 209 209 201
1.395000 0.088000 2.329000 220 220 212
1.404000 0.085000 2.235000 211 210 205
1.435000 0.097000 2.207000 218 213 207
1.448000 0.103000 2.196000 218 214 205
1.428000 0.097000 2.243000 210 207 200
1.379000 0.073000 2.232000 224 221 214
1.409000 0.088000 2.249000 204 201 194
1.089000 0.159000 2.189000 193 186 170
1.076000 0.151000 2.233000 181 169 153
1.087000 0.170000 2.275000 215 212 203
1.079000 0.167000 2.313000 206 204 192
1.075000 0.162000 2.317000 148 149 135
1.100000 0.175000 2.205000 186 178 157
1.099000 0.174000 2.206000 186 178 157
1.093000 0.173000 2.247000 218 212 198
1.099000 0.186000 2.186000 192 188 176
1.099000 0.176000 2.189000 191 184 166
1.100000 0.176000 2.195000 191 184 165
1.463000 0.197000 2.280000 166 163 148
1.449000 0.213000 2.178000 205 198 182
1.466000 0.207000 2.270000 148 141 122
1.470000 0.206000 2.293000 139 132 113
1.458000 0.217000 2.210000 175 170 151
1.453000 0.216000 2.186000 224 216 205
0.901000 0.068000 2.226000 205 203 191
0.899000 0.072000 2.315000 193 187 171
0.913000 0.064000 2.220000 206 204 191
0.946000 0.056000 2.279000 205 197 186
0.930000 0.058000 2.221000 205 203 190
0.912000 0.065000 2.240000 203 199 190
0.924000 0.061000 2.234000 201 197 188
0.953000 0.053000 2.268000 198 188 176
0.914000 0.063000 2.221000 205 203 191
0.934000 0.060000 2.293000 201 193 182
0.904000 0.068000 2.250000 200 196 184
0.954000 0.053000 2.257000 201 193 180
0.949000 0.056000 2.317000 205 195 186
0.898000 0.070000 2.271000 193 190 175
0.940000 0.056000 2.247000 197 191 179
0.916000 0.065000 2.285000 194 188 174
0.911000 0.068000 2.305000 194 186 173
0.899000 0.067000 2.201000 213 210 203
0.937000 0.059000 2.277000 192 186 174
0.935000 0.060000 2.296000 199 191 180
0.931000 0.060000 2.272000 201 195 183
0.902000 0.066000 2.200000 210 205 199
0.887000 0.092000 2.229000 204 200 188
0.886000 0.094000 2.214000 209 202 192
0.889000 0.085000 2.222000 205 201 192
0.884000 0.097000 2.212000 209 202 192
0.882000 0.105000 2.261000 196 191 171
0.884000 0.102000 2.285000 192 185 166
0.894000 0.074000 2.298000 192 186 170
0.880000 0.109000 2.196000 212 206 190
0.885000 0.100000 2.315000 190 183 164
0.888000 0.090000 2.254000 196 193 178
0.882000 0.133000 2.221000 183 176 157
0.897000 0.143000 2.288000 181 173 152
0.884000 0.113000 2.287000 188 182 160
0.881000 0.113000 2.270000 189 184 164
0.889000 0.136000 2.260000 187 176 158
0.887000 0.123000 2.276000 188 180 159
0.887000 0.105000 2.326000 187 180 161
0.879000 0.131000 2.211000 185 180 160
0.997000 0.055000 2.303000 183 174 159
0.978000 0.059000 2.248000 187 176 156
0.979000 0.049000 2.310000 183 171 155
0.959000 0.061000 2.201000 225 215 203
0.995000 0.067000 2.219000 191 184 166
0.966000 0.061000 2.209000 199 189 177
0.975000 0.058000 2.245000 185 177 156
0.982000 0.056000 2.270000 181 169 153
0.988000 0.061000 2.249000 184 175 158
1.466000 0.059000 2.239000 205 196 187
1.470000 0.090000 2.185000 224 214 212
1.461000 0.069000 2.306000 217 214 205
1.466000 0.077000 2.238000 215 208 198
1.465000 0.065000 2.247000 205 198 188
1.461000 0.076000 2.297000 220 216 205
1.469000 0.075000 2.200000 207 200 190
0.529000 0.026000 2.245000 185 175 150
0.555000 0.024000 2.327000 169 161 138
0.569000 0.026000 2.307000 176 168 145
0.527000 0.026000 2.232000 187 177 152
0.545000 0.025000 2.281000 180 169 147
0.517000 0.023000 2.294000 175 165 138
0.565000 0.027000 2.266000 180 173 147
0.520000 0.023000 2.290000 173 166 140
0.575000 0.026000 2.305000 177 169 148
0.653000 0.037000 2.214000 205 196 187
0.690000 0.039000 2.232000 204 194 182
0.656000 0.032000 2.323000 167 158 129
0.583000 0.030000 2.225000 194 183 165
0.625000 0.031000 2.294000 177 162 139
0.688000 0.034000 2.325000 171 163 144
0.676000 0.035000 2.274000 193 180 163
0.617000 0.029000 2.315000 174 163 141
0.612000 0.031000 2.264000 183 176 150
0.579000 0.028000 2.280000 180 169 147
0.588000 0.030000 2.247000 190 179 161
0.688000 0.037000 2.268000 196 185 167
0.703000 0.038000 2.265000 202 190 174
0.739000 0.040000 2.291000 197 188 171
0.703000 0.036000 2.308000 184 172 156
0.624000 0.030000 2.305000 174 162 138
0.705000 0.037000 2.278000 197 186 168
0.628000 0.031000 2.299000 177 162 139
0.627000 0.030000 2.311000 171 160 138
0.616000 0.031000 2.273000 182 172 145
0.614000 0.033000 2.224000 200 189 169
0.705000 0.039000 2.253000 209 197 181
0.664000 0.035000 2.268000 190 179 161
0.634000 0.032000 2.280000 179 169 142
0.608000 0.032000 2.226000 200 187 168
0.648000 0.034000 2.261000 193 180 161
0.700000 0.037000 2.275000 197 186 168
0.679000 0.036000 2.271000 194 181 164
0.588000 0.031000 2.219000 200 185 166
0.683000 0.038000 2.236000 202 193 178
0.648000 0.035000 2.241000 199 186 167
0.765000 0.039000 2.305000 196 187 170
1.617000 0.171000 2.182000 181 176 154
1.624000 0.135000 2.170000 189 183 161
1.622000 0.161000 2.195000 185 179 157
1.618000 0.179000 2.197000 186 179 160
1.645000 0.103000 2.235000 186 184 171
1.645000 0.123000 2.258000 203 197 181
0.268000 0.166000 2.253000 154 147 131
0.278000 0.193000 2.275000 174 166 145
0.270000 0.169000 2.238000 159 151 138
0.278000 0.184000 2.207000 158 153 134
1.159000 0.070000 2.294000 203 193 168
1.152000 0.073000 2.316000 200 195 165
1.155000 0.072000 2.292000 203 192 170
1.146000 0.077000 2.247000 209 202 176
1.133000 0.083000 2.264000 206 199 173
0.847000 0.134000 2.282000 190 179 161
0.852000 0.136000 2.275000 191 180 162
0.846000 0.134000 2.283000 183 172 154
0.856000 0.137000 2.291000 189 181 162
0.836000 0.131000 2.281000 166 155 137
0.901000 0.152000 2.294000 179 171 150
0.878000 0.144000 2.295000 178 169 152
0.897000 0.151000 2.291000 178 170 149
0.843000 0.123000 2.258000 203 190 173
1.106000 0.148000 2.230000 210 206 195
1.107000 0.155000 2.228000 203 197 185
1.099000 0.178000 2.221000 183 174 157
1.102000 0.173000 2.228000 184 172 156
1.112000 0.115000 2.197000 224 221 216
1.113000 0.115000 2.223000 219 214 210
1.117000 0.103000 2.243000 213 206 196
1.109000 0.140000 2.245000 212 208 199
1.114000 0.115000 2.226000 218 213 207
1.119000 0.097000 2.237000 212 203 198
1.119000 0.113000 2.315000 185 180 176
1.310000 0.078000 2.272000 227 224 219
1.312000 0.076000 2.257000 228 224 221
1.302000 0.100000 2.224000 236 229 221
1.310000 0.074000 2.296000 232 225 219
1.310000 0.074000 2.300000 229 222 216
1.311000 0.071000 2.297000 229 224 218
1.317000 0.062000 2.274000 229 226 221
1.328000 0.035000 2.325000 224 219 215
0.868000 0.142000 2.226000 197 184 167
0.870000 0.142000 2.240000 198 185 168
0.609000 0.207000 2.312000 114 105 88
0.608000 0.208000 2.303000 129 120 103
1.369000 0.206000 2.404000 194 183 153
1.386000 0.224000 2.418000 204 197 178
1.385000 0.228000 2.454000 253 253 241
1.374000 0.201000 2.338000 223 220 213
1.383000 0.227000 2.344000 222 219 212
1.525000 0.217000 2.390000 46 46 38
1.499000 0.218000 2.343000 166 160 144
1.536000 0.217000 2.397000 119 118 113
1.532000 0.217000 2.343000 105 97 76
1.504000 0.218000 2.396000 145 139 125
1.499000 0.218000 2.374000 171 162 153
1.514000 0.218000 2.470000 148 144 135
1.515000 0.218000 2.412000 131 125 101
1.536000 0.217000 2.342000 107 99 78
1.527000 0.217000 2.357000 110 99 79
1.525000 0.218000 2.471000 147 140 130
1.587000 0.207000 2.456000 154 150 139
1.591000 0.203000 2.464000 149 146 137
1.538000 0.220000 2.457000 142 139 124
1.603000 0.206000 2.445000 96 90 74
1.611000 0.209000 2.432000 110 102 81
1.571000 0.221000 2.427000 120 116 107
1.626000 0.197000 2.457000 170 163 144
1.607000 0.213000 2.425000 89 82 63
1.579000 0.221000 2.361000 120 105 82
1.526000 0.218000 2.447000 146 139 123
1.583000 0.222000 2.379000 76 69 50
1.597000 0.222000 2.349000 117 106 78
1.531000 0.218000 2.421000 76 64 40
1.553000 0.218000 2.372000 197 190 182
1.636000 0.203000 2.376000 197 188 171
1.612000 0.222000 2.368000 133 127 111
1.617000 0.221000 2.383000 97 93 82
1.667000 0.196000 2.435000 128 120 97
1.671000 0.197000 2.447000 131 123 100
1.655000 0.191000 2.395000 148 140 119
1.673000 0.198000 2.456000 144 137 118
1.668000 0.197000 2.458000 148 141 122
1.668000 0.195000 2.414000 147 142 123
1.658000 0.190000 2.351000 108 102 88
1.655000 0.190000 2.363000 141 134 115
1.699000 0.200000 2.352000 138 135 116
1.686000 0.198000 2.370000 106 100 74
1.655000 0.190000 2.366000 128 121 102
1.672000 0.195000 2.387000 111 101 76
1.669000 0.193000 2.367000 98 92 68
1.681000 0.196000 2.360000 107 100 81
1.707000 0.204000 2.411000 180 177 162
1.705000 0.203000 2.406000 175 172 157
0.420000 0.231000 2.400000 112 105 86
0.428000 0.233000 2.360000 119 111 90
0.578000 0.220000 2.340000 155 150 128
0.553000 0.221000 2.398000 164 162 147
0.505000 0.227000 2.343000 139 132 113
0.480000 0.227000 2.433000 157 155 130
0.548000 0.221000 2.413000 113 112 94
0.542000 0.223000 2.372000 137 139 126
0.503000 0.225000 2.429000 133 130 113
0.529000 0.223000 2.411000 111 105 89
0.498000 0.227000 2.365000 144 141 124
0.436000 0.233000 2.359000 104 96 75
0.530000 0.223000 2.397000 108 107 87
0.587000 0.218000 2.396000 147 140 122
0.446000 0.231000 2.393000 127 120 101
0.539000 0.223000 2.382000 99 97 82
0.515000 0.225000 2.393000 125 118 99
0.460000 0.231000 2.359000 153 151 128
0.586000 0.219000 2.388000 147 138 121
0.550000 0.223000 2.333000 176 172 169
0.538000 0.224000 2.348000 84 84 76
0.603000 0.218000 2.358000 133 126 108
0.488000 0.228000 2.362000 152 149 132
0.546000 0.223000 2.338000 174 170 167
0.437000 0.231000 2.413000 150 143 125
0.474000 0.228000 2.431000 156 155 125
0.512000 0.225000 2.382000 126 123 104
0.447000 0.231000 2.403000 118 112 90
0.603000 0.217000 2.375000 131 126 106
0.544000 0.222000 2.399000 93 94 76
0.443000 0.231000 2.408000 127 120 101
0.502000 0.227000 2.366000 138 137 119
0.529000 0.223000 2.416000 111 105 91
0.611000 0.216000 2.361000 131 124 106
0.592000 0.223000 2.466000 152 155 136
0.594000 0.225000 2.483000 103 104 88
0.590000 0.233000 2.535000 100 94 82
0.703000 0.225000 2.534000 131 124 116
0.707000 0.228000 2.559000 154 148 134
0.625000 0.219000 2.458000 127 123 114
0.715000 0.228000 2.563000 170 164 148
0.631000 0.228000 2.522000 89 86 71
0.722000 0.225000 2.546000 132 125 115
0.568000 0.225000 2.471000 99 96 79
0.776000 0.233000 2.620000 147 145 132
0.657000 0.218000 2.467000 114 108 94
0.633000 0.219000 2.460000 120 116 104
0.752000 0.234000 2.617000 113 107 95
0.700000 0.232000 2.579000 104 100 88
0.645000 0.228000 2.529000 84 81 66
0.583000 0.231000 2.520000 98 94 82
0.719000 0.226000 2.548000 136 129 119
0.711000 0.233000 2.594000 105 104 86
0.643000 0.226000 2.511000 152 150 137
0.480000 0.232000 2.475000 142 138 113
0.646000 0.217000 2.454000 116 111 92
0.553000 0.233000 2.518000 114 108 96
0.752000 0.229000 2.584000 141 135 121
0.594000 0.224000 2.477000 151 152 136
0.810000 0.234000 2.648000 131 131 121
0.592000 0.218000 2.435000 143 140 123
0.610000 0.220000 2.455000 138 134 122
0.592000 0.228000 2.503000 96 92 80
0.661000 0.225000 2.512000 144 137 131
0.592000 0.223000 2.467000 152 155 136
0.757000 0.233000 2.611000 131 125 113
0.446000 0.232000 2.461000 131 124 106
0.668000 0.230000 2.551000 98 92 78
0.777000 0.232000 2.615000 170 168 155
0.601000 0.244000 2.583000 123 116 98
0.636000 0.235000 2.568000 103 95 84
0.760000 0.238000 2.640000 133 124 109
0.525000 0.239000 2.525000 131 129 104
0.530000 0.238000 2.524000 139 137 114
0.666000 0.240000 2.603000 120 120 110
0.635000 0.235000 2.568000 103 95 84
0.469000 0.236000 2.485000 100 97 78
0.535000 0.243000 2.545000 99 97 76
0.498000 0.236000 2.503000 137 131 109
0.790000 0.238000 2.657000 125 116 107
0.442000 0.234000 2.468000 134 128 106
0.734000 0.251000 2.767000 134 131 126
0.655000 0.248000 2.658000 150 147 132
0.609000 0.249000 2.628000 104 95 86
0.748000 0.247000 2.740000 132 132 122
0.867000 0.248000 2.862000 127 127 125
0.766000 0.252000 2.816000 142 143 138
0.750000 0.253000 2.808000 157 157 155
0.859000 0.248000 2.855000 126 126 126
0.737000 0.252000 2.786000 149 148 143
0.745000 0.249000 2.764000 125 122 115
0.621000 0.248000 2.627000 119 111 98
0.765000 0.249000 2.775000 118 117 112
0.690000 0.252000 2.746000 170 167 160
0.757000 0.252000 2.806000 146 147 142
0.907000 0.247000 2.886000 134 136 135
0.683000 0.248000 2.691000 127 120 110
0.679000 0.250000 2.706000 114 110 99
0.788000 0.251000 2.823000 133 134 129
0.672000 0.249000 2.690000 115 113 101
0.624000 0.249000 2.651000 113 106 96
0.710000 0.253000 2.768000 166 163 158
0.660000 0.246000 2.644000 166 159 141
0.728000 0.247000 2.717000 130 127 118
0.761000 0.244000 2.712000 185 182 167
0.578000 0.248000 2.585000 101 97 86
0.667000 0.246000 2.652000 157 151 135
0.722000 0.244000 2.679000 180 178 155
0.744000 0.244000 2.701000 179 176 161
0.718000 0.246000 2.695000 153 152 134
0.667000 0.244000 2.634000 153 146 127
0.705000 0.244000 2.659000 179 172 154
0.817000 0.238000 2.673000 120 116 107
0.727000 0.242000 2.646000 147 134 126
0.761000 0.241000 2.663000 133 126 116
0.712000 0.243000 2.651000 159 151 138
0.735000 0.241000 2.646000 137 129 118
0.809000 0.238000 2.675000 126 118 107
0.724000 0.242000 2.644000 146 136 127
0.682000 0.243000 2.625000 144 138 126
0.727000 0.242000 2.643000 142 132 123
0.654000 0.245000 2.622000 143 141 120
1.273000 0.236000 2.461000 223 225 211
1.357000 0.234000 2.484000 237 230 222
1.262000 0.237000 2.470000 222 222 210
1.333000 0.234000 2.490000 247 243 232
1.360000 0.234000 2.465000 235 227 214
1.314000 0.235000 2.459000 255 255 242
1.268000 0.236000 2.557000 115 110 107
1.268000 0.236000 2.492000 228 226 213
1.330000 0.234000 2.515000 208 207 202
1.258000 0.240000 2.353000 221 217 206
1.335000 0.237000 2.387000 226 226 214
1.368000 0.234000 2.459000 234 231 214
1.330000 0.237000 2.400000 242 241 223
1.308000 0.237000 2.411000 208 209 193
1.288000 0.236000 2.433000 227 224 205
1.262000 0.239000 2.391000 219 211 200
1.366000 0.238000 2.368000 211 208 191
1.260000 0.239000 2.391000 222 214 203
1.257000 0.237000 2.427000 212 206 190
1.259000 0.238000 2.418000 207 199 186
1.272000 0.238000 2.390000 215 209 197
1.281000 0.236000 2.432000 231 226 207
1.290000 0.239000 2.359000 222 223 209
1.302000 0.237000 2.419000 191 190 170
1.384000 0.236000 2.405000 224 209 190
1.361000 0.237000 2.371000 209 206 189
1.260000 0.237000 2.420000 209 202 186
1.288000 0.239000 2.377000 212 208 199
1.332000 0.235000 2.438000 231 224 205
1.339000 0.239000 2.356000 228 223 217
1.366000 0.235000 2.417000 240 230 203
1.329000 0.237000 2.556000 199 197 184
1.276000 0.237000 2.585000 183 175 162
1.308000 0.235000 2.544000 159 157 144
1.361000 0.242000 2.622000 154 146 135
1.375000 0.235000 2.514000 159 151 138
1.324000 0.240000 2.614000 156 156 154
1.330000 0.237000 2.569000 206 202 193
1.308000 0.237000 2.580000 141 138 131
1.344000 0.235000 2.527000 211 208 203
1.301000 0.236000 2.555000 147 144 129
1.343000 0.241000 2.618000 206 206 198
1.359000 0.240000 2.595000 183 173 161
1.303000 0.249000 2.660000 180 175 171
1.360000 0.244000 2.637000 160 153 143
1.346000 0.258000 2.708000 247 245 250
1.347000 0.244000 2.633000 211 204 198
1.336000 0.250000 2.664000 220 218 223
1.296000 0.241000 2.620000 177 170 160
1.328000 0.254000 2.686000 163 167 170
1.272000 0.241000 2.620000 220 209 207
1.314000 0.252000 2.678000 160 164 163
1.362000 0.245000 2.642000 178 171 161
1.357000 0.246000 2.647000 181 176 170
1.331000 0.241000 2.620000 205 204 200
1.335000 0.251000 2.673000 220 214 224
1.316000 0.242000 2.622000 153 155 152
1.298000 0.251000 2.669000 187 182 176
1.264000 0.241000 2.616000 220 210 211
1.299000 0.251000 2.669000 187 182 176
0.368000 0.186000 2.422000 120 114 92
0.362000 0.186000 2.401000 105 99 85
0.341000 0.187000 2.434000 121 112 95
0.336000 0.187000 2.436000 105 98 80
0.400000 0.188000 2.501000 114 107 89
0.407000 0.188000 2.502000 109 102 83
1.398000 0.084000 2.386000 209 208 204
1.433000 0.062000 2.445000 155 148 140
1.437000 0.059000 2.457000 126 119 111
1.405000 0.081000 2.389000 194 193 189
1.408000 0.077000 2.404000 202 201 196
1.409000 0.078000 2.398000 198 197 193
1.400000 0.091000 2.342000 219 216 209
1.451000 0.068000 2.381000 212 213 207
1.457000 0.075000 2.333000 216 215 210
0.988000 0.178000 2.773000 140 136 137
0.727000 0.201000 2.518000 114 108 96
0.915000 0.188000 2.704000 131 124 118
0.911000 0.184000 2.697000 127 122 118
0.702000 0.200000 2.492000 109 107 94
0.859000 0.178000 2.639000 119 118 113
1.008000 0.178000 2.793000 141 137 138
0.772000 0.200000 2.566000 118 110 99
0.931000 0.182000 2.717000 134 133 131
0.725000 0.202000 2.518000 113 107 95
0.993000 0.177000 2.777000 138 134 135
0.814000 0.194000 2.604000 120 113 105
0.823000 0.186000 2.608000 124 121 114
0.824000 0.196000 2.616000 122 115 107
0.940000 0.224000 2.760000 204 206 218
0.842000 0.218000 2.652000 145 137 135
0.741000 0.219000 2.548000 114 108 96
0.950000 0.216000 2.764000 181 185 197
0.764000 0.212000 2.566000 117 109 98
0.916000 0.200000 2.716000 130 126 123
0.812000 0.222000 2.624000 138 133 129
0.886000 0.200000 2.683000 124 117 111
0.957000 0.202000 2.760000 150 148 159
0.931000 0.221000 2.748000 186 192 204
0.966000 0.214000 2.779000 186 188 200
1.035000 0.189000 2.830000 153 148 152
0.964000 0.210000 2.773000 172 174 186
0.951000 0.196000 2.749000 144 139 146
0.972000 0.198000 2.772000 145 142 149
0.928000 0.209000 2.734000 156 153 160
0.782000 0.207000 2.581000 119 111 98
0.741000 0.218000 2.548000 114 108 96
1.032000 0.183000 2.822000 151 147 148
0.964000 0.197000 2.763000 145 142 151
1.695000 0.234000 2.921000 173 174 176
1.711000 0.207000 2.660000 186 182 173
1.707000 0.213000 2.596000 184 180 169
1.698000 0.229000 2.901000 182 183 187
1.704000 0.218000 2.835000 180 180 182
1.712000 0.205000 2.602000 185 181 172
1.707000 0.213000 2.808000 190 190 192
1.700000 0.225000 2.827000 184 184 186
1.705000 0.217000 2.820000 188 188 190
1.704000 0.218000 2.701000 182 179 172
1.707000 0.212000 2.699000 182 179 174
1.703000 0.220000 2.814000 188 188 190
1.706000 0.215000 2.879000 188 188 188
1.709000 0.210000 2.534000 196 188 177
1.705000 0.217000 2.877000 190 192 191
1.062000 0.155000 2.361000 71 71 61
1.483000 0.200000 2.372000 105 99 83
1.486000 0.211000 2.355000 194 188 172
1.489000 0.204000 2.389000 194 190 178
1.473000 0.193000 2.341000 141 134 118
1.407000 0.219000 2.437000 138 137 119
1.391000 0.205000 2.403000 66 65 45
1.481000 0.192000 2.381000 108 101 82
1.490000 0.203000 2.419000 145 139 127
1.476000 0.202000 2.411000 39 39 31
1.417000 0.229000 2.471000 173 174 166
1.490000 0.218000 2.465000 195 192 185
1.487000 0.214000 2.452000 201 199 187
1.452000 0.219000 2.453000 193 191 176
1.462000 0.217000 2.453000 133 131 119
1.440000 0.226000 2.534000 132 130 118
1.442000 0.226000 2.564000 138 136 124
1.414000 0.229000 2.569000 180 181 175
1.424000 0.228000 2.517000 186 186 178
1.408000 0.229000 2.596000 170 171 166
1.416000 0.229000 2.550000 189 189 181
1.450000 0.226000 2.488000 179 175 163
0.804000 0.239000 2.692000 128 120 109
0.844000 0.237000 2.684000 115 115 105
0.848000 0.238000 2.721000 133 128 125
0.872000 0.237000 2.722000 129 125 122
0.834000 0.238000 2.695000 119 115 104
0.908000 0.235000 2.740000 117 118 122
0.797000 0.240000 2.698000 134 126 115
0.763000 0.246000 2.745000 131 129 114
0.827000 0.246000 2.803000 124 123 118
0.797000 0.245000 2.759000 185 186 178
0.813000 0.246000 2.788000 120 120 112
0.851000 0.246000 2.824000 126 125 120
0.852000 0.246000 2.828000 125 124 119
0.905000 0.241000 2.813000 159 162 167
0.862000 0.244000 2.813000 184 185 180
0.860000 0.246000 2.833000 126 125 123
0.902000 0.246000 2.875000 132 134 133
0.931000 0.242000 2.850000 177 177 185
0.853000 0.245000 2.812000 186 185 180
0.924000 0.239000 2.816000 149 150 152
0.857000 0.243000 2.799000 176 178 175
0.872000 0.245000 2.837000 143 141 142
0.908000 0.243000 2.844000 186 187 191
0.912000 0.244000 2.862000 195 197 194
0.975000 0.052000 2.402000 123 122 130
0.949000 0.057000 2.338000 202 192 182
0.907000 0.074000 2.428000 150 147 158
0.912000 0.069000 2.337000 196 187 172
0.943000 0.062000 2.410000 139 135 150
0.923000 0.068000 2.415000 147 145 158
0.917000 0.068000 2.358000 178 174 165
0.977000 0.048000 2.339000 175 165 153
0.933000 0.065000 2.403000 151 149 162
0.942000 0.059000 2.338000 202 192 182
0.964000 0.056000 2.413000 125 124 142
0.986000 0.046000 2.360000 156 147 140
0.951000 0.060000 2.432000 139 137 150
0.957000 0.055000 2.353000 182 173 168
0.972000 0.051000 2.354000 167 158 149
0.986000 0.049000 2.411000 115 117 132
0.941000 0.062000 2.404000 143 142 156
0.890000 0.087000 2.335000 189 184 165
0.893000 0.079000 2.358000 183 177 163
0.892000 0.084000 2.414000 157 156 154
0.887000 0.095000 2.340000 185 178 160
0.913000 0.126000 2.426000 141 140 138
0.904000 0.109000 2.418000 161 157 154
0.900000 0.115000 2.377000 179 173 161
0.910000 0.122000 2.423000 141 140 136
0.897000 0.122000 2.339000 188 180 161
0.904000 0.140000 2.335000 180 171 154
0.916000 0.152000 2.375000 177 168 153
0.892000 0.094000 2.388000 176 172 161
0.917000 0.151000 2.385000 173 165 152
0.905000 0.106000 2.433000 139 136 143
0.909000 0.114000 2.434000 145 142 149
0.962000 0.237000 2.854000 163 159 174
0.951000 0.240000 2.885000 193 192 197
0.987000 0.232000 2.884000 168 164 178
0.949000 0.240000 2.862000 181 178 187
0.933000 0.244000 2.885000 191 195 196
0.981000 0.233000 2.868000 160 157 168
0.978000 0.234000 2.824000 143 141 144
0.978000 0.234000 2.875000 172 168 183
1.453000 0.060000 2.407000 213 212 207
0.888000 0.234000 2.717000 115 115 113
0.852000 0.239000 2.745000 137 135 138
0.816000 0.242000 2.745000 165 164 162
0.785000 0.244000 2.740000 174 171 156
0.933000 0.237000 2.792000 135 135 133
0.532000 0.023000 2.370000 158 147 125
0.582000 0.024000 2.450000 157 149 128
0.495000 0.025000 2.409000 158 146 122
0.528000 0.024000 2.405000 154 147 121
0.501000 0.024000 2.391000 151 140 118
0.551000 0.023000 2.399000 160 149 129
0.502000 0.023000 2.364000 156 146 119
0.536000 0.024000 2.401000 158 147 127
0.563000 0.024000 2.349000 170 159 137
0.592000 0.025000 2.369000 174 163 143
0.531000 0.022000 2.333000 166 159 133
0.575000 0.025000 2.342000 172 161 141
0.569000 0.024000 2.352000 172 161 141
0.577000 0.024000 2.376000 173 163 138
0.574000 0.025000 2.349000 172 161 141
0.557000 0.023000 2.370000 164 156 133
0.709000 0.035000 2.342000 174 163 145
0.680000 0.031000 2.387000 167 156 136
0.639000 0.028000 2.376000 170 159 139
0.670000 0.032000 2.341000 164 153 131
0.623000 0.027000 2.376000 169 158 138
0.673000 0.032000 2.350000 165 154 134
0.617000 0.028000 2.347000 174 161 144
0.638000 0.029000 2.363000 171 158 141
0.624000 0.025000 2.416000 174 166 145
0.699000 0.034000 2.357000 166 155 133
0.648000 0.028000 2.406000 170 159 137
0.648000 0.029000 2.380000 169 158 136
0.688000 0.032000 2.370000 164 154 129
0.624000 0.027000 2.386000 169 158 136
0.656000 0.031000 2.335000 165 153 127
0.751000 0.031000 2.386000 179 167 155
0.731000 0.032000 2.376000 172 160 144
0.731000 0.025000 2.453000 164 153 131
0.750000 0.033000 2.370000 185 173 161
0.662000 0.024000 2.459000 177 166 146
0.725000 0.031000 2.393000 167 155 139
0.657000 0.025000 2.445000 179 166 149
0.669000 0.029000 2.414000 170 159 137
0.755000 0.036000 2.341000 188 179 164
0.745000 0.030000 2.402000 171 162 147
0.708000 0.028000 2.423000 166 155 133
0.711000 0.035000 2.352000 173 161 145
0.693000 0.030000 2.401000 167 156 136
0.738000 0.022000 2.477000 165 154 132
0.764000 0.036000 2.339000 189 180 165
0.739000 0.023000 2.475000 165 154 132
0.706000 0.025000 2.451000 167 157 132
0.756000 0.035000 2.351000 187 174 165
0.274000 0.189000 2.352000 164 158 142
1.164000 0.067000 2.374000 201 198 181
1.152000 0.072000 2.426000 189 185 176
1.148000 0.075000 2.377000 203 199 190
1.169000 0.065000 2.338000 199 190 161
1.163000 0.068000 2.365000 201 198 179
1.145000 0.076000 2.380000 200 195 189
1.163000 0.068000 2.349000 201 195 169
0.641000 0.173000 2.390000 117 110 92
0.764000 0.148000 2.395000 136 127 110
0.639000 0.186000 2.402000 58 58 46
0.775000 0.138000 2.388000 161 154 136
0.654000 0.198000 2.416000 115 105 93
0.632000 0.156000 2.372000 127 120 102
0.647000 0.150000 2.370000 141 130 112
0.758000 0.140000 2.386000 159 151 132
0.664000 0.169000 2.391000 119 111 98
0.724000 0.157000 2.394000 130 123 105
0.757000 0.140000 2.386000 159 151 132
0.791000 0.130000 2.384000 167 161 139
0.764000 0.141000 2.388000 158 149 132
0.683000 0.174000 2.400000 115 109 97
0.670000 0.170000 2.394000 120 110 98
0.642000 0.192000 2.408000 94 92 77
0.653000 0.163000 2.383000 119 112 96
0.644000 0.170000 2.388000 118 110 91
0.656000 0.149000 2.372000 141 133 114
0.813000 0.131000 2.389000 164 153 131
0.832000 0.150000 2.404000 140 131 116
0.791000 0.180000 2.420000 95 96 91
0.839000 0.139000 2.397000 159 151 132
0.726000 0.168000 2.404000 124 118 104
0.770000 0.157000 2.402000 131 122 105
0.880000 0.147000 2.407000 130 122 109
0.841000 0.151000 2.406000 140 132 119
0.843000 0.156000 2.409000 138 130 117
0.830000 0.131000 2.391000 163 152 132
0.740000 0.161000 2.401000 133 125 106
0.817000 0.170000 2.416000 217 214 209
0.913000 0.157000 2.418000 135 127 116
0.873000 0.158000 2.414000 131 123 112
0.844000 0.166000 2.416000 123 122 117
0.827000 0.165000 2.414000 133 125 114
0.692000 0.196000 2.419000 115 112 97
0.902000 0.152000 2.336000 178 167 147
0.863000 0.139000 2.338000 185 172 155
0.897000 0.150000 2.378000 176 162 149
0.885000 0.146000 2.398000 125 118 102
0.874000 0.143000 2.333000 183 172 152
0.716000 0.191000 2.530000 114 106 95
0.761000 0.182000 2.571000 117 113 104
0.732000 0.188000 2.542000 111 105 93
0.681000 0.193000 2.520000 116 108 95
0.633000 0.212000 2.432000 120 117 102
0.746000 0.184000 2.562000 114 108 94
0.679000 0.195000 2.511000 116 108 95
0.644000 0.205000 2.464000 119 112 96
0.671000 0.199000 2.490000 115 109 95
0.679000 0.192000 2.524000 115 107 94
0.678000 0.203000 2.474000 112 110 95
0.697000 0.196000 2.507000 108 100 87
0.711000 0.191000 2.527000 115 107 96
0.668000 0.192000 2.522000 114 108 96
0.664000 0.195000 2.508000 114 108 94
1.127000 0.087000 2.348000 150 148 153
1.132000 0.203000 2.415000 168 161 145
1.218000 0.235000 2.423000 188 193 186
1.138000 0.220000 2.420000 156 150 138
1.195000 0.229000 2.422000 191 192 186
1.123000 0.215000 2.419000 209 205 196
1.324000 0.040000 2.335000 218 213 210
0.621000 0.211000 2.394000 123 120 103
0.616000 0.204000 2.368000 89 86 69
0.606000 0.166000 2.358000 123 116 97
0.614000 0.193000 2.376000 114 107 89
0.616000 0.206000 2.364000 95 89 73
0.614000 0.203000 2.356000 114 109 90
0.616000 0.209000 2.361000 95 89 73
1.179000 0.206000 2.353000 132 124 101
1.136000 0.188000 2.394000 139 135 123
1.111000 0.177000 2.378000 134 126 115
1.190000 0.213000 2.397000 147 147 135
1.174000 0.205000 2.383000 220 216 205
1.156000 0.197000 2.375000 137 126 106
1.235000 0.231000 2.339000 117 109 96
1.139000 0.191000 2.410000 138 136 124
1.098000 0.172000 2.402000 138 129 112
1.155000 0.197000 2.375000 137 126 106
1.112000 0.177000 2.381000 150 142 131
1.101000 0.173000 2.397000 137 128 111
1.235000 0.233000 2.400000 206 206 196
1.175000 0.205000 2.372000 132 125 107
1.372000 0.142000 2.384000 226 223 218
1.391000 0.177000 2.376000 230 227 220
1.391000 0.108000 2.387000 210 210 202
1.460000 0.179000 2.368000 201 201 193
1.431000 0.159000 2.374000 226 225 220
1.408000 0.166000 2.376000 229 226 219
1.423000 0.170000 2.374000 215 212 207
1.669000 0.212000 2.961000 122 123 125
1.695000 0.229000 2.939000 147 148 150
1.369000 0.200000 1.982000 223 217 205
1.371000 0.191000 2.003000 222 220 207
1.369000 0.187000 1.986000 220 216 204
1.365000 0.161000 1.963000 217 213 202
1.363000 0.161000 1.949000 215 211 202
1.363000 0.240000 1.894000 208 201 183
1.364000 0.150000 1.969000 221 219 207
1.368000 0.207000 1.964000 218 214 202
1.363000 0.223000 1.912000 202 197 178
1.365000 0.225000 1.929000 206 201 179
1.367000 0.217000 1.948000 218 212 196
1.376000 0.175000 2.111000 226 223 218
1.372000 0.203000 2.041000 201 191 164
1.372000 0.189000 2.029000 198 191 173
1.369000 0.211000 1.977000 219 215 204
1.373000 0.227000 2.105000 221 217 205
1.375000 0.172000 2.072000 226 222 210
1.371000 0.228000 2.047000 190 179 151
1.371000 0.218000 2.035000 197 186 158
1.368000 0.224000 1.955000 212 206 194
1.374000 0.205000 2.095000 226 224 209
1.376000 0.199000 2.129000 228 225 218
1.367000 0.248000 1.975000 207 200 184
1.371000 0.203000 2.005000 223 219 207
1.369000 0.223000 2.000000 222 216 202
1.374000 0.231000 2.115000 218 216 203
1.373000 0.222000 2.087000 225 222 207
1.374000 0.173000 2.051000 222 214 195
1.372000 0.152000 2.007000 223 221 209
1.375000 0.143000 1.953000 219 216 207
1.409000 0.155000 1.989000 230 226 215
1.382000 0.141000 1.935000 210 203 195
1.379000 0.142000 1.947000 207 207 197
1.463000 0.150000 1.907000 218 213 207
1.433000 0.157000 1.974000 203 200 185
1.430000 0.158000 1.981000 201 197 185
1.488000 0.157000 1.909000 202 195 187
1.452000 0.177000 1.992000 231 223 220
1.428000 0.196000 2.059000 221 215 203
1.437000 0.199000 2.052000 206 203 188
1.470000 0.168000 1.952000 203 199 188
1.445000 0.199000 2.042000 195 192 173
1.388000 0.174000 2.068000 225 219 207
1.432000 0.204000 2.068000 232 228 219
1.415000 0.200000 2.082000 228 225 218
1.400000 0.172000 2.049000 215 210 191
1.479000 0.159000 1.924000 209 207 194
1.433000 0.163000 1.989000 201 197 186
1.427000 0.209000 2.082000 223 220 211
1.419000 0.203000 2.083000 227 224 217
1.476000 0.166000 1.940000 208 202 188
1.426000 0.183000 2.037000 169 167 146
1.451000 0.165000 1.970000 212 210 197
1.390000 0.176000 2.069000 227 223 212
1.453000 0.209000 2.065000 205 201 190
1.437000 0.214000 2.083000 224 220 211
1.463000 0.205000 2.052000 206 200 184
1.515000 0.191000 2.006000 221 215 201
1.472000 0.181000 1.979000 201 197 185
1.466000 0.196000 2.025000 204 199 180
1.513000 0.160000 1.914000 213 210 191
1.507000 0.161000 1.917000 218 215 200
1.486000 0.176000 1.963000 210 208 196
1.553000 0.177000 1.962000 204 199 180
1.534000 0.183000 1.981000 205 195 183
1.527000 0.171000 1.946000 206 200 188
1.461000 0.201000 2.040000 173 171 150
1.466000 0.199000 2.035000 193 186 167
1.488000 0.182000 1.983000 218 211 201
1.497000 0.203000 2.065000 188 186 174
1.562000 0.190000 2.045000 166 166 142
1.554000 0.203000 2.126000 184 184 172
1.548000 0.200000 2.097000 136 130 114
1.479000 0.210000 2.093000 135 130 111
1.456000 0.215000 2.099000 182 178 166
1.563000 0.184000 2.011000 210 199 179
1.545000 0.203000 2.117000 133 132 114
1.565000 0.192000 2.066000 208 201 183
1.545000 0.200000 2.092000 143 138 119
1.564000 0.199000 2.111000 214 210 199
1.563000 0.192000 2.060000 200 193 174
1.557000 0.205000 2.138000 187 185 172
1.541000 0.187000 2.003000 123 121 100
1.553000 0.187000 2.017000 131 130 110
1.542000 0.204000 2.115000 133 128 108
1.456000 0.212000 2.081000 217 213 202
1.458000 0.213000 2.093000 182 176 162
1.571000 0.204000 2.149000 210 203 193
1.579000 0.197000 2.126000 209 197 183
1.598000 0.189000 2.138000 224 221 212
1.699000 0.189000 2.150000 200 196 185
1.681000 0.176000 2.133000 199 198 180
0.427000 0.236000 2.051000 206 199 183
0.476000 0.238000 1.977000 221 217 208
0.433000 0.231000 2.097000 178 171 155
0.435000 0.227000 2.142000 158 151 133
0.412000 0.231000 2.123000 151 143 124
0.435000 0.237000 2.035000 200 193 177
0.407000 0.229000 2.155000 142 131 109
0.395000 0.234000 2.104000 140 134 110
0.444000 0.231000 2.090000 136 129 110
0.406000 0.237000 2.060000 145 139 115
0.418000 0.241000 2.005000 182 174 161
0.418000 0.241000 2.005000 182 174 161
0.444000 0.230000 2.099000 123 115 96
0.442000 0.230000 2.107000 130 122 101
0.394000 0.241000 2.032000 165 154 136
0.450000 0.234000 2.162000 140 138 117
0.468000 0.235000 2.166000 192 190 175
0.460000 0.236000 2.146000 189 186 171
0.493000 0.234000 2.084000 178 174 163
0.489000 0.233000 2.136000 182 178 166
0.535000 0.229000 2.157000 187 185 164
0.494000 0.234000 2.113000 173 166 148
0.478000 0.237000 2.028000 223 220 205
0.473000 0.235000 2.131000 199 199 191
0.498000 0.235000 2.033000 186 179 161
0.522000 0.229000 2.183000 148 142 130
0.502000 0.233000 2.125000 170 163 144
0.459000 0.236000 2.137000 180 175 156
0.491000 0.235000 2.077000 181 177 168
0.539000 0.228000 2.178000 195 200 177
0.477000 0.236000 2.067000 197 194 187
0.482000 0.233000 2.176000 205 201 202
0.512000 0.231000 2.142000 159 153 131
0.544000 0.228000 2.167000 148 145 138
0.490000 0.236000 2.009000 183 178 156
0.538000 0.228000 2.122000 156 152 141
0.524000 0.231000 2.096000 139 132 114
0.543000 0.228000 2.161000 165 161 149
0.502000 0.231000 2.007000 199 192 173
0.539000 0.221000 2.089000 192 189 182
0.557000 0.218000 2.139000 188 179 170
0.551000 0.204000 2.071000 178 172 158
0.530000 0.217000 2.050000 156 151 132
0.522000 0.224000 2.047000 154 147 129
0.535000 0.225000 2.090000 168 162 146
0.511000 0.228000 2.024000 163 154 137
0.522000 0.226000 2.053000 167 158 141
0.567000 0.207000 2.132000 177 170 151
0.569000 0.203000 2.123000 169 161 138
0.539000 0.219000 2.084000 194 191 184
0.571000 0.203000 2.129000 169 161 138
0.534000 0.213000 2.047000 165 162 143
0.558000 0.201000 2.081000 173 166 148
0.513000 0.227000 2.028000 153 144 127
1.334000 0.252000 1.897000 242 239 222
1.297000 0.252000 1.848000 170 176 174
1.295000 0.250000 1.856000 175 180 176
1.307000 0.254000 1.843000 172 178 176
1.334000 0.251000 1.900000 246 243 228
1.303000 0.246000 1.897000 209 208 190
1.260000 0.234000 1.934000 221 216 197
1.282000 0.243000 1.899000 222 215 196
1.293000 0.241000 1.958000 211 204 188
1.317000 0.248000 2.005000 232 224 213
1.267000 0.237000 2.107000 210 202 189
1.275000 0.237000 2.029000 200 193 177
1.297000 0.245000 2.102000 226 219 209
1.289000 0.244000 2.141000 219 212 204
1.271000 0.239000 2.149000 209 199 187
1.265000 0.236000 2.105000 212 204 191
1.279000 0.237000 1.957000 202 195 177
1.256000 0.235000 2.149000 209 201 190
1.250000 0.232000 2.066000 218 212 196
1.340000 0.253000 1.961000 215 207 194
1.269000 0.236000 2.060000 212 209 194
1.280000 0.241000 2.100000 210 204 192
1.294000 0.245000 2.142000 226 219 211
1.289000 0.243000 2.094000 212 205 195
1.339000 0.254000 1.994000 218 210 199
1.301000 0.245000 2.041000 210 203 187
1.302000 0.243000 1.971000 224 216 203
1.296000 0.241000 1.933000 211 205 189
1.288000 0.242000 2.063000 217 210 200
1.272000 0.237000 2.028000 202 195 179
1.279000 0.240000 2.105000 209 203 191
1.339000 0.253000 1.969000 217 210 194
1.284000 0.240000 2.029000 206 199 183
1.309000 0.247000 2.032000 209 202 184
1.268000 0.238000 2.148000 208 198 186
1.265000 0.236000 2.087000 211 205 191
1.266000 0.234000 1.984000 204 197 178
1.343000 0.254000 2.001000 212 204 191
1.332000 0.249000 2.119000 217 210 202
1.322000 0.249000 2.116000 228 223 219
1.326000 0.251000 2.068000 228 221 213
1.323000 0.251000 2.075000 228 221 213
1.360000 0.253000 2.013000 212 204 185
1.362000 0.257000 1.909000 208 201 185
1.359000 0.252000 2.026000 207 199 180
1.331000 0.251000 2.055000 209 203 189
1.356000 0.256000 1.938000 207 201 187
1.350000 0.249000 2.103000 211 203 190
1.335000 0.248000 2.128000 215 208 200
1.352000 0.248000 2.121000 211 203 190
1.364000 0.253000 2.013000 213 205 186
1.361000 0.247000 2.149000 213 205 192
1.337000 0.250000 2.086000 214 207 197
1.328000 0.085000 2.171000 231 226 220
1.323000 0.087000 2.176000 233 225 222
1.310000 0.108000 2.145000 234 229 223
1.314000 0.102000 2.150000 231 226 220
1.348000 0.128000 2.112000 231 226 220
1.352000 0.146000 2.091000 230 225 219
1.432000 0.102000 2.140000 217 210 202
1.459000 0.123000 2.121000 222 214 203
1.420000 0.121000 2.137000 229 222 216
1.420000 0.165000 2.118000 208 203 197
1.433000 0.190000 2.102000 211 204 198
1.371000 0.081000 2.173000 208 203 197
1.405000 0.109000 2.148000 229 224 218
1.398000 0.128000 2.142000 209 204 198
1.429000 0.117000 2.134000 209 202 194
1.419000 0.107000 2.143000 214 207 201
1.448000 0.115000 2.128000 222 213 206
1.411000 0.108000 2.146000 236 229 223
1.432000 0.193000 2.101000 218 213 207
1.457000 0.102000 2.140000 215 212 203
1.450000 0.100000 2.152000 222 215 205
1.415000 0.085000 2.172000 211 204 196
1.447000 0.100000 2.171000 217 213 202
1.465000 0.105000 2.131000 229 222 214
1.367000 0.086000 2.164000 223 220 213
1.394000 0.145000 2.127000 232 227 221
1.403000 0.160000 2.120000 232 227 221
1.402000 0.170000 2.102000 228 223 217
1.381000 0.156000 2.086000 227 222 218
1.402000 0.185000 2.082000 227 222 216
1.406000 0.173000 2.105000 232 227 221
1.382000 0.137000 2.115000 230 225 219
1.402000 0.183000 2.083000 227 222 216
1.088000 0.156000 2.174000 195 186 177
1.095000 0.173000 2.144000 201 193 180
1.091000 0.195000 2.110000 214 206 195
1.093000 0.162000 2.128000 196 190 174
1.109000 0.160000 2.057000 153 146 127
1.100000 0.193000 2.086000 203 196 177
1.120000 0.168000 2.039000 197 192 173
0.906000 0.064000 2.173000 217 210 204
0.917000 0.060000 2.165000 214 207 199
0.873000 0.128000 2.178000 187 185 164
0.875000 0.120000 2.157000 197 191 175
0.892000 0.072000 2.085000 210 206 203
0.883000 0.102000 2.190000 215 209 193
0.886000 0.089000 2.105000 209 206 201
0.887000 0.088000 2.129000 210 207 198
0.889000 0.080000 2.116000 209 206 197
0.874000 0.122000 2.122000 190 187 170
0.889000 0.081000 2.121000 209 206 197
0.883000 0.098000 2.162000 212 205 197
0.892000 0.074000 2.113000 206 202 199
0.888000 0.087000 2.175000 212 207 203
0.880000 0.106000 2.096000 215 212 205
0.901000 0.147000 1.998000 188 189 181
0.960000 0.123000 1.981000 196 197 201
0.842000 0.106000 1.980000 184 184 176
0.956000 0.147000 1.994000 203 207 208
0.878000 0.085000 1.967000 200 202 201
0.986000 0.147000 1.992000 198 199 201
0.972000 0.126000 1.982000 196 195 200
0.889000 0.076000 1.962000 198 198 198
0.821000 0.134000 1.996000 192 191 189
0.853000 0.095000 1.974000 195 194 190
0.848000 0.132000 1.993000 194 195 189
0.876000 0.131000 1.991000 185 186 178
0.812000 0.132000 1.996000 212 210 213
0.920000 0.140000 1.993000 207 208 210
0.905000 0.118000 1.982000 201 202 207
0.947000 0.062000 2.171000 207 197 185
0.959000 0.069000 2.142000 207 201 189
0.986000 0.074000 2.154000 203 194 179
0.972000 0.069000 2.163000 211 203 190
0.975000 0.073000 2.146000 214 206 193
0.947000 0.061000 2.182000 212 202 190
0.978000 0.075000 2.138000 210 202 189
0.990000 0.073000 2.165000 202 192 180
0.983000 0.076000 2.135000 204 196 183
0.976000 0.074000 2.135000 213 207 195
0.987000 0.149000 2.031000 193 195 192
0.970000 0.148000 2.026000 182 187 183
1.030000 0.150000 2.046000 189 180 171
1.026000 0.150000 2.042000 195 188 180
0.831000 0.138000 2.006000 170 170 162
0.951000 0.140000 2.047000 178 179 171
1.000000 0.148000 2.041000 204 201 194
1.070000 0.145000 2.077000 195 192 173
1.073000 0.145000 2.080000 193 190 171
0.869000 0.141000 2.085000 194 192 179
0.823000 0.136000 2.020000 170 170 158
0.838000 0.139000 2.068000 203 202 197
0.909000 0.141000 2.078000 208 204 201
0.921000 0.140000 2.067000 203 200 195
0.967000 0.141000 2.071000 212 209 204
0.890000 0.138000 2.047000 187 184 179
0.895000 0.138000 2.043000 209 205 202
0.946000 0.143000 2.098000 211 208 201
0.803000 0.135000 2.018000 218 219 214
0.889000 0.138000 2.036000 201 202 194
0.864000 0.138000 2.044000 197 194 189
0.870000 0.141000 2.083000 194 192 180
0.860000 0.137000 2.033000 190 189 184
0.830000 0.138000 2.053000 176 175 171
0.971000 0.056000 1.934000 189 186 181
0.951000 0.063000 1.945000 188 184 183
0.958000 0.069000 1.948000 186 182 183
0.959000 0.060000 1.941000 203 199 198
1.019000 0.114000 1.960000 199 195 192
0.959000 0.056000 1.939000 204 201 196
0.999000 0.089000 1.949000 191 188 183
0.982000 0.085000 1.951000 203 199 198
1.061000 0.164000 1.993000 204 197 191
1.077000 0.124000 1.957000 188 189 183
1.124000 0.156000 1.978000 211 210 206
1.069000 0.133000 1.966000 175 171 160
1.060000 0.130000 1.964000 177 170 160
1.062000 0.137000 1.970000 176 169 159
1.053000 0.146000 1.979000 193 188 184
1.123000 0.153000 1.975000 207 208 203
1.090000 0.142000 1.970000 192 192 182
1.031000 0.161000 2.007000 187 186 184
1.097000 0.157000 2.045000 191 186 166
1.090000 0.152000 2.060000 154 148 126
1.085000 0.166000 2.007000 176 173 166
1.091000 0.148000 2.072000 217 214 199
1.081000 0.168000 1.999000 182 179 174
1.130000 0.168000 2.016000 217 217 209
1.046000 0.164000 1.999000 180 172 169
1.071000 0.150000 2.058000 184 176 155
0.690000 0.044000 2.188000 206 199 189
0.686000 0.047000 2.165000 207 203 192
0.749000 0.055000 2.157000 188 179 172
0.739000 0.049000 2.192000 201 190 184
0.743000 0.053000 2.164000 197 188 181
0.666000 0.042000 2.182000 205 201 190
0.589000 0.034000 2.176000 204 199 193
0.616000 0.038000 2.168000 207 202 196
0.747000 0.049000 2.204000 175 166 159
0.743000 0.050000 2.191000 187 178 171
0.664000 0.040000 2.196000 207 201 187
0.751000 0.056000 2.148000 185 174 170
0.693000 0.048000 2.158000 209 205 193
0.751000 0.049000 2.201000 174 165 158
0.573000 0.030000 2.209000 196 185 167
0.644000 0.083000 2.007000 210 206 203
0.744000 0.118000 1.992000 214 216 213
0.597000 0.043000 1.948000 200 196 187
0.732000 0.120000 2.009000 219 211 208
0.613000 0.057000 1.968000 204 199 193
0.707000 0.110000 2.010000 211 211 211
0.680000 0.103000 2.019000 208 210 209
0.666000 0.081000 1.975000 211 208 203
0.703000 0.102000 1.993000 212 211 209
0.717000 0.113000 2.008000 211 213 212
0.611000 0.046000 1.941000 204 197 189
0.701000 0.101000 1.991000 212 211 209
0.597000 0.041000 1.943000 201 197 188
0.746000 0.122000 2.000000 211 215 216
0.664000 0.083000 1.984000 208 207 203
0.646000 0.082000 2.001000 208 204 201
0.671000 0.094000 2.006000 210 209 205
0.676000 0.026000 1.922000 206 205 203
0.636000 0.036000 1.931000 205 201 192
0.735000 0.109000 1.982000 212 213 208
0.612000 0.029000 1.926000 206 199 193
0.683000 0.047000 1.937000 210 206 203
0.719000 0.046000 1.936000 222 219 226
0.694000 0.064000 1.950000 214 211 206
0.700000 0.074000 1.957000 216 213 206
0.599000 0.038000 1.933000 204 197 189
0.757000 0.117000 1.987000 214 216 211
0.676000 0.051000 1.941000 211 207 204
0.719000 0.039000 1.919000 199 198 206
0.766000 0.102000 1.930000 212 207 213
0.758000 0.095000 1.938000 216 209 216
0.729000 0.058000 1.937000 224 219 226
0.751000 0.079000 1.917000 219 216 223
0.745000 0.082000 1.952000 221 215 219
0.806000 0.099000 1.918000 188 183 189
0.829000 0.095000 1.957000 192 189 184
0.868000 0.069000 1.937000 204 200 199
0.837000 0.093000 1.965000 191 188 181
0.819000 0.095000 1.932000 205 199 199
0.880000 0.064000 1.941000 199 195 196
0.806000 0.105000 1.945000 181 175 179
0.791000 0.111000 1.934000 223 218 224
1.615000 0.154000 2.139000 199 187 171
1.617000 0.145000 2.139000 199 191 170
1.624000 0.125000 2.152000 194 188 166
1.595000 0.151000 2.052000 205 201 174
1.576000 0.171000 2.014000 200 192 179
1.590000 0.183000 2.088000 216 207 198
1.573000 0.178000 2.015000 199 190 175
1.608000 0.147000 2.094000 199 191 172
1.590000 0.155000 2.040000 199 191 168
1.605000 0.167000 2.117000 199 192 176
1.582000 0.159000 2.019000 231 224 208
1.609000 0.153000 2.111000 197 190 172
1.603000 0.154000 2.090000 201 194 176
0.283000 0.189000 2.119000 162 153 136
0.280000 0.189000 2.193000 164 159 140
0.273000 0.167000 2.152000 161 151 139
0.280000 0.184000 2.141000 158 150 129
0.266000 0.152000 2.173000 94 88 74
0.281000 0.187000 2.155000 164 151 134
0.281000 0.191000 2.196000 167 162 142
0.283000 0.188000 2.110000 157 148 133
0.281000 0.190000 2.190000 163 158 139
0.269000 0.159000 2.169000 84 81 64
0.275000 0.173000 2.164000 162 150 136
0.862000 0.137000 2.139000 198 189 180
1.125000 0.132000 2.150000 225 224 219
1.122000 0.107000 2.153000 210 206 197
1.131000 0.140000 2.108000 224 221 214
1.098000 0.185000 2.135000 200 191 176
1.103000 0.177000 2.148000 200 194 180
1.125000 0.149000 2.122000 226 227 221
1.103000 0.177000 2.156000 202 194 181
1.107000 0.169000 2.173000 185 181 169
1.141000 0.138000 2.096000 221 217 206
1.136000 0.166000 2.096000 224 225 220
1.150000 0.162000 2.088000 227 224 217
1.111000 0.188000 2.088000 198 191 172
1.139000 0.178000 2.013000 214 214 204
1.153000 0.162000 2.076000 219 215 206
1.180000 0.146000 2.054000 210 202 189
1.156000 0.167000 2.007000 222 219 212
1.150000 0.167000 2.042000 222 216 202
1.157000 0.160000 2.068000 211 207 196
1.153000 0.168000 2.015000 220 219 215
1.192000 0.184000 1.998000 212 209 194
1.198000 0.193000 1.989000 210 207 192
1.198000 0.143000 2.053000 210 203 187
1.164000 0.166000 2.010000 219 216 207
1.225000 0.198000 1.991000 210 203 185
1.225000 0.171000 2.027000 186 178 165
1.182000 0.177000 2.004000 215 212 197
1.192000 0.145000 2.049000 204 197 181
0.861000 0.140000 2.179000 208 202 190
0.860000 0.139000 2.150000 207 201 189
1.612000 0.162000 2.032000 180 175 145
1.623000 0.154000 2.057000 157 150 134
1.617000 0.161000 2.038000 187 182 152
1.596000 0.159000 2.028000 195 187 166
1.631000 0.143000 2.087000 197 190 174
1.624000 0.168000 2.029000 190 183 155
1.616000 0.176000 1.988000 193 186 168
1.621000 0.176000 1.985000 193 186 167
1.608000 0.171000 2.008000 199 190 173
1.635000 0.180000 1.967000 196 188 169
1.624000 0.179000 1.973000 192 185 166
1.664000 0.165000 2.058000 211 206 187
1.582000 0.178000 1.967000 200 190 163
1.650000 0.174000 2.004000 197 190 171
0.270000 0.188000 2.400000 147 142 122
0.236000 0.163000 2.430000 160 155 136
0.265000 0.175000 2.466000 146 141 121
0.295000 0.191000 2.395000 129 123 101
0.298000 0.191000 2.398000 130 124 102
0.320000 0.188000 2.422000 104 99 80
0.316000 0.184000 2.449000 107 100 82
0.303000 0.185000 2.435000 106 98 85
0.273000 0.182000 2.448000 143 136 117
0.281000 0.179000 2.467000 124 117 98
0.342000 0.181000 2.485000 103 96 78
0.410000 0.193000 2.544000 109 106 89
0.377000 0.189000 2.532000 132 128 101
0.317000 0.179000 2.487000 98 91 75
0.455000 0.204000 2.611000 91 87 75
0.362000 0.188000 2.536000 95 90 68
0.378000 0.191000 2.552000 114 108 84
0.408000 0.195000 2.568000 115 112 95
0.327000 0.181000 2.504000 98 91 75
0.409000 0.192000 2.532000 111 104 88
0.435000 0.204000 2.637000 111 107 96
0.328000 0.180000 2.496000 98 91 75
0.426000 0.198000 2.580000 102 96 82
0.364000 0.191000 2.564000 92 87 68
0.392000 0.190000 2.531000 129 122 103
0.367000 0.185000 2.510000 123 116 97
0.421000 0.195000 2.558000 101 94 84
0.312000 0.181000 2.516000 99 92 76
0.456000 0.207000 2.638000 121 119 106
0.297000 0.177000 2.485000 105 98 80
0.378000 0.193000 2.576000 92 90 69
0.396000 0.195000 2.577000 128 126 105
0.527000 0.212000 2.749000 98 96 84
0.491000 0.209000 2.710000 79 76 69
0.449000 0.206000 2.661000 70 68 56
1.867000 1.664000 3.197000 115 114 109
1.881000 1.683000 2.950000 181 178 171
1.870000 1.674000 3.114000 121 76 55
1.866000 1.676000 3.174000 121 111 101
1.876000 1.671000 3.034000 168 163 159
1.869000 1.668000 3.144000 161 142 128
1.869000 1.663000 3.156000 144 137 131
1.871000 1.684000 3.089000 176 168 166
1.869000 1.674000 3.135000 107 75 54
1.873000 1.687000 3.052000 146 141 138
1.870000 1.679000 3.110000 115 83 70
1.880000 1.672000 2.985000 176 172 171
1.870000 1.666000 3.135000 171 152 138
1.890000 1.645000 2.486000 192 185 167
1.861000 1.723000 3.001000 174 171 166
1.868000 1.722000 3.006000 174 171 166
1.861000 1.711000 3.110000 147 139 136
1.867000 1.728000 2.955000 177 177 169
1.877000 1.708000 2.956000 177 176 171
1.869000 1.694000 3.090000 155 147 145
1.879000 1.693000 2.955000 179 176 169
1.867000 1.690000 3.133000 107 69 46
1.872000 1.716000 3.016000 174 171 166
1.865000 1.709000 3.118000 146 138 136
1.878000 1.717000 2.931000 179 180 174
1.878000 1.724000 2.916000 183 180 175
1.872000 1.700000 3.041000 160 155 159
1.862000 1.699000 3.182000 107 71 49
1.882000 0.052000 2.293000 151 136 115
1.884000 0.049000 2.233000 161 145 122
1.882000 0.055000 2.300000 150 137 118
1.884000 0.086000 2.179000 184 169 162
1.882000 0.078000 2.251000 162 150 134
1.881000 0.073000 2.285000 155 140 121
1.881000 0.059000 2.316000 151 140 120
1.880000 0.057000 2.330000 153 141 125
1.883000 0.079000 2.226000 168 156 144
1.884000 0.059000 2.202000 166 152 141
1.882000 0.078000 2.246000 164 152 136
1.882000 0.214000 2.187000 203 196 180
1.879000 0.287000 2.255000 195 187 174
1.881000 0.306000 2.185000 202 194 181
1.881000 0.312000 2.147000 207 197 185
1.881000 0.212000 2.212000 200 194 180
1.880000 0.266000 2.220000 200 190 180
1.878000 0.271000 2.313000 188 181 165
1.882000 0.314000 2.138000 207 199 188
1.877000 0.278000 2.327000 188 180 167
1.881000 0.300000 2.188000 201 194 178
1.882000 0.311000 2.133000 208 200 189
1.878000 0.264000 2.295000 189 182 166
1.879000 0.295000 2.239000 194 187 171
1.881000 0.267000 2.205000 202 192 180
1.883000 0.188000 2.165000 206 197 188
1.883000 0.170000 2.169000 203 194 185
1.882000 0.263000 2.149000 207 198 183
1.882000 0.276000 2.159000 208 199 184
1.883000 0.209000 2.155000 207 199 186
1.880000 0.288000 2.196000 201 193 180
1.881000 0.290000 2.174000 207 197 185
1.878000 0.261000 2.307000 189 182 166
1.880000 0.263000 2.219000 201 191 181
1.882000 0.218000 2.162000 205 198 182
1.883000 0.207000 2.155000 207 199 186
1.880000 0.271000 2.225000 198 188 176
1.880000 0.251000 2.252000 195 186 171
1.883000 0.646000 2.214000 194 194 184
1.890000 0.965000 2.233000 195 192 187
1.885000 0.708000 2.247000 191 189 176
1.886000 0.746000 2.263000 191 189 177
1.883000 0.710000 2.200000 164 166 163
1.892000 0.932000 2.318000 193 190 185
1.884000 0.636000 2.246000 193 193 185
1.887000 0.713000 2.329000 190 187 178
1.893000 1.052000 2.278000 194 190 181
1.882000 0.578000 2.244000 191 189 176
1.894000 1.050000 2.326000 193 188 182
1.892000 0.949000 2.324000 192 189 184
1.887000 0.823000 2.246000 191 191 181
1.892000 1.004000 2.278000 194 191 186
1.882000 0.574000 2.244000 192 190 177
1.883000 0.590000 2.266000 190 188 175
1.887000 0.701000 2.331000 189 186 177
1.882000 0.626000 2.206000 162 162 154
1.887000 0.778000 2.287000 192 189 180
1.884000 0.656000 2.250000 193 193 183
1.884000 0.693000 2.228000 195 191 182
1.882000 0.614000 2.223000 193 191 178
1.886000 0.823000 2.227000 191 191 179
1.893000 1.061000 2.273000 194 190 181
1.883000 0.660000 2.205000 164 164 156
1.886000 0.763000 2.250000 192 190 175
1.892000 0.960000 2.294000 194 191 186
1.885000 0.742000 2.222000 190 190 180
1.885000 0.643000 2.302000 192 189 180
1.884000 0.695000 2.230000 197 195 183
1.891000 0.903000 2.318000 192 189 184
1.885000 0.613000 2.310000 188 185 176
1.889000 0.933000 2.233000 196 195 190
1.894000 1.083000 2.286000 190 190 180
1.888000 0.717000 2.330000 190 187 178
1.883000 0.647000 2.210000 188 188 180
1.884000 0.735000 2.210000 176 177 171
1.885000 0.772000 2.207000 164 164 162
1.886000 0.735000 2.267000 191 188 179
1.890000 0.973000 2.243000 194 191 186
1.890000 0.951000 2.241000 193 190 183
1.891000 0.965000 2.278000 195 192 187
1.890000 0.896000 2.281000 191 188 183
1.894000 1.137000 2.258000 192 189 180
1.887000 0.778000 2.285000 192 189 180
1.883000 0.643000 2.226000 195 195 185
1.885000 0.734000 2.228000 193 191 179
1.882000 0.588000 2.235000 191 189 177
1.882000 0.602000 2.221000 193 191 179
1.890000 0.924000 2.246000 194 191 186
1.886000 0.658000 2.296000 192 188 177
1.885000 0.749000 2.230000 192 190 177
1.883000 0.590000 2.268000 190 188 176
1.890000 0.871000 2.316000 191 188 183
1.892000 1.019000 2.265000 194 190 187
1.886000 0.779000 2.256000 189 189 177
1.887000 0.783000 2.290000 191 188 179
1.889000 0.872000 2.289000 192 189 184
1.884000 0.628000 2.277000 193 193 183
1.895000 1.096000 2.310000 194 189 183
1.893000 1.015000 2.295000 194 191 184
1.887000 0.690000 2.311000 190 187 178
1.886000 0.767000 2.257000 191 189 176
1.885000 0.797000 2.217000 193 194 180
1.886000 0.662000 2.295000 192 188 177
1.883000 0.594000 2.243000 190 188 175
1.894000 1.131000 2.281000 192 189 180
1.886000 0.829000 2.224000 191 191 181
1.884000 0.689000 2.241000 193 193 183
1.886000 0.682000 2.303000 189 187 175
1.889000 0.849000 2.287000 194 191 184
1.882000 0.600000 2.228000 192 190 178
1.893000 1.105000 2.254000 192 189 180
1.891000 0.939000 2.279000 194 191 186
1.885000 0.717000 2.250000 191 189 176
1.888000 0.834000 2.275000 192 189 180
1.886000 0.853000 2.219000 191 192 184
1.892000 1.020000 2.278000 194 191 184
1.893000 1.084000 2.265000 193 189 180
1.889000 0.862000 2.308000 191 188 183
1.891000 0.989000 2.268000 195 192 187
1.892000 1.037000 2.249000 194 191 186
1.884000 0.615000 2.268000 189 185 174
1.892000 0.970000 2.310000 193 190 185
1.886000 0.693000 2.288000 188 188 178
1.886000 0.798000 2.245000 190 190 178
1.893000 1.023000 2.308000 193 190 181
1.893000 1.003000 2.326000 192 189 184
1.893000 1.092000 2.251000 191 188 179
1.894000 1.069000 2.300000 193 189 178
1.884000 0.709000 2.214000 198 198 190
1.894000 1.119000 2.282000 192 189 180
1.891000 1.141000 2.251000 192 189 180
1.886000 1.025000 2.226000 193 190 183
1.889000 1.122000 2.245000 192 189 180
1.889000 1.009000 2.230000 194 189 183
1.891000 1.053000 2.240000 193 190 181
1.885000 0.965000 2.216000 196 195 191
1.887000 1.023000 2.227000 193 190 183
1.883000 1.159000 2.235000 194 192 180
1.880000 0.908000 2.200000 168 169 173
1.887000 1.136000 2.241000 192 190 178
1.883000 0.164000 2.175000 200 191 182
1.880000 0.126000 2.290000 165 156 141
1.883000 0.111000 2.195000 182 172 160
1.880000 0.118000 2.294000 165 153 139
1.879000 0.191000 2.296000 187 181 167
1.880000 0.202000 2.258000 192 187 167
1.883000 0.163000 2.171000 199 190 181
1.884000 0.121000 2.164000 185 175 163
1.881000 0.196000 2.236000 196 189 173
1.881000 0.157000 2.244000 182 179 164
1.881000 0.140000 2.248000 176 168 157
1.882000 0.088000 2.230000 170 158 146
1.879000 0.183000 2.299000 186 178 167
1.879000 0.179000 2.308000 185 177 164
1.882000 0.156000 2.220000 190 182 171
1.881000 0.106000 2.266000 169 157 141
1.878000 0.245000 2.322000 188 180 167
1.882000 0.153000 2.213000 191 181 171
1.881000 0.184000 2.227000 198 192 178
1.878000 0.240000 2.311000 188 181 165
1.881000 0.123000 2.276000 166 159 143
1.882000 0.159000 2.212000 193 185 174
1.880000 0.122000 2.294000 166 154 140
1.882000 0.151000 2.195000 191 183 172
1.878000 0.226000 2.329000 187 180 162
1.883000 0.138000 2.168000 188 180 169
1.878000 0.187000 2.330000 183 176 158
1.880000 0.129000 2.308000 163 153 141
1.880000 0.157000 2.282000 176 170 158
1.882000 0.120000 2.229000 179 166 157
1.881000 0.152000 2.258000 176 173 158
1.880000 0.106000 2.329000 156 147 132
1.882000 0.177000 2.192000 201 193 182
1.880000 0.177000 2.261000 189 183 171
1.883000 0.123000 2.170000 186 176 164
1.880000 0.184000 2.287000 189 181 168
1.881000 0.122000 2.246000 173 166 150
1.882000 0.117000 2.247000 173 164 149
1.882000 0.174000 2.200000 199 191 178
1.882000 0.121000 2.230000 179 166 157
1.894000 1.129000 2.287000 192 189 180
1.894000 1.147000 2.294000 192 189 180
1.882000 0.553000 2.232000 190 190 178
1.885000 0.557000 2.318000 187 185 173
1.882000 0.511000 2.244000 191 189 177
1.883000 0.561000 2.259000 190 188 176
1.884000 0.560000 2.298000 189 187 175
1.883000 0.567000 2.262000 190 188 176
1.882000 0.547000 2.248000 192 190 178
1.883000 0.529000 2.264000 191 189 177
1.882000 0.560000 2.231000 194 192 179
1.884000 0.588000 2.298000 188 186 174
1.883000 0.500000 2.293000 188 186 174
1.884000 0.529000 2.304000 189 187 174
1.881000 0.522000 2.227000 192 190 178
1.884000 0.534000 2.305000 188 186 173
1.884000 0.579000 2.298000 188 186 174
1.884000 0.546000 2.310000 188 186 174
1.884000 0.492000 2.300000 188 186 174
1.884000 0.517000 2.313000 189 187 174
1.883000 0.577000 2.265000 191 187 176
1.881000 0.553000 2.210000 197 193 182
1.886000 0.575000 2.331000 185 182 173
1.880000 0.546000 2.195000 162 162 152
1.893000 1.189000 2.329000 191 189 177
1.892000 1.211000 2.329000 189 189 177
1.894000 1.153000 2.315000 192 189 180
1.881000 0.445000 2.114000 201 198 183
1.881000 0.455000 2.109000 199 197 182
1.881000 0.438000 2.120000 200 196 184
1.882000 0.398000 2.108000 202 199 182
1.881000 0.415000 2.113000 202 199 184
1.880000 0.449000 2.131000 199 196 181
1.880000 0.461000 2.125000 197 194 179
1.881000 0.406000 2.128000 201 197 186
1.881000 0.438000 2.122000 199 196 181
1.881000 0.395000 2.117000 201 198 183
1.884000 0.464000 2.307000 187 185 173
1.882000 0.409000 2.278000 189 185 173
1.883000 0.395000 2.301000 188 185 170
1.882000 0.442000 2.267000 189 187 175
1.882000 0.475000 2.255000 188 186 174
1.884000 0.476000 2.324000 187 185 173
1.881000 0.509000 2.221000 191 189 176
1.884000 0.441000 2.310000 188 184 173
1.883000 0.412000 2.293000 188 185 170
1.883000 0.390000 2.300000 188 185 170
1.882000 0.427000 2.283000 188 184 172
1.883000 0.384000 2.322000 187 183 171
1.882000 0.450000 2.254000 189 187 175
1.883000 0.428000 2.304000 188 184 173
1.883000 0.369000 2.324000 188 185 170
1.883000 0.457000 2.304000 188 184 173
1.882000 0.419000 2.271000 190 186 174
1.882000 0.479000 2.251000 189 187 175
1.883000 0.433000 2.307000 189 185 174
1.878000 0.303000 2.325000 188 181 165
1.878000 0.392000 2.256000 189 187 175
1.880000 0.381000 2.282000 189 185 174
1.881000 0.447000 2.233000 191 189 177
1.879000 0.424000 2.237000 192 188 177
1.880000 0.383000 2.282000 189 185 174
1.880000 0.445000 2.225000 192 190 177
1.880000 0.410000 2.260000 189 187 175
1.877000 0.292000 2.325000 188 181 165
1.879000 0.389000 2.190000 201 195 179
1.877000 0.289000 2.319000 188 181 165
1.881000 0.352000 2.147000 206 198 185
1.879000 0.337000 2.231000 196 188 175
1.880000 0.355000 2.187000 200 194 178
1.880000 0.440000 2.152000 199 193 181
1.879000 0.355000 2.206000 200 192 179
1.879000 0.443000 2.189000 194 195 179
1.881000 0.338000 2.135000 206 200 188
1.879000 0.385000 2.194000 201 195 179
1.878000 0.294000 2.276000 191 181 169
1.879000 0.479000 2.163000 195 191 179
1.880000 0.392000 2.141000 199 195 184
1.880000 0.392000 2.157000 201 195 181
1.879000 0.407000 2.171000 200 197 182
1.877000 0.301000 2.315000 188 181 165
1.880000 0.401000 2.172000 202 196 182
1.880000 0.410000 2.159000 198 195 180
1.879000 0.406000 2.176000 200 197 182
1.879000 0.428000 2.164000 197 195 182
1.878000 0.407000 2.232000 192 190 177
1.879000 0.397000 2.198000 197 194 177
1.878000 1.267000 2.268000 193 191 178
1.889000 1.426000 2.269000 194 192 177
1.887000 1.415000 2.264000 195 193 178
1.871000 1.398000 2.220000 198 196 181
1.882000 1.386000 2.256000 193 192 174
1.877000 1.367000 2.246000 195 194 176
1.875000 1.428000 2.226000 196 195 177
1.872000 1.368000 2.229000 196 195 177
1.883000 1.354000 2.265000 194 193 175
1.883000 1.389000 2.257000 194 192 177
1.880000 1.419000 2.243000 197 196 178
1.878000 1.415000 2.238000 197 196 178
1.885000 1.383000 2.266000 194 193 175
1.890000 1.362000 2.324000 190 188 173
1.891000 1.437000 2.289000 193 191 176
1.891000 1.407000 2.307000 192 191 173
1.883000 1.281000 2.283000 192 190 177
1.887000 1.334000 2.314000 191 189 174
1.890000 1.368000 2.327000 191 189 174
1.885000 1.300000 2.310000 191 189 176
1.889000 1.381000 2.302000 193 190 175
1.891000 1.453000 2.274000 196 195 177
1.892000 1.427000 2.321000 191 190 172
1.891000 1.504000 2.319000 196 191 171
1.891000 1.476000 2.327000 192 191 171
1.891000 1.478000 2.313000 194 193 173
1.880000 0.056000 2.343000 155 143 129
1.880000 0.050000 2.340000 154 142 128
1.893000 0.330000 3.017000 187 185 188
1.889000 0.130000 3.187000 119 123 124
1.892000 0.263000 3.066000 185 181 180
1.892000 0.301000 3.029000 184 182 183
1.891000 0.247000 3.092000 182 181 177
1.890000 0.181000 3.145000 123 128 131
1.894000 0.356000 2.973000 192 187 193
1.889000 0.163000 2.763000 187 184 179
1.894000 0.373000 2.949000 191 188 195
1.895000 0.438000 2.889000 195 190 196
1.890000 0.177000 2.915000 179 178 176
1.888000 0.110000 2.833000 169 164 161
1.889000 0.156000 2.775000 184 181 176
1.888000 0.095000 3.130000 127 123 122
1.890000 0.232000 2.808000 193 189 188
1.894000 0.404000 2.876000 194 192 197
1.889000 0.151000 2.794000 181 178 173
1.887000 0.069000 2.999000 130 127 122
1.890000 0.189000 2.932000 181 180 178
1.889000 0.130000 3.142000 128 123 120
1.889000 0.109000 3.088000 127 123 120
1.888000 0.102000 2.914000 157 157 155
1.895000 0.414000 2.918000 193 191 196
1.889000 0.142000 2.921000 163 163 161
1.888000 0.132000 2.831000 171 168 163
1.888000 0.097000 3.165000 128 126 127
1.891000 0.262000 2.906000 187 185 188
1.888000 0.090000 3.054000 131 128 123
1.894000 0.408000 2.887000 194 192 197
1.889000 0.111000 3.067000 133 129 126
1.888000 0.108000 3.059000 133 130 125
1.888000 0.109000 3.061000 134 131 126
1.892000 0.321000 2.842000 191 190 195
1.888000 0.083000 3.019000 133 129 126
1.890000 0.172000 2.947000 178 177 175
1.890000 0.200000 2.949000 182 182 180
1.892000 0.275000 2.966000 187 185 186
1.891000 0.202000 3.099000 78 78 80
1.890000 0.207000 2.925000 181 181 181
1.891000 0.243000 3.057000 183 177 179
1.890000 0.202000 2.919000 183 181 182
1.891000 0.227000 2.871000 186 185 183
1.891000 0.208000 3.065000 186 182 179
1.888000 0.120000 2.975000 153 153 151
1.888000 0.099000 2.808000 170 167 162
1.889000 0.149000 2.791000 179 175 172
1.889000 0.129000 3.024000 139 136 131
1.892000 0.253000 3.056000 179 179 179
1.888000 0.073000 3.154000 129 125 124
1.888000 0.082000 3.180000 125 123 126
1.888000 0.102000 2.800000 170 167 162
1.887000 0.075000 2.790000 168 166 167
1.887000 0.065000 2.835000 170 167 162
1.890000 0.186000 2.938000 180 180 178
1.888000 0.120000 2.917000 160 159 157
1.888000 0.089000 3.097000 126 123 118
1.888000 0.125000 2.802000 171 167 164
1.889000 0.158000 3.042000 155 151 150
1.887000 0.070000 2.866000 168 164 163
1.891000 0.218000 3.055000 183 179 176
1.893000 0.361000 2.908000 192 192 194
1.894000 0.380000 2.918000 192 190 193
1.892000 0.296000 2.918000 190 185 189
1.889000 0.112000 3.129000 123 119 116
1.887000 0.081000 2.899000 161 160 158
1.888000 0.076000 3.134000 127 126 124
1.890000 0.187000 2.913000 181 180 178
1.889000 0.163000 2.991000 171 171 169
1.890000 0.207000 3.025000 178 176 177
1.888000 0.066000 3.039000 127 124 119
1.890000 0.202000 2.990000 182 181 179
1.890000 0.177000 2.943000 179 178 176
1.893000 0.356000 2.839000 192 191 197
1.890000 0.165000 3.126000 151 143 141
1.893000 0.331000 2.981000 188 186 191
1.891000 0.217000 2.960000 183 182 180
1.894000 0.374000 2.868000 191 190 196
1.891000 0.261000 2.874000 189 189 191
1.889000 0.161000 2.990000 171 171 169
1.888000 0.084000 3.094000 125 122 115
1.888000 0.105000 3.071000 132 129 124
1.888000 0.091000 3.187000 124 124 126
1.888000 0.106000 2.782000 168 167 165
1.892000 0.275000 3.013000 185 184 182
1.888000 0.055000 3.141000 128 124 123
1.888000 0.136000 2.833000 173 170 165
1.890000 0.227000 2.841000 187 187 185
1.887000 0.060000 2.807000 169 168 166
1.890000 0.166000 3.125000 151 143 141
1.892000 0.312000 2.933000 189 187 188
1.891000 0.248000 2.927000 184 184 186
1.892000 0.289000 2.983000 187 185 186
1.893000 0.338000 2.834000 191 192 196
1.890000 0.208000 2.804000 193 189 186
1.895000 0.416000 2.865000 195 195 197
1.894000 0.395000 2.840000 195 194 200
1.889000 0.133000 2.961000 160 160 158
1.889000 0.183000 2.781000 190 189 184
1.888000 0.084000 3.111000 125 121 120
1.887000 0.062000 3.005000 131 128 123
1.888000 0.099000 2.910000 157 157 155
1.890000 0.193000 2.820000 192 187 184
1.889000 0.148000 2.898000 169 168 166
1.892000 0.313000 2.855000 190 189 194
1.891000 0.233000 3.014000 182 181 179
1.889000 0.143000 2.825000 176 173 168
1.889000 0.140000 2.812000 177 174 167
1.890000 0.151000 3.138000 132 127 124
1.892000 0.307000 2.849000 190 190 192
1.892000 0.310000 2.814000 191 192 194
1.889000 0.141000 2.824000 174 171 166
1.890000 0.197000 3.009000 181 177 176
1.889000 0.151000 2.902000 170 169 167
1.893000 0.333000 2.919000 189 187 188
1.887000 0.057000 3.065000 121 118 111
1.888000 0.139000 2.750000 176 173 168
1.887000 0.088000 2.740000 168 165 160
1.893000 0.320000 2.889000 191 189 194
1.893000 0.348000 2.938000 193 188 194
1.889000 0.104000 3.158000 126 125 123
1.888000 0.086000 3.087000 126 123 116
1.888000 0.053000 3.199000 137 135 138
1.890000 0.152000 3.127000 132 129 124
1.888000 0.096000 2.786000 168 167 165
1.889000 0.106000 3.140000 125 121 120
1.888000 0.063000 3.075000 120 120 112
1.888000 0.116000 2.866000 165 161 160
1.887000 0.058000 2.776000 167 166 164
1.887000 0.078000 2.814000 171 168 163
1.894000 0.360000 2.974000 192 187 193
1.887000 0.064000 2.846000 171 167 166
1.889000 0.132000 2.989000 157 157 155
1.888000 0.112000 3.012000 134 130 127
1.892000 0.316000 2.816000 190 191 193
1.889000 0.141000 3.120000 130 125 121
1.889000 0.133000 3.126000 126 121 117
1.892000 0.299000 3.011000 189 185 186
1.888000 0.078000 2.991000 130 127 122
1.894000 0.357000 2.967000 192 187 194
1.891000 0.247000 2.846000 187 187 185
1.892000 0.290000 2.917000 191 186 190
1.889000 0.118000 3.120000 134 126 124
1.891000 0.223000 3.016000 180 179 175
1.893000 0.333000 2.961000 189 187 190
1.895000 0.422000 2.854000 195 193 198
1.889000 0.167000 2.791000 186 185 180
1.893000 0.348000 2.865000 192 192 194
1.888000 0.105000 2.901000 158 158 156
1.894000 0.372000 2.996000 190 188 191
1.891000 0.237000 3.106000 184 180 177
1.893000 0.330000 3.022000 188 186 189
1.892000 0.290000 3.066000 186 182 181
1.895000 0.428000 2.945000 191 191 193
1.893000 0.319000 3.060000 188 184 185
1.894000 0.387000 2.971000 193 188 192
1.889000 0.143000 3.188000 131 132 137
1.893000 0.317000 3.045000 185 185 185
1.893000 0.323000 3.025000 186 184 187
1.892000 0.300000 3.053000 186 185 183
1.894000 0.363000 3.002000 190 188 191
1.877000 0.130000 2.452000 158 150 139
1.878000 0.224000 2.385000 181 174 156
1.876000 0.171000 2.417000 174 164 152
1.878000 0.243000 2.377000 183 175 162
1.877000 0.244000 2.363000 184 176 163
1.879000 0.162000 2.447000 169 162 146
1.877000 0.181000 2.414000 178 171 153
1.883000 0.260000 2.405000 182 176 162
1.877000 0.157000 2.433000 165 158 142
1.876000 0.062000 2.502000 155 147 134
1.879000 0.144000 2.459000 162 154 141
1.877000 0.173000 2.417000 175 165 153
1.876000 0.105000 2.471000 158 150 139
1.888000 0.498000 2.422000 184 181 172
1.888000 0.494000 2.420000 184 181 172
1.890000 0.539000 2.458000 183 180 171
1.890000 0.555000 2.454000 184 181 172
1.888000 0.586000 2.396000 184 181 172
1.888000 0.508000 2.413000 184 181 172
1.889000 0.581000 2.416000 183 181 169
1.889000 0.597000 2.427000 183 181 169
1.888000 0.592000 2.409000 185 182 173
1.888000 0.506000 2.411000 184 181 172
1.888000 0.504000 2.411000 184 181 172
1.889000 0.523000 2.449000 182 179 170
1.889000 0.583000 2.427000 183 181 169
1.889000 0.587000 2.415000 184 182 170
1.889000 0.542000 2.435000 184 181 172
1.890000 0.207000 2.661000 173 167 151
1.894000 0.546000 2.645000 196 188 175
1.892000 0.261000 2.651000 177 171 155
1.889000 0.176000 2.683000 168 163 144
1.893000 0.332000 2.641000 181 175 161
1.890000 0.158000 2.658000 165 157 146
1.894000 0.371000 2.628000 186 178 165
1.890000 0.121000 2.656000 147 143 134
1.891000 0.170000 2.653000 168 162 148
1.893000 0.291000 2.638000 179 171 158
1.891000 0.195000 2.659000 175 168 150
1.889000 0.176000 2.684000 142 137 118
1.894000 0.443000 2.639000 192 186 172
1.892000 0.318000 2.646000 182 176 162
1.889000 0.099000 2.675000 147 143 131
1.896000 0.671000 2.628000 182 179 172
1.891000 0.157000 2.650000 164 158 146
1.888000 0.142000 2.687000 119 116 99
1.895000 0.511000 2.628000 190 186 174
1.897000 0.676000 2.623000 182 179 172
1.888000 0.166000 2.689000 91 85 69
1.894000 0.409000 2.629000 191 182 167
1.891000 0.260000 2.668000 187 179 158
1.894000 0.457000 2.635000 191 185 171
1.893000 0.404000 2.650000 193 183 173
1.892000 0.360000 2.649000 186 180 168
1.895000 0.443000 2.625000 187 183 172
1.891000 0.180000 2.645000 170 164 148
1.895000 0.552000 2.634000 192 186 174
1.891000 0.208000 2.651000 172 166 150
1.893000 0.430000 2.646000 193 185 172
1.891000 0.150000 2.642000 160 156 147
1.897000 0.673000 2.621000 182 179 172
1.896000 0.569000 2.627000 191 185 173
1.896000 0.545000 2.818000 198 197 205
1.890000 0.251000 2.737000 198 194 191
1.893000 0.360000 2.771000 195 195 197
1.888000 0.180000 2.692000 112 109 90
1.896000 0.508000 2.836000 197 196 204
1.893000 0.387000 2.750000 200 198 201
1.893000 0.397000 2.782000 196 197 202
1.889000 0.230000 2.706000 154 148 136
1.892000 0.435000 2.663000 195 187 174
1.893000 0.346000 2.793000 195 195 197
1.895000 0.556000 2.727000 175 174 170
1.895000 0.597000 2.656000 193 189 180
1.889000 0.199000 2.704000 148 142 126
1.894000 0.496000 2.737000 196 194 195
1.896000 0.563000 2.788000 199 198 206
1.893000 0.437000 2.688000 194 185 170
1.890000 0.273000 2.702000 147 140 124
1.893000 0.430000 2.724000 184 180 177
1.896000 0.630000 2.691000 141 132 123
1.895000 0.450000 2.845000 198 193 200
1.891000 0.332000 2.715000 170 164 152
1.897000 0.672000 2.687000 174 164 154
1.893000 0.393000 2.778000 195 194 200
1.891000 0.330000 2.686000 176 165 147
1.896000 0.544000 2.765000 200 201 206
1.888000 0.154000 2.735000 183 180 175
1.894000 0.449000 2.784000 197 196 204
1.892000 0.387000 2.670000 197 186 166
1.896000 0.568000 2.728000 170 166 163
1.892000 0.347000 2.743000 200 199 197
1.893000 0.424000 2.738000 200 200 200
1.894000 0.500000 2.713000 169 162 152
1.895000 0.593000 2.675000 198 191 175
1.895000 0.597000 2.675000 197 189 176
1.890000 0.290000 2.688000 167 159 136
1.896000 0.596000 2.707000 126 122 110
1.892000 0.317000 2.773000 195 195 195
1.891000 0.326000 2.691000 136 125 107
1.895000 0.578000 2.663000 195 189 177
1.894000 0.510000 2.684000 204 196 177
1.892000 0.327000 2.750000 200 198 199
1.894000 0.535000 2.663000 197 189 176
1.888000 0.172000 2.697000 131 128 113
1.891000 0.347000 2.706000 166 157 142
1.891000 0.319000 2.680000 194 186 165
1.895000 0.432000 2.832000 195 194 202
1.895000 0.483000 2.767000 199 198 206
1.891000 0.263000 2.769000 196 194 195
1.893000 0.406000 2.773000 197 198 203
1.894000 0.547000 2.666000 196 188 175
1.891000 0.292000 2.733000 198 197 193
1.893000 0.460000 2.695000 110 101 84
1.889000 0.163000 2.740000 188 183 179
1.892000 0.415000 2.680000 203 192 172
1.896000 0.651000 2.637000 179 179 171
1.887000 0.093000 2.722000 145 142 135
1.896000 0.620000 2.716000 150 150 152
1.896000 0.603000 2.688000 210 199 177
1.891000 0.321000 2.712000 164 158 146
1.896000 0.530000 2.813000 197 196 204
1.896000 0.592000 2.724000 162 159 154
1.894000 0.506000 2.654000 194 186 173
1.890000 0.300000 2.688000 146 138 119
1.892000 0.380000 2.732000 197 193 190
1.895000 0.540000 2.721000 162 158 155
1.896000 0.576000 2.725000 166 163 158
1.894000 0.405000 2.802000 195 194 202
1.892000 0.367000 2.728000 193 188 185
1.895000 0.611000 2.656000 196 189 179
1.892000 0.349000 2.722000 187 180 170
1.893000 0.409000 2.710000 167 159 156
1.896000 0.622000 2.658000 183 179 170
1.893000 0.421000 2.726000 180 176 173
1.890000 0.235000 2.733000 196 192 189
1.893000 0.332000 2.813000 191 192 194
1.895000 0.538000 2.714000 166 163 156
1.896000 0.481000 2.844000 197 194 201
1.891000 0.343000 2.708000 167 160 144
1.891000 0.289000 2.717000 176 169 159
1.892000 0.336000 2.727000 194 187 181
1.897000 0.638000 2.708000 135 134 130
1.888000 0.143000 2.702000 139 133 119
1.897000 0.662000 2.690000 170 160 150
1.893000 0.463000 2.689000 184 176 157
1.895000 0.466000 2.814000 197 196 201
1.894000 0.431000 2.777000 196 195 203
1.894000 0.524000 2.675000 203 194 177
1.895000 0.555000 2.710000 166 163 154
1.894000 0.483000 2.707000 170 163 153
1.895000 0.492000 2.807000 198 197 203
1.891000 0.361000 2.673000 194 181 164
1.891000 0.352000 2.691000 170 159 139
1.895000 0.460000 2.852000 197 194 201
1.897000 0.700000 2.647000 183 179 176
1.893000 0.377000 2.823000 194 193 201
1.895000 0.545000 2.675000 197 187 175
1.890000 0.205000 2.755000 193 192 190
1.894000 0.402000 2.824000 195 194 200
1.894000 0.847000 2.450000 187 184 177
1.895000 0.852000 2.489000 186 183 174
1.888000 0.661000 2.372000 188 185 176
1.892000 0.858000 2.400000 187 184 179
1.894000 0.947000 2.376000 187 184 177
1.894000 0.939000 2.393000 187 184 179
1.896000 0.928000 2.446000 186 183 176
1.893000 0.841000 2.428000 187 184 175
1.893000 0.712000 2.510000 185 182 173
1.888000 0.638000 2.383000 188 186 174
1.893000 0.778000 2.455000 186 183 174
1.887000 0.645000 2.365000 189 187 175
1.895000 0.861000 2.477000 186 183 176
1.888000 0.651000 2.383000 188 185 176
1.890000 0.741000 2.382000 190 187 178
1.896000 0.751000 2.578000 185 180 174
1.896000 0.742000 2.582000 187 180 174
1.893000 0.729000 2.492000 185 182 173
1.894000 0.906000 2.398000 187 184 179
1.893000 0.822000 2.428000 187 184 175
1.893000 0.942000 2.353000 190 187 182
1.892000 0.772000 2.454000 186 183 174
1.894000 0.799000 2.497000 187 184 175
1.888000 0.743000 2.335000 191 188 179
1.892000 0.890000 2.336000 192 189 184
1.889000 0.674000 2.411000 188 185 176
1.893000 0.793000 2.462000 187 184 177
1.887000 0.653000 2.340000 190 187 178
1.890000 0.798000 2.351000 190 190 180
1.891000 0.751000 2.408000 189 186 177
1.891000 0.849000 2.371000 190 187 180
1.891000 0.841000 2.373000 191 188 181
1.895000 0.724000 2.551000 185 181 172
1.889000 0.721000 2.381000 188 185 176
1.896000 0.741000 2.567000 186 181 175
1.893000 0.853000 2.435000 188 185 178
1.893000 0.828000 2.427000 187 184 175
1.894000 0.724000 2.522000 185 183 171
1.896000 0.754000 2.566000 184 181 174
1.894000 0.995000 2.336000 192 189 184
1.890000 0.758000 2.380000 186 186 174
1.891000 0.804000 2.394000 190 187 180
1.894000 0.938000 2.374000 187 184 177
1.895000 0.960000 2.412000 187 183 180
1.894000 1.051000 2.333000 192 187 181
1.892000 0.897000 2.348000 191 188 183
1.887000 0.659000 2.356000 188 186 174
1.892000 0.786000 2.439000 188 185 176
1.889000 0.668000 2.403000 187 184 175
1.896000 0.907000 2.462000 187 184 179
1.894000 0.741000 2.522000 186 183 174
1.893000 0.740000 2.484000 186 183 174
1.894000 0.786000 2.483000 187 184 177
1.893000 0.850000 2.415000 187 182 178
1.890000 0.728000 2.402000 187 184 175
1.889000 0.738000 2.366000 190 187 178
1.886000 0.628000 2.335000 190 187 178
1.895000 0.932000 2.406000 186 183 178
1.894000 0.826000 2.458000 187 184 175
1.893000 0.987000 2.333000 191 188 183
1.890000 0.697000 2.417000 186 183 174
1.890000 0.786000 2.356000 191 187 176
1.895000 0.726000 2.563000 184 179 173
1.893000 0.743000 2.485000 186 183 174
1.895000 0.824000 2.513000 186 183 176
1.888000 0.732000 2.343000 189 186 177
1.888000 0.656000 2.362000 188 186 174
1.894000 0.985000 2.361000 189 185 182
1.890000 0.733000 2.399000 187 184 175
1.892000 0.729000 2.463000 186 183 174
1.896000 0.781000 2.558000 185 182 177
1.895000 0.844000 2.498000 187 184 177
1.896000 0.914000 2.458000 187 184 179
1.896000 0.733000 2.584000 187 180 174
1.889000 0.758000 2.361000 190 187 178
1.894000 0.882000 2.454000 188 184 181
1.889000 0.731000 2.370000 190 187 178
1.895000 1.063000 2.334000 192 187 181
1.894000 0.867000 2.460000 186 183 178
1.895000 0.917000 2.411000 187 184 177
1.893000 0.834000 2.446000 187 184 175
1.894000 0.706000 2.528000 185 182 173
1.894000 1.013000 2.349000 192 187 184
1.893000 0.878000 2.401000 188 183 179
1.895000 0.894000 2.456000 187 184 179
1.893000 0.741000 2.473000 185 182 173
1.896000 0.764000 2.570000 185 182 175
1.893000 0.902000 2.381000 187 184 179
1.890000 0.689000 2.411000 186 186 176
1.894000 1.010000 2.334000 192 189 184
1.887000 0.682000 2.345000 189 186 177
1.891000 0.703000 2.443000 188 186 174
1.890000 0.735000 2.401000 188 185 176
1.895000 0.740000 2.550000 185 180 174
1.887000 0.657000 2.348000 188 186 174
1.893000 0.911000 2.385000 188 185 180
1.892000 0.812000 2.407000 189 186 179
1.894000 0.888000 2.451000 188 185 180
1.893000 0.739000 2.496000 186 183 174
1.891000 0.880000 2.361000 190 187 182
1.891000 0.823000 2.379000 190 187 180
1.893000 0.866000 2.431000 188 183 179
1.890000 0.679000 2.425000 187 184 175
1.894000 0.771000 2.517000 185 182 173
1.894000 0.872000 2.462000 186 183 178
1.887000 0.322000 2.449000 183 175 162
1.893000 0.289000 2.607000 177 171 159
1.887000 0.311000 2.432000 180 177 162
1.892000 0.378000 2.549000 179 173 161
1.892000 0.269000 2.583000 176 172 160
1.890000 0.230000 2.539000 177 171 157
1.890000 0.156000 2.551000 169 163 151
1.891000 0.266000 2.551000 179 173 161
1.891000 0.130000 2.605000 157 150 140
1.887000 0.234000 2.469000 179 173 161
1.890000 0.242000 2.555000 177 169 156
1.887000 0.304000 2.440000 179 176 159
1.894000 0.329000 2.619000 179 171 160
1.893000 0.294000 2.611000 176 170 158
1.891000 0.106000 2.605000 152 145 135
1.890000 0.283000 2.532000 178 172 158
1.893000 0.355000 2.609000 179 171 158
1.891000 0.210000 2.592000 172 169 152
1.889000 0.343000 2.491000 179 175 163
1.891000 0.200000 2.590000 171 168 151
1.891000 0.329000 2.557000 179 173 161
1.889000 0.265000 2.512000 178 172 160
1.891000 0.316000 2.551000 177 171 159
1.891000 0.358000 2.534000 179 173 161
1.889000 0.241000 2.513000 179 173 159
1.890000 0.292000 2.519000 178 172 158
1.892000 0.294000 2.572000 178 171 161
1.893000 0.267000 2.607000 177 171 159
1.890000 0.165000 2.549000 170 164 150
1.892000 0.186000 2.614000 170 167 150
1.887000 0.332000 2.447000 183 175 164
1.890000 0.302000 2.534000 179 173 159
1.889000 0.185000 2.537000 175 169 153
1.892000 0.171000 2.619000 168 165 150
1.890000 0.339000 2.515000 181 173 162
1.892000 0.162000 2.610000 166 163 146
1.888000 0.291000 2.482000 180 174 162
1.886000 0.312000 2.402000 183 177 163
1.886000 0.297000 2.407000 183 177 163
1.891000 0.095000 2.621000 152 145 135
1.884000 0.265000 2.415000 182 176 164
1.884000 0.114000 2.532000 154 146 135
1.881000 0.120000 2.497000 157 151 139
1.882000 0.104000 2.526000 154 148 136
1.878000 0.063000 2.523000 153 147 135
1.887000 0.097000 2.579000 151 144 134
1.885000 0.268000 2.421000 182 176 164
1.884000 0.099000 2.544000 154 146 135
1.879000 0.059000 2.537000 153 146 136
1.886000 0.086000 2.579000 153 147 135
1.885000 0.281000 2.410000 182 176 162
1.880000 0.113000 2.496000 157 151 139
1.885000 0.171000 2.496000 171 168 153
1.880000 0.154000 2.464000 166 159 143
1.887000 0.192000 2.498000 177 171 157
1.885000 0.254000 2.432000 180 174 162
1.880000 0.123000 2.491000 157 151 139
1.887000 0.165000 2.522000 171 165 151
1.889000 0.127000 2.570000 156 149 139
1.885000 0.154000 2.506000 164 158 144
1.882000 0.053000 2.560000 152 146 134
1.877000 0.043000 2.529000 153 145 132
1.882000 0.052000 2.562000 151 145 133
1.878000 0.163000 2.354000 172 165 149
1.876000 0.059000 2.501000 155 147 134
1.876000 0.047000 2.498000 154 147 131
1.877000 0.089000 2.441000 158 150 137
1.878000 0.088000 2.409000 160 152 141
1.877000 0.130000 2.422000 160 152 141
1.877000 0.163000 2.380000 171 165 149
1.877000 0.063000 2.467000 156 150 136
1.877000 0.066000 2.438000 158 150 139
1.878000 0.073000 2.409000 158 150 137
1.877000 0.149000 2.413000 164 156 145
1.877000 0.147000 2.410000 163 155 142
1.877000 0.091000 2.427000 159 151 138
1.877000 0.245000 2.360000 184 176 163
1.879000 0.127000 2.351000 159 150 133
1.878000 0.183000 2.364000 178 171 153
1.879000 0.063000 2.362000 157 147 135
1.877000 0.088000 2.426000 159 150 141
1.878000 0.107000 2.394000 160 152 141
1.877000 0.169000 2.375000 173 167 151
1.877000 0.232000 2.342000 187 180 164
1.876000 0.102000 2.458000 158 150 139
1.878000 0.154000 2.351000 168 160 147
1.877000 0.088000 2.449000 158 150 137
1.877000 0.056000 2.463000 157 151 135
1.878000 0.205000 2.340000 185 178 160
1.877000 0.234000 2.352000 186 179 163
1.880000 0.082000 2.332000 155 143 127
1.879000 0.064000 2.371000 157 147 135
1.876000 0.083000 2.458000 158 150 137
1.878000 0.210000 2.334000 185 178 159
1.877000 0.049000 2.461000 157 151 135
1.878000 0.161000 2.357000 171 164 148
1.895000 1.091000 2.412000 188 184 175
1.895000 1.084000 2.400000 185 182 175
1.895000 1.111000 2.383000 186 182 173
1.895000 1.082000 2.354000 190 186 177
1.896000 1.062000 2.407000 189 184 180
1.896000 0.999000 2.406000 188 182 182
1.896000 0.977000 2.439000 189 183 183
1.895000 1.047000 2.376000 188 183 179
1.896000 1.045000 2.422000 188 183 179
1.895000 1.088000 2.370000 189 185 176
1.895000 1.079000 2.348000 190 186 177
1.896000 0.979000 2.428000 189 184 181
1.895000 1.088000 2.407000 187 183 174
1.895000 1.095000 2.379000 187 183 174
1.896000 0.994000 2.404000 188 183 180
1.895000 1.116000 2.396000 186 182 173
1.895000 1.095000 2.373000 187 183 174
1.896000 1.026000 2.410000 189 184 181
1.896000 1.093000 2.416000 187 183 174
1.896000 1.095000 2.440000 189 184 178
1.893000 0.680000 2.508000 185 182 173
1.895000 0.623000 2.579000 183 181 169
1.895000 0.663000 2.565000 183 180 171
1.891000 0.580000 2.481000 182 180 168
1.892000 0.623000 2.505000 185 183 171
1.892000 0.500000 2.541000 179 180 166
1.895000 0.708000 2.559000 187 180 172
1.895000 0.685000 2.558000 183 181 169
1.891000 0.606000 2.466000 183 181 169
1.892000 0.663000 2.503000 186 184 172
1.893000 0.688000 2.511000 185 182 173
1.894000 0.430000 2.616000 187 181 167
1.893000 0.656000 2.517000 185 182 173
1.890000 0.663000 2.445000 185 185 175
1.892000 0.584000 2.504000 182 180 168
1.890000 0.608000 2.463000 184 182 170
1.893000 0.566000 2.531000 182 179 170
1.891000 0.640000 2.472000 186 182 173
1.893000 0.512000 2.567000 180 176 167
1.891000 0.597000 2.472000 184 182 170
1.893000 0.650000 2.524000 185 182 173
1.895000 0.596000 2.592000 183 179 168
1.894000 0.676000 2.541000 183 180 171
1.895000 0.584000 2.585000 182 180 168
1.888000 0.625000 2.399000 187 184 175
1.896000 0.599000 2.616000 190 184 172
1.892000 0.545000 2.532000 180 178 166
1.897000 0.734000 2.606000 185 180 174
1.894000 0.600000 2.560000 180 177 168
1.893000 0.519000 2.551000 180 178 166
1.896000 0.667000 2.613000 183 178 172
1.893000 0.654000 2.529000 184 181 172
1.895000 0.675000 2.559000 183 180 171
1.893000 0.663000 2.514000 185 182 173
1.889000 0.650000 2.420000 186 183 176
1.893000 0.566000 2.555000 183 179 168
1.896000 0.633000 2.598000 184 179 173
1.893000 0.696000 2.516000 185 182 173
1.890000 0.634000 2.435000 187 184 177
1.896000 0.673000 2.597000 186 179 173
1.891000 0.570000 2.489000 183 181 169
1.895000 0.462000 2.623000 187 183 171
1.894000 0.689000 2.534000 185 182 173
1.893000 0.496000 2.573000 179 176 167
1.895000 0.509000 2.614000 190 183 173
1.889000 0.602000 2.428000 184 181 172
1.890000 0.587000 2.466000 183 181 169
1.894000 0.634000 2.552000 183 181 169
1.896000 0.584000 2.613000 190 184 172
1.897000 0.736000 2.607000 185 180 174
1.890000 0.655000 2.448000 186 184 172
1.895000 0.593000 2.587000 184 180 169
1.895000 0.717000 2.575000 185 180 174
1.892000 0.553000 2.520000 181 179 167
1.894000 0.652000 2.559000 184 181 172
1.893000 0.532000 2.553000 179 176 167
1.891000 0.566000 2.500000 182 180 168
1.889000 0.633000 2.417000 186 183 174
1.886000 0.544000 2.348000 186 183 174
1.886000 0.611000 2.333000 186 183 174
1.886000 0.572000 2.336000 185 182 173
1.886000 0.502000 2.367000 184 181 172
1.886000 0.514000 2.355000 185 182 173
1.885000 0.507000 2.339000 187 185 173
1.886000 0.609000 2.348000 185 182 173
1.886000 0.587000 2.353000 185 182 173
1.886000 0.529000 2.366000 185 182 173
1.895000 1.119000 2.407000 188 184 175
1.895000 1.130000 2.384000 185 182 173
1.894000 1.146000 2.341000 190 187 178
1.894000 1.165000 2.361000 188 185 176
1.895000 1.127000 2.386000 186 182 173
1.894000 1.177000 2.390000 185 183 171
1.892000 1.225000 2.349000 182 184 173
1.893000 1.202000 2.371000 186 184 172
1.892000 1.222000 2.358000 186 184 171
1.894000 1.143000 2.335000 192 188 177
1.897000 0.904000 2.502000 187 182 178
1.897000 0.916000 2.545000 187 182 178
1.897000 0.778000 2.598000 186 181 177
1.896000 0.866000 2.532000 186 181 178
1.897000 0.927000 2.532000 188 183 179
1.897000 0.906000 2.607000 187 184 177
1.897000 0.885000 2.554000 187 182 179
1.897000 0.911000 2.546000 186 181 177
1.896000 0.856000 2.528000 185 182 177
1.896000 0.937000 2.461000 187 184 177
1.896000 0.905000 2.544000 187 182 178
1.896000 0.901000 2.523000 188 183 179
1.896000 0.866000 2.527000 186 181 178
1.897000 0.826000 2.605000 187 182 178
1.898000 0.893000 2.612000 187 184 177
1.896000 0.898000 2.510000 186 181 177
1.897000 0.820000 2.584000 186 181 177
1.897000 0.932000 2.478000 187 184 179
1.897000 0.825000 2.608000 187 182 178
1.897000 0.820000 2.582000 186 181 177
1.896000 0.841000 2.539000 186 183 178
1.897000 0.846000 2.597000 186 181 177
1.897000 0.933000 2.504000 187 184 179
1.897000 0.904000 2.502000 187 182 178
1.897000 0.862000 2.603000 186 181 178
1.897000 0.881000 2.543000 187 182 179
1.897000 0.921000 2.542000 188 183 180
1.892000 0.433000 2.536000 183 176 168
1.889000 0.411000 2.475000 180 178 166
1.885000 0.334000 2.392000 184 178 166
1.886000 0.382000 2.393000 181 179 166
1.886000 0.329000 2.401000 183 177 165
1.886000 0.422000 2.392000 182 180 168
1.891000 0.420000 2.520000 179 177 165
1.886000 0.344000 2.408000 181 177 165
1.891000 0.379000 2.527000 177 175 162
1.887000 0.382000 2.420000 182 180 167
1.889000 0.378000 2.492000 178 174 165
1.888000 0.349000 2.451000 182 176 164
1.890000 0.429000 2.505000 179 177 165
1.885000 0.429000 2.355000 185 181 170
1.886000 0.420000 2.374000 182 180 168
1.892000 0.420000 2.543000 181 174 166
1.890000 0.419000 2.497000 179 177 165
1.887000 0.359000 2.430000 181 177 165
1.894000 0.416000 2.597000 182 175 165
1.885000 0.401000 2.360000 183 181 169
1.886000 0.332000 2.395000 184 178 166
1.888000 0.346000 2.461000 182 176 164
1.890000 0.368000 2.507000 178 174 163
1.891000 0.429000 2.511000 179 177 165
1.884000 0.438000 2.337000 186 182 171
1.887000 0.437000 2.398000 181 178 169
1.887000 0.381000 2.423000 182 180 167
1.881000 0.329000 2.335000 187 182 163
1.891000 0.466000 2.510000 183 179 170
1.889000 0.466000 2.449000 182 179 170
1.894000 0.440000 2.593000 180 176 165
1.892000 0.443000 2.556000 181 177 168
1.888000 0.476000 2.427000 183 181 169
1.890000 0.512000 2.475000 183 179 170
1.894000 0.435000 2.596000 180 176 165
1.890000 0.467000 2.485000 182 179 170
1.891000 0.447000 2.515000 181 177 168
1.890000 0.482000 2.477000 181 178 169
1.889000 0.491000 2.443000 183 180 171
1.890000 0.451000 2.495000 181 177 168
1.893000 1.303000 2.846000 189 187 198
1.893000 1.320000 2.850000 188 187 192
1.885000 1.264000 2.772000 191 192 197
1.885000 1.254000 2.767000 191 192 197
1.879000 1.416000 2.808000 187 187 189
1.881000 1.340000 2.785000 187 190 195
1.881000 1.301000 2.765000 187 190 197
1.882000 1.325000 2.786000 189 189 197
1.886000 1.246000 2.767000 193 191 204
1.886000 1.313000 2.802000 187 190 199
1.878000 1.415000 2.800000 186 186 188
1.883000 1.269000 2.759000 190 190 198
1.890000 1.291000 2.815000 190 189 194
1.884000 1.318000 2.795000 186 189 196
1.884000 1.342000 2.804000 185 188 193
1.887000 1.245000 2.774000 195 190 196
1.898000 1.347000 2.694000 186 183 174
1.884000 1.333000 2.756000 186 189 194
1.885000 1.403000 2.757000 187 192 195
1.880000 1.345000 2.776000 186 189 194
1.876000 1.444000 2.803000 186 186 186
1.881000 1.400000 2.777000 186 187 191
1.886000 1.276000 2.740000 190 191 193
1.887000 1.332000 2.743000 191 192 196
1.886000 1.228000 2.735000 189 192 197
1.887000 1.397000 2.748000 188 194 194
1.893000 1.336000 2.714000 151 148 141
1.881000 1.319000 2.767000 188 189 194
1.897000 1.374000 2.701000 134 130 121
1.878000 1.402000 2.787000 186 187 191
1.878000 1.409000 2.790000 185 186 190
1.880000 1.407000 2.782000 185 186 190
1.899000 1.347000 2.688000 179 175 166
1.886000 1.400000 2.752000 187 192 195
1.882000 1.426000 2.775000 185 189 190
1.890000 1.322000 2.726000 181 183 180
1.890000 1.267000 2.720000 174 173 169
1.893000 1.404000 2.908000 185 185 187
1.892000 1.433000 3.000000 182 180 183
1.892000 1.433000 2.945000 182 182 184
1.894000 1.360000 2.894000 187 187 189
1.891000 1.467000 2.955000 183 183 183
1.892000 1.445000 2.976000 182 182 184
1.892000 1.427000 2.975000 182 182 184
1.891000 1.478000 2.931000 183 181 182
1.893000 1.383000 2.917000 185 185 187
1.892000 1.414000 2.907000 185 185 187
1.891000 1.467000 2.950000 182 182 184
1.891000 1.454000 2.919000 184 183 188
1.894000 1.334000 2.885000 187 186 192
1.892000 1.459000 3.000000 179 179 181
1.894000 1.337000 2.893000 185 187 186
1.891000 1.478000 2.932000 183 181 182
1.892000 1.419000 2.899000 186 186 188
1.891000 1.479000 2.921000 184 182 183
1.893000 1.379000 2.879000 186 187 191
1.894000 1.347000 2.903000 186 185 193
1.891000 1.467000 2.962000 181 181 183
1.893000 1.407000 2.961000 184 184 186
1.881000 1.464000 2.843000 185 185 185
1.888000 1.390000 2.852000 187 186 191
1.891000 1.433000 2.892000 185 184 189
1.887000 1.443000 2.869000 185 185 187
1.886000 1.378000 2.833000 186 187 191
1.894000 1.353000 2.871000 183 187 190
1.887000 1.368000 2.839000 187 188 192
1.891000 1.383000 2.868000 187 187 189
1.885000 1.400000 2.841000 187 186 192
1.885000 1.421000 2.849000 186 185 190
1.894000 1.321000 2.856000 189 186 193
1.892000 1.485000 3.016000 176 176 176
1.893000 1.533000 2.975000 180 180 178
1.891000 1.491000 2.986000 179 179 181
1.893000 1.535000 2.979000 180 180 178
1.893000 1.524000 3.005000 178 178 178
1.893000 1.530000 2.986000 175 175 173
1.892000 1.524000 2.967000 178 178 176
1.890000 1.502000 2.916000 183 181 182
1.890000 1.501000 2.929000 182 180 181
1.893000 1.516000 2.992000 178 178 178
1.893000 1.518000 3.074000 174 173 171
1.894000 1.552000 3.055000 174 174 174
1.893000 1.542000 3.068000 172 172 172
1.893000 1.579000 3.204000 164 160 157
1.894000 1.558000 3.073000 171 171 171
1.893000 1.528000 3.070000 174 173 171
1.893000 1.544000 3.158000 170 168 169
1.894000 1.541000 3.050000 175 175 175
1.893000 1.523000 3.026000 177 177 177
1.893000 1.537000 3.080000 173 172 170
1.894000 1.547000 3.018000 174 172 173
1.894000 1.559000 3.089000 170 168 169
1.893000 1.568000 3.179000 172 164 161
1.893000 1.574000 3.179000 167 163 160
1.894000 1.563000 3.076000 171 171 171
1.892000 1.517000 3.103000 172 170 171
1.872000 1.645000 3.175000 129 128 123
1.880000 1.618000 3.138000 164 160 159
1.886000 1.615000 3.200000 149 145 142
1.882000 1.616000 3.161000 162 158 157
1.888000 1.604000 3.173000 163 160 155
1.885000 1.610000 3.169000 162 159 154
1.874000 1.656000 3.253000 130 125 121
1.889000 1.573000 3.040000 170 168 169
1.883000 1.608000 3.124000 164 163 161
1.888000 1.590000 3.111000 164 166 163
1.884000 1.610000 3.149000 166 163 158
1.877000 1.628000 3.157000 156 152 149
1.887000 1.605000 3.174000 163 160 155
1.891000 1.596000 3.171000 166 162 159
1.869000 1.654000 3.170000 121 120 115
1.887000 1.583000 3.043000 169 167 168
1.883000 1.647000 2.978000 175 174 169
1.886000 1.588000 3.052000 173 169 168
1.887000 1.606000 2.994000 180 175 171
1.886000 1.601000 3.020000 175 171 170
1.874000 1.652000 3.101000 75 49 36
1.886000 1.595000 3.031000 176 173 168
1.873000 1.643000 3.132000 143 138 134
1.885000 1.652000 2.943000 181 178 173
1.883000 1.670000 2.944000 179 176 171
1.877000 1.628000 3.105000 41 36 33
1.888000 1.577000 3.033000 173 171 172
1.875000 1.651000 3.091000 99 67 52
1.886000 1.603000 3.012000 176 172 173
1.894000 1.553000 2.998000 177 177 177
1.893000 1.558000 2.994000 178 178 178
1.892000 1.564000 3.009000 175 173 174
1.886000 1.638000 2.951000 182 178 175
1.882000 1.651000 2.991000 173 172 167
1.889000 1.594000 2.992000 180 176 175
1.892000 1.388000 2.341000 190 187 172
1.892000 1.333000 2.382000 185 183 170
1.892000 1.360000 2.371000 184 185 169
1.889000 1.335000 2.343000 185 186 172
1.890000 1.369000 2.333000 189 187 172
1.889000 1.328000 2.347000 187 185 172
1.893000 1.394000 2.375000 187 184 169
1.894000 1.380000 2.471000 186 180 166
1.893000 1.359000 2.410000 185 183 168
1.893000 1.358000 2.416000 185 183 168
1.893000 1.410000 2.420000 185 184 166
1.894000 1.391000 2.493000 183 180 163
1.892000 1.418000 2.345000 188 185 170
1.893000 1.397000 2.437000 185 182 167
1.893000 1.366000 2.393000 183 184 168
1.893000 1.350000 2.395000 185 183 170
1.893000 1.370000 2.384000 183 184 168
1.893000 1.408000 2.429000 185 182 167
1.893000 1.376000 2.427000 185 182 167
1.891000 1.554000 2.413000 192 187 168
1.892000 1.499000 2.474000 187 181 167
1.890000 1.558000 2.379000 194 189 170
1.891000 1.529000 2.387000 192 189 170
1.891000 1.549000 2.486000 189 184 165
1.892000 1.491000 2.473000 188 182 168
1.891000 1.568000 2.451000 192 185 167
1.891000 1.586000 2.471000 190 184 168
1.890000 1.567000 2.402000 193 188 169
1.892000 1.456000 2.455000 186 183 164
1.893000 1.421000 2.443000 185 182 165
1.891000 1.570000 2.472000 191 184 168
1.892000 1.482000 2.436000 189 183 167
1.891000 1.518000 2.342000 195 190 171
1.892000 1.449000 2.355000 192 186 170
1.892000 1.501000 2.477000 187 181 165
1.893000 1.468000 2.498000 187 182 163
1.892000 1.524000 2.479000 186 183 168
1.891000 1.561000 2.433000 192 185 167
1.891000 1.526000 2.351000 195 190 171
1.892000 1.449000 2.431000 185 182 167
1.891000 1.510000 2.361000 193 190 171
1.892000 1.497000 2.415000 191 186 167
1.892000 1.497000 2.483000 187 181 165
1.892000 1.448000 2.336000 194 188 172
1.892000 1.435000 2.426000 186 183 168
1.891000 1.588000 2.467000 190 184 168
1.890000 1.626000 2.470000 192 185 167
1.892000 1.432000 2.398000 187 183 171
1.893000 1.446000 2.502000 186 179 161
1.892000 1.484000 2.389000 191 186 167
1.892000 1.456000 2.425000 187 184 169
1.892000 1.501000 2.488000 187 181 165
1.891000 1.553000 2.493000 188 183 164
1.893000 1.490000 2.559000 185 178 160
1.893000 1.473000 2.540000 185 178 160
1.891000 1.553000 2.513000 188 185 170
1.892000 1.548000 2.603000 186 178 165
1.892000 1.535000 2.499000 189 183 167
1.891000 1.594000 2.518000 189 183 167
1.892000 1.557000 2.563000 190 183 165
1.893000 1.456000 2.516000 185 178 160
1.893000 1.441000 2.546000 184 178 162
1.893000 1.452000 2.520000 185 178 160
1.892000 1.525000 2.585000 185 180 161
1.894000 1.409000 2.515000 184 178 162
1.892000 1.540000 2.502000 189 183 167
1.890000 1.638000 2.484000 192 184 165
1.891000 1.608000 2.502000 191 184 165
1.891000 1.605000 2.516000 191 184 166
1.893000 1.459000 2.533000 185 178 160
1.893000 1.468000 2.515000 186 179 161
1.892000 1.571000 2.567000 188 181 163
1.891000 1.619000 2.520000 193 184 167
1.893000 1.468000 2.510000 187 180 162
1.893000 1.489000 2.564000 185 178 160
1.893000 1.486000 2.555000 185 178 160
1.893000 1.479000 2.510000 187 180 162
1.891000 1.583000 2.505000 190 185 166
1.892000 1.538000 2.563000 190 183 165
1.897000 0.944000 2.560000 187 183 180
1.896000 0.972000 2.481000 188 184 181
1.897000 0.941000 2.560000 187 182 178
1.897000 0.940000 2.572000 187 183 180
1.897000 0.932000 2.547000 188 183 179
1.898000 0.920000 2.615000 186 183 178
1.897000 0.947000 2.501000 187 184 179
1.898000 0.956000 2.606000 187 183 180
1.897000 0.955000 2.541000 188 183 179
1.897000 0.981000 2.495000 189 183 185
1.898000 0.957000 2.611000 187 183 180
1.897000 0.955000 2.484000 187 183 180
1.897000 0.995000 2.518000 189 183 183
1.897000 1.013000 2.587000 189 183 183
1.897000 0.937000 2.574000 187 184 179
1.897000 1.037000 2.601000 189 184 181
1.897000 0.950000 2.584000 187 183 180
1.896000 1.099000 2.505000 190 182 179
1.895000 1.123000 2.511000 187 182 178
1.895000 1.122000 2.514000 187 182 178
1.896000 1.112000 2.474000 188 183 177
1.895000 1.128000 2.447000 189 182 172
1.893000 1.195000 2.400000 185 182 173
1.896000 1.105000 2.470000 187 184 177
1.895000 1.133000 2.476000 187 183 174
1.894000 1.162000 2.435000 186 182 173
1.895000 1.132000 2.442000 189 182 172
1.894000 1.149000 2.423000 186 182 171
1.896000 1.114000 2.446000 187 183 172
1.896000 1.108000 2.501000 191 183 180
1.897000 1.080000 2.570000 188 183 180
1.897000 1.072000 2.587000 187 182 179
1.895000 1.136000 2.463000 189 182 174
1.893000 1.192000 2.429000 185 181 170
1.890000 1.197000 2.690000 73 70 65
1.895000 1.123000 2.642000 190 182 179
1.898000 1.073000 2.623000 188 183 180
1.897000 1.210000 2.618000 183 180 173
1.899000 1.316000 2.593000 184 180 168
1.892000 1.182000 2.672000 187 180 172
1.891000 1.165000 2.684000 182 178 169
1.899000 1.225000 2.602000 185 180 174
1.890000 1.242000 2.681000 193 189 180
1.894000 1.258000 2.646000 186 177 170
1.898000 1.123000 2.616000 186 181 177
1.895000 1.103000 2.645000 187 182 179
1.890000 1.239000 2.686000 139 135 126
1.890000 1.181000 2.690000 81 78 73
1.896000 1.172000 2.635000 186 181 177
1.898000 1.156000 2.614000 188 180 177
1.900000 1.245000 2.596000 186 179 171
1.898000 1.282000 2.605000 186 179 169
1.899000 1.259000 2.601000 186 179 173
1.896000 1.116000 2.636000 189 181 178
1.893000 1.257000 2.656000 190 181 172
1.892000 1.243000 2.408000 184 182 170
1.894000 1.222000 2.518000 187 180 170
1.895000 1.132000 2.545000 188 183 179
1.896000 1.128000 2.563000 187 182 178
1.894000 1.193000 2.520000 187 183 172
1.893000 1.201000 2.454000 186 182 171
1.893000 1.245000 2.426000 186 182 171
1.893000 1.235000 2.465000 187 180 170
1.893000 1.276000 2.515000 185 178 168
1.895000 1.153000 2.544000 187 182 176
1.897000 1.065000 2.617000 188 183 180
1.894000 1.175000 2.500000 186 182 171
1.893000 1.258000 2.453000 186 182 171
1.892000 1.245000 2.391000 185 182 173
1.894000 1.197000 2.511000 186 182 170
1.894000 1.224000 2.514000 187 180 170
1.894000 1.179000 2.503000 186 182 171
1.893000 1.197000 2.442000 186 182 171
1.896000 1.122000 2.574000 188 183 179
1.893000 1.251000 2.441000 185 181 170
1.895000 1.163000 2.552000 187 182 176
1.896000 1.125000 2.587000 187 182 178
1.896000 1.126000 2.568000 187 182 178
1.893000 1.228000 2.477000 186 179 169
1.895000 1.204000 2.537000 188 181 171
1.894000 1.205000 2.497000 185 181 169
1.894000 1.246000 2.509000 185 178 168
1.895000 1.126000 2.538000 190 180 178
1.894000 1.219000 2.491000 187 180 170
1.893000 1.220000 2.432000 185 183 171
1.893000 1.243000 2.452000 187 180 172
1.893000 1.244000 2.472000 186 179 169
1.896000 1.132000 2.589000 188 183 179
1.894000 1.240000 2.495000 186 179 173
1.898000 1.188000 2.589000 184 181 176
1.898000 1.190000 2.592000 184 181 176
1.895000 1.241000 2.548000 186 179 169
1.897000 1.247000 2.563000 187 180 170
1.895000 1.276000 2.534000 187 178 169
1.894000 1.265000 2.530000 187 180 170
1.898000 1.237000 2.576000 187 180 172
1.897000 1.252000 2.560000 185 178 168
1.899000 1.185000 2.599000 185 182 177
1.897000 1.208000 2.572000 185 181 172
1.897000 1.225000 2.571000 187 180 172
1.896000 1.189000 2.569000 186 181 175
1.892000 1.267000 2.669000 186 179 171
1.900000 1.334000 2.621000 184 178 166
1.899000 1.319000 2.612000 181 177 166
1.899000 1.320000 2.624000 181 177 166
1.897000 1.321000 2.688000 174 174 164
1.895000 1.291000 2.661000 185 183 170
1.887000 1.223000 2.725000 191 194 201
1.888000 1.238000 2.723000 191 188 195
1.898000 1.330000 2.665000 181 177 166
1.896000 1.317000 2.694000 184 185 180
1.891000 1.258000 2.674000 184 177 167
1.900000 1.345000 2.642000 183 177 165
1.899000 1.339000 2.668000 181 177 166
1.893000 1.272000 2.667000 185 178 170
1.896000 1.054000 2.455000 191 183 180
1.897000 1.020000 2.521000 188 182 182
1.897000 1.036000 2.574000 189 184 180
1.896000 1.037000 2.448000 189 184 180
1.897000 1.025000 2.537000 188 183 180
1.897000 1.055000 2.530000 189 184 181
1.896000 1.002000 2.494000 190 185 182
1.896000 1.075000 2.453000 188 183 179
1.896000 0.998000 2.456000 189 183 183
1.896000 1.006000 2.496000 188 184 181
1.896000 0.996000 2.452000 189 183 183
1.896000 1.054000 2.472000 189 184 178
1.897000 1.055000 2.583000 188 183 180
1.897000 1.019000 2.535000 188 183 180
1.897000 1.029000 2.516000 189 183 183
1.897000 1.075000 2.537000 188 183 180
1.896000 1.066000 2.476000 188 183 179
1.897000 1.073000 2.542000 191 183 181
1.896000 1.026000 2.470000 190 185 182
1.897000 1.038000 2.586000 189 184 180
1.886000 0.111000 2.095000 193 183 171
1.884000 0.094000 2.157000 188 176 164
1.883000 0.237000 2.112000 212 204 191
1.883000 0.286000 2.116000 211 202 185
1.885000 0.133000 2.092000 193 183 173
1.885000 0.165000 2.098000 204 195 186
1.883000 0.272000 2.123000 210 201 184
1.884000 0.158000 2.136000 198 189 182
1.885000 0.119000 2.121000 189 179 167
1.884000 0.126000 2.148000 186 178 167
1.884000 0.137000 2.149000 188 180 169
1.884000 0.129000 2.137000 188 178 166
1.891000 0.275000 1.944000 214 211 196
1.885000 0.308000 2.058000 217 208 193
1.885000 0.275000 2.064000 218 208 196
1.887000 0.251000 2.022000 217 209 198
1.886000 0.243000 2.044000 221 208 199
1.886000 0.284000 2.045000 223 211 197
1.887000 0.281000 2.023000 219 209 197
1.888000 0.305000 2.002000 220 210 198
1.890000 0.257000 1.968000 216 207 202
1.884000 0.311000 2.079000 213 205 192
1.886000 0.300000 2.044000 222 210 196
1.884000 0.293000 2.077000 214 204 192
1.889000 0.245000 1.995000 217 208 199
1.885000 0.221000 2.083000 213 203 193
1.888000 0.301000 1.987000 223 210 201
1.883000 0.284000 2.108000 212 203 186
1.885000 0.306000 2.065000 213 204 189
1.888000 0.234000 2.011000 216 209 201
1.886000 0.242000 2.051000 216 207 198
1.889000 0.251000 1.977000 216 207 198
1.890000 0.302000 1.957000 215 207 196
1.889000 0.290000 1.966000 217 208 199
1.886000 0.195000 2.062000 209 200 191
1.883000 0.320000 2.104000 209 200 191
1.883000 0.314000 2.094000 208 200 187
1.884000 0.230000 2.090000 215 205 195
1.889000 0.237000 1.995000 217 208 199
1.886000 0.256000 2.043000 219 209 199
1.884000 0.279000 2.093000 214 202 190
1.886000 0.180000 2.074000 210 201 194
1.880000 0.358000 0.073000 135 121 112
1.885000 0.212000 0.231000 151 140 118
1.875000 0.240000 0.113000 157 143 130
1.872000 0.233000 0.090000 128 116 104
1.886000 0.214000 0.233000 151 140 118
1.881000 0.296000 0.127000 166 152 141
1.882000 0.141000 0.257000 138 129 98
1.879000 0.356000 0.060000 131 118 110
1.876000 0.322000 0.062000 125 114 110
1.881000 0.356000 0.084000 149 132 122
1.886000 0.260000 0.201000 171 159 145
1.885000 0.409000 0.079000 159 142 126
1.876000 0.280000 0.093000 155 140 133
1.885000 0.148000 0.276000 135 129 95
1.880000 0.136000 0.236000 140 131 100
1.876000 0.168000 0.175000 142 130 104
1.880000 0.180000 0.203000 144 134 109
1.886000 0.378000 0.113000 160 144 131
1.888000 0.469000 0.061000 156 144 128
1.879000 0.265000 0.135000 163 155 136
1.868000 0.191000 0.085000 109 102 86
1.880000 0.360000 0.065000 129 116 108
1.875000 0.168000 0.168000 141 130 102
1.887000 0.153000 0.291000 137 131 97
1.873000 0.184000 0.140000 144 132 106
1.871000 0.243000 0.078000 129 119 109
1.880000 0.168000 0.216000 146 135 107
1.882000 0.321000 0.119000 164 150 137
1.883000 0.221000 0.199000 155 143 127
1.884000 0.299000 0.148000 169 156 140
1.881000 0.181000 0.212000 147 135 109
1.878000 0.311000 0.091000 159 142 134
1.883000 0.326000 0.122000 164 150 137
1.879000 0.257000 0.137000 163 150 134
1.876000 0.313000 0.071000 132 119 113
1.874000 0.189000 0.145000 143 131 107
1.882000 0.330000 0.112000 160 146 133
1.880000 0.139000 0.237000 141 132 101
1.885000 0.367000 0.109000 161 145 132
1.886000 0.316000 0.155000 170 155 136
1.881000 0.223000 0.182000 155 143 129
1.876000 0.200000 0.154000 147 136 116
1.883000 0.281000 0.155000 164 153 135
1.879000 0.219000 0.168000 154 142 126
1.885000 0.388000 0.095000 154 138 125
1.876000 0.214000 0.145000 153 141 125
1.888000 0.471000 0.061000 139 127 113
1.885000 0.147000 0.275000 135 129 95
1.885000 0.292000 0.162000 165 154 134
1.875000 0.303000 0.063000 133 120 114
1.879000 0.240000 0.145000 158 145 129
1.880000 0.366000 0.061000 131 116 109
1.879000 0.259000 0.135000 164 151 135
1.881000 0.353000 0.087000 154 140 129
1.884000 0.295000 0.154000 169 158 140
1.872000 0.227000 0.092000 129 117 105
1.876000 0.236000 0.124000 155 142 126
1.887000 0.387000 0.108000 158 142 129
1.884000 0.246000 0.196000 166 154 138
1.873000 0.157000 0.155000 130 123 94
1.877000 0.312000 0.073000 132 119 113
1.883000 0.229000 0.352000 145 134 112
1.886000 0.133000 0.341000 135 121 84
1.883000 0.250000 0.334000 152 144 125
1.877000 0.459000 0.339000 168 158 146
1.881000 0.243000 0.380000 143 136 110
1.882000 0.246000 0.348000 147 140 121
1.882000 0.223000 0.362000 141 134 106
1.881000 0.299000 0.342000 176 168 155
1.877000 0.444000 0.350000 181 173 152
1.883000 0.200000 0.360000 139 132 103
1.879000 0.367000 0.346000 186 178 157
1.884000 0.141000 0.385000 134 118 82
1.888000 0.307000 1.499000 142 132 105
1.885000 0.327000 1.130000 158 151 135
1.886000 0.336000 1.474000 160 153 124
1.881000 0.365000 1.052000 199 195 184
1.887000 0.340000 1.673000 171 166 137
1.876000 0.433000 1.303000 198 195 190
1.883000 0.325000 0.829000 150 144 118
1.880000 0.398000 1.511000 192 192 182
1.873000 0.470000 1.283000 199 198 196
1.889000 0.314000 1.677000 184 169 126
1.887000 0.322000 1.561000 149 138 108
1.887000 0.344000 1.743000 179 175 166
1.886000 0.321000 1.355000 149 142 123
1.883000 0.329000 0.820000 153 149 122
1.878000 0.397000 1.127000 199 196 189
1.875000 0.424000 1.003000 196 193 184
1.882000 0.382000 1.490000 193 190 183
1.886000 0.326000 1.433000 152 145 117
1.872000 0.471000 1.226000 199 198 196
1.876000 0.408000 0.989000 194 192 180
1.891000 0.302000 1.840000 203 196 190
1.876000 0.422000 1.175000 199 198 196
1.880000 0.398000 1.453000 193 192 187
1.881000 0.371000 1.209000 202 201 196
1.880000 0.382000 1.156000 199 198 196
1.884000 0.335000 1.195000 168 159 150
1.884000 0.353000 1.437000 185 184 166
1.874000 0.454000 1.302000 200 197 192
1.882000 0.388000 1.572000 189 189 181
1.887000 0.329000 1.508000 155 144 112
1.878000 0.386000 0.882000 190 188 175
1.889000 0.305000 1.482000 141 131 104
1.887000 0.305000 1.283000 143 134 117
1.873000 0.454000 1.052000 200 197 188
1.878000 0.404000 1.207000 201 200 196
1.886000 0.300000 0.953000 137 130 101
1.885000 0.356000 1.594000 180 176 164
1.881000 0.366000 1.169000 201 198 191
1.872000 0.468000 1.202000 200 199 197
1.885000 0.305000 0.851000 133 128 98
1.874000 0.447000 1.136000 202 196 196
1.876000 0.425000 1.159000 201 197 194
1.884000 0.308000 0.757000 139 132 103
1.885000 0.339000 1.446000 166 159 131
1.883000 0.316000 0.652000 146 141 112
1.882000 0.387000 1.569000 189 189 181
1.884000 0.349000 1.349000 182 183 169
1.882000 0.373000 1.333000 200 196 193
1.886000 0.346000 1.661000 181 169 153
1.873000 0.449000 1.041000 203 196 190
1.885000 0.325000 1.264000 155 148 132
1.880000 0.399000 1.459000 192 192 184
1.873000 0.457000 1.223000 198 197 195
1.885000 0.300000 0.772000 133 126 97
1.881000 0.379000 1.314000 199 195 192
1.887000 0.303000 1.233000 141 136 117
1.889000 0.315000 1.716000 171 168 149
1.873000 0.447000 1.062000 200 197 190
1.881000 0.379000 1.304000 197 196 192
1.885000 0.352000 1.515000 179 175 163
1.881000 0.374000 1.212000 202 201 196
1.886000 0.312000 1.147000 147 138 121
1.882000 0.320000 0.637000 153 147 121
1.888000 0.308000 1.436000 141 133 110
1.883000 0.357000 1.297000 191 188 179
1.875000 0.424000 1.020000 197 194 185
1.884000 0.325000 1.070000 156 150 126
1.882000 0.357000 1.099000 193 190 173
1.884000 0.339000 1.186000 176 167 160
1.883000 0.321000 0.771000 147 142 113
1.883000 0.314000 0.748000 141 136 106
1.880000 0.377000 1.193000 202 201 197
1.885000 0.306000 0.826000 133 128 98
1.886000 0.306000 0.982000 138 132 108
1.885000 0.331000 1.224000 162 156 144
1.882000 0.332000 0.706000 165 164 136
1.885000 0.345000 1.550000 172 166 142
1.882000 0.335000 0.809000 163 159 132
1.883000 0.377000 1.619000 189 186 181
1.874000 0.447000 1.168000 199 200 195
1.883000 0.327000 0.917000 155 149 123
1.876000 0.432000 1.236000 200 196 195
1.879000 0.364000 0.817000 190 188 167
1.876000 0.417000 1.024000 198 195 186
1.880000 0.371000 1.099000 200 197 190
1.879000 0.375000 0.853000 190 187 172
1.886000 0.304000 1.020000 142 132 105
1.885000 0.329000 1.182000 161 152 143
1.884000 0.314000 0.839000 141 134 106
1.883000 0.347000 1.138000 183 180 163
1.880000 0.359000 0.884000 188 187 166
1.875000 0.430000 1.021000 198 195 186
1.885000 0.355000 1.678000 180 178 166
1.888000 0.316000 1.587000 145 135 108
1.883000 0.346000 1.232000 182 179 164
1.877000 0.423000 1.378000 193 193 183
1.882000 0.364000 1.291000 193 194 186
1.884000 0.305000 0.682000 139 135 100
1.886000 0.345000 1.610000 172 164 145
1.877000 0.407000 1.062000 197 197 189
1.883000 0.330000 0.963000 159 155 128
1.875000 0.437000 1.140000 200 197 192
1.888000 0.329000 1.723000 174 168 152
1.883000 0.321000 0.775000 147 142 113
1.884000 0.337000 1.135000 173 167 151
1.882000 0.362000 1.314000 196 193 184
1.883000 0.337000 0.982000 166 162 137
1.879000 0.387000 1.149000 200 197 192
1.882000 0.329000 0.753000 156 152 123
1.885000 0.313000 0.928000 142 135 109
1.881000 0.377000 1.242000 205 197 194
1.875000 0.427000 1.073000 198 198 190
1.880000 0.363000 0.870000 190 187 168
1.884000 0.339000 1.223000 173 169 157
1.886000 0.334000 1.558000 157 151 117
1.878000 0.404000 1.216000 203 199 196
1.889000 0.315000 1.642000 158 145 110
1.885000 0.330000 1.181000 164 155 148
1.877000 0.416000 1.200000 200 199 195
1.887000 0.328000 1.571000 153 145 109
1.883000 0.360000 1.435000 190 188 176
1.882000 0.330000 0.715000 159 158 128
1.887000 0.330000 1.614000 159 149 114
1.884000 0.349000 1.454000 180 177 160
1.883000 0.333000 1.030000 161 156 134
1.874000 0.439000 0.971000 200 198 186
1.882000 0.333000 0.873000 159 155 128
1.884000 0.309000 0.719000 136 135 104
1.885000 0.302000 0.885000 138 129 100
1.879000 0.370000 0.775000 194 193 172
1.884000 0.306000 0.738000 136 130 98
1.883000 0.369000 1.573000 190 187 180
1.887000 0.300000 1.214000 143 135 116
1.884000 0.361000 1.583000 184 182 170
1.884000 0.329000 1.005000 157 153 128
1.873000 0.447000 1.048000 201 197 188
1.881000 0.337000 0.726000 172 171 143
1.875000 0.426000 1.080000 197 197 189
1.880000 0.352000 0.815000 182 180 155
1.873000 0.454000 1.173000 201 200 196
1.887000 0.316000 1.451000 146 138 117
1.886000 0.305000 0.967000 139 133 107
1.890000 0.314000 1.838000 201 196 190
1.884000 0.333000 1.076000 165 160 140
1.886000 0.334000 1.569000 157 151 115
1.876000 0.419000 1.121000 198 195 190
1.886000 0.301000 1.063000 142 132 105
1.883000 0.346000 1.110000 181 178 161
1.877000 0.427000 1.344000 196 193 186
1.880000 0.365000 0.979000 193 191 176
1.877000 0.422000 1.318000 197 193 190
1.883000 0.331000 0.969000 159 155 128
1.885000 0.322000 1.137000 155 148 130
1.888000 0.309000 1.440000 140 132 109
1.876000 0.429000 1.255000 198 197 192
1.880000 0.378000 1.187000 203 203 195
1.882000 0.379000 1.488000 193 190 181
1.878000 0.413000 1.322000 198 194 191
1.883000 0.359000 1.311000 194 191 182
1.888000 0.326000 1.754000 182 175 169
1.877000 0.397000 0.921000 194 192 177
1.882000 0.381000 1.582000 191 188 183
1.873000 0.453000 1.017000 196 198 187
1.883000 0.358000 1.381000 190 188 176
1.886000 0.326000 1.313000 156 149 130
1.881000 0.350000 0.952000 188 184 157
1.885000 0.317000 1.008000 145 139 115
1.873000 0.445000 1.016000 199 196 187
1.890000 0.309000 1.776000 193 188 182
1.885000 0.344000 1.393000 176 170 146
1.875000 0.423000 1.046000 201 197 188
1.878000 0.399000 1.086000 200 197 188
1.881000 0.366000 1.121000 199 195 186
1.887000 0.313000 1.255000 146 139 123
1.888000 0.452000 0.083000 155 139 123
1.879000 0.381000 0.327000 182 176 154
1.884000 0.393000 0.213000 169 154 123
1.883000 0.328000 0.282000 180 171 154
1.886000 0.262000 0.262000 169 160 145
1.888000 0.478000 0.067000 144 132 118
1.884000 0.387000 0.227000 169 154 125
1.886000 0.437000 0.139000 158 145 129
1.884000 0.308000 0.281000 178 170 157
1.883000 0.268000 0.322000 162 154 143
1.885000 0.398000 0.191000 170 154 129
1.884000 0.418000 0.208000 170 155 124
1.883000 0.335000 0.280000 180 171 154
1.887000 0.473000 0.106000 145 135 123
1.884000 0.440000 0.196000 169 156 137
1.886000 0.427000 0.147000 160 147 130
1.886000 0.171000 0.317000 138 131 102
1.886000 0.324000 0.227000 176 165 145
1.888000 0.382000 0.140000 167 151 136
1.884000 0.453000 0.182000 167 155 133
1.888000 0.467000 0.088000 151 139 123
1.881000 0.347000 0.319000 183 175 154
1.886000 0.386000 0.173000 171 156 135
1.884000 0.278000 0.291000 174 165 148
1.886000 0.338000 0.211000 168 156 130
1.881000 0.460000 0.254000 168 154 125
1.888000 0.379000 0.146000 168 152 137
1.888000 0.432000 0.108000 154 141 125
1.882000 0.411000 0.245000 169 154 123
1.883000 0.476000 0.185000 159 148 126
1.887000 0.360000 0.182000 169 153 128
1.884000 0.243000 0.311000 153 145 126
1.882000 0.399000 0.251000 169 154 123
1.880000 0.474000 0.270000 165 154 124
1.880000 0.391000 0.313000 180 172 151
1.887000 0.218000 0.253000 152 141 121
1.884000 0.458000 0.170000 162 149 130
1.887000 0.276000 0.225000 176 164 150
1.882000 0.440000 0.236000 169 156 124
1.887000 0.247000 0.232000 164 155 138
1.885000 0.229000 0.287000 152 141 119
1.881000 0.392000 0.287000 179 171 148
1.885000 0.203000 0.301000 144 134 109
1.878000 0.469000 0.305000 171 157 130
1.885000 0.384000 0.201000 170 155 126
1.885000 0.447000 0.156000 159 146 129
1.883000 0.271000 0.316000 165 157 146
1.887000 0.264000 0.221000 172 161 143
1.886000 0.266000 0.241000 169 160 145
1.885000 0.288000 0.255000 176 167 152
1.882000 0.429000 0.247000 170 155 124
1.885000 0.328000 0.231000 176 167 150
1.883000 0.353000 0.274000 178 173 153
1.882000 0.288000 0.329000 173 165 154
1.881000 0.348000 0.320000 183 175 154
1.879000 0.452000 0.304000 175 164 136
1.878000 0.441000 0.330000 171 162 145
1.885000 0.238000 0.298000 153 145 124
1.886000 0.305000 0.228000 179 165 152
1.886000 0.358000 0.187000 170 155 126
1.886000 0.296000 0.241000 180 168 154
1.885000 0.469000 0.156000 157 145 131
1.883000 0.394000 0.246000 168 153 122
1.881000 0.355000 0.317000 182 174 153
1.887000 0.261000 0.237000 169 160 145
1.880000 0.377000 0.449000 184 178 156
1.882000 0.342000 0.521000 189 186 169
1.881000 0.364000 0.478000 188 181 162
1.883000 0.285000 0.525000 142 135 106
1.878000 0.409000 0.404000 182 172 147
1.879000 0.411000 0.447000 181 174 146
1.883000 0.259000 0.506000 140 134 102
1.883000 0.292000 0.540000 143 136 108
1.882000 0.238000 0.416000 139 132 104
1.884000 0.163000 0.416000 132 123 84
1.882000 0.328000 0.487000 183 178 158
1.882000 0.330000 0.504000 185 180 161
1.882000 0.252000 0.437000 140 133 105
1.883000 0.202000 0.455000 134 129 91
1.880000 0.294000 0.376000 165 163 148
1.878000 0.409000 0.409000 182 172 147
1.881000 0.249000 0.385000 144 137 111
1.882000 0.310000 0.482000 169 164 145
1.877000 0.455000 0.403000 184 177 149
1.879000 0.414000 0.442000 182 175 147
1.881000 0.269000 0.391000 152 144 123
1.881000 0.325000 0.429000 180 174 160
1.882000 0.224000 0.413000 139 132 103
1.883000 0.311000 0.557000 151 147 118
1.880000 0.361000 0.454000 183 177 155
1.880000 0.361000 0.443000 185 178 159
1.878000 0.432000 0.390000 183 172 150
1.880000 0.283000 0.380000 157 154 135
1.881000 0.310000 0.423000 174 168 154
1.876000 0.456000 0.354000 173 166 148
1.883000 0.284000 0.517000 141 135 103
1.877000 0.471000 0.383000 186 180 156
1.880000 0.340000 0.403000 181 174 158
1.880000 0.393000 0.450000 182 174 153
1.878000 0.431000 0.393000 183 172 150
1.884000 0.244000 0.512000 137 131 95
1.879000 0.416000 0.453000 181 174 148
1.877000 0.425000 0.366000 186 178 155
1.880000 0.384000 0.443000 183 175 154
1.882000 0.337000 0.519000 187 181 167
1.882000 0.273000 0.475000 143 138 108
1.879000 0.374000 0.426000 181 174 155
1.880000 0.386000 0.461000 184 176 155
1.879000 0.387000 0.395000 181 170 150
1.878000 0.435000 0.422000 185 175 150
1.881000 0.313000 0.459000 170 164 148
1.877000 0.459000 0.394000 184 177 151
1.883000 0.167000 0.404000 129 120 81
1.883000 0.178000 0.409000 130 122 83
1.880000 0.327000 0.388000 180 174 158
1.878000 0.434000 0.391000 184 173 151
1.881000 0.335000 0.446000 181 176 157
1.880000 0.311000 0.394000 177 171 157
1.879000 0.414000 0.451000 181 174 148
1.880000 0.345000 0.440000 183 178 159
1.883000 0.281000 0.539000 141 135 103
1.880000 0.363000 0.440000 185 178 159
1.881000 0.298000 0.404000 169 163 147
1.877000 0.471000 0.386000 187 181 157
1.883000 0.322000 0.535000 173 168 148
1.883000 0.275000 0.523000 141 135 103
1.883000 0.246000 0.459000 140 135 105
1.882000 0.204000 0.392000 138 132 100
1.880000 0.361000 0.668000 196 190 168
1.881000 0.372000 0.502000 191 185 163
1.876000 0.420000 0.738000 201 200 182
1.878000 0.380000 0.761000 194 193 173
1.876000 0.421000 0.787000 195 193 180
1.878000 0.387000 0.765000 195 194 176
1.876000 0.434000 0.669000 196 195 175
1.876000 0.419000 0.791000 193 191 176
1.875000 0.473000 0.620000 194 192 179
1.878000 0.414000 0.622000 194 192 171
1.878000 0.393000 0.694000 197 195 174
1.882000 0.339000 0.578000 180 177 158
1.875000 0.459000 0.721000 209 203 187
1.874000 0.437000 0.892000 194 190 178
1.876000 0.461000 0.610000 196 195 177
1.878000 0.417000 0.542000 197 191 169
1.875000 0.444000 0.762000 202 200 185
1.876000 0.420000 0.775000 196 194 181
1.874000 0.443000 0.890000 193 189 177
1.877000 0.451000 0.566000 199 196 181
1.883000 0.323000 0.559000 167 163 138
1.875000 0.435000 0.869000 192 188 176
1.876000 0.428000 0.725000 205 202 185
1.876000 0.428000 0.767000 198 196 183
1.873000 0.448000 0.950000 198 196 183
1.877000 0.478000 0.419000 181 175 153
1.875000 0.445000 0.803000 194 192 180
1.877000 0.398000 0.805000 191 187 175
1.878000 0.398000 0.729000 198 197 177
1.879000 0.389000 0.587000 193 191 168
1.878000 0.400000 0.661000 193 191 168
1.880000 0.351000 0.681000 190 185 163
1.875000 0.469000 0.682000 197 195 180
1.883000 0.313000 0.562000 150 146 117
1.877000 0.480000 0.411000 179 173 151
1.880000 0.388000 0.541000 195 190 170
1.879000 0.423000 0.491000 181 174 146
1.877000 0.403000 0.721000 201 198 181
1.876000 0.410000 0.862000 190 186 174
1.880000 0.371000 0.572000 191 189 166
1.878000 0.402000 0.679000 198 192 170
1.879000 0.386000 0.687000 197 192 170
1.875000 0.429000 0.802000 193 191 178
1.879000 0.412000 0.530000 194 188 164
1.878000 0.410000 0.598000 194 192 171
1.881000 0.353000 0.562000 190 187 168
1.871000 0.476000 1.049000 197 197 187
1.882000 0.335000 0.587000 173 171 150
1.878000 0.435000 0.534000 194 188 164
1.873000 0.449000 0.940000 197 195 183
1.872000 0.475000 0.987000 196 196 184
1.875000 0.442000 0.820000 193 191 178
1.873000 0.473000 0.866000 191 192 178
1.877000 0.425000 0.680000 198 196 175
1.880000 0.384000 0.518000 190 185 163
1.880000 0.384000 0.554000 193 188 168
1.875000 0.439000 0.855000 193 189 177
1.875000 0.468000 0.596000 196 196 184
1.878000 0.424000 0.598000 196 193 174
1.880000 0.348000 0.694000 184 182 157
1.871000 0.479000 1.009000 195 195 185
1.874000 0.444000 0.921000 193 193 181
1.878000 0.419000 0.603000 195 193 172
1.882000 0.341000 0.561000 183 180 161
1.872000 0.459000 1.011000 195 197 186
1.882000 0.353000 0.534000 190 187 168
1.875000 0.456000 0.758000 204 202 187
1.879000 0.388000 0.606000 192 190 167
1.882000 0.329000 0.622000 164 159 137
1.880000 0.349000 0.710000 187 183 158
1.877000 0.437000 0.584000 198 195 178
1.877000 0.457000 0.481000 185 175 150
1.877000 0.394000 0.775000 196 195 177
1.878000 0.415000 0.617000 194 192 171
1.876000 0.425000 0.801000 193 191 176
1.877000 0.470000 0.430000 188 180 157
1.880000 0.382000 0.527000 193 188 166
1.876000 0.451000 0.596000 199 196 179
1.878000 0.400000 0.713000 200 197 178
1.882000 0.348000 0.553000 190 187 168
1.878000 0.391000 0.753000 195 194 176
1.877000 0.457000 0.454000 194 185 156
1.873000 0.460000 0.877000 193 191 178
1.872000 0.473000 0.926000 196 196 184
1.877000 0.424000 0.679000 197 195 174
1.875000 0.422000 0.871000 191 187 175
1.881000 0.470000 2.005000 228 219 204
1.877000 0.444000 1.483000 193 195 184
1.882000 0.423000 1.858000 206 197 188
1.880000 0.404000 1.574000 190 189 184
1.880000 0.449000 1.853000 203 195 182
1.883000 0.422000 1.933000 215 203 189
1.872000 0.478000 1.288000 197 198 193
1.878000 0.465000 1.686000 197 194 187
1.877000 0.432000 1.431000 194 194 186
1.889000 0.331000 1.844000 204 197 189
1.877000 0.458000 1.583000 193 193 183
1.882000 0.416000 1.792000 195 190 184
1.882000 0.391000 1.630000 192 189 180
1.887000 0.369000 1.918000 216 208 197
1.889000 0.331000 1.926000 217 209 198
1.887000 0.371000 1.956000 215 203 189
1.878000 0.440000 1.570000 191 191 179
1.883000 0.454000 2.064000 217 210 194
1.877000 0.447000 1.561000 192 192 184
1.877000 0.460000 1.639000 196 191 185
1.883000 0.443000 1.999000 224 214 202
1.884000 0.410000 1.884000 212 202 192
1.881000 0.406000 1.617000 192 189 184
1.878000 0.468000 1.711000 195 192 183
1.876000 0.462000 1.544000 192 192 182
1.884000 0.436000 2.044000 222 217 198
1.887000 0.368000 1.896000 214 206 193
1.882000 0.443000 1.921000 234 225 208
1.882000 0.406000 1.692000 195 192 187
1.879000 0.484000 1.944000 202 195 185
1.875000 0.456000 1.414000 197 197 189
1.874000 0.455000 1.354000 198 198 188
1.879000 0.431000 1.587000 191 190 185
1.890000 0.330000 1.934000 216 208 197
1.883000 0.431000 1.919000 233 221 205
1.884000 0.375000 1.665000 193 188 182
1.880000 0.434000 1.731000 193 190 183
1.882000 0.450000 1.979000 219 210 195
1.873000 0.469000 1.346000 197 197 189
1.879000 0.421000 1.528000 190 190 180
1.879000 0.420000 1.540000 191 191 183
1.883000 0.403000 1.768000 194 189 183
1.876000 0.472000 1.602000 194 191 184
1.886000 0.357000 1.800000 195 190 186
1.877000 0.432000 1.467000 193 193 185
1.883000 0.400000 1.738000 191 188 183
1.887000 0.353000 1.863000 206 199 191
1.886000 0.351000 1.776000 190 185 179
1.878000 0.427000 1.522000 192 192 182
1.883000 0.446000 2.051000 220 213 195
1.879000 0.454000 1.748000 193 188 182
1.881000 0.436000 1.838000 197 194 179
1.886000 0.381000 1.945000 212 203 186
1.877000 0.471000 1.662000 197 192 186
1.879000 0.440000 1.643000 197 192 186
1.881000 0.439000 1.808000 196 191 185
1.884000 0.390000 1.787000 195 190 187
1.887000 0.382000 1.983000 222 210 198
1.881000 0.456000 1.954000 219 207 193
1.883000 0.407000 1.842000 197 193 184
1.875000 0.480000 1.552000 190 191 185
1.882000 0.442000 1.931000 221 212 197
1.885000 0.364000 1.718000 190 183 173
1.888000 0.343000 1.883000 209 201 190
1.888000 0.342000 1.873000 207 199 188
1.881000 0.465000 1.966000 221 209 195
1.881000 0.450000 1.879000 214 205 190
1.881000 0.439000 1.876000 214 204 192
1.878000 0.466000 1.725000 195 193 181
1.880000 0.440000 1.776000 194 189 183
1.888000 0.337000 1.809000 196 191 188
1.882000 0.466000 2.061000 217 211 195
1.883000 0.387000 1.657000 196 191 185
1.886000 0.353000 1.774000 191 186 180
1.885000 0.385000 1.887000 211 203 192
1.882000 0.432000 1.895000 218 209 194
1.881000 0.450000 1.903000 229 221 202
1.874000 0.476000 1.463000 195 195 187
1.883000 0.399000 1.798000 196 191 185
1.887000 0.351000 1.866000 206 199 189
1.880000 0.440000 1.743000 191 188 181
1.881000 0.400000 1.575000 189 188 183
1.875000 0.463000 1.437000 197 195 183
1.879000 0.447000 1.722000 195 190 184
1.881000 0.446000 1.898000 217 210 192
1.883000 0.413000 2.065000 216 209 193
1.882000 0.376000 2.105000 203 197 183
1.884000 0.429000 2.053000 221 212 195
1.886000 0.372000 2.024000 234 220 207
1.890000 0.328000 1.947000 216 208 197
1.885000 0.317000 2.054000 220 211 196
1.886000 0.350000 2.034000 233 219 206
1.891000 0.306000 1.930000 215 206 197
1.883000 0.325000 2.087000 205 199 187
1.884000 0.377000 2.061000 215 208 192
1.882000 0.390000 2.102000 202 199 184
1.882000 0.349000 2.103000 204 196 183
1.886000 0.369000 2.022000 234 220 207
1.888000 0.326000 1.980000 222 208 197
1.882000 0.420000 2.091000 205 199 185
1.882000 0.357000 2.102000 206 198 185
1.884000 0.381000 2.067000 213 206 190
1.888000 0.308000 1.986000 225 213 201
0.811000 0.272000 0.062000 27 21 21
0.933000 0.064000 0.433000 89 78 60
0.960000 0.065000 0.484000 67 55 29
0.910000 0.047000 0.564000 115 105 69
0.961000 0.063000 0.504000 59 42 14
0.921000 0.052000 0.532000 109 100 67
0.921000 0.055000 0.504000 104 93 63
0.985000 0.073000 0.456000 96 91 71
0.940000 0.056000 0.536000 113 104 73
0.981000 0.079000 0.375000 49 39 27
0.981000 0.078000 0.385000 58 50 37
0.917000 0.062000 0.419000 74 66 47
0.952000 0.067000 0.446000 104 96 77
0.931000 0.052000 0.563000 123 120 89
0.939000 0.056000 0.531000 123 114 83
0.941000 0.064000 0.448000 102 91 73
0.989000 0.080000 0.383000 81 72 63
0.957000 0.073000 0.384000 93 86 76
1.014000 0.085000 0.390000 81 78 69
0.938000 0.071000 0.364000 85 75 63
1.002000 0.079000 0.422000 99 92 76
0.907000 0.051000 0.515000 99 89 62
0.965000 0.071000 0.431000 72 64 43
0.900000 0.049000 0.516000 96 86 59
1.011000 0.083000 0.404000 82 76 62
0.921000 0.062000 0.429000 80 69 51
0.899000 0.043000 0.582000 111 102 63
0.978000 0.071000 0.459000 82 71 49
1.024000 0.072000 0.459000 86 78 55
0.971000 0.047000 0.572000 117 105 81
1.034000 0.077000 0.437000 85 73 51
0.937000 0.044000 0.594000 89 74 51
1.018000 0.078000 0.437000 75 67 44
0.922000 0.040000 0.612000 137 121 95
0.949000 0.044000 0.591000 60 43 17
1.044000 0.079000 0.427000 95 83 67
1.025000 0.053000 0.538000 112 99 67
0.983000 0.056000 0.532000 107 95 71
0.976000 0.037000 0.613000 98 82 48
1.038000 0.031000 0.622000 107 92 71
0.988000 0.038000 0.607000 93 84 51
1.006000 0.054000 0.535000 98 82 56
1.044000 0.055000 0.524000 107 92 59
1.021000 0.052000 0.540000 113 100 68
1.037000 0.064000 0.488000 98 89 60
1.051000 0.049000 0.546000 106 93 61
1.012000 0.049000 0.556000 110 97 65
0.993000 0.042000 0.587000 104 89 56
0.967000 0.055000 0.543000 113 101 79
1.031000 0.035000 0.608000 107 96 64
1.012000 0.048000 0.560000 112 99 67
1.053000 0.038000 0.592000 103 93 66
1.036000 0.073000 0.452000 93 78 55
1.012000 0.055000 0.532000 107 92 63
1.011000 0.072000 0.461000 83 76 48
1.056000 0.033000 0.612000 91 90 69
0.986000 0.070000 0.478000 107 101 79
0.932000 0.046000 0.587000 122 115 87
1.018000 0.076000 0.444000 74 69 40
1.008000 0.058000 0.519000 99 83 60
0.998000 0.069000 0.478000 90 85 56
0.992000 0.041000 0.594000 104 91 59
1.042000 0.067000 0.477000 96 87 58
1.212000 0.002000 0.606000 131 117 80
1.181000 0.014000 0.581000 144 120 82
1.068000 0.063000 0.478000 113 89 65
1.071000 0.077000 0.418000 56 54 41
1.105000 0.028000 0.597000 104 93 63
1.164000 0.025000 0.553000 154 132 95
1.067000 0.054000 0.521000 108 93 60
1.116000 0.024000 0.600000 109 96 61
1.121000 0.039000 0.533000 135 115 91
1.237000 0.000000 0.589000 16 8 0
1.131000 0.036000 0.535000 146 123 89
1.115000 0.035000 0.557000 124 107 77
1.129000 0.051000 0.474000 44 35 26
1.082000 0.044000 0.551000 105 91 65
1.087000 0.047000 0.531000 109 94 71
1.155000 0.029000 0.544000 166 141 101
1.132000 0.024000 0.588000 124 108 75
1.058000 0.080000 0.415000 94 88 74
1.078000 0.030000 0.615000 95 86 57
1.147000 0.034000 0.531000 161 137 99
1.089000 0.072000 0.421000 13 13 3
1.189000 0.010000 0.594000 143 120 78
1.161000 0.022000 0.569000 157 132 91
1.063000 0.062000 0.491000 106 90 64
1.088000 0.035000 0.582000 100 89 59
1.070000 0.066000 0.465000 108 87 66
1.065000 0.056000 0.511000 106 91 62
1.086000 0.033000 0.591000 93 86 58
1.113000 0.054000 0.477000 120 104 91
1.095000 0.029000 0.603000 95 88 60
1.061000 0.080000 0.413000 88 84 75
1.105000 0.096000 0.424000 17 14 5
1.169000 0.038000 0.506000 31 19 5
1.071000 0.107000 0.387000 22 17 13
1.112000 0.083000 0.436000 24 22 10
1.117000 0.071000 0.444000 22 20 7
1.060000 0.107000 0.377000 48 43 37
1.103000 0.098000 0.421000 17 14 5
1.127000 0.093000 0.447000 27 19 8
1.101000 0.102000 0.419000 17 14 5
1.066000 0.163000 0.364000 11 10 16
1.182000 0.037000 0.519000 30 20 10
1.162000 0.073000 0.488000 28 22 8
1.165000 0.066000 0.493000 32 23 6
1.096000 0.105000 0.412000 19 19 11
1.068000 0.164000 0.366000 11 10 15
1.054000 0.108000 0.370000 53 49 46
1.127000 0.075000 0.452000 19 19 7
1.155000 0.217000 0.185000 7 7 7
1.079000 0.214000 0.077000 5 5 5
1.112000 0.235000 0.258000 7 7 7
1.115000 0.212000 0.099000 5 5 5
1.091000 0.226000 0.172000 6 6 4
1.163000 0.216000 0.187000 7 7 7
1.092000 0.218000 0.117000 5 5 5
1.124000 0.220000 0.166000 6 6 6
1.153000 0.219000 0.189000 7 7 7
1.085000 0.215000 0.086000 5 5 5
1.147000 0.219000 0.190000 7 7 7
1.107000 0.224000 0.175000 6 6 6
1.090000 0.227000 0.175000 6 6 4
1.083000 0.215000 0.087000 5 5 5
1.094000 0.233000 0.219000 6 6 6
1.126000 0.225000 0.203000 7 7 7
1.173000 0.215000 0.189000 8 8 8
1.081000 0.225000 0.153000 4 4 4
1.080000 0.214000 0.078000 5 5 5
1.124000 0.219000 0.162000 6 6 6
1.141000 0.216000 0.155000 6 6 6
1.087000 0.222000 0.140000 5 5 5
1.088000 0.210000 0.059000 5 5 5
1.097000 0.244000 0.298000 6 6 6
1.122000 0.215000 0.128000 5 5 5
1.106000 0.192000 0.352000 6 6 6
1.115000 0.203000 0.346000 6 6 6
1.161000 0.198000 0.352000 6 6 6
1.244000 0.237000 0.334000 4 4 4
1.116000 0.222000 0.334000 5 5 5
1.322000 0.229000 0.345000 5 5 5
1.185000 0.211000 0.346000 6 6 6
1.187000 0.198000 0.354000 6 6 6
1.225000 0.217000 0.345000 5 5 5
1.333000 0.226000 0.348000 5 5 5
1.115000 0.229000 0.330000 5 5 5
1.169000 0.229000 0.334000 6 6 6
1.218000 0.211000 0.349000 5 5 5
1.221000 0.233000 0.335000 5 5 5
1.312000 0.230000 0.344000 4 4 4
1.090000 0.181000 0.357000 31 31 23
1.090000 0.188000 0.353000 8 8 8
1.093000 0.220000 0.334000 6 6 6
1.150000 0.213000 0.342000 6 6 6
1.118000 0.213000 0.340000 5 5 5
1.225000 0.237000 0.333000 5 5 5
1.281000 0.219000 0.349000 4 4 4
1.108000 0.223000 0.333000 6 6 6
1.119000 0.236000 0.325000 6 6 6
1.125000 0.240000 0.324000 5 5 5
1.276000 0.147000 0.490000 36 24 24
1.270000 0.075000 0.545000 18 14 11
1.246000 0.124000 0.493000 21 21 19
1.169000 0.117000 0.459000 26 23 18
1.193000 0.159000 0.437000 37 22 19
1.305000 0.122000 0.525000 12 13 17
1.226000 0.163000 0.451000 43 32 28
1.368000 0.153000 0.531000 11 13 12
1.294000 0.150000 0.496000 30 22 20
1.236000 0.095000 0.512000 14 14 14
1.249000 0.091000 0.522000 17 16 14
1.312000 0.088000 0.555000 17 17 15
1.345000 0.163000 0.511000 34 22 22
1.283000 0.150000 0.491000 36 24 24
1.194000 0.056000 0.522000 32 21 1
1.073000 0.167000 0.370000 8 11 16
1.300000 0.136000 0.511000 11 11 11
1.306000 0.137000 0.513000 11 11 11
1.285000 0.085000 0.545000 11 10 8
1.142000 0.137000 0.429000 16 13 8
1.198000 0.159000 0.440000 37 23 20
1.216000 0.085000 0.509000 16 15 13
1.110000 0.152000 0.401000 24 21 12
1.214000 0.053000 0.535000 77 73 64
1.106000 0.139000 0.410000 36 35 30
1.304000 0.106000 0.538000 15 19 18
1.362000 0.155000 0.527000 14 14 14
1.254000 0.026000 0.577000 98 89 72
1.286000 0.058000 0.567000 21 18 11
1.229000 0.048000 0.546000 66 59 49
1.229000 0.070000 0.529000 12 9 4
1.154000 0.093000 0.471000 27 23 14
1.162000 0.138000 0.439000 22 17 11
1.106000 0.149000 0.401000 25 22 13
1.128000 0.149000 0.413000 12 11 6
1.285000 0.139000 0.501000 16 15 13
1.216000 0.120000 0.481000 30 29 27
1.292000 0.127000 0.514000 12 12 12
1.136000 0.117000 0.443000 20 20 8
1.233000 0.039000 0.555000 88 80 69
1.231000 0.115000 0.493000 23 23 21
1.258000 0.065000 0.547000 19 14 10
1.209000 0.124000 0.475000 24 20 21
1.312000 0.120000 0.530000 10 11 13
1.310000 0.124000 0.526000 11 12 14
1.277000 0.125000 0.508000 20 22 21
1.142000 0.134000 0.432000 19 16 9
1.267000 0.227000 0.153000 19 19 19
1.266000 0.225000 0.163000 15 15 15
1.329000 0.225000 0.270000 6 6 6
1.270000 0.221000 0.194000 10 12 11
1.263000 0.219000 0.197000 11 11 11
1.268000 0.218000 0.215000 10 10 10
1.348000 0.224000 0.308000 5 5 5
1.328000 0.225000 0.267000 6 6 6
1.329000 0.224000 0.276000 5 5 5
1.243000 0.213000 0.203000 9 9 9
1.308000 0.234000 0.172000 10 12 11
1.263000 0.218000 0.204000 10 10 10
1.381000 0.229000 0.328000 6 6 4
1.287000 0.236000 0.131000 28 29 31
1.362000 0.231000 0.282000 6 6 6
1.232000 0.213000 0.186000 9 11 10
1.236000 0.219000 0.152000 10 10 10
1.261000 0.224000 0.160000 14 14 14
1.264000 0.220000 0.195000 9 11 10
1.282000 0.236000 0.121000 24 28 27
1.261000 0.226000 0.151000 17 17 17
1.325000 0.228000 0.242000 7 7 7
1.289000 0.224000 0.210000 10 10 10
1.268000 0.231000 0.312000 6 6 6
1.253000 0.231000 0.308000 5 5 5
1.179000 0.220000 0.220000 10 10 10
1.273000 0.232000 0.321000 5 5 5
1.320000 0.221000 0.287000 5 5 5
1.174000 0.238000 0.309000 6 6 6
1.193000 0.220000 0.230000 11 11 11
1.275000 0.230000 0.313000 6 6 6
1.220000 0.214000 0.213000 11 11 11
1.159000 0.240000 0.313000 6 6 6
1.137000 0.242000 0.309000 6 6 6
1.216000 0.237000 0.319000 6 6 6
1.234000 0.222000 0.255000 9 9 9
1.184000 0.220000 0.222000 10 10 10
1.203000 0.210000 0.185000 11 11 11
1.195000 0.217000 0.216000 11 11 11
1.274000 0.225000 0.284000 7 7 7
1.326000 0.231000 0.338000 5 5 5
1.270000 0.226000 0.289000 6 6 6
1.343000 0.229000 0.336000 4 4 4
1.329000 0.225000 0.312000 5 5 5
1.242000 0.227000 0.284000 6 6 6
1.213000 0.224000 0.255000 11 11 9
1.215000 0.238000 0.322000 5 5 5
1.148000 0.232000 0.265000 8 8 8
1.276000 0.228000 0.302000 6 6 6
1.172000 0.224000 0.241000 10 10 10
1.296000 0.220000 0.273000 7 7 7
1.233000 0.216000 0.226000 10 10 10
1.143000 0.231000 0.259000 8 8 8
1.183000 0.236000 0.303000 7 7 7
1.296000 0.220000 0.272000 7 7 7
1.215000 0.234000 0.305000 6 6 6
1.224000 0.236000 0.318000 5 5 5
1.300000 0.225000 0.299000 6 6 6
1.326000 0.223000 0.300000 5 5 5
1.177000 0.236000 0.299000 7 7 7
1.235000 0.217000 0.231000 10 10 10
1.196000 0.236000 0.307000 7 7 7
1.344000 0.234000 0.224000 14 13 11
1.373000 0.229000 0.286000 9 8 6
1.312000 0.238000 0.145000 14 12 13
1.341000 0.233000 0.206000 13 12 10
1.339000 0.232000 0.172000 13 12 10
1.377000 0.228000 0.284000 14 10 7
1.349000 0.227000 0.146000 15 11 10
1.339000 0.228000 0.111000 13 12 10
1.390000 0.228000 0.347000 6 6 6
1.318000 0.235000 0.127000 13 14 9
1.353000 0.231000 0.231000 12 11 9
1.336000 0.227000 0.076000 16 12 13
1.345000 0.233000 0.217000 13 12 10
1.346000 0.115000 0.548000 11 12 7
1.298000 0.033000 0.584000 16 13 8
1.322000 0.053000 0.574000 14 14 12
1.357000 0.070000 0.564000 15 15 13
1.345000 0.034000 0.578000 19 15 12
1.325000 0.059000 0.571000 14 14 14
1.307000 0.031000 0.583000 12 14 11
1.363000 0.062000 0.566000 13 12 8
1.358000 0.106000 0.550000 9 9 9
1.287000 0.027000 0.587000 30 27 20
1.275000 0.013000 0.594000 84 80 69
1.356000 0.069000 0.564000 13 13 11
1.369000 0.034000 0.576000 43 38 32
1.344000 0.016000 0.585000 25 17 14
1.348000 0.058000 0.569000 10 12 11
1.329000 0.082000 0.562000 12 14 13
1.331000 0.203000 0.394000 16 12 13
1.364000 0.178000 0.480000 69 41 30
1.346000 0.210000 0.383000 9 7 8
1.289000 0.176000 0.453000 55 34 31
1.168000 0.175000 0.402000 65 57 46
1.306000 0.186000 0.433000 58 37 34
1.235000 0.189000 0.394000 92 75 49
1.171000 0.185000 0.377000 49 39 29
1.269000 0.185000 0.420000 44 24 15
1.318000 0.170000 0.481000 63 40 34
1.317000 0.180000 0.452000 58 37 34
1.383000 0.199000 0.428000 73 44 30
1.379000 0.184000 0.469000 75 42 35
1.369000 0.190000 0.447000 70 39 34
1.329000 0.176000 0.471000 63 38 31
1.179000 0.179000 0.398000 94 81 62
1.216000 0.196000 0.364000 6 6 6
1.382000 0.204000 0.414000 148 110 91
1.206000 0.178000 0.411000 44 24 15
1.275000 0.197000 0.388000 25 19 7
1.356000 0.178000 0.476000 68 41 32
1.318000 0.186000 0.437000 58 37 34
1.278000 0.182000 0.430000 57 36 31
1.293000 0.205000 0.373000 4 4 4
1.354000 0.217000 0.364000 5 5 5
1.264000 0.170000 0.458000 49 32 22
1.286000 0.184000 0.429000 60 39 34
1.341000 0.195000 0.422000 67 38 30
1.262000 0.177000 0.438000 57 33 29
1.301000 0.199000 0.392000 18 11 1
1.313000 0.197000 0.403000 73 58 39
1.213000 0.184000 0.398000 94 76 52
1.127000 0.182000 0.366000 18 14 13
1.185000 0.193000 0.360000 6 6 6
1.215000 0.169000 0.439000 186 178 167
1.344000 0.165000 0.508000 42 28 28
1.345000 0.204000 0.398000 27 20 14
1.281000 0.204000 0.370000 5 5 5
1.307000 0.174000 0.465000 58 37 34
1.372000 0.187000 0.459000 70 40 32
1.169000 0.182000 0.385000 99 84 61
1.267000 0.170000 0.459000 52 34 24
1.265000 0.203000 0.368000 5 5 5
1.328000 0.170000 0.485000 62 37 32
1.339000 0.168000 0.496000 61 40 35
1.261000 0.184000 0.417000 43 25 15
1.313000 0.167000 0.488000 59 38 33
0.067000 0.306000 0.493000 146 149 130
0.068000 0.285000 0.493000 84 76 53
0.071000 0.269000 0.485000 81 71 46
0.093000 0.196000 0.413000 77 69 46
0.070000 0.187000 0.498000 87 79 43
0.069000 0.296000 0.489000 76 69 50
0.072000 0.270000 0.481000 81 71 46
0.072000 0.292000 0.478000 85 84 66
0.091000 0.221000 0.419000 69 63 39
0.077000 0.236000 0.468000 73 66 40
0.078000 0.237000 0.462000 74 67 41
0.083000 0.243000 0.444000 75 67 44
0.072000 0.391000 0.063000 102 88 49
0.079000 0.361000 0.072000 94 79 50
0.073000 0.361000 0.090000 103 90 56
0.067000 0.398000 0.074000 123 106 60
0.248000 0.337000 0.069000 144 138 116
0.220000 0.335000 0.059000 144 140 113
0.511000 0.438000 0.075000 142 145 126
0.523000 0.434000 0.072000 159 160 142
0.592000 0.406000 0.072000 49 49 41
0.564000 0.415000 0.079000 144 148 131
0.563000 0.407000 0.100000 68 70 57
0.547000 0.422000 0.079000 149 152 133
0.544000 0.419000 0.090000 148 151 132
0.578000 0.413000 0.069000 73 71 58
0.676000 0.378000 0.060000 38 37 33
0.613000 0.429000 0.148000 46 47 39
0.636000 0.403000 0.105000 51 52 46
0.708000 0.393000 0.093000 40 39 34
0.639000 0.422000 0.139000 50 51 45
0.678000 0.396000 0.097000 44 43 38
0.688000 0.401000 0.106000 47 47 39
0.698000 0.382000 0.075000 37 38 33
0.740000 0.382000 0.078000 36 35 31
0.696000 0.392000 0.091000 41 40 35
0.585000 0.402000 0.100000 45 46 41
0.680000 0.399000 0.103000 46 46 38
0.677000 0.401000 0.105000 52 49 42
0.652000 0.385000 0.076000 60 59 54
0.689000 0.381000 0.073000 37 36 32
0.687000 0.383000 0.076000 37 38 32
0.636000 0.387000 0.078000 54 55 49
0.633000 0.430000 0.152000 49 50 42
0.722000 0.446000 0.301000 65 66 60
0.699000 0.447000 0.243000 51 52 46
0.754000 0.450000 0.257000 63 64 58
0.699000 0.444000 0.328000 66 67 59
0.698000 0.446000 0.258000 52 53 47
0.695000 0.442000 0.370000 62 61 56
0.759000 0.450000 0.256000 63 64 58
0.688000 0.445000 0.278000 59 58 53
0.672000 0.445000 0.243000 50 51 45
0.680000 0.443000 0.314000 70 71 63
0.673000 0.445000 0.237000 50 51 45
0.720000 0.448000 0.247000 56 57 51
0.758000 0.450000 0.275000 68 67 62
0.667000 0.444000 0.258000 53 53 45
0.729000 0.448000 0.261000 59 60 55
0.732000 0.450000 0.224000 59 58 53
0.699000 0.448000 0.219000 53 53 45
0.705000 0.442000 0.373000 62 62 54
0.679000 0.443000 0.315000 71 73 62
0.744000 0.448000 0.300000 66 65 60
0.677000 0.441000 0.352000 70 70 62
0.673000 0.440000 0.384000 66 66 58
0.797000 0.419000 0.161000 43 42 37
0.818000 0.409000 0.147000 39 38 34
0.761000 0.411000 0.137000 45 44 39
0.725000 0.408000 0.122000 47 44 37
0.819000 0.407000 0.143000 39 38 34
0.769000 0.373000 0.066000 27 26 24
0.711000 0.413000 0.130000 57 54 47
0.754000 0.411000 0.136000 47 44 37
0.728000 0.424000 0.155000 74 71 64
0.729000 0.398000 0.105000 45 42 37
0.806000 0.390000 0.107000 32 31 29
0.785000 0.413000 0.146000 47 43 40
0.799000 0.392000 0.109000 35 34 32
0.785000 0.389000 0.101000 35 34 32
0.779000 0.421000 0.161000 49 48 43
0.747000 0.426000 0.163000 70 67 60
0.709000 0.427000 0.156000 77 74 65
0.797000 0.376000 0.079000 24 23 19
0.791000 0.392000 0.108000 36 35 33
0.774000 0.390000 0.099000 35 35 35
0.794000 0.382000 0.090000 31 30 28
0.710000 0.411000 0.124000 55 52 45
0.801000 0.403000 0.131000 39 38 34
0.725000 0.400000 0.108000 46 43 38
0.744000 0.401000 0.114000 44 40 37
0.786000 0.407000 0.136000 42 41 36
0.758000 0.420000 0.153000 56 53 44
0.750000 0.397000 0.108000 41 40 35
0.733000 0.442000 0.199000 59 58 53
0.772000 0.440000 0.209000 67 66 61
0.798000 0.435000 0.204000 74 75 69
0.678000 0.445000 0.183000 48 49 41
0.800000 0.426000 0.177000 76 75 70
0.811000 0.435000 0.211000 76 77 71
0.685000 0.448000 0.196000 48 49 41
0.718000 0.446000 0.206000 56 56 48
0.738000 0.444000 0.208000 59 59 51
0.790000 0.448000 0.243000 70 71 63
0.762000 0.440000 0.205000 65 64 59
0.792000 0.440000 0.219000 69 70 64
0.875000 0.430000 0.539000 79 84 90
0.779000 0.435000 0.467000 118 120 115
0.764000 0.430000 0.559000 37 40 29
0.790000 0.433000 0.509000 80 81 83
0.881000 0.431000 0.513000 108 109 111
0.845000 0.432000 0.514000 28 28 26
0.754000 0.429000 0.581000 44 48 49
0.914000 0.430000 0.525000 73 80 86
0.766000 0.433000 0.509000 48 52 55
0.840000 0.432000 0.511000 15 15 13
0.711000 0.430000 0.568000 17 16 21
0.875000 0.432000 0.500000 44 44 44
0.687000 0.433000 0.513000 97 96 104
0.726000 0.431000 0.562000 21 22 17
0.745000 0.429000 0.585000 71 77 77
0.839000 0.431000 0.523000 48 48 46
0.902000 0.430000 0.525000 100 105 111
0.710000 0.435000 0.484000 25 24 20
0.692000 0.429000 0.599000 33 32 27
0.775000 0.432000 0.527000 18 19 23
0.766000 0.431000 0.537000 9 10 14
0.727000 0.434000 0.500000 117 122 115
0.854000 0.432000 0.504000 21 20 18
0.704000 0.429000 0.600000 28 29 31
0.778000 0.435000 0.468000 118 120 115
0.683000 0.436000 0.456000 66 70 56
0.749000 0.435000 0.463000 15 20 16
0.718000 0.429000 0.586000 50 50 48
0.727000 0.434000 0.496000 94 100 88
0.764000 0.448000 0.319000 60 61 55
0.695000 0.440000 0.412000 67 67 57
0.876000 0.451000 0.363000 64 66 61
0.788000 0.449000 0.319000 60 61 53
0.896000 0.453000 0.337000 79 80 72
0.790000 0.450000 0.310000 61 61 53
0.800000 0.450000 0.314000 60 59 54
0.776000 0.445000 0.381000 66 66 58
0.748000 0.444000 0.383000 64 64 56
0.817000 0.448000 0.369000 71 70 65
0.847000 0.449000 0.366000 74 74 66
0.892000 0.451000 0.358000 51 53 48
0.879000 0.452000 0.345000 77 77 69
0.766000 0.449000 0.298000 66 65 60
0.815000 0.449000 0.349000 70 69 64
0.785000 0.446000 0.368000 68 67 62
0.769000 0.446000 0.367000 64 64 54
0.793000 0.449000 0.328000 61 62 56
0.790000 0.447000 0.354000 65 64 59
0.867000 0.450000 0.363000 75 76 68
0.873000 0.453000 0.316000 77 76 71
0.889000 0.452000 0.346000 73 76 67
0.751000 0.445000 0.365000 61 61 51
0.800000 0.450000 0.318000 61 60 55
0.861000 0.436000 0.282000 80 77 70
0.834000 0.437000 0.266000 72 73 67
0.861000 0.433000 0.279000 80 77 70
0.893000 0.433000 0.300000 67 69 66
0.914000 0.407000 0.281000 15 16 11
0.799000 0.450000 0.259000 72 72 64
0.928000 0.442000 0.335000 38 38 38
0.854000 0.453000 0.300000 73 74 68
0.925000 0.453000 0.346000 100 100 100
0.863000 0.431000 0.278000 79 79 71
0.785000 0.436000 0.459000 134 135 129
0.726000 0.438000 0.436000 77 80 71
0.906000 0.444000 0.415000 144 145 149
0.680000 0.438000 0.432000 68 68 58
0.910000 0.445000 0.408000 147 147 145
0.800000 0.436000 0.457000 102 107 103
0.848000 0.439000 0.445000 157 163 163
0.891000 0.437000 0.466000 10 10 10
0.928000 0.438000 0.463000 38 39 34
0.885000 0.439000 0.447000 72 73 78
0.890000 0.451000 0.368000 84 84 82
0.893000 0.432000 0.500000 67 67 69
0.737000 0.439000 0.434000 63 65 60
0.830000 0.434000 0.475000 57 63 75
0.768000 0.443000 0.407000 68 68 56
0.904000 0.439000 0.452000 17 17 17
0.856000 0.447000 0.387000 84 89 85
0.859000 0.444000 0.412000 9 13 12
0.800000 0.440000 0.429000 47 48 52
0.869000 0.440000 0.441000 120 123 130
0.836000 0.443000 0.414000 24 28 29
0.815000 0.438000 0.448000 115 121 117
0.870000 0.444000 0.413000 52 57 53
0.809000 0.438000 0.446000 116 121 117
0.932000 0.442000 0.434000 26 27 29
0.898000 0.436000 0.469000 17 17 15
0.843000 0.434000 0.481000 31 35 38
0.787000 0.439000 0.435000 65 66 70
0.930000 0.451000 0.369000 50 52 51
0.827000 0.441000 0.430000 43 48 44
0.926000 0.445000 0.411000 38 40 39
0.824000 0.435000 0.471000 84 91 97
0.706000 0.437000 0.439000 72 73 65
0.889000 0.444000 0.414000 88 90 89
0.845000 0.441000 0.432000 113 118 112
1.377000 0.142000 0.205000 28 18 19
1.343000 0.140000 0.088000 17 12 9
1.315000 0.143000 0.079000 14 10 7
1.511000 0.117000 0.081000 59 32 23
1.465000 0.125000 0.119000 45 28 21
1.450000 0.124000 0.073000 39 24 21
1.418000 0.131000 0.104000 33 21 21
1.440000 0.129000 0.128000 40 26 23
1.444000 0.131000 0.171000 45 30 27
1.460000 0.124000 0.091000 43 28 25
1.519000 0.117000 0.108000 63 36 27
1.450000 0.128000 0.137000 44 29 26
1.354000 0.139000 0.102000 21 16 13
1.521000 0.114000 0.065000 54 31 23
1.403000 0.139000 0.211000 36 21 16
1.502000 0.117000 0.071000 58 31 24
1.380000 0.138000 0.146000 28 18 17
1.418000 0.129000 0.084000 33 21 21
1.483000 0.125000 0.153000 55 35 28
1.470000 0.122000 0.077000 47 28 22
1.523000 0.115000 0.070000 61 31 23
1.468000 0.127000 0.161000 51 32 26
1.405000 0.133000 0.115000 32 22 21
1.369000 0.139000 0.142000 25 17 15
1.333000 0.140000 0.068000 16 12 9
1.374000 0.139000 0.150000 27 17 16
1.407000 0.138000 0.215000 39 21 17
1.529000 0.114000 0.072000 62 32 22
1.361000 0.141000 0.148000 25 17 15
1.349000 0.143000 0.156000 22 14 12
1.424000 0.131000 0.129000 36 25 23
1.393000 0.142000 0.240000 17 9 7
1.402000 0.131000 0.075000 28 18 17
1.374000 0.136000 0.090000 23 15 13
1.423000 0.132000 0.139000 39 25 24
1.447000 0.124000 0.062000 38 22 22
1.360000 0.142000 0.161000 25 17 14
1.400000 0.139000 0.209000 36 21 18
1.455000 0.124000 0.075000 42 24 22
1.409000 0.143000 0.240000 24 13 11
1.553000 0.132000 0.143000 71 38 29
1.572000 0.146000 0.174000 76 43 34
1.584000 0.136000 0.141000 74 41 34
1.450000 0.134000 0.197000 45 30 25
1.416000 0.146000 0.246000 23 13 11
1.626000 0.146000 0.150000 57 29 25
1.429000 0.144000 0.233000 39 24 21
1.590000 0.144000 0.159000 79 42 36
1.574000 0.146000 0.173000 76 43 34
1.581000 0.114000 0.084000 37 30 24
1.481000 0.147000 0.218000 54 34 25
1.502000 0.154000 0.226000 64 40 30
1.578000 0.144000 0.164000 74 39 33
1.535000 0.153000 0.209000 66 42 32
1.550000 0.130000 0.140000 72 39 30
1.569000 0.119000 0.102000 64 41 33
1.454000 0.132000 0.190000 46 33 27
1.536000 0.121000 0.122000 62 38 26
1.450000 0.134000 0.198000 44 29 24
1.537000 0.116000 0.109000 69 39 29
1.573000 0.158000 0.205000 76 46 35
1.621000 0.138000 0.129000 63 29 27
1.523000 0.154000 0.217000 69 41 30
1.593000 0.142000 0.152000 75 42 35
1.576000 0.136000 0.143000 75 41 32
1.532000 0.125000 0.135000 64 40 28
1.471000 0.136000 0.192000 51 37 28
1.638000 0.163000 0.189000 67 44 36
1.439000 0.134000 0.200000 42 27 22
1.580000 0.158000 0.201000 74 44 36
1.588000 0.114000 0.079000 42 33 28
1.471000 0.147000 0.222000 51 31 24
1.513000 0.154000 0.250000 67 40 29
1.543000 0.156000 0.248000 74 46 34
1.591000 0.154000 0.309000 77 47 36
1.617000 0.160000 0.229000 85 48 40
1.457000 0.152000 0.252000 47 28 22
1.532000 0.151000 0.308000 63 35 31
1.638000 0.155000 0.332000 136 130 106
1.643000 0.159000 0.265000 87 63 53
1.633000 0.157000 0.293000 77 49 38
1.600000 0.159000 0.229000 84 46 37
1.543000 0.153000 0.296000 72 42 34
1.591000 0.158000 0.242000 87 53 41
1.640000 0.161000 0.225000 72 45 36
1.638000 0.159000 0.269000 77 47 39
1.494000 0.149000 0.311000 53 29 27
1.610000 0.157000 0.270000 84 47 39
1.599000 0.156000 0.285000 85 49 37
1.611000 0.152000 0.347000 128 126 101
1.572000 0.153000 0.306000 78 43 37
1.605000 0.160000 0.222000 85 46 39
1.616000 0.155000 0.304000 79 45 35
1.644000 0.162000 0.218000 68 46 35
1.621000 0.153000 0.351000 123 121 96
1.618000 0.161000 0.219000 80 43 37
1.473000 0.152000 0.250000 55 30 25
1.458000 0.150000 0.278000 47 28 22
1.626000 0.161000 0.226000 74 41 32
1.626000 0.159000 0.259000 81 44 36
1.548000 0.154000 0.283000 76 46 35
1.457000 0.149000 0.295000 45 26 20
1.545000 0.152000 0.300000 72 42 34
1.604000 0.157000 0.275000 88 51 42
1.468000 0.151000 0.275000 50 29 24
1.537000 0.152000 0.296000 69 40 32
1.463000 0.149000 0.295000 49 28 23
1.677000 0.147000 0.103000 64 50 41
1.717000 0.166000 0.120000 74 66 64
1.688000 0.152000 0.107000 55 46 37
1.792000 0.172000 0.064000 106 91 98
1.655000 0.146000 0.121000 56 42 31
1.685000 0.161000 0.137000 68 55 49
1.657000 0.147000 0.121000 56 42 31
1.640000 0.157000 0.171000 38 21 13
1.716000 0.164000 0.116000 75 64 68
1.672000 0.136000 0.074000 79 62 52
1.629000 0.144000 0.141000 53 28 23
1.659000 0.133000 0.076000 66 52 43
1.754000 0.169000 0.094000 100 90 91
1.767000 0.171000 0.086000 111 100 104
1.789000 0.172000 0.066000 105 90 97
1.751000 0.166000 0.086000 102 92 93
1.646000 0.142000 0.116000 57 48 39
1.717000 0.153000 0.081000 71 60 54
1.723000 0.162000 0.104000 78 68 67
1.760000 0.163000 0.069000 108 98 99
0.229000 0.382000 0.242000 112 104 58
0.271000 0.378000 0.208000 133 128 96
0.257000 0.383000 0.231000 130 125 95
0.252000 0.375000 0.211000 133 128 98
0.290000 0.397000 0.254000 130 129 98
0.264000 0.377000 0.209000 132 127 95
0.267000 0.385000 0.233000 133 128 96
0.247000 0.386000 0.246000 132 128 90
0.303000 0.392000 0.335000 137 140 121
0.126000 0.380000 0.328000 118 115 84
0.365000 0.394000 0.339000 164 170 156
0.151000 0.381000 0.330000 133 129 104
0.161000 0.383000 0.328000 109 105 70
0.083000 0.373000 0.332000 137 140 121
0.226000 0.389000 0.330000 98 96 75
0.301000 0.410000 0.314000 133 128 88
0.372000 0.396000 0.338000 160 166 152
0.122000 0.375000 0.333000 131 129 104
0.346000 0.406000 0.324000 132 129 96
0.379000 0.401000 0.333000 126 127 109
0.284000 0.413000 0.308000 112 101 55
0.124000 0.372000 0.374000 71 65 39
0.126000 0.372000 0.446000 123 111 73
0.229000 0.372000 0.460000 131 119 77
0.107000 0.372000 0.440000 119 107 67
0.226000 0.373000 0.538000 127 119 73
0.318000 0.373000 0.571000 146 151 131
0.210000 0.372000 0.440000 134 119 80
0.282000 0.373000 0.541000 130 117 73
0.326000 0.373000 0.583000 157 166 149
0.317000 0.373000 0.536000 130 117 75
0.179000 0.372000 0.470000 125 118 74
0.287000 0.373000 0.567000 121 122 90
0.223000 0.373000 0.534000 127 118 75
0.211000 0.373000 0.535000 129 118 73
0.376000 0.373000 0.591000 83 85 71
0.204000 0.372000 0.444000 130 117 73
0.106000 0.372000 0.429000 115 106 67
0.138000 0.373000 0.545000 123 111 73
0.109000 0.372000 0.472000 121 108 73
0.177000 0.372000 0.415000 125 116 77
0.235000 0.372000 0.458000 128 119 76
0.113000 0.373000 0.546000 123 109 74
0.284000 0.373000 0.580000 148 155 137
0.265000 0.373000 0.566000 91 90 60
0.315000 0.373000 0.567000 127 131 106
0.343000 0.373000 0.589000 151 150 130
0.137000 0.372000 0.419000 120 108 66
0.141000 0.373000 0.547000 123 111 73
0.140000 0.373000 0.564000 122 107 68
0.149000 0.373000 0.523000 123 114 73
0.197000 0.372000 0.483000 126 118 72
0.128000 0.372000 0.438000 122 113 74
0.249000 0.373000 0.472000 130 118 78
0.180000 0.373000 0.571000 112 104 68
0.232000 0.373000 0.544000 125 114 69
0.264000 0.373000 0.537000 128 116 76
0.233000 0.373000 0.560000 118 109 70
0.180000 0.372000 0.441000 120 112 73
0.187000 0.372000 0.479000 126 118 72
0.124000 0.372000 0.391000 94 85 44
0.227000 0.373000 0.519000 129 120 77
0.428000 0.398000 0.335000 127 124 89
0.414000 0.394000 0.291000 126 124 85
0.339000 0.378000 0.106000 145 141 116
0.358000 0.383000 0.225000 142 136 110
0.354000 0.383000 0.229000 141 134 106
0.349000 0.380000 0.118000 145 141 116
0.342000 0.379000 0.142000 143 141 118
0.364000 0.384000 0.229000 142 137 108
0.357000 0.383000 0.215000 142 136 110
0.346000 0.379000 0.092000 146 145 117
0.346000 0.380000 0.135000 142 142 118
0.329000 0.392000 0.254000 139 134 105
0.386000 0.398000 0.310000 133 130 97
0.329000 0.404000 0.297000 132 127 97
0.319000 0.380000 0.200000 141 135 111
0.333000 0.390000 0.248000 139 135 106
0.322000 0.393000 0.253000 139 134 105
0.331000 0.397000 0.271000 137 132 102
0.298000 0.404000 0.276000 130 126 97
0.293000 0.373000 0.502000 135 123 83
0.263000 0.383000 0.369000 81 70 40
0.169000 0.374000 0.388000 105 93 53
0.401000 0.382000 0.497000 144 135 94
0.413000 0.382000 0.502000 131 126 88
0.383000 0.380000 0.498000 135 128 86
0.361000 0.390000 0.377000 110 99 53
0.404000 0.375000 0.566000 122 118 73
0.236000 0.375000 0.434000 128 119 80
0.281000 0.386000 0.347000 125 132 124
0.344000 0.392000 0.341000 99 103 89
0.410000 0.381000 0.507000 134 126 89
0.189000 0.373000 0.416000 128 119 80
0.414000 0.389000 0.424000 139 134 96
0.202000 0.378000 0.371000 77 67 42
0.377000 0.386000 0.426000 132 123 84
0.107000 0.374000 0.336000 151 153 139
0.372000 0.380000 0.489000 135 126 83
0.135000 0.372000 0.377000 88 77 49
0.180000 0.377000 0.358000 52 45 35
0.249000 0.374000 0.457000 132 120 78
0.383000 0.386000 0.433000 127 122 80
0.265000 0.382000 0.382000 107 99 53
0.306000 0.380000 0.441000 133 121 81
0.337000 0.382000 0.438000 133 124 83
0.360000 0.387000 0.402000 130 121 82
0.263000 0.381000 0.390000 114 106 60
0.224000 0.377000 0.404000 119 111 72
0.385000 0.382000 0.479000 134 127 85
0.332000 0.376000 0.497000 136 124 84
0.268000 0.375000 0.458000 134 119 76
0.314000 0.386000 0.374000 104 95 52
0.363000 0.389000 0.388000 119 111 64
0.404000 0.379000 0.527000 129 122 78
0.414000 0.388000 0.443000 142 134 98
0.269000 0.378000 0.429000 129 120 81
0.349000 0.390000 0.358000 55 54 36
0.295000 0.386000 0.362000 56 54 33
0.326000 0.377000 0.488000 136 124 82
0.229000 0.381000 0.363000 60 54 32
0.384000 0.381000 0.488000 135 127 88
0.286000 0.375000 0.474000 134 120 81
0.357000 0.381000 0.466000 139 126 82
0.412000 0.375000 0.583000 105 104 60
0.368000 0.392000 0.355000 50 48 33
0.274000 0.379000 0.415000 133 125 86
0.283000 0.378000 0.441000 136 121 80
0.261000 0.379000 0.413000 131 123 84
0.299000 0.382000 0.407000 130 120 84
0.330000 0.390000 0.347000 112 113 105
0.190000 0.375000 0.396000 106 98 52
0.327000 0.390000 0.343000 141 144 133
0.375000 0.393000 0.356000 57 52 33
0.183000 0.376000 0.371000 82 76 44
0.348000 0.388000 0.381000 116 104 54
0.320000 0.387000 0.373000 104 96 50
0.429000 0.396000 0.367000 67 67 55
0.194000 0.379000 0.348000 123 131 120
0.307000 0.385000 0.384000 117 106 60
0.367000 0.375000 0.542000 126 116 67
0.381000 0.378000 0.517000 134 126 87
0.196000 0.378000 0.365000 59 51 30
0.380000 0.388000 0.406000 135 126 87
0.283000 0.381000 0.401000 125 116 77
0.154000 0.377000 0.337000 153 155 144
0.354000 0.384000 0.430000 133 126 84
0.404000 0.231000 0.582000 71 68 49
0.422000 0.295000 0.525000 76 69 41
0.428000 0.215000 0.458000 56 50 24
0.421000 0.247000 0.506000 76 70 44
0.414000 0.285000 0.562000 71 66 36
0.427000 0.251000 0.482000 74 66 43
0.407000 0.227000 0.567000 59 53 37
0.409000 0.210000 0.549000 72 54 42
0.415000 0.287000 0.557000 73 66 38
0.413000 0.256000 0.553000 75 70 40
0.418000 0.250000 0.523000 78 71 45
0.414000 0.286000 0.563000 71 66 36
0.430000 0.217000 0.446000 60 54 28
0.408000 0.270000 0.584000 84 86 65
0.418000 0.322000 0.561000 78 71 43
0.416000 0.237000 0.529000 76 69 43
0.416000 0.224000 0.521000 70 63 37
0.409000 0.275000 0.581000 53 55 31
0.430000 0.218000 0.447000 60 54 28
0.428000 0.280000 0.491000 74 68 42
0.428000 0.352000 0.436000 87 77 50
0.426000 0.307000 0.495000 77 70 42
0.428000 0.343000 0.435000 84 74 47
0.431000 0.372000 0.376000 88 84 57
0.434000 0.269000 0.406000 73 68 48
0.432000 0.345000 0.384000 77 71 47
0.428000 0.287000 0.474000 73 67 43
0.432000 0.264000 0.435000 70 63 44
0.432000 0.293000 0.421000 73 69 44
0.429000 0.316000 0.444000 78 71 43
0.420000 0.340000 0.558000 81 74 45
0.422000 0.372000 0.501000 117 109 73
0.433000 0.284000 0.416000 73 68 46
0.425000 0.331000 0.487000 82 75 46
0.433000 0.266000 0.420000 70 63 44
0.425000 0.341000 0.488000 84 77 48
0.422000 0.365000 0.503000 86 79 50
0.430000 0.312000 0.432000 76 70 44
0.431000 0.269000 0.452000 73 64 47
0.431000 0.304000 0.430000 75 69 43
0.429000 0.305000 0.451000 75 69 43
0.427000 0.366000 0.436000 82 75 46
0.433000 0.269000 0.425000 71 64 45
0.433000 0.300000 0.404000 78 72 50
0.428000 0.343000 0.439000 84 74 47
0.421000 0.340000 0.541000 85 76 43
0.423000 0.338000 0.514000 85 79 47
0.423000 0.322000 0.522000 82 75 47
0.435000 0.254000 0.406000 72 64 45
0.432000 0.313000 0.401000 79 74 52
0.428000 0.324000 0.457000 79 74 44
0.443000 0.333000 0.237000 63 60 43
0.438000 0.342000 0.180000 65 62 45
0.434000 0.370000 0.239000 88 80 57
0.439000 0.348000 0.229000 69 62 43
0.453000 0.305000 0.295000 60 54 40
0.441000 0.354000 0.298000 67 64 47
0.435000 0.365000 0.229000 93 86 60
0.435000 0.373000 0.266000 97 87 60
0.432000 0.395000 0.338000 109 104 72
0.449000 0.317000 0.271000 62 56 40
0.441000 0.348000 0.274000 67 61 45
0.441000 0.321000 0.114000 62 59 44
0.441000 0.319000 0.109000 66 62 50
0.444000 0.325000 0.218000 60 57 40
0.354000 0.377000 0.082000 123 123 97
0.361000 0.376000 0.093000 121 118 87
0.388000 0.361000 0.096000 130 126 88
0.408000 0.390000 0.258000 141 137 100
0.405000 0.362000 0.141000 123 113 77
0.397000 0.364000 0.129000 132 126 90
0.420000 0.368000 0.200000 112 102 67
0.418000 0.350000 0.125000 98 91 63
0.429000 0.349000 0.150000 72 60 44
0.411000 0.340000 0.072000 93 86 60
0.429000 0.376000 0.252000 91 84 55
0.369000 0.372000 0.099000 107 104 73
0.431000 0.335000 0.096000 72 67 47
0.411000 0.387000 0.250000 137 133 96
0.409000 0.379000 0.216000 132 126 90
0.418000 0.392000 0.286000 128 126 85
0.372000 0.375000 0.117000 164 161 130
0.370000 0.383000 0.142000 143 139 112
0.379000 0.378000 0.144000 141 138 107
0.425000 0.344000 0.117000 67 60 42
0.432000 0.326000 0.064000 81 76 54
0.417000 0.353000 0.134000 93 84 55
0.397000 0.357000 0.105000 127 122 84
0.417000 0.338000 0.076000 74 68 46
0.434000 0.387000 0.339000 77 73 46
0.442000 0.268000 0.363000 126 127 109
0.441000 0.275000 0.365000 100 102 81
0.446000 0.323000 0.323000 60 57 40
0.438000 0.249000 0.390000 66 59 41
0.443000 0.310000 0.342000 48 46 31
0.440000 0.263000 0.374000 45 42 25
0.443000 0.335000 0.327000 58 55 36
0.437000 0.351000 0.344000 63 64 50
0.446000 0.317000 0.323000 58 55 38
1.350000 0.224000 0.084000 16 16 18
1.369000 0.212000 0.225000 18 14 15
1.382000 0.225000 0.292000 19 14 11
1.367000 0.191000 0.239000 23 15 12
1.362000 0.203000 0.192000 19 13 13
1.369000 0.180000 0.264000 24 15 16
1.386000 0.222000 0.318000 22 16 16
1.378000 0.197000 0.320000 26 19 13
1.387000 0.213000 0.369000 89 80 65
1.385000 0.206000 0.392000 125 117 96
1.375000 0.182000 0.365000 24 35 31
1.376000 0.186000 0.363000 55 49 33
1.386000 0.208000 0.395000 106 101 82
1.461000 0.034000 0.531000 87 81 69
1.434000 0.123000 0.510000 23 23 21
1.555000 0.070000 0.465000 25 21 18
1.416000 0.085000 0.535000 52 45 39
1.421000 0.107000 0.524000 19 18 14
1.538000 0.072000 0.473000 21 20 18
1.540000 0.047000 0.482000 82 75 59
1.452000 0.044000 0.532000 79 71 58
1.392000 0.131000 0.530000 16 16 14
1.380000 0.152000 0.529000 14 16 13
1.419000 0.121000 0.520000 19 21 18
1.424000 0.116000 0.519000 20 21 16
1.443000 0.097000 0.516000 19 18 16
1.388000 0.133000 0.532000 13 15 12
1.468000 0.049000 0.520000 76 69 53
1.577000 0.049000 0.461000 91 83 70
1.409000 0.125000 0.523000 20 20 18
1.439000 0.030000 0.544000 89 82 64
1.421000 0.101000 0.526000 24 23 19
1.386000 0.057000 0.563000 64 57 47
1.564000 0.064000 0.462000 39 34 30
1.537000 0.079000 0.471000 20 19 17
1.550000 0.066000 0.469000 29 25 22
1.420000 0.069000 0.539000 67 55 43
1.414000 0.023000 0.560000 89 80 63
1.593000 0.070000 0.443000 41 38 31
1.489000 0.103000 0.488000 29 25 24
1.526000 0.060000 0.485000 43 39 30
1.465000 0.077000 0.511000 31 25 25
1.387000 0.027000 0.574000 78 68 58
1.476000 0.073000 0.507000 32 27 21
1.523000 0.065000 0.484000 28 25 20
1.506000 0.081000 0.487000 20 18 19
1.414000 0.059000 0.546000 72 62 50
1.459000 0.097000 0.507000 21 20 18
1.465000 0.059000 0.519000 67 61 49
1.528000 0.103000 0.466000 26 26 24
1.539000 0.144000 0.443000 79 47 36
1.652000 0.142000 0.381000 166 161 129
1.562000 0.120000 0.441000 29 23 23
1.608000 0.097000 0.424000 19 16 11
1.487000 0.125000 0.480000 32 27 24
1.612000 0.064000 0.435000 152 153 135
1.616000 0.116000 0.412000 29 28 24
1.630000 0.072000 0.422000 87 85 72
1.593000 0.149000 0.411000 65 41 39
1.559000 0.128000 0.439000 42 28 25
1.582000 0.144000 0.419000 54 35 28
1.586000 0.083000 0.442000 21 17 16
1.614000 0.066000 0.433000 129 130 112
1.539000 0.121000 0.453000 30 25 22
1.412000 0.154000 0.511000 38 23 18
1.519000 0.151000 0.451000 86 42 33
1.606000 0.102000 0.423000 13 9 6
1.595000 0.080000 0.438000 25 22 17
1.619000 0.088000 0.421000 154 151 136
1.633000 0.070000 0.421000 129 126 107
1.582000 0.084000 0.444000 26 22 21
1.540000 0.103000 0.459000 28 28 28
1.561000 0.118000 0.442000 27 21 21
1.644000 0.142000 0.385000 159 155 126
1.570000 0.130000 0.432000 34 23 19
1.606000 0.119000 0.416000 21 21 21
1.531000 0.144000 0.448000 83 44 37
1.373000 0.172000 0.309000 25 17 15
1.493000 0.159000 0.448000 80 44 32
1.508000 0.161000 0.378000 173 153 126
1.584000 0.157000 0.377000 184 174 138
1.553000 0.160000 0.335000 105 89 73
1.442000 0.162000 0.439000 85 45 35
1.589000 0.156000 0.384000 166 142 106
1.554000 0.160000 0.354000 104 93 73
1.611000 0.155000 0.389000 167 157 122
1.466000 0.160000 0.473000 87 43 32
1.562000 0.158000 0.391000 147 117 93
1.633000 0.154000 0.374000 183 177 145
1.390000 0.164000 0.466000 82 42 32
1.636000 0.154000 0.369000 186 185 157
1.441000 0.161000 0.470000 83 43 31
1.573000 0.158000 0.366000 129 124 95
1.390000 0.171000 0.305000 16 11 8
1.502000 0.161000 0.402000 69 40 26
1.379000 0.166000 0.430000 75 42 35
1.486000 0.162000 0.381000 160 136 110
1.482000 0.161000 0.427000 76 39 31
1.482000 0.160000 0.454000 77 45 30
1.383000 0.172000 0.283000 13 12 10
1.413000 0.166000 0.387000 166 136 108
1.435000 0.168000 0.309000 36 22 19
1.397000 0.169000 0.337000 51 39 23
1.420000 0.167000 0.365000 85 67 55
1.423000 0.169000 0.307000 24 14 12
1.388000 0.168000 0.384000 170 141 109
1.453000 0.162000 0.428000 82 44 35
1.521000 0.161000 0.357000 80 72 53
1.398000 0.163000 0.472000 82 44 33
1.417000 0.166000 0.383000 181 151 123
1.417000 0.162000 0.482000 82 44 33
1.420000 0.162000 0.490000 80 43 34
1.372000 0.168000 0.409000 72 36 24
1.644000 0.154000 0.367000 186 180 154
1.549000 0.159000 0.364000 121 108 89
1.560000 0.157000 0.409000 77 41 29
1.537000 0.160000 0.366000 121 115 93
1.572000 0.158000 0.379000 166 141 110
1.520000 0.163000 0.325000 50 29 26
1.482000 0.161000 0.409000 67 34 25
1.391000 0.167000 0.385000 179 154 123
1.537000 0.157000 0.429000 81 38 29
1.453000 0.161000 0.451000 84 44 34
1.523000 0.160000 0.380000 162 138 110
1.547000 0.158000 0.398000 108 75 56
1.417000 0.168000 0.332000 38 20 20
1.483000 0.160000 0.443000 81 43 34
1.410000 0.166000 0.396000 147 116 96
1.525000 0.158000 0.442000 81 41 31
1.476000 0.163000 0.384000 159 128 97
1.495000 0.165000 0.316000 50 29 24
1.385000 0.171000 0.313000 26 17 20
1.404000 0.169000 0.328000 32 21 15
1.388000 0.170000 0.338000 56 47 32
1.841000 0.082000 0.264000 55 48 38
1.854000 0.153000 0.090000 58 55 50
1.847000 0.113000 0.187000 152 149 142
1.853000 0.113000 0.210000 141 139 126
1.853000 0.092000 0.271000 103 92 72
1.848000 0.105000 0.214000 146 144 132
1.846000 0.100000 0.225000 149 146 139
1.386000 0.149000 0.273000 12 8 7
1.432000 0.149000 0.290000 34 23 21
1.526000 0.157000 0.322000 55 32 26
1.481000 0.159000 0.305000 51 28 22
0.468000 0.034000 0.389000 94 88 56
0.517000 0.033000 0.414000 106 99 57
0.398000 0.028000 0.305000 64 58 46
0.492000 0.033000 0.400000 99 93 59
0.402000 0.026000 0.295000 61 58 39
0.451000 0.029000 0.345000 87 83 56
0.401000 0.034000 0.352000 64 61 44
0.384000 0.029000 0.305000 57 53 41
0.491000 0.032000 0.389000 98 94 57
0.360000 0.036000 0.339000 48 46 34
0.412000 0.030000 0.328000 70 65 46
0.332000 0.033000 0.301000 40 38 26
0.419000 0.025000 0.433000 83 78 49
0.318000 0.031000 0.349000 39 39 27
0.522000 0.035000 0.445000 106 101 61
0.329000 0.036000 0.334000 40 38 26
0.314000 0.033000 0.339000 37 37 25
0.268000 0.032000 0.316000 38 38 28
0.304000 0.004000 0.464000 64 59 37
0.461000 0.035000 0.411000 92 86 50
0.335000 0.015000 0.434000 62 56 40
0.481000 0.030000 0.449000 103 98 58
0.326000 0.004000 0.479000 75 69 45
0.382000 0.029000 0.396000 61 58 41
0.332000 0.024000 0.392000 49 45 33
0.336000 0.031000 0.358000 46 44 32
0.382000 0.015000 0.457000 78 72 46
0.467000 0.030000 0.437000 100 92 56
0.387000 0.017000 0.454000 79 73 47
0.390000 0.024000 0.423000 68 63 41
0.326000 0.013000 0.435000 61 55 39
0.512000 0.036000 0.436000 107 99 60
0.358000 0.024000 0.403000 58 55 38
0.347000 0.016000 0.435000 65 60 41
0.319000 0.004000 0.471000 70 66 39
0.292000 0.007000 0.442000 59 53 37
0.347000 0.019000 0.419000 57 54 37
0.518000 0.032000 0.457000 107 102 60
0.301000 0.012000 0.427000 53 50 35
0.310000 0.012000 0.430000 56 53 38
0.389000 0.033000 0.382000 61 58 41
0.294000 0.003000 0.462000 64 59 40
0.414000 0.014000 0.482000 96 88 52
0.445000 0.022000 0.465000 97 92 54
0.272000 0.032000 0.319000 40 37 30
0.321000 0.005000 0.468000 69 65 40
0.413000 0.029000 0.412000 73 71 46
0.316000 0.036000 0.326000 35 35 23
0.330000 0.034000 0.341000 40 38 26
0.295000 0.023000 0.373000 43 41 28
0.392000 0.012000 0.478000 87 81 49
0.480000 0.034000 0.427000 101 93 56
1.076000 0.217000 0.093000 5 5 5
1.075000 0.220000 0.165000 5 5 5
1.078000 0.222000 0.146000 6 4 5
1.578000 0.044000 0.475000 112 105 86
1.551000 0.039000 0.504000 113 107 83
1.609000 0.051000 0.583000 100 98 83
1.519000 0.033000 0.565000 117 113 88
1.520000 0.034000 0.579000 120 114 90
1.588000 0.047000 0.576000 129 125 96
1.528000 0.035000 0.547000 115 109 87
1.384000 0.008000 0.584000 90 80 68
1.480000 0.026000 0.586000 114 106 85
1.567000 0.043000 0.538000 123 119 94
1.501000 0.029000 0.515000 100 91 76
1.626000 0.053000 0.443000 99 93 69
1.468000 0.023000 0.536000 100 88 74
1.518000 0.033000 0.535000 113 105 84
1.625000 0.053000 0.500000 88 85 66
1.619000 0.052000 0.499000 80 77 58
1.548000 0.039000 0.559000 121 117 92
1.555000 0.040000 0.542000 121 117 92
1.561000 0.041000 0.518000 121 117 92
1.597000 0.048000 0.524000 143 143 119
1.621000 0.053000 0.544000 63 58 39
1.611000 0.051000 0.541000 108 106 83
1.565000 0.043000 0.586000 126 123 92
1.542000 0.037000 0.502000 109 104 82
1.458000 0.022000 0.583000 108 99 82
0.333000 0.382000 0.066000 176 179 162
0.258000 0.339000 0.071000 143 139 104
0.347000 0.386000 0.070000 170 171 155
0.390000 0.395000 0.059000 177 181 166
0.368000 0.394000 0.067000 138 142 127
0.421000 0.349000 0.059000 100 91 62
0.459000 0.373000 0.060000 110 106 79
0.454000 0.358000 0.060000 96 88 65
0.505000 0.395000 0.085000 152 155 144
0.482000 0.399000 0.068000 152 153 139
0.520000 0.423000 0.088000 154 155 141
0.467000 0.353000 0.071000 86 81 61
0.487000 0.371000 0.080000 98 100 79
0.707000 0.238000 0.548000 8 8 8
0.702000 0.279000 0.578000 6 6 4
0.699000 0.329000 0.506000 3 5 4
0.687000 0.404000 0.601000 109 112 117
0.687000 0.398000 0.602000 43 44 48
0.689000 0.384000 0.588000 14 12 13
0.704000 0.276000 0.527000 4 4 4
0.708000 0.229000 0.558000 8 8 8
0.696000 0.349000 0.518000 6 6 6
0.701000 0.301000 0.534000 7 7 7
0.694000 0.365000 0.532000 6 6 6
0.694000 0.351000 0.556000 11 11 11
0.709000 0.217000 0.578000 9 7 8
0.692000 0.365000 0.587000 12 13 15
0.698000 0.340000 0.493000 6 6 6
0.705000 0.327000 0.499000 4 4 4
0.781000 0.205000 0.547000 6 6 6
0.745000 0.223000 0.545000 8 8 8
0.778000 0.279000 0.510000 40 44 47
0.758000 0.215000 0.547000 6 6 6
0.800000 0.259000 0.517000 5 5 3
0.748000 0.220000 0.546000 8 8 8
0.852000 0.232000 0.521000 13 12 10
0.727000 0.204000 0.558000 9 9 9
0.717000 0.259000 0.531000 5 5 5
0.854000 0.248000 0.512000 7 11 14
0.729000 0.187000 0.566000 8 8 8
0.706000 0.298000 0.514000 3 3 3
0.832000 0.260000 0.510000 58 61 66
0.780000 0.359000 0.479000 78 86 99
0.767000 0.363000 0.479000 71 79 90
0.807000 0.293000 0.500000 38 45 55
0.843000 0.297000 0.496000 21 29 32
0.815000 0.360000 0.476000 70 81 87
0.843000 0.257000 0.510000 82 89 95
0.802000 0.282000 0.504000 61 65 74
0.817000 0.296000 0.498000 100 107 115
0.788000 0.346000 0.483000 72 84 98
0.789000 0.330000 0.489000 78 90 106
0.792000 0.290000 0.502000 69 73 84
0.844000 0.221000 0.528000 14 14 14
0.823000 0.214000 0.535000 10 10 10
0.784000 0.172000 0.563000 7 9 6
0.759000 0.193000 0.557000 5 5 5
0.818000 0.212000 0.537000 10 10 10
0.866000 0.334000 0.479000 85 99 102
0.868000 0.326000 0.482000 63 74 78
0.894000 0.401000 0.449000 32 35 40
0.869000 0.327000 0.481000 95 106 112
0.892000 0.342000 0.472000 99 106 114
0.971000 0.311000 0.477000 101 108 116
0.931000 0.342000 0.469000 101 108 116
0.927000 0.312000 0.480000 96 103 113
0.890000 0.302000 0.488000 93 102 117
0.943000 0.304000 0.482000 118 124 136
0.898000 0.318000 0.481000 86 96 105
0.912000 0.267000 0.499000 70 73 80
0.913000 0.261000 0.502000 52 53 57
0.928000 0.262000 0.500000 82 85 92
0.932000 0.293000 0.487000 96 102 114
0.909000 0.376000 0.458000 110 119 128
0.958000 0.294000 0.485000 71 75 84
0.903000 0.317000 0.481000 113 123 133
0.914000 0.292000 0.489000 67 75 77
0.927000 0.270000 0.497000 87 94 104
0.944000 0.340000 0.468000 89 98 105
0.896000 0.350000 0.469000 97 101 110
0.890000 0.289000 0.493000 79 86 102
0.957000 0.344000 0.463000 83 86 95
0.964000 0.366000 0.423000 8 8 6
0.949000 0.352000 0.460000 79 84 88
0.989000 0.310000 0.473000 9 12 19
0.997000 0.304000 0.474000 27 28 32
0.952000 0.415000 0.370000 27 26 22
0.920000 0.410000 0.296000 18 21 14
0.938000 0.392000 0.324000 28 23 29
0.944000 0.424000 0.358000 69 68 66
0.952000 0.394000 0.357000 9 11 10
0.930000 0.428000 0.329000 14 14 12
0.941000 0.419000 0.347000 47 47 45
0.976000 0.373000 0.484000 91 98 104
0.978000 0.373000 0.456000 74 78 87
0.980000 0.370000 0.443000 30 34 37
0.950000 0.430000 0.462000 77 78 82
0.965000 0.399000 0.419000 20 28 31
0.970000 0.390000 0.424000 116 121 127
0.957000 0.414000 0.405000 29 29 29
0.958000 0.411000 0.404000 35 34 32
0.953000 0.419000 0.385000 20 20 18
0.067000 0.116000 0.609000 58 47 27
0.185000 0.144000 0.612000 60 53 35
0.231000 0.162000 0.598000 83 79 50
0.153000 0.128000 0.629000 61 54 36
0.113000 0.122000 0.620000 60 52 33
0.139000 0.125000 0.630000 60 53 34
0.155000 0.128000 0.633000 61 54 36
0.095000 0.119000 0.617000 63 54 37
0.210000 0.193000 0.498000 75 68 39
0.246000 0.185000 0.546000 83 74 43
0.195000 0.198000 0.473000 72 67 37
0.168000 0.202000 0.444000 75 68 42
0.189000 0.193000 0.483000 75 70 41
0.214000 0.191000 0.507000 78 69 40
0.191000 0.188000 0.499000 79 70 41
0.267000 0.187000 0.558000 85 77 41
0.233000 0.200000 0.496000 76 69 41
0.209000 0.186000 0.518000 82 71 43
0.111000 0.182000 0.455000 75 69 43
0.115000 0.169000 0.495000 82 73 44
0.087000 0.164000 0.490000 87 76 44
0.240000 0.175000 0.573000 88 78 42
0.226000 0.174000 0.565000 88 78 42
0.241000 0.172000 0.580000 90 81 42
0.108000 0.194000 0.420000 75 69 45
0.088000 0.143000 0.548000 94 85 44
0.106000 0.184000 0.447000 77 70 44
0.088000 0.165000 0.487000 86 77 44
0.088000 0.145000 0.543000 94 81 46
0.201000 0.181000 0.527000 80 74 42
0.096000 0.138000 0.568000 108 103 65
0.187000 0.183000 0.509000 80 71 42
0.178000 0.156000 0.579000 95 87 51
0.138000 0.151000 0.563000 98 85 43
0.100000 0.185000 0.440000 78 71 45
0.127000 0.182000 0.466000 74 70 41
0.094000 0.169000 0.479000 82 73 42
0.172000 0.174000 0.525000 81 75 39
0.117000 0.148000 0.557000 94 82 42
0.153000 0.180000 0.492000 75 70 40
0.138000 0.147000 0.574000 105 100 62
0.138000 0.161000 0.535000 86 78 42
0.083000 0.123000 0.601000 59 52 34
0.150000 0.143000 0.594000 40 37 22
0.125000 0.154000 0.545000 90 80 44
0.161000 0.176000 0.510000 81 72 43
0.128000 0.183000 0.466000 74 70 41
0.082000 0.146000 0.536000 94 81 46
0.192000 0.174000 0.538000 82 76 40
0.121000 0.164000 0.515000 84 75 44
0.089000 0.159000 0.505000 87 79 43
0.108000 0.174000 0.475000 79 72 43
0.344000 0.198000 0.571000 82 73 44
1.345000 0.227000 0.061000 24 20 17
1.332000 0.254000 0.066000 16 15 13
1.339000 0.236000 0.063000 19 15 14
1.298000 0.242000 0.106000 14 14 14
1.304000 0.255000 0.095000 17 17 19
1.333000 0.238000 0.069000 15 14 12
1.339000 0.361000 0.128000 22 21 19
1.352000 0.363000 0.076000 20 20 18
1.312000 0.374000 0.097000 24 24 22
1.305000 0.378000 0.088000 24 24 22
1.348000 0.351000 0.179000 19 18 16
1.320000 0.370000 0.110000 24 24 22
1.326000 0.371000 0.083000 23 23 21
1.354000 0.349000 0.179000 17 16 14
1.365000 0.350000 0.143000 17 16 14
1.372000 0.339000 0.207000 14 13 11
1.330000 0.365000 0.125000 22 22 20
1.363000 0.350000 0.143000 17 16 14
1.275000 0.389000 0.085000 32 30 31
1.295000 0.379000 0.106000 28 28 26
1.348000 0.352000 0.172000 20 19 17
1.356000 0.360000 0.090000 14 14 14
1.272000 0.390000 0.087000 39 35 36
1.342000 0.363000 0.107000 22 20 21
1.344000 0.361000 0.112000 21 20 18
1.323000 0.371000 0.088000 24 24 22
1.778000 0.161000 0.116000 104 92 94
1.793000 0.126000 0.180000 161 162 156
1.831000 0.141000 0.127000 147 144 137
1.835000 0.104000 0.202000 156 155 150
1.833000 0.093000 0.227000 156 153 146
1.824000 0.150000 0.114000 147 143 140
1.759000 0.167000 0.115000 95 85 86
1.715000 0.147000 0.183000 66 56 54
1.715000 0.154000 0.168000 67 55 55
1.840000 0.147000 0.110000 136 133 126
1.840000 0.102000 0.204000 154 153 148
1.763000 0.120000 0.211000 169 169 157
1.731000 0.168000 0.129000 75 67 64
1.839000 0.151000 0.103000 137 134 127
1.801000 0.157000 0.111000 108 102 104
1.776000 0.166000 0.108000 102 92 93
1.719000 0.134000 0.208000 101 95 81
1.753000 0.167000 0.117000 89 79 78
1.818000 0.103000 0.214000 158 159 154
1.817000 0.151000 0.114000 133 129 128
1.764000 0.108000 0.235000 173 166 147
1.833000 0.115000 0.182000 160 160 152
1.774000 0.108000 0.230000 165 163 151
1.794000 0.127000 0.179000 163 162 157
1.736000 0.142000 0.181000 107 100 94
1.850000 0.150000 0.097000 80 77 72
1.804000 0.121000 0.186000 155 156 151
1.772000 0.141000 0.162000 155 153 154
1.838000 0.137000 0.132000 150 149 144
1.064000 0.332000 0.357000 5 5 5
1.070000 0.294000 0.350000 5 5 3
1.079000 0.234000 0.337000 8 8 8
0.595000 0.032000 0.486000 110 106 61
0.566000 0.011000 0.590000 134 142 129
0.680000 0.024000 0.503000 110 101 70
0.636000 0.017000 0.546000 170 170 146
0.575000 0.025000 0.521000 115 113 74
0.596000 0.022000 0.530000 175 174 143
0.577000 0.026000 0.516000 118 116 75
0.628000 0.023000 0.519000 138 136 98
0.600000 0.013000 0.573000 137 145 130
0.589000 0.016000 0.561000 118 123 101
0.624000 0.016000 0.555000 125 127 105
0.572000 0.017000 0.563000 134 138 123
0.657000 0.027000 0.495000 112 101 69
0.795000 0.280000 0.059000 6 6 6
0.895000 0.054000 0.523000 96 85 57
0.893000 0.058000 0.512000 91 81 56
0.889000 0.067000 0.437000 73 64 49
0.887000 0.074000 0.483000 79 72 53
0.892000 0.061000 0.508000 90 79 57
0.886000 0.077000 0.454000 72 63 48
0.892000 0.059000 0.454000 81 70 52
0.855000 0.060000 0.593000 120 106 67
0.833000 0.100000 0.568000 135 122 80
0.887000 0.060000 0.604000 115 103 63
0.840000 0.068000 0.584000 128 116 74
0.845000 0.142000 0.556000 135 129 105
0.880000 0.067000 0.599000 115 100 67
0.853000 0.107000 0.573000 130 119 73
0.836000 0.131000 0.557000 148 141 115
0.855000 0.085000 0.583000 129 116 74
0.815000 0.087000 0.567000 130 117 75
0.836000 0.116000 0.563000 139 126 92
0.817000 0.078000 0.572000 136 124 76
0.855000 0.158000 0.554000 92 86 70
0.854000 0.090000 0.580000 131 118 76
0.831000 0.104000 0.566000 136 122 83
0.851000 0.105000 0.573000 131 120 74
0.807000 0.071000 0.570000 134 121 76
0.885000 0.084000 0.563000 115 102 68
0.880000 0.097000 0.516000 108 92 66
0.879000 0.102000 0.547000 126 114 76
0.881000 0.093000 0.506000 95 84 56
0.878000 0.105000 0.538000 124 117 75
0.876000 0.110000 0.543000 130 122 76
0.884000 0.084000 0.503000 87 76 54
0.887000 0.079000 0.536000 103 89 63
0.897000 0.051000 0.611000 120 102 56
0.886000 0.079000 0.537000 103 89 63
0.870000 0.127000 0.521000 68 62 50
0.875000 0.113000 0.501000 54 46 33
0.890000 0.070000 0.555000 107 93 64
0.875000 0.111000 0.511000 85 74 56
0.979000 0.125000 0.381000 96 87 72
1.003000 0.107000 0.373000 68 58 46
0.965000 0.142000 0.388000 98 89 72
0.976000 0.120000 0.379000 95 86 71
1.010000 0.097000 0.370000 88 79 70
0.934000 0.126000 0.382000 105 92 73
0.942000 0.095000 0.370000 99 90 73
1.034000 0.096000 0.369000 53 48 42
0.948000 0.126000 0.382000 97 89 66
0.919000 0.101000 0.372000 100 88 64
0.996000 0.116000 0.377000 104 96 83
1.005000 0.221000 0.352000 10 9 5
0.981000 0.220000 0.362000 11 9 10
1.015000 0.181000 0.375000 19 13 0
1.001000 0.202000 0.366000 15 11 12
1.003000 0.201000 0.366000 14 10 9
0.995000 0.223000 0.355000 10 10 10
1.019000 0.212000 0.352000 12 8 5
0.983000 0.233000 0.352000 9 11 10
1.017000 0.198000 0.363000 12 10 13
1.013000 0.202000 0.361000 11 9 12
1.013000 0.185000 0.373000 19 13 1
0.947000 0.395000 1.464000 145 150 144
0.952000 0.396000 1.603000 129 135 131
0.947000 0.394000 1.513000 140 145 139
0.946000 0.390000 1.639000 135 141 139
0.950000 0.399000 1.457000 146 149 142
0.956000 0.404000 1.471000 133 135 132
0.947000 0.391000 1.626000 135 141 139
0.952000 0.399000 1.498000 144 147 138
0.941000 0.387000 1.599000 130 137 130
0.950000 0.399000 1.438000 150 153 146
0.954000 0.398000 1.604000 132 141 136
0.957000 0.400000 1.634000 126 135 134
0.943000 0.391000 1.510000 141 146 139
0.942000 0.384000 1.677000 136 143 136
0.948000 0.370000 1.817000 131 131 119
0.964000 0.373000 1.796000 159 161 158
0.994000 0.365000 1.833000 161 167 179
0.972000 0.371000 1.805000 184 183 181
0.990000 0.364000 1.835000 158 164 176
0.986000 0.369000 1.814000 150 156 168
0.989000 0.367000 1.823000 153 159 171
0.950000 0.368000 1.826000 225 221 210
0.939000 0.376000 1.790000 147 153 151
0.964000 0.378000 1.774000 140 142 139
0.992000 0.376000 1.777000 144 151 159
0.957000 0.387000 1.730000 102 104 103
1.058000 0.402000 1.648000 129 136 142
1.039000 0.403000 1.521000 132 140 143
0.955000 0.405000 1.347000 152 157 150
1.037000 0.403000 1.593000 129 136 144
1.146000 0.401000 1.807000 184 188 187
1.032000 0.402000 1.664000 132 139 145
0.987000 0.403000 1.576000 147 154 147
1.054000 0.402000 1.709000 138 143 147
1.095000 0.402000 1.644000 129 137 140
1.102000 0.401000 1.739000 137 146 145
1.021000 0.403000 1.567000 129 137 140
1.093000 0.402000 1.703000 136 144 146
0.975000 0.405000 1.354000 147 156 151
1.106000 0.402000 1.701000 136 146 147
1.080000 0.403000 1.575000 130 138 141
0.986000 0.403000 1.610000 148 154 150
0.970000 0.405000 1.336000 114 121 114
1.201000 0.400000 1.850000 194 194 206
1.032000 0.404000 1.505000 132 139 147
1.045000 0.404000 1.492000 135 142 148
0.983000 0.404000 1.476000 158 160 149
1.010000 0.404000 1.433000 138 146 148
1.037000 0.402000 1.690000 135 140 146
1.001000 0.404000 1.445000 139 145 143
1.070000 0.403000 1.565000 129 137 140
1.137000 0.402000 1.704000 132 141 140
1.050000 0.402000 1.714000 140 145 149
1.093000 0.401000 1.733000 140 145 149
1.057000 0.402000 1.684000 133 140 146
0.987000 0.405000 1.378000 155 164 163
1.090000 0.402000 1.675000 132 140 142
1.143000 0.401000 1.736000 172 181 178
1.046000 0.402000 1.616000 130 137 145
1.006000 0.403000 1.552000 131 136 140
0.962000 0.405000 1.348000 108 115 108
1.054000 0.403000 1.604000 130 137 145
1.042000 0.404000 1.502000 133 140 146
1.087000 0.402000 1.640000 130 138 141
1.137000 0.401000 1.755000 175 184 181
1.010000 0.403000 1.557000 131 136 139
1.021000 0.402000 1.693000 135 140 144
1.032000 0.403000 1.543000 132 140 143
1.060000 0.401000 1.722000 139 144 148
0.965000 0.404000 1.415000 103 112 107
0.976000 0.402000 1.627000 137 146 143
0.972000 0.405000 1.362000 169 174 167
0.971000 0.404000 1.458000 121 130 127
1.007000 0.404000 1.434000 138 147 146
0.978000 0.403000 1.537000 152 158 146
1.026000 0.402000 1.653000 130 135 139
1.041000 0.403000 1.564000 130 137 145
0.960000 0.404000 1.440000 122 124 121
1.033000 0.403000 1.578000 131 138 148
0.958000 0.405000 1.369000 148 153 146
1.125000 0.401000 1.773000 178 184 182
1.114000 0.402000 1.707000 136 144 146
1.077000 0.401000 1.718000 140 143 150
0.970000 0.404000 1.467000 106 115 114
1.008000 0.403000 1.520000 131 136 140
1.101000 0.393000 1.804000 147 151 160
0.985000 0.388000 1.725000 144 145 149
1.093000 0.378000 1.853000 192 192 192
1.104000 0.394000 1.804000 146 150 159
1.035000 0.401000 1.719000 138 145 151
1.013000 0.379000 1.783000 146 153 159
1.065000 0.381000 1.817000 149 156 164
0.995000 0.391000 1.722000 141 141 149
1.060000 0.390000 1.779000 143 150 156
1.120000 0.401000 1.790000 181 187 185
0.999000 0.387000 1.739000 145 150 156
1.010000 0.392000 1.732000 142 146 155
1.055000 0.391000 1.773000 147 152 158
1.143000 0.400000 1.810000 184 188 187
0.985000 0.382000 1.748000 145 146 151
1.078000 0.398000 1.765000 143 148 154
1.114000 0.387000 1.835000 151 155 164
1.172000 0.397000 1.847000 180 181 183
1.113000 0.397000 1.796000 146 149 156
1.001000 0.376000 1.784000 141 148 158
1.007000 0.390000 1.734000 142 146 155
0.999000 0.401000 1.687000 134 140 138
1.114000 0.384000 1.847000 194 190 189
0.980000 0.404000 1.287000 166 171 164
1.053000 0.400000 1.288000 160 157 150
1.007000 0.396000 0.890000 144 142 130
1.024000 0.404000 1.433000 139 146 152
1.137000 0.400000 1.585000 133 138 134
0.978000 0.400000 1.039000 141 146 139
1.023000 0.400000 1.200000 147 150 139
1.051000 0.401000 1.352000 151 156 160
1.027000 0.399000 1.128000 144 146 135
1.153000 0.400000 1.635000 161 166 160
0.988000 0.404000 1.327000 165 165 163
1.056000 0.402000 1.420000 141 148 154
1.117000 0.398000 1.394000 142 151 150
1.000000 0.396000 0.854000 145 142 133
1.064000 0.403000 1.524000 131 139 141
1.157000 0.400000 1.644000 164 166 161
1.003000 0.399000 1.058000 146 151 144
1.155000 0.399000 1.632000 161 166 160
1.033000 0.401000 1.285000 145 148 141
1.034000 0.397000 1.045000 145 148 139
1.028000 0.396000 0.995000 146 147 141
1.051000 0.401000 1.336000 152 158 158
1.155000 0.401000 1.702000 168 175 167
0.989000 0.400000 1.046000 147 152 146
1.076000 0.401000 1.430000 139 147 150
0.966000 0.405000 1.304000 104 110 100
1.153000 0.399000 1.577000 131 136 130
1.015000 0.400000 1.181000 146 149 138
1.078000 0.397000 1.244000 125 126 112
1.052000 0.397000 1.136000 146 148 137
0.973000 0.404000 1.222000 123 126 115
1.171000 0.399000 1.680000 166 171 165
0.994000 0.400000 1.074000 145 150 144
1.010000 0.396000 0.913000 144 141 132
1.016000 0.401000 1.251000 150 153 144
1.007000 0.401000 1.183000 147 151 137
1.081000 0.401000 1.445000 138 146 149
1.012000 0.399000 1.104000 147 150 139
1.007000 0.403000 1.294000 151 156 159
0.965000 0.405000 1.277000 105 111 101
1.020000 0.398000 1.052000 147 150 143
0.995000 0.397000 0.936000 149 149 137
1.025000 0.398000 1.110000 147 150 139
1.080000 0.398000 1.268000 102 102 90
1.065000 0.401000 1.431000 140 148 151
1.133000 0.400000 1.585000 132 136 135
1.099000 0.402000 1.608000 130 138 141
0.978000 0.402000 1.169000 136 142 128
1.088000 0.398000 1.338000 151 155 158
1.133000 0.401000 1.635000 131 137 137
1.005000 0.404000 1.347000 146 155 154
1.073000 0.397000 1.174000 142 145 136
1.006000 0.395000 0.835000 142 139 134
0.974000 0.402000 1.110000 131 132 126
1.112000 0.400000 1.498000 135 141 139
0.990000 0.396000 0.819000 145 142 135
1.041000 0.401000 1.328000 154 159 155
1.147000 0.401000 1.672000 165 170 164
0.987000 0.402000 1.177000 155 159 144
0.997000 0.398000 0.977000 144 145 140
1.142000 0.398000 1.531000 133 138 132
1.051000 0.399000 1.213000 149 151 138
1.129000 0.402000 1.664000 134 139 142
0.987000 0.395000 0.798000 143 141 128
1.188000 0.400000 1.802000 182 186 187
1.128000 0.401000 1.659000 134 139 142
1.088000 0.397000 1.251000 115 116 100
1.157000 0.400000 1.647000 164 166 161
1.048000 0.399000 1.227000 148 151 140
1.057000 0.397000 1.129000 146 148 137
1.107000 0.398000 1.363000 147 152 155
1.017000 0.403000 1.322000 150 159 158
1.091000 0.401000 1.512000 133 142 141
0.973000 0.400000 1.005000 134 136 131
1.107000 0.399000 1.426000 140 148 150
1.024000 0.396000 0.938000 144 144 134
0.988000 0.404000 1.274000 165 168 161
1.140000 0.399000 1.537000 133 138 132
1.137000 0.400000 1.625000 132 136 135
1.005000 0.402000 1.266000 148 157 152
1.170000 0.400000 1.695000 168 175 168
1.004000 0.403000 1.291000 150 156 156
1.128000 0.399000 1.495000 135 141 137
1.000000 0.396000 0.899000 147 143 132
1.094000 0.398000 1.337000 149 157 159
1.098000 0.402000 1.559000 134 139 142
1.023000 0.396000 0.973000 142 145 138
1.083000 0.398000 1.301000 111 121 123
1.122000 0.399000 1.506000 134 140 136
1.055000 0.403000 1.456000 137 144 150
1.026000 0.399000 1.126000 145 147 136
1.048000 0.401000 1.360000 151 154 159
0.984000 0.404000 1.279000 167 170 163
1.046000 0.397000 1.088000 145 148 139
1.084000 0.397000 1.230000 130 132 119
1.117000 0.401000 1.607000 134 140 140
1.087000 0.401000 1.493000 135 140 143
1.003000 0.398000 1.023000 147 147 135
1.048000 0.400000 1.298000 204 206 203
1.011000 0.397000 0.958000 143 144 136
1.025000 0.396000 0.958000 144 145 137
1.102000 0.400000 1.470000 138 144 144
1.022000 0.401000 1.243000 150 153 144
1.165000 0.396000 1.084000 139 145 133
1.276000 0.400000 1.807000 184 190 178
1.237000 0.400000 1.833000 171 173 172
1.303000 0.398000 1.541000 121 128 120
1.526000 0.400000 1.860000 214 215 199
1.140000 0.397000 1.249000 138 146 135
1.245000 0.400000 1.808000 161 172 166
1.497000 0.399000 1.824000 173 177 176
1.409000 0.399000 1.709000 121 126 122
1.106000 0.397000 1.179000 136 136 124
1.032000 0.395000 0.935000 144 144 134
1.550000 0.399000 1.708000 166 174 176
1.690000 0.399000 1.817000 149 154 157
1.422000 0.398000 1.568000 117 122 116
1.504000 0.398000 1.606000 113 119 115
1.205000 0.398000 1.517000 143 149 137
1.198000 0.399000 1.640000 157 162 156
1.573000 0.400000 1.863000 204 202 190
1.162000 0.398000 1.554000 132 135 128
1.337000 0.397000 1.353000 137 147 139
1.557000 0.399000 1.666000 164 172 175
1.595000 0.399000 1.781000 169 174 177
1.524000 0.399000 1.814000 171 177 175
1.221000 0.399000 1.770000 168 174 170
1.457000 0.399000 1.764000 174 179 173
1.317000 0.397000 1.329000 136 145 140
1.200000 0.397000 1.292000 141 146 140
1.258000 0.399000 1.697000 144 149 142
1.338000 0.399000 1.631000 88 87 85
1.217000 0.398000 1.561000 146 149 140
1.441000 0.399000 1.796000 174 181 173
1.264000 0.400000 1.850000 193 194 180
1.357000 0.397000 1.323000 135 144 141
1.645000 0.399000 1.834000 162 163 165
1.525000 0.399000 1.737000 170 176 174
1.138000 0.398000 1.445000 138 144 140
1.199000 0.399000 1.757000 175 184 179
1.330000 0.400000 1.850000 197 198 182
1.197000 0.396000 1.085000 142 148 134
1.347000 0.399000 1.641000 80 81 76
1.224000 0.399000 1.746000 165 170 164
1.414000 0.398000 1.581000 116 123 115
1.322000 0.398000 1.446000 131 138 130
1.580000 0.399000 1.714000 167 171 174
1.119000 0.397000 1.185000 133 135 122
1.338000 0.398000 1.438000 132 139 131
1.529000 0.399000 1.739000 171 177 175
1.114000 0.397000 1.359000 148 153 156
1.115000 0.396000 1.122000 140 143 134
1.313000 0.399000 1.675000 124 130 126
1.138000 0.396000 1.091000 139 145 135
1.037000 0.395000 0.897000 142 142 132
1.401000 0.398000 1.529000 119 124 118
1.017000 0.395000 0.853000 141 142 136
1.225000 0.398000 1.551000 144 147 138
1.401000 0.399000 1.742000 176 181 175
1.454000 0.399000 1.763000 174 179 173
1.329000 0.397000 1.349000 138 147 142
1.699000 0.399000 1.857000 187 175 161
1.430000 0.400000 1.865000 232 230 215
1.450000 0.400000 1.832000 174 181 173
1.288000 0.399000 1.604000 132 137 131
1.208000 0.399000 1.712000 172 175 166
1.393000 0.397000 1.403000 132 141 138
1.282000 0.400000 1.860000 216 215 197
1.410000 0.398000 1.464000 127 134 127
1.367000 0.398000 1.519000 122 127 121
1.530000 0.399000 1.750000 171 177 175
1.264000 0.396000 1.182000 139 145 135
1.310000 0.398000 1.493000 127 134 126
1.186000 0.398000 1.537000 149 152 143
1.262000 0.398000 1.465000 135 142 134
1.154000 0.397000 1.200000 131 135 120
1.413000 0.398000 1.547000 117 122 116
1.562000 0.398000 1.636000 161 169 172
1.601000 0.399000 1.788000 167 175 177
1.466000 0.398000 1.517000 121 126 122
1.168000 0.397000 1.335000 141 146 142
1.241000 0.397000 1.316000 140 146 142
1.533000 0.399000 1.775000 170 176 176
1.198000 0.399000 1.595000 149 154 147
1.237000 0.399000 1.671000 154 156 151
1.318000 0.397000 1.338000 137 146 141
1.427000 0.399000 1.821000 158 164 160
1.422000 0.399000 1.761000 178 180 177
1.346000 0.398000 1.433000 133 140 132
1.542000 0.399000 1.663000 166 171 174
1.281000 0.397000 1.398000 138 145 138
1.171000 0.399000 1.595000 155 160 153
1.274000 0.399000 1.691000 137 144 137
1.177000 0.397000 1.235000 137 143 133
1.191000 0.397000 1.278000 141 146 140
1.205000 0.398000 1.554000 147 150 141
1.491000 0.399000 1.773000 173 178 174
1.030000 0.395000 0.916000 146 143 136
1.413000 0.398000 1.597000 113 120 113
1.133000 0.398000 1.401000 145 149 148
1.277000 0.398000 1.519000 130 137 129
1.079000 0.396000 1.072000 144 147 140
1.409000 0.399000 1.769000 176 181 175
1.482000 0.399000 1.675000 168 174 172
1.619000 0.399000 1.757000 162 172 173
1.167000 0.397000 1.280000 141 146 140
1.281000 0.399000 1.748000 145 152 145
1.170000 0.396000 1.156000 135 141 127
1.086000 0.395000 0.935000 142 145 134
1.491000 0.398000 1.606000 113 119 115
1.200000 0.397000 1.223000 139 142 131
1.389000 0.399000 1.749000 177 182 175
1.375000 0.398000 1.463000 128 135 128
1.417000 0.398000 1.476000 126 133 126
1.191000 0.397000 1.196000 134 140 128
1.328000 0.398000 1.594000 118 123 116
1.053000 0.395000 0.929000 145 145 137
1.452000 0.398000 1.583000 114 121 114
1.224000 0.397000 1.281000 141 146 140
1.207000 0.397000 1.338000 140 146 142
1.582000 0.399000 1.722000 166 172 172
1.384000 0.398000 1.427000 133 139 135
1.165000 0.399000 1.604000 156 161 155
1.155000 0.398000 1.516000 133 138 131
1.595000 0.399000 1.708000 166 170 173
1.196000 0.399000 1.770000 175 184 179
1.067000 0.396000 1.077000 145 148 139
1.119000 0.395000 0.955000 143 146 135
1.331000 0.399000 1.685000 125 131 127
1.188000 0.399000 1.675000 164 169 162
1.348000 0.399000 1.723000 119 124 120
1.234000 0.398000 1.526000 139 145 135
1.599000 0.399000 1.787000 170 174 177
1.408000 0.398000 1.432000 131 137 133
1.544000 0.400000 1.854000 216 218 205
1.154000 0.397000 1.289000 141 146 140
1.607000 0.399000 1.695000 164 169 173
1.049000 0.396000 1.040000 146 147 139
1.304000 0.398000 1.535000 122 129 121
1.180000 0.397000 1.254000 138 145 138
1.178000 0.398000 1.537000 149 152 143
1.252000 0.398000 1.484000 137 142 135
1.668000 0.399000 1.783000 164 168 171
1.572000 0.399000 1.699000 167 171 174
1.343000 0.398000 1.482000 126 133 125
1.079000 0.396000 1.075000 144 147 140
1.290000 0.400000 1.836000 190 192 178
1.199000 0.398000 1.576000 150 156 146
1.351000 0.398000 1.590000 119 125 115
1.422000 0.400000 1.862000 237 238 222
1.162000 0.397000 1.239000 137 143 133
1.387000 0.399000 1.782000 178 183 176
1.402000 0.400000 1.855000 211 212 196
1.322000 0.400000 1.832000 187 191 176
1.403000 0.399000 1.665000 113 117 116
1.486000 0.399000 1.651000 167 173 171
1.375000 0.398000 1.467000 128 135 127
1.193000 0.398000 1.554000 148 151 142
1.299000 0.400000 1.864000 228 227 209
1.158000 0.396000 1.021000 141 147 135
1.655000 0.399000 1.854000 199 193 179
1.107000 0.396000 1.156000 136 142 132
1.131000 0.397000 1.371000 144 150 150
1.412000 0.397000 1.395000 132 141 140
1.569000 0.399000 1.757000 167 177 178
1.555000 0.399000 1.793000 173 177 180
1.163000 0.396000 1.182000 131 138 122
1.601000 0.399000 1.811000 171 175 178
1.230000 0.399000 1.719000 163 168 162
1.464000 0.398000 1.590000 114 120 116
1.402000 0.399000 1.806000 176 183 176
1.232000 0.398000 1.477000 140 146 136
1.454000 0.399000 1.826000 173 180 172
1.670000 0.399000 1.836000 161 157 156
1.211000 0.399000 1.600000 149 154 147
1.405000 0.399000 1.751000 177 182 175
1.399000 0.399000 1.682000 114 119 115
1.127000 0.397000 1.241000 136 144 131
1.032000 0.395000 0.835000 140 141 136
1.136000 0.396000 1.137000 136 144 131
1.144000 0.397000 1.210000 131 135 120
1.509000 0.399000 1.676000 168 172 171
1.072000 0.396000 1.009000 145 146 140
1.467000 0.398000 1.519000 122 129 122
1.564000 0.399000 1.834000 173 179 175
1.484000 0.399000 1.653000 164 170 168
1.375000 0.399000 1.709000 113 119 115
1.328000 0.398000 1.523000 122 129 122
1.458000 0.399000 1.718000 172 178 174
1.147000 0.397000 1.300000 140 145 139
1.270000 0.398000 1.521000 132 137 130
1.263000 0.399000 1.665000 142 144 143
1.257000 0.399000 1.721000 151 156 150
1.161000 0.398000 1.548000 133 136 129
1.077000 0.396000 1.075000 144 147 140
1.253000 0.396000 1.176000 139 146 138
1.150000 0.396000 1.159000 134 140 126
1.353000 0.399000 1.712000 118 123 119
1.263000 0.397000 1.295000 140 147 140
1.255000 0.397000 1.319000 140 146 142
1.539000 0.399000 1.786000 171 177 177
1.163000 0.396000 1.136000 136 142 130
1.328000 0.398000 1.496000 126 133 125
1.231000 0.396000 1.119000 140 146 136
1.129000 0.398000 1.440000 137 146 143
1.313000 0.399000 1.653000 127 133 131
1.365000 0.400000 1.856000 225 223 202
1.490000 0.399000 1.721000 171 177 175
1.306000 0.397000 1.351000 138 148 140
1.442000 0.398000 1.485000 122 132 124
1.553000 0.399000 1.836000 173 179 175
1.176000 0.397000 1.376000 140 146 144
1.571000 0.399000 1.681000 167 172 175
1.179000 0.398000 1.431000 145 150 143
1.301000 0.399000 1.665000 127 133 131
1.000000 0.395000 0.787000 142 142 130
1.284000 0.399000 1.765000 144 153 148
1.301000 0.397000 1.271000 139 145 141
1.288000 0.399000 1.758000 144 153 148
1.227000 0.398000 1.505000 140 146 136
1.059000 0.395000 0.893000 143 145 134
1.199000 0.397000 1.304000 141 146 140
1.561000 0.399000 1.687000 167 172 175
1.400000 0.399000 1.639000 62 64 59
1.206000 0.399000 1.641000 156 161 155
1.257000 0.400000 1.849000 154 154 142
1.593000 0.399000 1.722000 165 171 171
1.147000 0.396000 1.115000 137 143 131
1.293000 0.398000 1.575000 124 130 118
1.201000 0.399000 1.635000 156 161 157
1.433000 0.398000 1.563000 117 122 116
1.326000 0.399000 1.735000 128 134 130
1.512000 0.399000 1.801000 173 178 174
1.395000 0.399000 1.710000 113 118 114
1.218000 0.397000 1.309000 140 145 139
1.453000 0.399000 1.774000 175 180 174
1.316000 0.400000 1.833000 187 190 173
1.333000 0.398000 1.494000 125 132 124
1.456000 0.399000 1.637000 113 119 115
1.684000 0.399000 1.825000 149 154 158
1.146000 0.397000 1.340000 141 145 144
1.505000 0.399000 1.764000 172 176 175
1.411000 0.397000 1.396000 132 141 140
1.553000 0.399000 1.809000 170 176 176
1.288000 0.397000 1.301000 140 147 140
1.173000 0.397000 1.225000 134 140 128
1.232000 0.397000 1.243000 139 146 139
1.297000 0.397000 1.306000 138 148 140
1.440000 0.399000 1.723000 173 177 176
1.415000 0.398000 1.528000 119 124 118
1.344000 0.398000 1.534000 121 128 121
1.166000 0.398000 1.430000 139 144 138
1.300000 0.398000 1.440000 134 141 133
1.254000 0.399000 1.605000 137 142 136
1.387000 0.399000 1.776000 179 184 177
1.104000 0.397000 1.179000 136 136 124
1.235000 0.400000 1.802000 164 173 168
1.224000 0.399000 1.682000 158 163 156
1.351000 0.399000 1.720000 121 126 122
1.213000 0.400000 1.795000 172 178 176
1.397000 0.398000 1.570000 116 123 115
1.637000 0.399000 1.764000 166 170 171
1.127000 0.397000 1.278000 139 146 139
1.266000 0.396000 1.175000 139 144 137
1.536000 0.398000 1.624000 163 169 169
1.144000 0.397000 1.353000 143 147 146
1.299000 0.398000 1.583000 124 130 118
1.465000 0.398000 1.475000 148 157 152
1.215000 0.396000 1.124000 139 145 135
1.456000 0.398000 1.536000 117 124 117
1.062000 0.395000 0.959000 145 146 138
1.415000 0.398000 1.554000 117 122 116
1.374000 0.398000 1.579000 118 126 115
1.416000 0.399000 1.723000 176 178 175
1.075000 0.396000 1.018000 144 145 139
1.308000 0.398000 1.479000 129 136 128
1.128000 0.397000 1.297000 140 145 139
1.227000 0.399000 1.618000 146 152 148
1.170000 0.398000 1.396000 140 149 144
1.099000 0.396000 1.108000 142 145 136
1.461000 0.399000 1.767000 173 178 174
1.546000 0.399000 1.793000 169 178 175
1.531000 0.398000 1.636000 162 168 168
1.393000 0.398000 1.593000 113 120 113
1.682000 0.399000 1.849000 172 164 153
1.434000 0.398000 1.467000 126 132 128
1.204000 0.397000 1.252000 136 146 138
1.222000 0.397000 1.376000 140 146 142
1.417000 0.399000 1.668000 114 119 115
1.253000 0.398000 1.418000 139 146 139
1.195000 0.398000 1.485000 145 151 141
1.364000 0.399000 1.651000 105 105 103
1.574000 0.399000 1.712000 168 172 175
1.280000 0.400000 1.829000 187 191 177
1.198000 0.397000 1.321000 142 147 141
1.592000 0.399000 1.764000 166 176 178
1.472000 0.399000 1.636000 113 118 112
1.342000 0.398000 1.523000 121 128 121
1.206000 0.399000 1.661000 164 165 159
1.195000 0.399000 1.690000 166 172 162
1.070000 0.396000 1.142000 144 145 137
1.414000 0.398000 1.579000 116 123 115
1.423000 0.399000 1.691000 113 118 111
1.696000 0.399000 1.856000 186 174 160
1.622000 0.399000 1.812000 167 175 177
1.080000 0.396000 1.150000 141 144 135
1.187000 0.397000 1.360000 139 148 143
1.185000 0.397000 1.246000 139 144 138
1.144000 0.396000 1.103000 138 144 134
1.180000 0.396000 1.173000 132 141 124
1.271000 0.397000 1.395000 138 144 140
1.496000 0.399000 1.675000 167 173 171
1.460000 0.398000 1.561000 115 122 115
1.318000 0.399000 1.777000 180 183 176
1.347000 0.398000 1.538000 119 126 119
1.516000 0.399000 1.816000 173 179 177
1.221000 0.400000 1.829000 170 176 176
1.355000 0.399000 1.634000 79 77 78
1.268000 0.400000 1.826000 189 192 183
1.252000 0.399000 1.763000 159 164 158
1.185000 0.399000 1.617000 154 159 153
1.419000 0.399000 1.748000 176 178 173
1.586000 0.399000 1.722000 166 172 172
1.113000 0.395000 0.963000 144 147 138
1.136000 0.398000 1.433000 137 146 141
1.440000 0.399000 1.806000 174 181 173
1.457000 0.398000 1.562000 116 123 116
1.369000 0.399000 1.652000 121 122 124
1.156000 0.397000 1.283000 141 146 140
1.537000 0.399000 1.733000 170 176 174
1.148000 0.398000 1.480000 137 144 137
1.195000 0.396000 1.164000 135 143 130
1.477000 0.400000 1.842000 173 176 165
1.220000 0.398000 1.449000 140 148 137
1.376000 0.398000 1.552000 118 123 117
1.451000 0.399000 1.757000 174 179 173
1.537000 0.400000 1.851000 203 205 194
1.601000 0.399000 1.715000 166 170 173
1.242000 0.398000 1.511000 137 143 133
1.472000 0.398000 1.624000 114 120 116
1.149000 0.398000 1.485000 136 143 136
1.534000 0.398000 1.637000 162 168 168
1.278000 0.397000 1.215000 140 145 139
1.230000 0.400000 1.807000 166 175 170
1.216000 0.397000 1.200000 136 144 133
1.122000 0.396000 1.103000 142 145 136
1.469000 0.398000 1.500000 124 130 128
1.195000 0.399000 1.701000 168 174 164
1.088000 0.396000 1.075000 144 147 140
1.157000 0.396000 1.026000 140 146 134
1.347000 0.399000 1.764000 182 185 176
1.228000 0.399000 1.658000 155 157 154
1.297000 0.398000 1.579000 124 130 118
1.341000 0.399000 1.636000 86 85 81
1.003000 0.395000 0.775000 131 126 106
1.076000 0.396000 1.059000 144 147 140
1.502000 0.399000 1.832000 174 178 177
1.317000 0.397000 1.238000 138 144 140
1.534000 0.395000 1.337000 126 134 137
1.210000 0.394000 0.958000 145 153 138
1.423000 0.391000 0.943000 144 154 145
1.326000 0.394000 1.087000 138 149 133
1.381000 0.396000 1.239000 135 144 139
1.249000 0.392000 0.832000 132 133 119
1.320000 0.394000 1.036000 139 150 133
1.242000 0.392000 0.848000 123 123 113
1.070000 0.394000 0.778000 133 130 113
1.131000 0.392000 0.746000 114 100 63
1.622000 0.397000 1.582000 152 155 160
1.639000 0.398000 1.673000 162 167 171
1.513000 0.396000 1.382000 127 135 138
1.473000 0.393000 1.158000 137 142 138
1.414000 0.395000 1.219000 133 142 137
1.462000 0.397000 1.456000 149 155 151
1.288000 0.393000 0.919000 148 156 141
1.352000 0.394000 1.083000 136 149 132
1.446000 0.394000 1.182000 138 142 143
1.330000 0.392000 0.938000 144 154 143
1.385000 0.396000 1.236000 135 144 139
1.054000 0.394000 0.759000 131 120 92
1.343000 0.391000 0.860000 144 154 143
1.433000 0.394000 1.161000 138 143 139
1.358000 0.394000 1.114000 137 148 134
1.399000 0.397000 1.362000 135 141 141
1.288000 0.394000 1.015000 140 153 136
1.480000 0.398000 1.478000 151 156 159
1.506000 0.397000 1.495000 146 155 154
1.382000 0.392000 0.994000 144 155 139
1.362000 0.396000 1.215000 138 144 140
1.471000 0.395000 1.291000 130 139 136
1.285000 0.393000 0.933000 146 157 140
1.086000 0.395000 0.855000 141 143 132
1.425000 0.393000 1.110000 134 140 136
1.312000 0.396000 1.223000 139 145 141
1.101000 0.394000 0.813000 135 135 125
1.298000 0.392000 0.857000 130 132 121
1.314000 0.392000 0.894000 147 155 144
1.465000 0.393000 1.100000 133 139 135
1.398000 0.391000 0.908000 147 158 142
1.236000 0.394000 0.957000 145 153 138
1.416000 0.395000 1.199000 134 143 138
1.347000 0.394000 1.049000 139 152 134
1.545000 0.396000 1.461000 137 147 146
1.508000 0.394000 1.227000 136 142 140
1.411000 0.391000 0.967000 144 154 143
1.283000 0.391000 0.834000 132 133 119
1.272000 0.393000 0.911000 147 155 140
1.418000 0.393000 1.080000 135 146 132
1.579000 0.396000 1.450000 134 144 143
1.223000 0.393000 0.884000 136 139 130
1.355000 0.394000 1.127000 135 145 134
1.328000 0.394000 1.087000 138 149 133
1.212000 0.394000 0.949000 146 154 139
1.169000 0.394000 0.905000 138 141 130
1.350000 0.393000 0.985000 144 155 138
1.534000 0.397000 1.509000 142 152 153
1.041000 0.395000 0.821000 141 140 136
1.445000 0.391000 0.941000 144 152 141
1.675000 0.399000 1.780000 163 167 170
1.536000 0.398000 1.553000 149 157 159
1.073000 0.394000 0.822000 137 138 132
1.371000 0.392000 0.971000 144 155 139
1.246000 0.391000 0.760000 110 103 77
1.542000 0.397000 1.500000 141 151 153
1.160000 0.392000 0.779000 135 133 112
1.241000 0.396000 1.106000 140 148 135
1.387000 0.389000 0.748000 113 111 88
1.163000 0.394000 0.897000 136 142 128
1.408000 0.396000 1.286000 135 141 139
1.292000 0.394000 1.040000 138 151 133
1.418000 0.397000 1.387000 132 141 140
1.205000 0.391000 0.755000 117 105 63
1.675000 0.399000 1.786000 162 166 167
1.407000 0.392000 0.970000 143 153 142
1.403000 0.392000 0.986000 142 152 141
1.403000 0.396000 1.292000 136 142 140
1.493000 0.392000 1.102000 132 139 131
1.371000 0.395000 1.178000 136 143 136
1.107000 0.395000 0.878000 140 144 130
1.471000 0.393000 1.110000 133 140 133
1.234000 0.395000 1.020000 143 152 135
1.207000 0.394000 0.969000 144 150 136
1.436000 0.391000 0.972000 142 152 141
1.322000 0.395000 1.150000 139 147 136
1.514000 0.394000 1.282000 125 137 137
1.408000 0.394000 1.160000 137 144 137
1.432000 0.394000 1.176000 139 143 142
1.086000 0.394000 0.826000 136 137 129
1.442000 0.394000 1.166000 138 142 141
1.284000 0.391000 0.790000 128 133 126
1.609000 0.398000 1.640000 161 165 168
1.181000 0.393000 0.816000 132 132 122
1.146000 0.393000 0.833000 131 132 118
1.198000 0.393000 0.884000 131 132 124
1.450000 0.392000 1.031000 133 143 134
1.584000 0.398000 1.604000 156 166 167
1.223000 0.391000 0.761000 109 99 64
1.198000 0.395000 0.997000 142 150 135
1.247000 0.395000 1.034000 137 150 133
1.262000 0.395000 1.086000 137 148 134
1.353000 0.391000 0.910000 144 154 143
1.443000 0.392000 1.021000 134 146 132
1.314000 0.391000 0.816000 131 132 118
1.376000 0.393000 1.030000 137 148 131
1.537000 0.396000 1.400000 134 141 147
1.222000 0.396000 1.092000 141 149 136
1.392000 0.393000 1.051000 138 149 132
1.540000 0.396000 1.412000 136 143 149
1.305000 0.396000 1.202000 138 145 138
1.164000 0.394000 0.861000 134 137 120
1.450000 0.394000 1.207000 138 144 142
1.688000 0.398000 1.755000 163 169 169
1.519000 0.398000 1.523000 147 156 155
1.540000 0.394000 1.282000 132 140 143
1.184000 0.395000 0.956000 143 151 136
1.305000 0.391000 0.801000 131 133 122
1.378000 0.393000 1.041000 137 150 132
1.334000 0.390000 0.817000 138 140 127
1.189000 0.393000 0.828000 134 132 120
1.352000 0.391000 0.900000 145 155 144
1.614000 0.399000 1.689000 163 168 174
1.474000 0.395000 1.254000 129 140 136
1.110000 0.395000 0.928000 143 145 132
1.141000 0.393000 0.786000 137 138 120
1.597000 0.399000 1.671000 165 170 174
1.434000 0.391000 0.935000 145 155 146
1.206000 0.396000 1.064000 141 147 135
1.642000 0.398000 1.702000 161 169 172
1.356000 0.397000 1.277000 139 143 142
1.429000 0.394000 1.200000 135 144 141
1.330000 0.390000 0.794000 132 134 123
1.279000 0.393000 0.931000 147 155 140
1.281000 0.395000 1.110000 136 148 136
1.253000 0.394000 0.969000 145 154 137
1.205000 0.393000 0.856000 124 124 114
1.568000 0.397000 1.547000 149 154 157
1.276000 0.396000 1.167000 138 143 136
1.217000 0.393000 0.864000 128 128 118
1.309000 0.392000 0.924000 147 155 140
1.649000 0.398000 1.679000 159 167 170
1.320000 0.393000 0.951000 143 154 140
1.298000 0.396000 1.144000 138 146 135
1.462000 0.398000 1.460000 149 155 151
1.250000 0.395000 1.033000 141 150 131
1.358000 0.393000 1.042000 138 151 133
1.324000 0.390000 0.753000 101 94 52
1.360000 0.393000 1.048000 138 151 133
1.218000 0.393000 0.869000 130 132 121
1.549000 0.395000 1.346000 133 141 144
1.429000 0.396000 1.338000 132 141 138
1.276000 0.396000 1.129000 136 148 136
1.464000 0.395000 1.273000 130 139 136
1.279000 0.392000 0.864000 134 135 121
1.525000 0.398000 1.556000 156 164 166
1.484000 0.393000 1.155000 135 141 137
1.228000 0.394000 0.936000 145 156 142
1.537000 0.394000 1.247000 133 142 141
1.537000 0.397000 1.492000 141 151 152
1.560000 0.398000 1.616000 159 167 170
1.643000 0.398000 1.677000 160 168 171
1.426000 0.395000 1.206000 133 142 139
1.592000 0.398000 1.590000 154 162 164
1.105000 0.394000 0.814000 135 135 125
1.432000 0.396000 1.333000 131 140 137
1.379000 0.393000 1.080000 136 149 132
1.044000 0.394000 0.785000 145 143 130
1.398000 0.391000 0.899000 146 157 141
1.379000 0.392000 1.000000 143 154 138
1.530000 0.395000 1.336000 128 136 139
1.631000 0.398000 1.681000 163 167 176
1.579000 0.398000 1.639000 163 168 172
1.380000 0.394000 1.127000 137 144 136
1.347000 0.391000 0.902000 144 156 144
1.644000 0.398000 1.653000 162 168 168
1.179000 0.392000 0.748000 122 110 72
1.209000 0.393000 0.859000 127 127 117
1.201000 0.395000 1.040000 142 148 136
1.454000 0.397000 1.425000 129 138 137
1.480000 0.392000 1.055000 131 138 130
1.535000 0.394000 1.303000 127 132 136
1.399000 0.396000 1.283000 137 143 141
1.282000 0.392000 0.884000 134 138 124
1.380000 0.395000 1.157000 136 143 135
1.334000 0.393000 0.990000 142 153 136
1.264000 0.396000 1.116000 137 147 136
1.089000 0.394000 0.793000 137 138 124
1.238000 0.395000 1.059000 138 149 133
1.679000 0.398000 1.732000 163 169 167
1.641000 0.398000 1.681000 160 167 173
1.388000 0.394000 1.157000 136 143 135
1.320000 0.390000 0.800000 130 131 123
1.467000 0.396000 1.376000 128 136 139
1.221000 0.395000 1.017000 144 152 137
1.402000 0.389000 0.801000 133 139 127
1.412000 0.393000 1.112000 136 143 135
1.321000 0.396000 1.208000 139 145 141
1.284000 0.391000 0.838000 131 131 119
1.268000 0.395000 1.059000 138 151 134
1.461000 0.393000 1.095000 132 138 134
1.268000 0.391000 0.757000 96 88 65
1.174000 0.394000 0.929000 138 145 129
1.587000 0.396000 1.481000 138 145 151
1.520000 0.395000 1.301000 124 134 136
1.325000 0.396000 1.216000 139 145 143
1.311000 0.390000 0.777000 138 140 118
1.189000 0.393000 0.860000 126 126 114
1.280000 0.395000 1.103000 135 147 133
1.437000 0.393000 1.137000 138 143 136
1.366000 0.391000 0.865000 146 154 141
1.453000 0.393000 1.088000 132 138 134
1.353000 0.394000 1.099000 137 149 135
1.341000 0.390000 0.778000 129 131 109
1.359000 0.389000 0.746000 102 94 55
1.499000 0.393000 1.146000 134 140 138
1.319000 0.396000 1.167000 138 143 136
1.133000 0.394000 0.888000 136 142 128
1.374000 0.392000 0.977000 144 155 139
1.616000 0.396000 1.540000 144 149 152
1.203000 0.392000 0.803000 106 99 93
1.447000 0.394000 1.206000 137 143 141
1.425000 0.394000 1.147000 138 143 137
1.381000 0.396000 1.234000 135 144 139
1.154000 0.395000 0.951000 143 147 133
1.392000 0.397000 1.352000 133 142 139
1.625000 0.399000 1.696000 163 167 176
1.465000 0.392000 1.025000 129 135 131
1.335000 0.394000 1.041000 138 153 132
1.479000 0.394000 1.244000 129 138 137
1.259000 0.394000 1.006000 141 153 133
1.024000 0.394000 0.768000 122 116 94
1.182000 0.395000 0.960000 142 150 135
1.332000 0.390000 0.784000 133 136 119
1.420000 0.390000 0.860000 146 152 138
1.376000 0.391000 0.931000 145 153 142
1.185000 0.394000 0.928000 145 153 138
1.285000 0.396000 1.156000 138 144 134
1.640000 0.397000 1.623000 160 163 168
1.417000 0.393000 1.078000 137 148 134
1.541000 0.397000 1.467000 138 148 147
1.689000 0.399000 1.762000 162 167 170
1.208000 0.394000 0.930000 144 155 141
1.079000 0.395000 0.884000 142 145 134
1.152000 0.395000 0.928000 139 145 131
1.424000 0.396000 1.332000 131 140 137
1.377000 0.397000 1.332000 135 144 143
1.186000 0.392000 0.761000 118 106 68
1.454000 0.396000 1.343000 131 139 141
1.200000 0.393000 0.885000 132 133 125
1.206000 0.392000 0.782000 141 136 117
1.371000 0.389000 0.783000 119 114 108
1.230000 0.393000 0.926000 144 155 141
1.441000 0.391000 0.969000 142 153 139
1.457000 0.392000 1.048000 131 137 133
1.475000 0.394000 1.221000 136 142 140
1.116000 0.394000 0.832000 136 136 124
1.442000 0.397000 1.398000 130 138 140
1.366000 0.390000 0.824000 139 142 131
1.563000 0.395000 1.383000 135 143 146
1.199000 0.396000 1.056000 143 149 137
1.296000 0.395000 1.085000 137 148 132
1.427000 0.394000 1.140000 137 142 136
1.243000 0.396000 1.105000 139 147 134
1.517000 0.398000 1.545000 151 160 159
1.286000 0.393000 0.921000 148 156 141
1.592000 0.397000 1.553000 148 151 156
1.242000 0.392000 0.869000 129 132 121
1.241000 0.391000 0.780000 133 132 114
1.195000 0.394000 0.944000 145 156 142
1.671000 0.399000 1.755000 163 169 169
1.282000 0.393000 0.935000 145 156 139
1.588000 0.397000 1.563000 150 153 158
1.331000 0.393000 0.966000 144 155 139
1.342000 0.392000 0.969000 143 154 138
1.313000 0.390000 0.784000 130 133 116
1.342000 0.391000 0.830000 143 149 135
1.174000 0.394000 0.894000 136 140 125
1.324000 0.391000 0.850000 146 152 140
1.365000 0.394000 1.137000 137 145 134
1.405000 0.392000 1.005000 141 152 138
1.460000 0.397000 1.398000 130 138 140
1.325000 0.391000 0.822000 128 130 117
1.473000 0.392000 1.043000 132 139 132
1.234000 0.394000 0.950000 145 153 138
1.285000 0.390000 0.744000 73 58 35
1.202000 0.395000 1.028000 141 149 136
1.392000 0.395000 1.197000 135 145 137
1.186000 0.393000 0.819000 131 131 121
1.430000 0.397000 1.373000 131 139 142
1.367000 0.390000 0.849000 144 152 139
1.465000 0.390000 0.973000 138 148 137
1.544000 0.387000 1.033000 131 138 131
1.631000 0.389000 1.295000 126 133 139
1.537000 0.381000 0.761000 142 148 136
1.562000 0.384000 0.956000 132 139 131
1.534000 0.392000 1.173000 131 140 137
1.739000 0.378000 1.086000 126 131 127
1.735000 0.378000 1.078000 128 133 129
1.669000 0.383000 1.135000 125 130 126
1.722000 0.378000 1.063000 123 129 125
1.694000 0.396000 1.671000 157 161 164
1.727000 0.386000 1.371000 124 132 135
1.496000 0.387000 0.897000 142 148 138
1.578000 0.381000 0.855000 134 141 133
1.649000 0.394000 1.488000 128 135 141
1.434000 0.387000 0.763000 133 129 118
1.599000 0.393000 1.364000 129 136 142
1.617000 0.393000 1.385000 127 135 138
1.682000 0.390000 1.423000 120 129 134
1.561000 0.389000 1.138000 130 138 140
1.637000 0.390000 1.311000 126 133 139
1.637000 0.392000 1.397000 125 132 138
1.539000 0.389000 1.071000 130 137 130
1.512000 0.385000 0.865000 142 148 138
1.646000 0.378000 0.894000 129 137 126
1.542000 0.383000 0.877000 137 143 133
1.476000 0.385000 0.798000 147 150 141
1.464000 0.391000 0.990000 138 148 137
1.519000 0.385000 0.881000 140 146 136
1.596000 0.394000 1.395000 132 137 143
1.675000 0.378000 0.968000 124 131 123
1.419000 0.390000 0.842000 146 154 139
1.683000 0.390000 1.417000 120 129 134
1.683000 0.375000 0.887000 128 134 124
1.656000 0.390000 1.371000 124 131 137
1.633000 0.385000 1.131000 121 130 127
1.706000 0.375000 0.935000 127 132 125
1.631000 0.393000 1.439000 126 136 138
1.592000 0.387000 1.112000 127 136 133
1.719000 0.382000 1.197000 129 135 131
1.642000 0.374000 0.759000 136 137 129
1.615000 0.376000 0.748000 135 139 122
1.440000 0.387000 0.798000 148 154 142
1.592000 0.394000 1.381000 129 136 142
1.724000 0.373000 0.888000 128 131 120
1.666000 0.395000 1.588000 149 154 157
1.632000 0.383000 1.062000 127 134 127
1.657000 0.386000 1.214000 130 136 134
1.485000 0.388000 0.945000 141 149 138
1.530000 0.393000 1.205000 132 141 138
1.510000 0.386000 0.908000 139 147 136
1.541000 0.389000 1.089000 129 136 128
1.672000 0.374000 0.811000 131 138 130
1.612000 0.385000 1.088000 126 135 130
1.573000 0.378000 0.762000 141 147 135
1.708000 0.398000 1.795000 151 157 157
1.543000 0.392000 1.193000 131 139 141
1.729000 0.387000 1.415000 119 130 132
1.617000 0.385000 1.104000 125 136 128
1.643000 0.393000 1.465000 126 135 142
1.597000 0.382000 0.957000 129 137 126
1.573000 0.390000 1.177000 130 139 138
1.736000 0.378000 1.115000 124 128 127
1.729000 0.385000 1.333000 125 135 136
1.643000 0.387000 1.220000 125 133 136
1.735000 0.379000 1.146000 129 133 132
1.631000 0.389000 1.290000 126 133 139
1.658000 0.377000 0.875000 130 137 129
1.543000 0.381000 0.786000 143 149 139
1.706000 0.380000 1.104000 126 131 127
1.653000 0.388000 1.293000 125 134 139
1.657000 0.390000 1.371000 124 131 137
1.663000 0.381000 1.055000 124 131 124
1.639000 0.391000 1.353000 127 134 140
1.635000 0.375000 0.775000 132 138 128
1.719000 0.379000 1.090000 123 129 127
1.629000 0.387000 1.212000 126 133 139
1.587000 0.386000 1.090000 126 135 132
1.535000 0.382000 0.806000 142 153 139
1.540000 0.389000 1.094000 128 138 129
1.708000 0.384000 1.266000 126 136 145
1.605000 0.392000 1.336000 129 137 140
1.576000 0.391000 1.220000 132 137 140
1.450000 0.390000 0.922000 146 154 143
1.633000 0.377000 0.823000 135 140 134
1.442000 0.385000 0.742000 71 59 45
1.507000 0.384000 0.827000 144 152 139
1.501000 0.382000 0.740000 93 87 71
1.540000 0.387000 1.020000 132 139 131
1.736000 0.369000 0.777000 133 136 129
1.569000 0.385000 1.013000 129 136 129
1.511000 0.390000 1.072000 132 139 131
1.655000 0.374000 0.784000 132 137 130
1.728000 0.369000 0.752000 137 140 131
1.711000 0.388000 1.404000 121 131 133
1.614000 0.379000 0.865000 132 139 131
1.739000 0.372000 0.885000 126 133 126
1.569000 0.388000 1.103000 127 136 133
1.659000 0.386000 1.224000 128 137 136
1.567000 0.380000 0.812000 137 145 134
1.609000 0.388000 1.186000 128 136 139
1.531000 0.384000 0.868000 139 145 135
1.613000 0.394000 1.431000 128 138 139
1.656000 0.376000 0.862000 129 137 126
1.669000 0.395000 1.583000 147 152 156
1.649000 0.375000 0.816000 134 141 134
1.627000 0.388000 1.228000 126 135 140
1.575000 0.384000 0.970000 130 137 129
1.575000 0.386000 1.030000 128 135 127
1.421000 0.389000 0.819000 147 153 141
1.570000 0.385000 0.999000 130 137 130
1.739000 0.381000 1.200000 131 136 139
1.663000 0.376000 0.851000 129 136 128
1.573000 0.380000 0.837000 134 142 131
1.631000 0.375000 0.763000 131 137 127
1.519000 0.385000 0.899000 139 145 135
1.421000 0.389000 0.835000 145 153 138
1.685000 0.379000 1.010000 125 130 123
1.694000 0.374000 0.852000 128 133 127
1.590000 0.392000 1.291000 129 137 140
1.520000 0.385000 0.900000 139 145 135
1.678000 0.374000 0.820000 130 137 130
1.575000 0.391000 1.243000 133 136 141
1.635000 0.395000 1.501000 133 141 144
1.667000 0.395000 1.573000 145 148 155
1.645000 0.392000 1.430000 125 132 138
1.510000 0.382000 0.769000 143 149 137
1.604000 0.385000 1.062000 128 135 128
1.623000 0.376000 0.764000 130 136 124
1.693000 0.377000 0.950000 124 132 121
1.649000 0.382000 1.055000 127 133 129
1.706000 0.389000 1.453000 124 132 135
1.573000 0.385000 1.017000 128 135 128
1.540000 0.392000 1.208000 131 140 139
1.708000 0.387000 1.371000 121 130 135
1.716000 0.383000 1.237000 127 136 143
1.714000 0.375000 0.921000 124 131 123
1.524000 0.387000 0.969000 136 142 132
1.666000 0.383000 1.145000 127 132 128
1.621000 0.376000 0.777000 131 137 125
1.634000 0.378000 0.887000 130 138 127
1.521000 0.391000 1.129000 127 137 129
1.558000 0.389000 1.112000 127 135 137
1.630000 0.384000 1.075000 129 136 128
1.530000 0.384000 0.875000 140 146 136
1.700000 0.378000 1.024000 124 129 122
1.750000 0.376000 1.040000 130 135 129
1.712000 0.375000 0.943000 129 134 128
1.675000 0.395000 1.609000 153 158 162
1.687000 0.374000 0.855000 129 134 130
1.600000 0.377000 0.774000 134 140 126
1.632000 0.385000 1.150000 123 132 131
1.540000 0.392000 1.199000 131 140 139
1.720000 0.373000 0.890000 125 131 121
1.565000 0.380000 0.793000 139 144 137
1.650000 0.378000 0.906000 126 136 127
1.707000 0.384000 1.267000 126 136 145
1.549000 0.387000 1.036000 130 137 130
1.715000 0.397000 1.752000 152 161 160
1.591000 0.387000 1.110000 127 136 133
1.643000 0.386000 1.183000 128 134 130
1.559000 0.381000 0.815000 139 146 138
1.632000 0.376000 0.787000 132 138 128
1.717000 0.376000 0.973000 124 129 122
1.706000 0.390000 1.463000 122 130 133
1.705000 0.377000 0.975000 124 129 122
1.443000 0.389000 0.878000 143 154 140
1.696000 0.379000 1.032000 124 129 122
1.622000 0.390000 1.280000 130 135 141
1.643000 0.393000 1.454000 125 134 141
1.475000 0.390000 0.988000 137 147 136
1.714000 0.381000 1.164000 130 134 133
1.620000 0.376000 0.771000 130 136 122
1.598000 0.378000 0.806000 136 142 130
1.469000 0.384000 0.756000 139 145 131
1.661000 0.395000 1.561000 142 145 152
1.732000 0.385000 1.346000 127 133 131
1.636000 0.392000 1.384000 126 133 139
1.611000 0.391000 1.292000 128 136 139
1.662000 0.380000 1.022000 124 131 123
1.721000 0.378000 1.060000 123 129 125
1.662000 0.392000 1.454000 124 133 140
1.579000 0.379000 0.809000 134 144 133
1.707000 0.379000 1.079000 124 130 126
1.659000 0.383000 1.101000 124 130 126
1.604000 0.381000 0.941000 130 135 128
1.724000 0.384000 1.300000 126 134 137
1.553000 0.391000 1.192000 130 140 141
1.606000 0.382000 0.949000 128 133 126
1.580000 0.387000 1.083000 125 134 131
1.555000 0.382000 0.838000 136 143 135
1.638000 0.384000 1.104000 125 135 127
1.509000 0.382000 0.748000 155 157 143
1.631000 0.396000 1.522000 139 144 148
1.709000 0.373000 0.849000 129 134 128
1.507000 0.388000 0.981000 134 142 131
1.730000 0.390000 1.511000 123 134 140
1.716000 0.372000 0.846000 130 135 128
1.689000 0.395000 1.617000 149 154 158
1.721000 0.388000 1.426000 119 128 133
1.656000 0.394000 1.518000 134 139 145
1.660000 0.391000 1.430000 124 131 139
1.613000 0.390000 1.260000 127 135 138
1.643000 0.385000 1.145000 127 133 131
1.691000 0.385000 1.265000 126 133 141
1.694000 0.383000 1.206000 130 136 134
1.627000 0.384000 1.075000 129 136 128
1.573000 0.393000 1.293000 130 138 141
1.613000 0.390000 1.281000 127 136 141
1.609000 0.385000 1.099000 125 136 128
1.476000 0.388000 0.893000 144 152 139
1.697000 0.387000 1.339000 123 132 139
1.692000 0.396000 1.686000 159 164 167
1.619000 0.388000 1.221000 129 134 140
1.565000 0.381000 0.835000 135 143 132
1.729000 0.384000 1.316000 122 131 136
1.695000 0.386000 1.293000 125 132 140
1.723000 0.388000 1.456000 119 128 135
1.647000 0.380000 0.991000 124 134 125
1.727000 0.370000 0.785000 132 137 130
1.451000 0.391000 0.953000 142 153 139
1.461000 0.387000 0.836000 145 153 142
1.514000 0.382000 0.752000 143 151 138
1.623000 0.394000 1.455000 129 138 143
1.689000 0.387000 1.332000 121 131 140
1.532000 0.390000 1.103000 128 138 129
1.618000 0.385000 1.121000 127 136 131
1.484000 0.383000 0.748000 166 163 146
1.580000 0.390000 1.220000 131 136 139
1.722000 0.387000 1.385000 121 131 133
1.747000 0.382000 1.274000 128 137 142
1.640000 0.381000 1.020000 125 132 124
1.655000 0.395000 1.551000 140 145 151
1.664000 0.393000 1.511000 130 138 141
1.741000 0.371000 0.854000 127 134 127
1.642000 0.378000 0.899000 128 136 125
1.610000 0.383000 1.023000 126 133 125
1.708000 0.397000 1.739000 159 165 165
1.710000 0.397000 1.746000 155 164 163
1.609000 0.379000 0.853000 133 140 132
1.592000 0.391000 1.257000 131 136 140
1.567000 0.379000 0.775000 140 146 136
1.761000 0.369000 0.828000 136 138 124
1.588000 0.388000 1.163000 129 137 139
1.737000 0.375000 1.001000 124 131 123
1.604000 0.395000 1.453000 129 140 142
1.601000 0.390000 1.236000 129 134 140
1.726000 0.378000 1.065000 126 131 124
1.741000 0.371000 0.851000 127 134 127
1.642000 0.392000 1.408000 125 132 138
1.681000 0.393000 1.541000 134 142 145
1.614000 0.396000 1.498000 135 143 145
1.641000 0.381000 1.021000 125 132 124
1.609000 0.383000 1.019000 126 133 125
1.585000 0.387000 1.098000 125 136 132
1.626000 0.392000 1.393000 126 133 139
1.690000 0.387000 1.322000 121 131 140
1.570000 0.390000 1.189000 127 139 137
1.700000 0.386000 1.319000 124 133 140
1.707000 0.388000 1.421000 121 131 133
1.695000 0.380000 1.098000 124 130 126
1.669000 0.386000 1.234000 127 137 138
1.713000 0.390000 1.498000 127 134 140
1.655000 0.395000 1.542000 138 143 149
1.615000 0.392000 1.356000 128 135 141
1.626000 0.379000 0.899000 130 138 125
1.489000 0.384000 0.789000 145 151 141
1.633000 0.396000 1.528000 137 142 146
1.571000 0.394000 1.331000 132 140 143
1.717000 0.379000 1.075000 124 130 126
1.691000 0.396000 1.679000 156 164 166
1.744000 0.373000 0.936000 126 131 127
1.626000 0.379000 0.913000 127 137 126
1.462000 0.389000 0.904000 145 153 142
1.690000 0.390000 1.449000 122 129 135
1.645000 0.378000 0.908000 127 137 128
1.466000 0.387000 0.831000 147 153 143
1.623000 0.395000 1.481000 131 139 141
1.613000 0.384000 1.066000 128 135 128
1.598000 0.383000 0.969000 129 136 128
1.721000 0.394000 1.661000 146 154 157
1.669000 0.379000 0.980000 126 131 124
1.694000 0.380000 1.065000 124 131 124
1.692000 0.381000 1.106000 124 128 127
1.666000 0.392000 1.453000 124 133 140
1.700000 0.387000 1.371000 121 130 135
1.627000 0.379000 0.912000 127 137 126
1.698000 0.384000 1.222000 127 136 135
1.435000 0.390000 0.891000 144 155 141
1.625000 0.391000 1.352000 127 134 140
1.667000 0.381000 1.066000 123 130 122
1.677000 0.373000 0.785000 131 138 131
1.614000 0.388000 1.190000 128 136 139
1.604000 0.393000 1.361000 129 136 142
1.652000 0.376000 0.830000 133 140 132
1.623000 0.387000 1.196000 126 135 134
1.564000 0.383000 0.913000 133 140 132
1.623000 0.392000 1.361000 127 134 140
1.648000 0.388000 1.266000 125 133 136
1.653000 0.378000 0.919000 128 135 127
1.615000 0.376000 0.771000 130 136 122
1.728000 0.378000 1.074000 126 131 127
1.728000 0.377000 1.028000 123 129 125
1.725000 0.376000 0.999000 123 128 121
1.416000 0.389000 0.808000 143 149 137
1.658000 0.374000 0.773000 133 136 129
1.634000 0.387000 1.200000 125 134 133
1.699000 0.389000 1.438000 121 128 134
1.670000 0.376000 0.886000 127 134 126
1.670000 0.377000 0.924000 128 133 127
1.577000 0.381000 0.882000 134 141 133
1.718000 0.388000 1.436000 123 130 136
1.683000 0.382000 1.132000 126 130 129
1.753000 0.379000 1.281000 128 135 143
1.765000 0.371000 1.145000 137 138 132
1.747000 0.382000 1.315000 102 111 110
1.748000 0.382000 1.275000 127 136 143
1.755000 0.377000 1.217000 135 142 148
1.758000 0.375000 1.209000 131 139 141
1.754000 0.378000 1.258000 130 139 146
1.756000 0.376000 1.185000 140 144 143
1.758000 0.375000 1.084000 129 131 120
1.755000 0.378000 1.241000 129 138 145
0.268000 0.370000 1.649000 123 130 122
0.242000 0.371000 1.646000 123 130 123
0.389000 0.373000 1.739000 130 140 141
0.187000 0.380000 1.745000 125 124 93
0.362000 0.373000 1.726000 128 138 139
0.203000 0.376000 1.701000 120 128 107
0.187000 0.381000 1.756000 126 125 94
0.210000 0.379000 1.744000 121 125 111
0.221000 0.371000 1.640000 117 128 114
0.180000 0.380000 1.734000 122 119 88
0.346000 0.376000 1.769000 129 138 137
0.221000 0.373000 1.670000 119 127 116
0.167000 0.381000 1.755000 126 125 94
0.170000 0.372000 1.621000 117 117 81
0.326000 0.373000 1.717000 127 136 133
0.136000 0.372000 1.614000 126 122 85
0.409000 0.376000 1.798000 137 142 146
0.486000 0.375000 1.812000 144 149 153
0.353000 0.377000 1.779000 131 139 141
0.517000 0.372000 1.790000 137 146 151
0.209000 0.381000 1.775000 123 126 107
0.409000 0.370000 1.719000 132 141 140
0.483000 0.372000 1.778000 139 147 150
0.237000 0.370000 1.630000 118 128 117
0.315000 0.376000 1.745000 130 134 135
0.205000 0.380000 1.749000 122 125 108
0.214000 0.378000 1.732000 120 126 116
0.473000 0.373000 1.782000 137 145 148
0.337000 0.371000 1.694000 127 136 131
0.251000 0.374000 1.694000 116 129 122
0.331000 0.369000 1.668000 126 137 133
0.192000 0.370000 1.606000 118 126 111
0.161000 0.377000 1.694000 121 116 76
0.332000 0.371000 1.696000 126 135 132
0.235000 0.377000 1.720000 120 128 117
0.186000 0.371000 1.619000 122 127 104
0.194000 0.378000 1.718000 115 120 100
0.445000 0.376000 1.810000 138 146 149
0.160000 0.367000 1.549000 126 122 93
0.469000 0.373000 1.788000 138 146 149
0.323000 0.369000 1.660000 124 137 130
0.225000 0.371000 1.636000 119 130 116
0.306000 0.376000 1.742000 125 134 131
0.165000 0.368000 1.571000 122 121 93
0.332000 0.371000 1.694000 127 136 131
0.135000 0.377000 1.682000 123 119 84
0.357000 0.372000 1.718000 128 138 137
0.243000 0.374000 1.683000 118 128 119
0.138000 0.372000 1.606000 127 121 85
0.228000 0.374000 1.682000 120 128 117
0.159000 0.382000 1.762000 127 126 96
0.189000 0.368000 1.576000 121 127 115
0.275000 0.370000 1.644000 122 132 124
0.193000 0.370000 1.618000 118 127 108
0.334000 0.371000 1.685000 127 136 131
0.396000 0.377000 1.806000 137 142 145
0.164000 0.372000 1.629000 121 117 79
0.188000 0.375000 1.677000 117 117 91
0.224000 0.372000 1.652000 120 128 117
0.301000 0.371000 1.673000 124 133 130
0.152000 0.368000 1.566000 125 121 84
0.298000 0.370000 1.661000 124 133 128
0.157000 0.381000 1.737000 126 121 91
0.554000 0.374000 1.837000 146 145 141
0.347000 0.371000 1.700000 126 136 135
0.129000 0.377000 1.681000 124 120 85
0.360000 0.371000 1.709000 128 138 137
0.173000 0.368000 1.575000 124 124 100
0.415000 0.377000 1.806000 138 143 147
0.376000 0.378000 1.806000 133 141 143
0.152000 0.367000 1.549000 128 124 89
0.126000 0.383000 1.755000 127 123 96
0.276000 0.370000 1.655000 122 132 124
0.495000 0.370000 1.846000 118 108 96
0.217000 0.361000 1.840000 123 128 122
0.181000 0.361000 1.836000 122 128 116
0.373000 0.365000 1.845000 135 141 139
0.316000 0.369000 1.830000 128 137 134
0.199000 0.355000 1.853000 121 129 116
0.369000 0.369000 1.835000 136 141 144
0.208000 0.361000 1.838000 120 127 120
0.165000 0.378000 1.790000 134 128 102
0.195000 0.380000 1.789000 130 128 105
0.165000 0.375000 1.799000 135 130 101
0.193000 0.369000 1.817000 118 124 110
0.405000 0.369000 1.839000 139 144 148
0.182000 0.363000 1.831000 119 127 112
0.314000 0.361000 1.851000 141 144 133
0.573000 0.372000 1.848000 155 156 148
0.532000 0.373000 1.842000 168 158 156
0.274000 0.379000 1.799000 125 131 127
0.223000 0.356000 1.852000 128 132 118
0.425000 0.368000 1.842000 142 147 153
0.326000 0.379000 1.803000 128 137 136
0.311000 0.378000 1.806000 126 134 136
0.361000 0.364000 1.848000 136 141 135
0.163000 0.371000 1.808000 134 129 99
0.334000 0.363000 1.846000 134 139 133
0.214000 0.371000 1.812000 117 129 117
0.225000 0.372000 1.813000 118 130 118
0.179000 0.368000 0.981000 130 135 128
0.245000 0.366000 0.962000 131 136 129
0.181000 0.367000 1.252000 133 138 132
0.165000 0.368000 1.032000 136 137 129
0.184000 0.366000 1.271000 129 139 130
0.179000 0.367000 1.255000 133 138 131
0.175000 0.366000 1.397000 125 134 113
0.240000 0.366000 1.089000 137 140 133
0.248000 0.366000 0.948000 131 137 127
0.162000 0.367000 1.289000 135 139 122
0.157000 0.366000 1.484000 128 129 95
0.173000 0.367000 1.282000 131 139 124
0.216000 0.367000 1.058000 133 138 134
0.159000 0.367000 1.320000 134 138 121
0.223000 0.367000 0.940000 132 135 124
0.176000 0.368000 1.016000 133 135 130
0.162000 0.368000 1.088000 138 135 126
0.281000 0.366000 0.929000 130 138 123
0.233000 0.366000 1.036000 137 139 134
0.190000 0.366000 1.261000 132 139 131
0.171000 0.367000 1.277000 131 139 126
0.186000 0.367000 1.206000 130 140 132
0.212000 0.367000 0.995000 134 137 130
0.281000 0.366000 0.940000 132 138 124
0.189000 0.367000 1.031000 133 135 130
0.179000 0.368000 0.943000 124 134 123
0.189000 0.368000 0.933000 131 134 123
0.219000 0.367000 1.050000 133 137 136
0.164000 0.366000 1.440000 127 131 106
0.243000 0.366000 0.973000 133 136 129
0.210000 0.367000 0.951000 130 133 126
0.162000 0.367000 1.288000 135 139 122
0.177000 0.366000 1.339000 130 137 121
0.249000 0.366000 0.983000 134 137 130
0.255000 0.366000 0.914000 127 130 113
0.219000 0.367000 0.994000 133 136 129
0.173000 0.368000 1.055000 135 137 132
0.163000 0.368000 1.074000 138 138 128
0.174000 0.367000 1.103000 135 138 131
0.160000 0.367000 1.300000 134 139 117
0.159000 0.367000 1.310000 133 140 124
0.243000 0.366000 1.089000 137 140 133
0.245000 0.366000 1.046000 137 137 137
0.212000 0.367000 1.071000 134 139 132
0.241000 0.367000 0.933000 131 137 125
0.176000 0.367000 1.275000 131 139 126
0.181000 0.367000 1.075000 134 137 130
0.266000 0.366000 0.975000 131 139 128
0.172000 0.368000 1.094000 135 136 130
0.323000 0.364000 1.080000 141 141 139
0.227000 0.366000 1.188000 134 140 136
0.232000 0.366000 1.237000 133 140 132
0.358000 0.364000 1.113000 140 145 141
0.272000 0.365000 1.020000 137 138 132
0.274000 0.365000 1.022000 136 139 132
0.400000 0.363000 1.002000 135 140 133
0.368000 0.364000 1.010000 136 141 134
0.235000 0.365000 1.359000 134 138 124
0.377000 0.363000 1.110000 140 145 141
0.229000 0.365000 1.368000 128 134 120
0.277000 0.365000 1.227000 137 142 135
0.256000 0.365000 1.201000 136 141 137
0.269000 0.365000 1.232000 136 142 132
0.261000 0.365000 1.237000 135 143 132
0.272000 0.366000 0.999000 133 139 129
0.285000 0.365000 1.183000 134 143 138
0.242000 0.365000 1.340000 131 139 124
0.464000 0.362000 0.952000 134 142 129
0.344000 0.364000 1.029000 139 142 135
0.286000 0.365000 1.012000 136 139 132
0.410000 0.363000 1.005000 139 142 133
0.265000 0.365000 1.290000 132 143 127
0.243000 0.365000 1.220000 136 141 134
0.397000 0.363000 1.013000 136 141 134
0.196000 0.366000 1.379000 123 134 118
0.323000 0.365000 1.028000 137 140 133
0.265000 0.366000 1.026000 137 140 133
0.359000 0.364000 0.983000 131 141 130
0.314000 0.364000 1.201000 138 145 138
0.306000 0.365000 0.994000 134 140 130
0.426000 0.363000 0.957000 134 142 129
0.441000 0.363000 0.973000 132 142 131
0.269000 0.365000 1.117000 135 140 133
0.242000 0.365000 1.325000 131 142 126
0.363000 0.364000 0.944000 133 139 127
0.340000 0.364000 1.179000 139 146 139
0.347000 0.364000 1.047000 138 141 134
0.292000 0.365000 0.989000 132 140 129
0.291000 0.365000 1.163000 137 144 137
0.252000 0.366000 1.117000 136 141 135
0.326000 0.364000 1.171000 139 144 137
0.253000 0.365000 1.156000 136 143 136
0.397000 0.364000 0.935000 129 140 126
0.319000 0.365000 0.975000 131 139 128
0.296000 0.365000 1.129000 138 143 137
0.453000 0.363000 0.929000 134 140 126
0.316000 0.364000 1.199000 138 144 140
0.298000 0.364000 1.247000 136 144 133
0.237000 0.366000 1.149000 135 142 135
0.204000 0.366000 1.335000 130 138 123
0.215000 0.366000 1.293000 132 140 129
0.279000 0.365000 1.276000 133 143 132
0.365000 0.364000 1.019000 137 142 135
0.254000 0.365000 1.157000 136 143 136
0.414000 0.363000 0.980000 131 141 130
0.184000 0.366000 1.415000 124 133 114
0.241000 0.366000 1.216000 136 141 134
0.283000 0.365000 0.951000 134 137 126
0.242000 0.365000 1.228000 135 140 133
0.248000 0.365000 1.207000 135 140 134
0.248000 0.365000 1.274000 131 141 130
0.251000 0.365000 1.340000 132 140 125
0.258000 0.365000 1.283000 131 144 127
0.285000 0.365000 1.216000 136 141 134
0.264000 0.366000 1.053000 136 138 133
0.307000 0.365000 1.020000 138 139 133
0.298000 0.365000 1.021000 137 138 132
0.300000 0.364000 1.249000 136 144 133
0.211000 0.366000 1.373000 137 148 132
0.403000 0.363000 1.060000 140 145 138
0.182000 0.366000 1.384000 126 137 120
0.307000 0.365000 1.061000 139 141 136
0.269000 0.365000 1.242000 135 143 132
0.303000 0.365000 1.194000 135 144 139
0.326000 0.364000 1.164000 137 144 137
0.367000 0.364000 0.955000 133 139 127
0.295000 0.365000 0.933000 132 138 124
0.286000 0.365000 1.208000 137 142 136
0.239000 0.365000 1.344000 130 138 123
0.255000 0.365000 1.305000 134 142 127
0.334000 0.365000 0.920000 131 138 120
0.300000 0.365000 0.973000 133 139 127
0.236000 0.365000 1.279000 131 141 130
0.418000 0.363000 1.001000 136 142 132
0.323000 0.364000 1.097000 140 142 137
0.289000 0.365000 0.941000 134 138 124
0.330000 0.364000 1.051000 139 142 135
0.251000 0.365000 1.334000 132 140 125
0.395000 0.365000 1.329000 138 146 125
0.743000 0.367000 1.520000 130 139 134
0.813000 0.368000 1.681000 136 142 138
0.531000 0.363000 1.052000 138 145 137
0.426000 0.367000 1.609000 129 140 136
0.528000 0.365000 1.327000 140 148 135
0.384000 0.366000 1.512000 128 141 131
0.808000 0.369000 1.773000 145 154 159
0.584000 0.364000 1.210000 144 150 148
0.275000 0.365000 1.336000 131 142 126
0.624000 0.368000 1.624000 134 142 144
0.571000 0.366000 1.351000 142 148 136
0.713000 0.368000 1.583000 130 143 133
0.553000 0.366000 1.371000 136 147 130
0.477000 0.363000 1.025000 138 146 135
0.419000 0.365000 1.356000 137 146 127
0.496000 0.362000 0.966000 134 142 129
0.487000 0.363000 1.026000 138 146 135
0.539000 0.366000 1.466000 132 142 131
0.640000 0.366000 1.445000 135 145 137
0.418000 0.364000 1.125000 142 147 141
0.695000 0.367000 1.514000 129 140 132
0.421000 0.365000 1.262000 140 147 139
0.346000 0.366000 1.453000 130 142 130
0.482000 0.364000 1.131000 143 149 145
0.460000 0.364000 1.113000 143 148 142
0.441000 0.367000 1.612000 129 140 136
0.614000 0.367000 1.476000 131 141 132
0.783000 0.369000 1.727000 132 144 144
0.407000 0.365000 1.339000 135 144 127
0.407000 0.366000 1.415000 135 143 130
0.703000 0.366000 1.365000 140 148 137
0.671000 0.366000 1.407000 137 148 132
0.741000 0.368000 1.639000 130 142 138
0.456000 0.363000 1.075000 141 146 139
0.375000 0.364000 1.174000 140 147 140
0.787000 0.368000 1.617000 134 141 134
0.566000 0.367000 1.607000 122 123 109
0.624000 0.365000 1.314000 140 150 141
0.372000 0.365000 1.375000 134 143 124
0.685000 0.368000 1.640000 131 141 142
0.540000 0.364000 1.204000 142 151 148
0.393000 0.367000 1.583000 126 139 130
0.384000 0.366000 1.383000 132 144 122
0.803000 0.369000 1.742000 134 142 145
0.622000 0.365000 1.247000 144 150 146
0.464000 0.364000 1.140000 142 149 142
0.595000 0.367000 1.488000 133 145 131
0.271000 0.366000 1.448000 129 137 122
0.432000 0.365000 1.309000 139 147 134
0.531000 0.365000 1.229000 143 150 143
0.537000 0.366000 1.353000 137 148 131
0.435000 0.366000 1.422000 132 144 132
0.396000 0.366000 1.479000 131 143 129
0.383000 0.364000 1.226000 139 144 138
0.694000 0.366000 1.376000 141 149 136
0.703000 0.366000 1.446000 134 144 133
0.714000 0.367000 1.567000 131 143 133
0.460000 0.365000 1.258000 142 148 138
0.680000 0.368000 1.606000 128 143 136
0.356000 0.364000 1.192000 137 147 139
0.591000 0.365000 1.276000 143 150 142
0.333000 0.364000 1.200000 138 145 138
0.537000 0.366000 1.472000 132 142 131
0.576000 0.368000 1.629000 44 44 42
0.227000 0.365000 1.401000 167 176 159
0.192000 0.366000 1.457000 125 132 114
0.622000 0.364000 1.201000 146 152 152
0.481000 0.368000 1.656000 130 142 138
0.507000 0.366000 1.371000 135 148 128
0.343000 0.364000 1.256000 137 144 136
0.323000 0.366000 1.463000 128 138 129
0.814000 0.369000 1.696000 134 143 138
0.398000 0.364000 1.219000 140 145 139
0.402000 0.367000 1.525000 128 141 131
0.556000 0.366000 1.348000 142 148 136
0.324000 0.364000 1.260000 136 143 135
0.672000 0.368000 1.674000 135 140 144
0.793000 0.369000 1.699000 132 141 138
0.507000 0.367000 1.503000 128 144 131
0.693000 0.368000 1.687000 132 141 140
0.553000 0.364000 1.137000 143 149 145
0.433000 0.366000 1.466000 131 144 127
0.207000 0.366000 1.440000 125 133 120
0.652000 0.367000 1.486000 132 142 131
0.483000 0.367000 1.504000 127 144 126
0.470000 0.364000 1.141000 143 149 145
0.460000 0.363000 1.031000 137 145 134
0.504000 0.365000 1.271000 141 149 138
0.531000 0.364000 1.194000 142 148 146
0.628000 0.365000 1.218000 145 151 151
0.645000 0.368000 1.621000 132 143 139
0.684000 0.368000 1.670000 132 141 140
0.351000 0.366000 1.429000 131 142 128
0.723000 0.367000 1.497000 133 140 133
0.553000 0.366000 1.401000 137 148 132
0.770000 0.368000 1.693000 133 139 139
0.631000 0.368000 1.615000 131 142 138
0.487000 0.367000 1.567000 129 140 132
0.347000 0.365000 1.372000 135 144 123
0.416000 0.367000 1.580000 129 142 133
0.313000 0.365000 1.309000 135 143 130
0.397000 0.367000 1.606000 127 138 134
0.438000 0.364000 1.184000 139 148 145
0.906000 0.369000 1.778000 153 158 164
0.483000 0.364000 1.159000 142 148 144
0.353000 0.366000 1.474000 129 141 127
0.600000 0.368000 1.609000 99 105 93
0.403000 0.363000 1.107000 142 147 143
0.454000 0.363000 1.096000 141 146 140
0.537000 0.368000 1.645000 45 54 51
0.408000 0.365000 1.326000 138 146 133
0.168000 0.366000 1.526000 120 128 104
0.524000 0.364000 1.150000 143 149 145
0.360000 0.366000 1.454000 130 142 130
0.390000 0.366000 1.424000 133 144 130
0.684000 0.366000 1.446000 135 145 134
0.662000 0.366000 1.431000 135 145 136
0.679000 0.367000 1.520000 129 140 134
0.610000 0.367000 1.527000 129 142 132
0.193000 0.366000 1.473000 122 133 116
0.502000 0.367000 1.513000 128 144 131
0.407000 0.363000 1.087000 140 145 139
0.454000 0.367000 1.600000 127 140 133
0.317000 0.365000 1.311000 136 144 131
0.586000 0.368000 1.604000 133 143 135
0.375000 0.364000 1.218000 138 143 136
0.366000 0.364000 1.205000 140 145 139
0.307000 0.367000 1.541000 125 139 122
0.279000 0.365000 1.300000 133 144 128
0.598000 0.366000 1.434000 134 146 134
0.738000 0.367000 1.567000 131 141 133
0.622000 0.367000 1.480000 133 143 132
0.795000 0.368000 1.661000 134 140 136
0.412000 0.365000 1.339000 138 147 130
0.586000 0.365000 1.321000 138 151 134
0.506000 0.363000 1.022000 138 146 135
0.600000 0.365000 1.267000 143 150 143
0.679000 0.365000 1.314000 141 151 140
0.456000 0.363000 1.089000 142 147 141
0.750000 0.367000 1.496000 132 142 133
0.467000 0.362000 0.969000 134 142 129
0.527000 0.366000 1.402000 133 147 130
0.292000 0.367000 1.566000 128 136 123
0.786000 0.369000 1.755000 135 143 145
0.402000 0.363000 1.115000 142 147 143
0.590000 0.364000 1.155000 144 150 148
0.821000 0.369000 1.763000 141 150 157
0.489000 0.364000 1.182000 143 149 145
0.669000 0.366000 1.367000 141 149 136
0.434000 0.363000 1.016000 135 143 132
0.865000 0.369000 1.711000 140 146 144
0.672000 0.367000 1.536000 129 141 129
0.559000 0.366000 1.409000 136 146 135
0.890000 0.369000 1.793000 157 164 172
0.584000 0.366000 1.358000 140 149 132
0.532000 0.365000 1.340000 141 149 136
0.538000 0.365000 1.239000 144 151 144
0.632000 0.365000 1.232000 146 151 147
0.514000 0.364000 1.096000 143 148 142
0.554000 0.365000 1.217000 142 148 146
0.207000 0.367000 1.560000 122 130 115
0.381000 0.366000 1.490000 126 143 127
0.286000 0.365000 1.306000 133 144 127
0.851000 0.369000 1.704000 140 146 144
0.354000 0.366000 1.477000 129 141 127
0.429000 0.365000 1.287000 137 148 132
0.491000 0.367000 1.511000 128 145 129
0.460000 0.366000 1.459000 132 144 132
0.542000 0.364000 1.121000 143 148 142
0.495000 0.364000 1.199000 143 149 147
0.359000 0.367000 1.573000 125 138 129
0.592000 0.364000 1.201000 144 150 148
0.559000 0.365000 1.315000 138 150 136
0.448000 0.364000 1.225000 138 148 140
0.440000 0.366000 1.502000 130 142 130
0.435000 0.364000 1.180000 139 148 143
0.618000 0.367000 1.533000 129 142 132
0.731000 0.367000 1.525000 129 140 132
0.618000 0.368000 1.670000 133 143 142
0.607000 0.367000 1.543000 127 140 130
0.464000 0.365000 1.323000 139 147 134
0.809000 0.369000 1.720000 133 143 144
0.500000 0.366000 1.406000 137 145 132
0.575000 0.366000 1.427000 134 146 134
0.758000 0.368000 1.605000 131 142 136
0.415000 0.365000 1.301000 139 147 132
0.194000 0.366000 1.484000 122 133 117
0.402000 0.365000 1.306000 139 147 134
0.317000 0.366000 1.489000 128 138 127
0.522000 0.363000 1.086000 141 146 140
0.361000 0.366000 1.420000 131 142 126
0.528000 0.368000 1.629000 66 64 65
0.636000 0.367000 1.580000 126 141 136
0.605000 0.366000 1.420000 134 146 134
0.765000 0.369000 1.743000 132 144 144
0.327000 0.364000 1.234000 138 145 137
0.569000 0.367000 1.524000 129 143 130
0.751000 0.367000 1.552000 131 141 133
0.479000 0.365000 1.251000 141 148 140
0.589000 0.365000 1.337000 142 150 135
0.852000 0.369000 1.749000 144 154 155
0.538000 0.366000 1.389000 136 149 129
0.615000 0.367000 1.493000 129 141 129
0.713000 0.368000 1.591000 129 142 133
0.889000 0.369000 1.774000 153 156 163
0.465000 0.366000 1.469000 131 143 131
0.505000 0.364000 1.226000 142 149 142
0.597000 0.365000 1.266000 143 150 143
0.209000 0.366000 1.522000 124 132 119
0.884000 0.369000 1.756000 149 154 158
0.169000 0.366000 1.517000 120 128 105
0.495000 0.364000 1.119000 143 150 143
0.390000 0.366000 1.475000 131 143 131
0.770000 0.368000 1.692000 131 140 139
0.344000 0.366000 1.435000 131 141 130
0.438000 0.365000 1.370000 134 145 128
0.582000 0.367000 1.533000 129 142 132
0.546000 0.367000 1.575000 128 141 134
0.705000 0.367000 1.517000 130 139 134
0.558000 0.368000 1.661000 134 144 143
0.274000 0.366000 1.407000 129 138 117
0.251000 0.366000 1.446000 131 133 119
0.408000 0.367000 1.531000 128 141 132
0.535000 0.367000 1.550000 128 141 131
0.603000 0.368000 1.695000 133 143 144
0.244000 0.367000 1.552000 122 134 120
0.680000 0.366000 1.419000 136 147 133
0.578000 0.366000 1.470000 134 144 133
0.580000 0.366000 1.418000 135 147 135
0.741000 0.368000 1.668000 132 141 140
0.450000 0.367000 1.609000 128 140 136
0.742000 0.367000 1.494000 131 141 132
0.449000 0.364000 1.212000 144 149 143
0.408000 0.365000 1.304000 139 147 132
0.559000 0.365000 1.267000 142 149 142
0.621000 0.366000 1.427000 135 147 135
0.602000 0.366000 1.366000 140 149 130
0.370000 0.364000 1.166000 138 147 142
0.436000 0.367000 1.605000 129 140 136
0.827000 0.369000 1.736000 134 146 146
0.681000 0.367000 1.480000 132 144 134
0.607000 0.367000 1.473000 131 141 132
0.440000 0.363000 1.099000 141 146 142
0.505000 0.365000 1.347000 138 149 132
0.245000 0.366000 1.437000 126 135 116
0.252000 0.365000 1.399000 128 139 122
0.391000 0.365000 1.378000 133 145 123
0.460000 0.366000 1.445000 133 145 133
0.277000 0.366000 1.451000 127 138 124
0.748000 0.368000 1.636000 130 142 138
0.685000 0.368000 1.675000 132 141 140
0.353000 0.366000 1.471000 129 141 127
0.717000 0.366000 1.430000 136 147 133
0.703000 0.368000 1.707000 132 142 144
0.333000 0.366000 1.514000 126 137 123
0.508000 0.367000 1.614000 52 56 41
0.536000 0.365000 1.310000 139 150 136
0.546000 0.367000 1.520000 128 142 129
0.519000 0.365000 1.284000 141 149 138
0.515000 0.368000 1.628000 39 39 39
0.488000 0.365000 1.246000 141 146 139
0.451000 0.364000 1.209000 143 148 144
0.450000 0.365000 1.267000 144 147 138
0.621000 0.366000 1.415000 135 147 133
0.484000 0.364000 1.114000 142 149 142
0.438000 0.365000 1.323000 138 146 133
0.381000 0.365000 1.342000 136 144 129
0.564000 0.364000 1.134000 144 149 145
0.712000 0.367000 1.554000 129 140 134
0.646000 0.367000 1.590000 128 140 136
0.616000 0.365000 1.335000 142 150 139
0.555000 0.364000 1.147000 144 150 148
0.766000 0.367000 1.498000 132 142 133
0.523000 0.363000 1.028000 137 145 134
0.276000 0.365000 1.369000 130 141 124
0.656000 0.366000 1.401000 138 149 133
0.662000 0.367000 1.519000 130 142 132
0.560000 0.363000 1.079000 141 146 139
0.633000 0.365000 1.296000 142 149 142
0.336000 0.364000 1.203000 138 145 138
0.833000 0.369000 1.733000 135 145 144
0.702000 0.368000 1.689000 131 141 140
0.387000 0.367000 1.534000 127 140 130
0.552000 0.368000 1.622000 46 47 42
0.894000 0.369000 1.766000 152 155 162
0.557000 0.364000 1.143000 144 150 148
0.743000 0.368000 1.604000 130 141 137
0.474000 0.363000 1.032000 137 145 134
0.627000 0.365000 1.247000 144 150 146
0.376000 0.364000 1.239000 138 145 137
0.642000 0.367000 1.465000 131 144 134
0.292000 0.367000 1.574000 126 134 121
0.237000 0.365000 1.388000 124 135 118
0.709000 0.366000 1.431000 136 147 133
0.631000 0.365000 1.306000 140 150 141
0.736000 0.369000 1.713000 131 141 143
0.458000 0.367000 1.527000 127 143 132
0.463000 0.365000 1.275000 139 149 138
0.470000 0.365000 1.270000 139 149 140
0.719000 0.367000 1.554000 129 140 132
0.538000 0.364000 1.095000 143 148 142
0.359000 0.364000 1.246000 137 145 134
0.677000 0.367000 1.537000 129 141 129
0.519000 0.367000 1.542000 130 143 134
0.809000 0.368000 1.590000 134 141 134
0.620000 0.366000 1.367000 140 149 132
0.637000 0.368000 1.705000 137 142 146
0.788000 0.369000 1.700000 132 141 140
0.525000 0.367000 1.503000 130 144 127
0.746000 0.369000 1.744000 134 142 144
0.678000 0.368000 1.624000 132 143 139
0.293000 0.366000 1.501000 125 136 122
0.597000 0.365000 1.307000 141 151 140
0.656000 0.366000 1.340000 141 149 138
0.841000 0.368000 1.645000 136 143 136
0.414000 0.365000 1.327000 138 146 133
0.249000 0.366000 1.510000 126 134 123
0.465000 0.364000 1.179000 143 149 147
0.265000 0.366000 1.454000 130 136 122
0.498000 0.366000 1.482000 132 142 131
0.480000 0.364000 1.226000 142 149 142
0.460000 0.364000 1.192000 143 149 147
0.538000 0.366000 1.461000 133 143 132
0.323000 0.365000 1.343000 133 144 127
0.683000 0.367000 1.533000 129 141 131
0.535000 0.365000 1.269000 141 148 141
0.418000 0.364000 1.230000 139 146 139
0.741000 0.367000 1.457000 134 144 133
0.722000 0.368000 1.683000 132 142 141
0.576000 0.368000 1.608000 108 110 96
0.733000 0.368000 1.591000 130 141 133
0.403000 0.363000 1.086000 140 145 141
0.589000 0.366000 1.450000 134 144 135
0.558000 0.368000 1.642000 52 51 47
0.678000 0.368000 1.649000 132 142 143
0.398000 0.364000 1.222000 140 145 139
0.631000 0.367000 1.592000 128 140 136
0.629000 0.368000 1.657000 132 142 141
0.411000 0.366000 1.484000 129 141 127
0.173000 0.366000 1.494000 122 134 112
0.508000 0.366000 1.421000 135 146 132
0.528000 0.364000 1.221000 140 151 147
0.240000 0.366000 1.537000 124 132 117
0.489000 0.364000 1.229000 142 149 142
0.626000 0.367000 1.525000 128 141 132
0.544000 0.364000 1.158000 143 149 147
0.567000 0.365000 1.316000 140 151 137
0.576000 0.366000 1.380000 140 148 133
0.449000 0.363000 1.018000 134 144 133
0.695000 0.367000 1.474000 133 143 134
0.374000 0.367000 1.530000 127 140 130
0.431000 0.364000 1.173000 141 147 143
0.406000 0.365000 1.341000 135 144 127
0.758000 0.367000 1.554000 131 140 135
0.379000 0.367000 1.596000 124 139 132
0.810000 0.368000 1.607000 133 143 135
0.516000 0.366000 1.481000 131 141 130
0.346000 0.367000 1.602000 126 139 132
0.498000 0.363000 1.016000 136 144 133
0.599000 0.366000 1.345000 141 149 134
0.726000 0.369000 1.745000 132 143 145
0.830000 0.368000 1.631000 136 143 136
0.506000 0.368000 1.666000 132 142 141
0.513000 0.366000 1.411000 136 147 133
0.214000 0.366000 1.501000 126 134 119
0.462000 0.363000 1.017000 136 144 133
0.718000 0.368000 1.645000 131 141 140
0.865000 0.369000 1.758000 145 154 161
0.468000 0.363000 1.081000 141 146 140
0.587000 0.368000 1.623000 47 43 40
0.560000 0.368000 1.634000 75 71 68
0.451000 0.364000 1.171000 141 148 141
0.619000 0.366000 1.422000 135 147 135
0.473000 0.364000 1.117000 144 149 143
0.780000 0.368000 1.568000 131 141 133
0.722000 0.368000 1.657000 130 141 137
0.568000 0.366000 1.356000 141 149 134
0.476000 0.367000 1.501000 127 144 126
0.496000 0.364000 1.222000 140 150 142
0.230000 0.366000 1.493000 124 135 121
0.291000 0.365000 1.379000 129 142 124
0.490000 0.363000 0.978000 134 142 129
0.427000 0.367000 1.562000 127 140 131
0.434000 0.366000 1.414000 133 145 133
0.596000 0.368000 1.648000 126 128 127
0.675000 0.367000 1.483000 131 142 134
0.598000 0.365000 1.298000 140 150 139
0.876000 0.369000 1.733000 140 149 148
0.457000 0.365000 1.244000 138 148 139
0.510000 0.365000 1.344000 138 149 132
0.513000 0.366000 1.435000 134 145 131
0.570000 0.368000 1.685000 135 145 147
0.425000 0.363000 1.076000 141 146 139
0.578000 0.364000 1.140000 144 148 147
0.334000 0.366000 1.504000 131 139 128
0.657000 0.367000 1.462000 134 144 133
0.503000 0.367000 1.497000 130 144 131
0.524000 0.364000 1.149000 143 149 145
0.849000 0.369000 1.694000 139 144 138
0.577000 0.367000 1.578000 129 141 137
0.302000 0.365000 1.336000 131 144 126
0.554000 0.365000 1.308000 140 151 137
0.558000 0.367000 1.609000 140 141 127
0.556000 0.365000 1.223000 143 149 145
0.451000 0.363000 1.054000 139 144 137
0.572000 0.365000 1.270000 142 149 142
0.641000 0.365000 1.281000 143 149 145
0.438000 0.366000 1.435000 133 143 132
0.343000 0.366000 1.457000 128 139 125
0.702000 0.368000 1.695000 131 141 140
0.191000 0.366000 1.477000 119 132 114
0.867000 0.369000 1.738000 141 149 151
0.366000 0.367000 1.560000 127 139 129
0.474000 0.364000 1.175000 143 149 149
0.854000 0.369000 1.702000 143 149 145
0.504000 0.364000 1.206000 142 148 144
0.379000 0.366000 1.440000 133 143 132
0.864000 0.369000 1.714000 139 149 140
0.279000 0.366000 1.532000 125 136 120
0.590000 0.366000 1.452000 133 143 134
0.291000 0.368000 1.615000 122 135 125
0.570000 0.369000 1.711000 134 144 145
0.477000 0.369000 1.703000 132 142 143
0.581000 0.371000 1.783000 137 147 149
0.496000 0.369000 1.708000 133 143 142
0.594000 0.369000 1.720000 134 144 143
0.466000 0.369000 1.694000 132 142 143
0.677000 0.370000 1.771000 136 145 150
0.350000 0.367000 1.615000 125 138 131
0.335000 0.368000 1.636000 125 136 130
0.508000 0.369000 1.704000 133 143 142
0.622000 0.370000 1.744000 135 144 149
0.749000 0.370000 1.794000 145 154 159
0.710000 0.372000 1.827000 148 157 164
0.748000 0.370000 1.787000 145 154 161
0.747000 0.370000 1.802000 147 157 159
0.496000 0.369000 1.690000 133 143 144
0.664000 0.371000 1.796000 145 150 156
0.564000 0.371000 1.790000 137 147 148
0.568000 0.371000 1.783000 138 148 149
0.479000 0.369000 1.705000 132 142 143
0.324000 0.368000 1.631000 125 136 128
0.280000 0.367000 1.601000 123 135 123
0.273000 0.367000 1.597000 122 134 122
0.524000 0.371000 1.769000 137 147 149
0.392000 0.368000 1.639000 128 139 135
0.619000 0.370000 1.760000 136 144 147
0.514000 0.368000 1.685000 133 143 142
0.720000 0.371000 1.817000 148 156 167
0.448000 0.368000 1.658000 129 139 138
0.445000 0.368000 1.671000 131 141 140
0.410000 0.370000 1.699000 130 139 138
0.714000 0.369000 1.746000 136 144 146
0.602000 0.370000 1.761000 134 145 147
0.365000 0.369000 1.677000 128 137 134
0.542000 0.369000 1.714000 134 144 145
0.599000 0.371000 1.774000 135 145 146
0.608000 0.369000 1.738000 135 145 146
0.479000 0.371000 1.746000 134 144 146
0.359000 0.369000 1.664000 127 138 134
0.835000 0.371000 1.828000 187 194 200
0.733000 0.370000 1.789000 144 153 158
0.326000 0.368000 1.641000 125 136 130
0.673000 0.369000 1.744000 133 143 144
0.595000 0.370000 1.766000 136 148 148
0.830000 0.371000 1.824000 182 189 195
0.811000 0.371000 1.829000 183 187 196
0.500000 0.371000 1.769000 136 146 148
0.377000 0.368000 1.654000 128 139 135
0.580000 0.370000 1.740000 136 145 150
0.418000 0.368000 1.658000 129 140 136
0.484000 0.371000 1.748000 133 145 145
0.661000 0.370000 1.762000 137 145 148
0.732000 0.370000 1.783000 140 149 156
0.706000 0.372000 1.835000 156 161 167
0.450000 0.371000 1.735000 134 142 145
0.588000 0.372000 1.812000 129 133 145
0.634000 0.369000 1.725000 137 142 146
0.646000 0.372000 1.817000 139 148 157
0.430000 0.370000 1.705000 132 141 140
0.749000 0.371000 1.807000 148 158 160
0.384000 0.370000 1.697000 130 139 136
0.655000 0.370000 1.778000 140 148 151
0.732000 0.371000 1.808000 145 154 159
0.633000 0.372000 1.823000 144 151 169
0.546000 0.369000 1.715000 135 145 146
0.522000 0.372000 1.786000 139 146 152
0.855000 0.370000 1.805000 169 178 187
0.235000 0.367000 1.584000 122 130 117
0.539000 0.368000 1.693000 133 143 144
0.578000 0.369000 1.733000 135 145 147
0.611000 0.369000 1.714000 133 143 144
0.249000 0.367000 1.577000 126 134 121
0.521000 0.368000 1.689000 133 143 142
0.417000 0.369000 1.692000 128 140 138
0.600000 0.372000 1.804000 134 139 145
0.349000 0.368000 1.633000 127 138 132
0.586000 0.371000 1.795000 140 147 153
0.420000 0.368000 1.644000 128 139 135
0.589000 0.369000 1.719000 134 144 143
0.764000 0.371000 1.816000 157 166 173
0.594000 0.369000 1.710000 134 144 145
0.755000 0.370000 1.804000 150 160 162
0.788000 0.371000 1.822000 167 174 184
0.763000 0.369000 1.351000 149 152 143
0.689000 0.369000 1.117000 142 147 141
0.770000 0.373000 1.093000 138 146 135
0.714000 0.372000 1.024000 136 144 131
0.730000 0.372000 1.070000 140 148 137
0.701000 0.370000 1.063000 139 145 135
0.705000 0.369000 1.184000 145 151 147
0.626000 0.369000 0.937000 131 142 126
0.926000 0.370000 1.811000 164 167 176
0.653000 0.369000 1.010000 135 143 130
0.723000 0.371000 1.079000 138 148 137
0.561000 0.365000 0.961000 133 144 128
0.850000 0.369000 1.610000 139 142 135
0.778000 0.368000 1.438000 141 150 131
0.552000 0.364000 1.005000 137 145 132
0.695000 0.368000 1.206000 145 151 149
0.582000 0.364000 1.078000 139 146 138
0.863000 0.369000 1.671000 140 142 137
0.757000 0.373000 1.073000 137 147 136
0.851000 0.371000 1.499000 140 146 136
0.692000 0.368000 1.209000 145 151 149
0.498000 0.363000 0.924000 131 143 123
0.790000 0.370000 1.398000 148 155 139
0.823000 0.373000 1.316000 156 159 150
0.691000 0.370000 1.087000 140 146 136
0.730000 0.371000 1.091000 141 146 139
0.700000 0.366000 1.309000 143 150 143
0.843000 0.369000 1.577000 137 139 134
0.654000 0.366000 1.191000 147 153 153
0.676000 0.370000 1.026000 136 144 131
0.732000 0.368000 1.321000 144 151 144
0.574000 0.364000 1.085000 142 147 140
0.608000 0.367000 1.008000 135 143 130
0.796000 0.368000 1.497000 136 144 133
0.627000 0.368000 0.960000 130 141 125
0.773000 0.373000 1.144000 143 148 142
0.901000 0.369000 1.749000 145 153 156
0.784000 0.367000 1.524000 134 141 133
0.563000 0.364000 1.033000 136 144 133
0.798000 0.369000 1.424000 145 152 134
0.794000 0.373000 1.180000 146 151 144
0.719000 0.369000 1.195000 145 149 148
0.593000 0.366000 0.985000 134 142 129
0.647000 0.368000 1.020000 135 143 130
0.664000 0.366000 1.224000 146 150 151
0.781000 0.370000 1.329000 150 155 148
0.858000 0.369000 1.618000 135 140 133
0.865000 0.369000 1.672000 140 142 137
0.833000 0.369000 1.581000 135 140 134
0.628000 0.368000 0.990000 134 142 129
0.809000 0.371000 1.374000 149 155 145
0.716000 0.368000 1.289000 144 151 144
0.728000 0.371000 1.095000 141 146 139
0.811000 0.373000 1.277000 147 152 146
0.758000 0.368000 1.424000 141 150 133
0.585000 0.366000 1.004000 133 141 128
0.764000 0.370000 1.312000 144 151 144
0.800000 0.370000 1.384000 148 154 142
0.771000 0.370000 1.330000 148 153 147
0.636000 0.365000 1.184000 145 151 151
0.687000 0.366000 1.297000 142 149 142
0.583000 0.365000 1.055000 138 145 137
0.543000 0.364000 0.969000 132 143 127
0.612000 0.367000 0.991000 134 142 129
0.652000 0.368000 1.093000 140 147 140
0.646000 0.369000 1.002000 134 142 129
0.640000 0.368000 1.016000 135 143 130
0.767000 0.372000 1.144000 143 148 142
0.799000 0.369000 1.449000 142 148 134
0.806000 0.371000 1.341000 151 159 148
0.690000 0.367000 1.269000 145 150 144
0.539000 0.364000 0.984000 135 143 130
0.719000 0.369000 1.218000 145 151 149
0.604000 0.367000 0.969000 135 143 128
0.669000 0.368000 1.143000 144 149 143
0.615000 0.368000 0.943000 132 141 124
0.703000 0.371000 1.058000 139 145 135
0.821000 0.372000 1.360000 151 157 147
0.816000 0.369000 1.494000 138 144 132
0.639000 0.366000 1.178000 146 152 152
0.659000 0.369000 1.006000 136 144 131
0.815000 0.369000 1.513000 136 144 133
0.737000 0.374000 0.979000 131 142 128
0.695000 0.366000 1.336000 141 149 138
0.781000 0.374000 1.113000 140 145 138
0.632000 0.367000 1.076000 137 147 138
0.607000 0.367000 0.975000 134 142 127
0.498000 0.362000 0.931000 131 142 125
0.667000 0.367000 1.175000 147 151 150
0.614000 0.365000 1.126000 144 149 145
0.864000 0.371000 1.517000 137 144 136
0.660000 0.368000 1.068000 138 145 137
0.676000 0.369000 1.064000 138 145 137
0.580000 0.366000 0.996000 135 143 130
0.581000 0.366000 1.002000 134 142 129
0.678000 0.365000 1.303000 142 152 144
0.617000 0.368000 0.934000 131 139 124
0.645000 0.370000 0.944000 130 141 125
0.744000 0.373000 1.043000 137 143 133
0.849000 0.372000 1.430000 147 150 139
0.725000 0.372000 1.054000 138 144 134
0.922000 0.370000 1.800000 158 162 171
0.669000 0.365000 1.286000 143 149 145
0.665000 0.366000 1.205000 145 151 151
0.750000 0.370000 1.243000 145 151 149
0.648000 0.368000 1.075000 138 145 137
0.547000 0.364000 0.997000 135 143 130
0.572000 0.365000 1.032000 137 145 134
0.785000 0.371000 1.313000 150 155 149
0.731000 0.369000 1.249000 146 150 149
0.741000 0.370000 1.214000 145 151 151
0.801000 0.369000 1.454000 141 147 133
0.753000 0.367000 1.419000 140 148 135
0.751000 0.371000 1.210000 146 152 152
0.786000 0.372000 1.260000 146 152 150
0.853000 0.370000 1.591000 135 140 134
0.709000 0.368000 1.222000 146 150 149
0.591000 0.364000 1.129000 146 148 145
0.763000 0.373000 1.117000 141 146 139
0.689000 0.371000 1.006000 135 143 130
0.621000 0.368000 0.960000 132 143 127
0.800000 0.370000 1.426000 145 152 134
0.640000 0.369000 0.960000 131 142 126
0.638000 0.365000 1.206000 145 151 151
0.578000 0.366000 0.932000 130 142 122
0.778000 0.368000 1.449000 139 148 131
0.740000 0.372000 1.056000 139 145 135
0.627000 0.367000 1.029000 136 144 131
0.753000 0.370000 1.261000 145 151 149
0.705000 0.368000 1.260000 144 150 146
0.642000 0.369000 0.985000 135 143 130
0.815000 0.370000 1.416000 148 151 140
0.674000 0.368000 1.149000 145 150 144
0.870000 0.369000 1.670000 137 142 136
0.649000 0.368000 1.083000 139 146 138
0.669000 0.370000 0.974000 134 142 129
0.879000 0.369000 1.710000 140 149 144
0.641000 0.368000 1.008000 135 143 130
0.574000 0.366000 0.949000 130 141 125
0.726000 0.367000 1.331000 143 150 142
0.584000 0.366000 1.002000 134 142 129
0.790000 0.371000 1.307000 148 153 147
0.891000 0.362000 0.975000 137 143 129
0.823000 0.373000 1.293000 155 157 152
0.818000 0.372000 1.216000 147 152 148
0.945000 0.356000 0.904000 113 109 71
0.916000 0.361000 1.051000 139 145 131
0.825000 0.368000 0.945000 133 141 128
0.819000 0.369000 1.021000 134 142 129
0.889000 0.369000 1.464000 145 148 141
0.949000 0.359000 1.128000 107 115 100
0.831000 0.371000 1.251000 146 155 150
0.931000 0.369000 1.766000 150 153 160
0.946000 0.361000 1.290000 139 146 138
0.917000 0.365000 1.344000 152 157 153
0.790000 0.373000 1.093000 137 144 136
0.838000 0.372000 1.371000 150 156 146
0.892000 0.365000 1.183000 155 158 141
0.906000 0.361000 1.015000 140 144 130
0.824000 0.369000 1.035000 134 142 129
0.860000 0.366000 1.071000 136 144 131
0.902000 0.367000 1.418000 147 154 147
0.920000 0.363000 1.239000 155 161 149
0.879000 0.364000 1.051000 137 145 132
0.915000 0.366000 1.391000 151 158 151
0.871000 0.368000 1.287000 154 159 155
0.906000 0.370000 1.659000 136 143 136
0.883000 0.366000 1.168000 155 158 141
0.825000 0.372000 1.227000 148 153 149
0.900000 0.367000 1.413000 147 154 147
0.937000 0.364000 1.434000 100 106 104
0.895000 0.368000 1.453000 144 149 142
0.814000 0.371000 1.082000 137 145 134
0.810000 0.371000 1.095000 138 144 132
0.918000 0.361000 1.089000 144 148 134
0.879000 0.363000 0.913000 138 136 113
0.921000 0.363000 1.220000 155 159 145
0.807000 0.371000 1.024000 135 143 130
0.894000 0.364000 1.090000 142 148 138
0.849000 0.366000 0.968000 134 142 129
0.834000 0.368000 0.979000 135 141 127
0.838000 0.372000 1.332000 154 159 152
0.905000 0.365000 1.283000 154 159 153
0.952000 0.356000 0.896000 110 107 72
0.870000 0.368000 1.303000 154 159 152
0.925000 0.363000 1.244000 154 160 148
0.830000 0.370000 1.161000 148 154 142
0.918000 0.369000 1.648000 139 144 137
0.848000 0.366000 0.939000 138 141 130
0.897000 0.368000 1.456000 144 149 142
0.876000 0.364000 1.004000 135 141 127
0.925000 0.360000 1.005000 133 140 124
0.935000 0.359000 1.008000 82 83 69
0.884000 0.368000 1.394000 149 156 148
0.879000 0.371000 1.569000 135 140 133
0.874000 0.368000 1.319000 154 159 152
0.942000 0.361000 1.209000 105 111 97
0.842000 0.367000 0.956000 133 141 128
0.887000 0.364000 1.087000 140 148 135
0.919000 0.365000 1.403000 149 156 149
0.869000 0.370000 1.418000 146 154 143
0.811000 0.373000 1.226000 146 152 148
0.910000 0.361000 1.035000 137 145 130
0.850000 0.370000 1.304000 154 159 153
0.807000 0.370000 1.014000 134 142 129
0.824000 0.370000 1.074000 136 144 133
0.852000 0.371000 1.401000 149 155 145
0.905000 0.369000 1.594000 136 141 137
0.920000 0.369000 1.701000 137 147 138
0.888000 0.363000 1.037000 136 144 131
0.885000 0.365000 1.113000 149 153 136
0.864000 0.370000 1.365000 152 157 150
0.810000 0.372000 1.111000 139 144 138
0.920000 0.367000 1.501000 139 144 138
0.859000 0.368000 1.202000 156 158 144
0.924000 0.362000 1.151000 152 154 140
0.944000 0.357000 0.967000 86 93 75
0.811000 0.371000 1.106000 139 144 137
0.912000 0.364000 1.286000 154 159 153
0.894000 0.363000 1.038000 138 146 133
0.892000 0.365000 1.190000 157 158 144
0.788000 0.374000 1.114000 139 146 138
0.938000 0.365000 1.515000 102 107 101
0.933000 0.360000 1.052000 95 99 85
0.824000 0.368000 0.939000 131 143 131
0.935000 0.367000 1.616000 100 109 106
0.844000 0.370000 1.212000 153 156 147
0.767000 0.374000 1.011000 138 146 133
0.771000 0.373000 0.929000 137 140 123
0.850000 0.366000 0.949000 133 141 128
0.893000 0.363000 1.040000 138 146 133
0.814000 0.370000 0.988000 133 141 128
0.859000 0.366000 1.009000 137 145 130
0.930000 0.361000 1.184000 119 120 102
0.916000 0.361000 1.053000 139 145 131
0.787000 0.371000 0.924000 136 136 110
0.941000 0.357000 0.895000 110 106 69
0.947000 0.358000 1.055000 95 102 86
0.831000 0.372000 1.326000 154 160 148
0.934000 0.367000 1.635000 130 139 138
0.890000 0.370000 1.537000 138 144 134
0.926000 0.364000 1.332000 150 157 149
0.916000 0.369000 1.651000 139 144 137
0.875000 0.366000 1.151000 154 156 142
0.919000 0.367000 1.561000 133 141 126
0.831000 0.369000 1.095000 138 144 134
0.904000 0.365000 1.310000 153 158 152
0.910000 0.370000 1.715000 140 147 140
0.901000 0.369000 1.591000 136 141 137
0.914000 0.359000 0.915000 144 151 135
0.928000 0.359000 0.971000 110 114 99
0.911000 0.361000 1.027000 138 144 130
0.876000 0.366000 1.149000 154 156 142
0.886000 0.369000 1.491000 140 146 136
0.909000 0.365000 1.284000 154 159 153
0.898000 0.370000 1.626000 136 143 136
0.870000 0.368000 1.251000 155 158 149
0.903000 0.368000 1.459000 143 148 141
0.928000 0.364000 1.339000 144 149 142
0.890000 0.368000 1.386000 149 156 148
0.847000 0.371000 1.299000 154 159 153
0.864000 0.367000 1.165000 154 156 142
0.916000 0.366000 1.459000 142 149 142
0.869000 0.369000 1.367000 151 156 149
0.817000 0.371000 1.109000 140 145 138
0.930000 0.360000 1.097000 109 111 97
0.932000 0.362000 1.202000 109 116 100
0.887000 0.363000 0.965000 137 145 132
0.875000 0.367000 1.255000 155 158 149
0.808000 0.371000 1.078000 137 145 134
0.879000 0.369000 1.402000 147 154 146
0.880000 0.370000 1.471000 144 145 137
0.921000 0.368000 1.639000 133 140 133
0.913000 0.367000 1.469000 141 148 140
0.932000 0.362000 1.227000 111 117 103
0.877000 0.366000 1.155000 154 156 143
0.867000 0.371000 1.486000 141 147 137
0.895000 0.369000 1.487000 141 146 139
0.955000 0.377000 1.061000 94 95 79
0.954000 0.369000 1.081000 93 100 82
0.936000 0.379000 1.669000 137 144 137
0.939000 0.370000 1.546000 96 102 102
0.943000 0.383000 1.474000 137 142 138
0.934000 0.368000 1.679000 129 135 133
0.935000 0.375000 1.692000 137 146 141
0.957000 0.359000 0.931000 117 110 68
0.946000 0.385000 1.386000 117 120 113
0.950000 0.394000 1.301000 140 143 134
0.948000 0.398000 1.351000 151 156 150
0.946000 0.378000 1.354000 105 110 106
0.956000 0.368000 1.010000 85 88 71
0.950000 0.388000 1.267000 111 114 103
0.955000 0.372000 1.045000 94 96 82
0.946000 0.388000 1.401000 136 141 134
0.948000 0.393000 1.341000 139 144 137
0.941000 0.387000 1.528000 138 143 136
0.951000 0.383000 1.209000 105 108 91
0.943000 0.377000 1.440000 102 108 106
0.943000 0.377000 1.440000 102 108 106
0.934000 0.373000 1.719000 138 147 146
0.951000 0.401000 1.278000 153 156 145
0.953000 0.382000 1.149000 98 103 83
0.943000 0.374000 1.414000 107 111 110
0.940000 0.371000 1.513000 95 101 97
0.946000 0.392000 1.409000 150 155 149
0.942000 0.380000 1.482000 119 126 119
0.950000 0.400000 1.313000 154 159 152
0.953000 0.382000 1.143000 97 102 82
0.957000 0.368000 0.985000 102 105 88
0.956000 0.364000 0.988000 99 100 94
0.941000 0.370000 1.475000 100 105 101
0.979000 0.398000 0.938000 147 147 135
1.388000 0.341000 1.875000 239 238 220
1.296000 0.355000 1.885000 215 211 199
1.445000 0.328000 1.873000 215 214 196
1.376000 0.347000 1.874000 211 209 194
1.461000 0.331000 1.866000 207 208 192
1.271000 0.371000 1.879000 231 226 206
1.349000 0.345000 1.881000 224 216 193
1.414000 0.329000 1.878000 220 215 196
1.296000 0.377000 1.869000 221 219 207
1.563000 0.368000 1.865000 240 237 228
1.491000 0.333000 1.864000 216 216 204
1.500000 0.381000 1.866000 217 216 198
1.491000 0.360000 1.866000 218 215 198
1.338000 0.371000 1.868000 229 225 200
1.266000 0.389000 1.869000 202 201 181
1.668000 0.394000 1.865000 193 186 158
1.500000 0.376000 1.866000 219 217 202
1.421000 0.364000 1.866000 225 222 203
1.590000 0.357000 1.864000 206 200 186
1.404000 0.374000 1.867000 232 233 215
1.442000 0.387000 1.867000 227 222 203
1.394000 0.387000 1.868000 211 209 188
1.503000 0.360000 1.865000 221 218 201
1.554000 0.349000 1.864000 241 241 231
1.266000 0.392000 1.870000 199 198 178
1.517000 0.365000 1.865000 216 214 199
1.579000 0.363000 1.865000 216 215 197
1.552000 0.388000 1.866000 241 237 225
1.543000 0.351000 1.865000 203 203 191
1.429000 0.398000 1.868000 236 233 214
1.608000 0.362000 1.864000 208 202 186
1.598000 0.398000 1.866000 220 217 200
1.499000 0.361000 1.865000 221 218 201
1.359000 0.375000 1.868000 226 218 197
1.535000 0.393000 1.866000 220 217 198
1.580000 0.373000 1.865000 220 218 203
1.508000 0.363000 1.865000 218 215 200
1.595000 0.396000 1.866000 222 220 205
1.427000 0.386000 1.867000 226 221 202
1.694000 0.394000 1.864000 186 175 157
1.602000 0.391000 1.865000 210 203 184
1.478000 0.383000 1.867000 216 213 194
1.410000 0.353000 1.866000 222 221 201
1.513000 0.371000 1.866000 217 215 200
1.561000 0.372000 0.744000 145 151 139
1.614000 0.357000 0.751000 141 147 135
1.601000 0.359000 0.750000 135 143 130
1.567000 0.359000 0.748000 138 148 137
1.619000 0.372000 0.746000 131 133 120
1.603000 0.375000 0.744000 134 140 126
0.063000 1.004000 1.637000 49 50 36
0.070000 1.121000 1.642000 56 54 42
0.072000 1.210000 1.644000 87 81 65
0.067000 1.195000 1.642000 54 51 36
0.065000 1.073000 1.638000 56 54 42
0.070000 1.275000 1.645000 88 90 76
0.160000 0.929000 1.651000 118 124 140
0.165000 1.232000 1.616000 65 63 51
0.155000 0.948000 1.633000 116 116 114
0.159000 1.067000 1.625000 57 55 43
0.156000 0.955000 1.633000 113 114 108
0.157000 0.943000 1.638000 114 120 116
0.166000 1.017000 1.656000 105 102 85
0.169000 1.054000 1.660000 102 99 84
0.161000 1.125000 1.621000 53 50 43
0.165000 1.032000 1.651000 105 102 87
0.164000 1.097000 1.635000 93 91 76
0.164000 1.165000 1.624000 62 60 48
0.164000 0.920000 1.666000 127 134 144
0.154000 0.929000 1.632000 107 110 117
0.160000 1.034000 1.635000 103 101 88
0.164000 0.941000 1.665000 114 118 121
0.164000 1.156000 1.626000 69 66 57
0.169000 1.027000 1.666000 103 99 87
0.159000 1.092000 1.622000 55 52 43
0.158000 1.015000 1.632000 100 96 84
0.162000 0.910000 1.668000 128 135 145
0.138000 0.797000 1.646000 114 116 115
0.132000 0.755000 1.670000 115 116 111
0.133000 0.760000 1.666000 115 115 115
0.159000 0.894000 1.661000 120 126 140
0.140000 0.796000 1.674000 117 117 117
0.135000 0.768000 1.676000 117 116 121
0.143000 0.825000 1.645000 76 74 75
0.151000 0.869000 1.645000 37 38 40
0.149000 0.853000 1.655000 71 69 72
0.166000 1.217000 1.628000 89 86 67
0.172000 1.032000 1.682000 106 103 88
0.167000 1.185000 1.632000 105 102 87
0.172000 1.062000 1.676000 100 97 82
0.173000 1.035000 1.689000 93 94 80
0.169000 1.159000 1.656000 39 35 34
0.175000 1.053000 1.703000 148 145 136
0.173000 1.040000 1.687000 100 101 85
0.172000 1.102000 1.682000 110 106 94
0.169000 1.119000 1.656000 28 25 20
0.177000 1.059000 1.718000 34 32 33
0.173000 1.063000 1.685000 95 92 73
0.171000 1.094000 1.674000 96 93 78
0.175000 1.029000 1.707000 119 115 106
0.176000 1.054000 1.716000 17 15 16
0.166000 1.204000 1.629000 91 88 69
0.173000 1.079000 1.689000 121 115 101
0.171000 1.123000 1.666000 64 61 52
0.169000 1.121000 1.654000 30 29 24
0.171000 1.058000 1.673000 102 99 84
0.174000 1.028000 1.694000 169 169 161
0.159000 1.288000 1.680000 105 105 79
0.165000 1.220000 1.666000 102 101 80
0.155000 1.318000 1.695000 134 134 110
0.174000 1.106000 1.704000 124 121 102
0.159000 1.280000 1.680000 105 104 84
0.168000 1.195000 1.660000 101 100 80
0.162000 1.240000 1.702000 137 132 112
0.153000 1.352000 1.685000 104 104 80
0.168000 1.174000 1.694000 141 140 120
0.158000 1.284000 1.695000 142 137 117
0.170000 1.150000 1.700000 139 138 118
0.160000 1.267000 1.693000 132 128 116
0.174000 1.113000 1.692000 123 120 101
0.152000 1.367000 1.670000 100 97 78
0.171000 1.137000 1.699000 132 131 111
0.152000 1.355000 1.694000 129 129 103
0.172000 1.129000 1.705000 135 134 114
0.151000 1.366000 1.704000 136 134 111
0.165000 1.219000 1.659000 102 101 80
0.159000 1.270000 1.707000 142 139 122
0.151000 1.361000 1.697000 133 133 107
0.165000 1.202000 1.708000 142 144 122
0.156000 1.321000 1.668000 110 108 85
0.157000 1.292000 1.709000 147 140 124
0.163000 1.259000 1.617000 95 95 87
0.156000 1.314000 1.625000 54 56 35
0.143000 1.426000 1.668000 75 76 62
0.153000 1.336000 1.622000 49 46 29
0.155000 1.317000 1.619000 51 49 34
0.147000 1.395000 1.653000 30 31 25
0.161000 1.277000 1.626000 55 56 42
0.078000 1.197000 1.712000 137 136 116
0.082000 1.204000 1.707000 145 147 126
0.084000 1.218000 1.704000 152 151 133
0.061000 1.198000 1.731000 132 134 112
0.094000 1.262000 1.692000 115 112 103
0.078000 1.203000 1.712000 139 141 119
0.079000 1.188000 1.710000 138 137 117
0.072000 1.235000 1.718000 147 145 124
0.063000 1.276000 1.722000 143 138 119
0.079000 1.408000 1.687000 116 109 90
0.067000 1.366000 1.704000 135 135 111
0.066000 1.384000 1.701000 134 132 109
0.080000 1.361000 1.693000 112 112 86
0.072000 1.327000 1.706000 143 141 120
0.061000 1.255000 1.727000 137 130 111
0.080000 1.391000 1.688000 110 105 85
0.064000 1.320000 1.713000 146 141 121
0.090000 1.352000 1.686000 108 108 84
0.075000 1.330000 1.703000 139 137 116
0.092000 1.341000 1.686000 105 105 81
0.077000 1.392000 1.691000 109 104 84
0.085000 1.325000 1.695000 120 115 96
0.081000 1.160000 1.705000 145 144 126
0.076000 1.173000 1.713000 139 136 119
0.066000 1.172000 1.724000 135 132 115
0.116000 1.074000 1.713000 123 123 123
0.091000 1.159000 1.696000 124 121 104
0.112000 1.128000 1.703000 130 130 106
0.164000 1.068000 1.718000 116 115 111
0.096000 1.102000 1.706000 116 111 92
0.132000 1.085000 1.712000 123 117 105
0.150000 1.122000 1.711000 138 137 119
0.138000 1.372000 1.704000 136 136 112
0.167000 1.095000 1.717000 138 134 122
0.157000 1.158000 1.713000 138 137 119
0.116000 1.165000 1.699000 148 145 126
0.103000 1.180000 1.695000 127 124 107
0.148000 1.357000 1.707000 135 133 108
0.158000 1.196000 1.713000 136 138 117
0.100000 1.199000 1.694000 119 120 102
0.100000 1.197000 1.694000 115 116 98
0.153000 1.326000 1.709000 141 139 118
0.143000 1.135000 1.709000 138 137 117
0.146000 1.272000 1.708000 145 140 121
0.126000 1.198000 1.702000 148 150 129
0.133000 1.234000 1.704000 134 132 111
0.144000 1.113000 1.709000 127 124 107
0.106000 1.234000 1.697000 142 137 118
0.139000 1.364000 1.717000 138 136 115
0.123000 1.308000 1.705000 147 142 123
0.132000 1.343000 1.711000 139 137 116
0.136000 1.348000 1.716000 139 137 114
0.059000 0.869000 1.698000 170 175 179
0.062000 0.880000 1.688000 109 116 126
0.061000 0.866000 1.701000 169 174 177
0.076000 0.886000 1.675000 117 121 132
0.066000 0.825000 1.667000 59 56 47
0.066000 0.773000 1.669000 115 114 119
0.061000 0.841000 1.662000 27 27 27
0.069000 0.854000 1.668000 84 85 87
0.076000 0.818000 1.677000 88 89 81
0.067000 0.835000 1.668000 50 51 45
0.080000 0.851000 1.702000 167 168 163
0.100000 0.814000 1.699000 177 179 176
0.063000 0.838000 1.707000 154 154 142
0.094000 0.819000 1.701000 172 174 171
0.077000 0.815000 1.705000 159 159 151
0.089000 0.815000 1.702000 168 169 164
0.098000 0.807000 1.700000 170 171 166
0.062000 0.836000 1.707000 154 154 142
0.076000 0.797000 1.699000 171 173 168
0.066000 0.780000 1.686000 114 111 118
0.056000 0.782000 1.686000 117 114 121
